place_id,facility_id,target_date,total_available
876,2888,2026-08-28,10
876,2888,2026-08-29,10
876,2888,2026-08-30,10
876,2888,2026-08-31,10
876,2888,2026-09-01,10
876,2888,2026-09-02,10
876,2888,2026-09-03,10
876,2888,2026-09-04,10
876,2888,2026-09-05,10
876,2888,2026-09-06,10
876,2888,2026-09-07,10
876,2888,2026-09-08,10
876,2888,2026-09-09,10
876,2888,2026-09-10,10
876,2888,2026-09-11,10
876,2888,2026-09-12,10
876,2888,2026-09-13,10
876,2888,2026-09-14,10
876,2888,2026-09-15,10
876,2888,2026-09-16,10
876,2888,2026-09-17,10
876,2888,2026-09-18,10
876,2888,2026-09-19,10
876,2888,2026-09-20,10
876,2888,2026-09-21,10
876,2888,2026-09-22,10
876,2888,2026-09-23,10
876,2888,2026-09-24,10
876,2888,2026-09-25,10
876,2888,2026-09-26,10
876,2888,2026-09-27,10
876,2889,2026-08-28,20
876,2889,2026-08-29,20
876,2889,2026-08-30,20
876,2889,2026-08-31,20
876,2889,2026-09-01,20
876,2889,2026-09-02,20
876,2889,2026-09-03,20
876,2889,2026-09-04,20
876,2889,2026-09-05,20
876,2889,2026-09-06,20
876,2889,2026-09-07,20
876,2889,2026-09-08,20
876,2889,2026-09-09,20
876,2889,2026-09-10,20
876,2889,2026-09-11,20
876,2889,2026-09-12,20
876,2889,2026-09-13,20
876,2889,2026-09-14,20
876,2889,2026-09-15,20
876,2889,2026-09-16,20
876,2889,2026-09-17,20
876,2889,2026-09-18,20
876,2889,2026-09-19,20
876,2889,2026-09-20,20
876,2889,2026-09-21,20
876,2889,2026-09-22,20
876,2889,2026-09-23,20
876,2889,2026-09-24,20
876,2889,2026-09-25,20
876,2889,2026-09-26,20
876,2889,2026-09-27,20
876,2890,2026-08-28,16
876,2890,2026-08-29,11
876,2890,2026-08-30,16
876,2890,2026-08-31,16
876,2890,2026-09-01,16
876,2890,2026-09-02,16
876,2890,2026-09-03,16
876,2890,2026-09-04,16
876,2890,2026-09-05,16
876,2890,2026-09-06,16
876,2890,2026-09-07,16
876,2890,2026-09-08,16
876,2890,2026-09-09,16
876,2890,2026-09-10,16
876,2890,2026-09-11,16
876,2890,2026-09-12,16
876,2890,2026-09-13,16
876,2890,2026-09-14,16
876,2890,2026-09-15,16
876,2890,2026-09-16,16
876,2890,2026-09-17,16
876,2890,2026-09-18,16
876,2890,2026-09-19,16
876,2890,2026-09-20,16
876,2890,2026-09-21,16
876,2890,2026-09-22,16
876,2890,2026-09-23,16
876,2890,2026-09-24,16
876,2890,2026-09-25,16
876,2890,2026-09-26,16
876,2890,2026-09-27,16
876,2891,2026-08-28,10
876,2891,2026-08-29,10
876,2891,2026-08-30,10
876,2891,2026-08-31,10
876,2891,2026-09-01,10
876,2891,2026-09-02,10
876,2891,2026-09-03,10
876,2891,2026-09-04,10
876,2891,2026-09-05,10
876,2891,2026-09-06,10
876,2891,2026-09-07,10
876,2891,2026-09-08,10
876,2891,2026-09-09,10
876,2891,2026-09-10,10
876,2891,2026-09-11,10
876,2891,2026-09-12,10
876,2891,2026-09-13,10
876,2891,2026-09-14,10
876,2891,2026-09-15,10
876,2891,2026-09-16,10
876,2891,2026-09-17,10
876,2891,2026-09-18,10
876,2891,2026-09-19,10
876,2891,2026-09-20,10
876,2891,2026-09-21,10
876,2891,2026-09-22,10
876,2891,2026-09-23,10
876,2891,2026-09-24,10
876,2891,2026-09-25,10
876,2891,2026-09-26,10
876,2891,2026-09-27,10
876,2892,2026-08-28,8
876,2892,2026-08-29,8
876,2892,2026-08-30,8
876,2892,2026-08-31,8
876,2892,2026-09-01,8
876,2892,2026-09-02,8
876,2892,2026-09-03,8
876,2892,2026-09-04,8
876,2892,2026-09-05,5
876,2892,2026-09-06,8
876,2892,2026-09-07,8
876,2892,2026-09-08,8
876,2892,2026-09-09,8
876,2892,2026-09-10,8
876,2892,2026-09-11,8
876,2892,2026-09-12,8
876,2892,2026-09-13,4
876,2892,2026-09-14,8
876,2892,2026-09-15,8
876,2892,2026-09-16,8
876,2892,2026-09-17,8
876,2892,2026-09-18,8
876,2892,2026-09-19,8
876,2892,2026-09-20,8
876,2892,2026-09-21,8
876,2892,2026-09-22,8
876,2892,2026-09-23,8
876,2892,2026-09-24,8
876,2892,2026-09-25,8
876,2892,2026-09-26,8
876,2892,2026-09-27,8
876,2893,2026-08-28,40
876,2893,2026-08-29,40
876,2893,2026-08-30,40
876,2893,2026-08-31,40
876,2893,2026-09-01,40
876,2893,2026-09-02,40
876,2893,2026-09-03,40
876,2893,2026-09-04,40
876,2893,2026-09-05,40
876,2893,2026-09-06,40
876,2893,2026-09-07,40
876,2893,2026-09-08,40
876,2893,2026-09-09,40
876,2893,2026-09-10,40
876,2893,2026-09-11,40
876,2893,2026-09-12,40
876,2893,2026-09-13,40
876,2893,2026-09-14,40
876,2893,2026-09-15,40
876,2893,2026-09-16,40
876,2893,2026-09-17,40
876,2893,2026-09-18,40
876,2893,2026-09-19,40
876,2893,2026-09-20,40
876,2893,2026-09-21,40
876,2893,2026-09-22,40
876,2893,2026-09-23,40
876,2893,2026-09-24,40
876,2893,2026-09-25,40
876,2893,2026-09-26,40
876,2893,2026-09-27,40
876,2894,2026-08-28,32
876,2894,2026-08-29,32
876,2894,2026-08-30,32
876,2894,2026-08-31,32
876,2894,2026-09-01,27
876,2894,2026-09-02,32
876,2894,2026-09-03,29
876,2894,2026-09-04,27
876,2894,2026-09-05,32
876,2894,2026-09-06,32
876,2894,2026-09-07,32
876,2894,2026-09-08,32
876,2894,2026-09-09,32
876,2894,2026-09-10,32
876,2894,2026-09-11,28
876,2894,2026-09-12,32
876,2894,2026-09-13,32
876,2894,2026-09-14,32
876,2894,2026-09-15,28
876,2894,2026-09-16,32
876,2894,2026-09-17,28
876,2894,2026-09-18,28
876,2894,2026-09-19,29
876,2894,2026-09-20,32
876,2894,2026-09-21,29
876,2894,2026-09-22,32
876,2894,2026-09-23,29
876,2894,2026-09-24,32
876,2894,2026-09-25,29
876,2894,2026-09-26,32
876,2894,2026-09-27,21
876,2895,2026-08-28,10
876,2895,2026-08-29,10
876,2895,2026-08-30,10
876,2895,2026-08-31,10
876,2895,2026-09-01,10
876,2895,2026-09-02,10
876,2895,2026-09-03,10
876,2895,2026-09-04,10
876,2895,2026-09-05,10
876,2895,2026-09-06,10
876,2895,2026-09-07,10
876,2895,2026-09-08,10
876,2895,2026-09-09,10
876,2895,2026-09-10,10
876,2895,2026-09-11,10
876,2895,2026-09-12,10
876,2895,2026-09-13,10
876,2895,2026-09-14,10
876,2895,2026-09-15,10
876,2895,2026-09-16,10
876,2895,2026-09-17,10
876,2895,2026-09-18,10
876,2895,2026-09-19,10
876,2895,2026-09-20,10
876,2895,2026-09-21,10
876,2895,2026-09-22,10
876,2895,2026-09-23,10
876,2895,2026-09-24,10
876,2895,2026-09-25,10
876,2895,2026-09-26,10
876,2895,2026-09-27,10
876,2896,2026-08-28,28
876,2896,2026-08-29,28
876,2896,2026-08-30,28
876,2896,2026-08-31,23
876,2896,2026-09-01,28
876,2896,2026-09-02,28
876,2896,2026-09-03,26
876,2896,2026-09-04,25
876,2896,2026-09-05,28
876,2896,2026-09-06,28
876,2896,2026-09-07,28
876,2896,2026-09-08,28
876,2896,2026-09-09,28
876,2896,2026-09-10,28
876,2896,2026-09-11,28
876,2896,2026-09-12,24
876,2896,2026-09-13,28
876,2896,2026-09-14,24
876,2896,2026-09-15,28
876,2896,2026-09-16,24
876,2896,2026-09-17,24
876,2896,2026-09-18,28
876,2896,2026-09-19,28
876,2896,2026-09-20,22
876,2896,2026-09-21,28
876,2896,2026-09-22,28
876,2896,2026-09-23,28
876,2896,2026-09-24,25
876,2896,2026-09-25,28
876,2896,2026-09-26,22
876,2896,2026-09-27,25
876,2897,2026-08-28,10
876,2897,2026-08-29,10
876,2897,2026-08-30,10
876,2897,2026-08-31,10
876,2897,2026-09-01,10
876,2897,2026-09-02,10
876,2897,2026-09-03,10
876,2897,2026-09-04,10
876,2897,2026-09-05,10
876,2897,2026-09-06,10
876,2897,2026-09-07,10
876,2897,2026-09-08,10
876,2897,2026-09-09,10
876,2897,2026-09-10,10
876,2897,2026-09-11,10
876,2897,2026-09-12,10
876,2897,2026-09-13,10
876,2897,2026-09-14,10
876,2897,2026-09-15,10
876,2897,2026-09-16,10
876,2897,2026-09-17,10
876,2897,2026-09-18,10
876,2897,2026-09-19,10
876,2897,2026-09-20,10
876,2897,2026-09-21,10
876,2897,2026-09-22,10
876,2897,2026-09-23,10
876,2897,2026-09-24,10
876,2897,2026-09-25,10
876,2897,2026-09-26,10
876,2897,2026-09-27,10
876,2898,2026-08-28,10
876,2898,2026-08-29,10
876,2898,2026-08-30,10
876,2898,2026-08-31,10
876,2898,2026-09-01,10
876,2898,2026-09-02,10
876,2898,2026-09-03,10
876,2898,2026-09-04,10
876,2898,2026-09-05,10
876,2898,2026-09-06,10
876,2898,2026-09-07,10
876,2898,2026-09-08,10
876,2898,2026-09-09,10
876,2898,2026-09-10,10
876,2898,2026-09-11,10
876,2898,2026-09-12,10
876,2898,2026-09-13,10
876,2898,2026-09-14,10
876,2898,2026-09-15,10
876,2898,2026-09-16,10
876,2898,2026-09-17,10
876,2898,2026-09-18,10
876,2898,2026-09-19,10
876,2898,2026-09-20,10
876,2898,2026-09-21,10
876,2898,2026-09-22,10
876,2898,2026-09-23,10
876,2898,2026-09-24,10
876,2898,2026-09-25,10
876,2898,2026-09-26,10
876,2898,2026-09-27,10
876,2899,2026-08-28,10
876,2899,2026-08-29,10
876,2899,2026-08-30,10
876,2899,2026-08-31,10
876,2899,2026-09-01,10
876,2899,2026-09-02,10
876,2899,2026-09-03,10
876,2899,2026-09-04,10
876,2899,2026-09-05,10
876,2899,2026-09-06,10
876,2899,2026-09-07,10
876,2899,2026-09-08,10
876,2899,2026-09-09,10
876,2899,2026-09-10,10
876,2899,2026-09-11,10
876,2899,2026-09-12,10
876,2899,2026-09-13,10
876,2899,2026-09-14,10
876,2899,2026-09-15,10
876,2899,2026-09-16,10
876,2899,2026-09-17,10
876,2899,2026-09-18,10
876,2899,2026-09-19,10
876,2899,2026-09-20,10
876,2899,2026-09-21,10
876,2899,2026-09-22,10
876,2899,2026-09-23,10
876,2899,2026-09-24,10
876,2899,2026-09-25,10
876,2899,2026-09-26,10
876,2899,2026-09-27,10
876,2900,2026-08-28,16
876,2900,2026-08-29,16
876,2900,2026-08-30,16
876,2900,2026-08-31,16
876,2900,2026-09-01,16
876,2900,2026-09-02,14
876,2900,2026-09-03,16
876,2900,2026-09-04,16
876,2900,2026-09-05,16
876,2900,2026-09-06,16
876,2900,2026-09-07,16
876,2900,2026-09-08,16
876,2900,2026-09-09,16
876,2900,2026-09-10,16
876,2900,2026-09-11,16
876,2900,2026-09-12,16
876,2900,2026-09-13,16
876,2900,2026-09-14,16
876,2900,2026-09-15,12
876,2900,2026-09-16,16
876,2900,2026-09-17,16
876,2900,2026-09-18,16
876,2900,2026-09-19,16
876,2900,2026-09-20,16
876,2900,2026-09-21,16
876,2900,2026-09-22,16
876,2900,2026-09-23,16
876,2900,2026-09-24,16
876,2900,2026-09-25,16
876,2900,2026-09-26,16
876,2900,2026-09-27,16
876,2901,2026-08-28,20
876,2901,2026-08-29,20
876,2901,2026-08-30,20
876,2901,2026-08-31,20
876,2901,2026-09-01,20
876,2901,2026-09-02,20
876,2901,2026-09-03,20
876,2901,2026-09-04,20
876,2901,2026-09-05,20
876,2901,2026-09-06,20
876,2901,2026-09-07,20
876,2901,2026-09-08,20
876,2901,2026-09-09,20
876,2901,2026-09-10,20
876,2901,2026-09-11,20
876,2901,2026-09-12,20
876,2901,2026-09-13,20
876,2901,2026-09-14,20
876,2901,2026-09-15,20
876,2901,2026-09-16,20
876,2901,2026-09-17,20
876,2901,2026-09-18,20
876,2901,2026-09-19,20
876,2901,2026-09-20,20
876,2901,2026-09-21,20
876,2901,2026-09-22,20
876,2901,2026-09-23,20
876,2901,2026-09-24,20
876,2901,2026-09-25,20
876,2901,2026-09-26,20
876,2901,2026-09-27,20
876,2902,2026-08-28,27
876,2902,2026-08-29,28
876,2902,2026-08-30,24
876,2902,2026-08-31,28
876,2902,2026-09-01,26
876,2902,2026-09-02,28
876,2902,2026-09-03,28
876,2902,2026-09-04,28
876,2902,2026-09-05,28
876,2902,2026-09-06,25
876,2902,2026-09-07,28
876,2902,2026-09-08,28
876,2902,2026-09-09,28
876,2902,2026-09-10,28
876,2902,2026-09-11,28
876,2902,2026-09-12,28
876,2902,2026-09-13,28
876,2902,2026-09-14,24
876,2902,2026-09-15,28
876,2902,2026-09-16,24
876,2902,2026-09-17,28
876,2902,2026-09-18,28
876,2902,2026-09-19,25
876,2902,2026-09-20,28
876,2902,2026-09-21,25
876,2902,2026-09-22,28
876,2902,2026-09-23,28
876,2902,2026-09-24,28
876,2902,2026-09-25,22
876,2902,2026-09-26,25
876,2902,2026-09-27,11
876,2888,2026-09-27,10
876,2888,2026-09-28,10
876,2888,2026-09-29,10
876,2888,2026-09-30,10
876,2888,2026-10-01,10
876,2888,2026-10-02,10
876,2888,2026-10-03,10
876,2888,2026-10-04,10
876,2888,2026-10-05,10
876,2888,2026-10-06,10
876,2888,2026-10-07,10
876,2888,2026-10-08,10
876,2888,2026-10-09,10
876,2888,2026-10-10,10
876,2888,2026-10-11,10
876,2888,2026-10-12,7
876,2888,2026-10-13,10
876,2888,2026-10-14,10
876,2888,2026-10-15,10
876,2888,2026-10-16,10
876,2888,2026-10-17,10
876,2888,2026-10-18,10
876,2888,2026-10-19,10
876,2888,2026-10-20,10
876,2888,2026-10-21,10
876,2888,2026-10-22,10
876,2888,2026-10-23,10
876,2888,2026-10-24,10
876,2888,2026-10-25,10
876,2888,2026-10-26,10
876,2888,2026-10-27,10
876,2889,2026-09-27,20
876,2889,2026-09-28,20
876,2889,2026-09-29,20
876,2889,2026-09-30,20
876,2889,2026-10-01,20
876,2889,2026-10-02,20
876,2889,2026-10-03,20
876,2889,2026-10-04,20
876,2889,2026-10-05,20
876,2889,2026-10-06,20
876,2889,2026-10-07,20
876,2889,2026-10-08,20
876,2889,2026-10-09,20
876,2889,2026-10-10,20
876,2889,2026-10-11,20
876,2889,2026-10-12,20
876,2889,2026-10-13,20
876,2889,2026-10-14,20
876,2889,2026-10-15,20
876,2889,2026-10-16,20
876,2889,2026-10-17,20
876,2889,2026-10-18,20
876,2889,2026-10-19,20
876,2889,2026-10-20,20
876,2889,2026-10-21,20
876,2889,2026-10-22,20
876,2889,2026-10-23,20
876,2889,2026-10-24,20
876,2889,2026-10-25,20
876,2889,2026-10-26,20
876,2889,2026-10-27,20
876,2890,2026-09-27,16
876,2890,2026-09-28,16
876,2890,2026-09-29,16
876,2890,2026-09-30,16
876,2890,2026-10-01,16
876,2890,2026-10-02,16
876,2890,2026-10-03,16
876,2890,2026-10-04,16
876,2890,2026-10-05,16
876,2890,2026-10-06,9
876,2890,2026-10-07,16
876,2890,2026-10-08,16
876,2890,2026-10-09,16
876,2890,2026-10-10,16
876,2890,2026-10-11,10
876,2890,2026-10-12,16
876,2890,2026-10-13,16
876,2890,2026-10-14,16
876,2890,2026-10-15,16
876,2890,2026-10-16,16
876,2890,2026-10-17,16
876,2890,2026-10-18,14
876,2890,2026-10-19,16
876,2890,2026-10-20,16
876,2890,2026-10-21,16
876,2890,2026-10-22,14
876,2890,2026-10-23,16
876,2890,2026-10-24,16
876,2890,2026-10-25,16
876,2890,2026-10-26,14
876,2890,2026-10-27,16
876,2891,2026-09-27,10
876,2891,2026-09-28,10
876,2891,2026-09-29,10
876,2891,2026-09-30,10
876,2891,2026-10-01,10
876,2891,2026-10-02,10
876,2891,2026-10-03,10
876,2891,2026-10-04,10
876,2891,2026-10-05,10
876,2891,2026-10-06,10
876,2891,2026-10-07,10
876,2891,2026-10-08,10
876,2891,2026-10-09,10
876,2891,2026-10-10,10
876,2891,2026-10-11,10
876,2891,2026-10-12,10
876,2891,2026-10-13,7
876,2891,2026-10-14,10
876,2891,2026-10-15,10
876,2891,2026-10-16,10
876,2891,2026-10-17,10
876,2891,2026-10-18,10
876,2891,2026-10-19,10
876,2891,2026-10-20,10
876,2891,2026-10-21,8
876,2891,2026-10-22,10
876,2891,2026-10-23,10
876,2891,2026-10-24,10
876,2891,2026-10-25,10
876,2891,2026-10-26,10
876,2891,2026-10-27,10
876,2892,2026-09-27,8
876,2892,2026-09-28,8
876,2892,2026-09-29,0
876,2892,2026-09-30,8
876,2892,2026-10-01,8
876,2892,2026-10-02,8
876,2892,2026-10-03,8
876,2892,2026-10-04,8
876,2892,2026-10-05,8
876,2892,2026-10-06,3
876,2892,2026-10-07,8
876,2892,2026-10-08,7
876,2892,2026-10-09,8
876,2892,2026-10-10,8
876,2892,2026-10-11,8
876,2892,2026-10-12,6
876,2892,2026-10-13,8
876,2892,2026-10-14,8
876,2892,2026-10-15,6
876,2892,2026-10-16,8
876,2892,2026-10-17,8
876,2892,2026-10-18,8
876,2892,2026-10-19,8
876,2892,2026-10-20,8
876,2892,2026-10-21,6
876,2892,2026-10-22,8
876,2892,2026-10-23,8
876,2892,2026-10-24,8
876,2892,2026-10-25,8
876,2892,2026-10-26,8
876,2892,2026-10-27,8
876,2893,2026-09-27,40
876,2893,2026-09-28,40
876,2893,2026-09-29,40
876,2893,2026-09-30,40
876,2893,2026-10-01,40
876,2893,2026-10-02,40
876,2893,2026-10-03,40
876,2893,2026-10-04,40
876,2893,2026-10-05,40
876,2893,2026-10-06,40
876,2893,2026-10-07,40
876,2893,2026-10-08,36
876,2893,2026-10-09,40
876,2893,2026-10-10,40
876,2893,2026-10-11,40
876,2893,2026-10-12,40
876,2893,2026-10-13,40
876,2893,2026-10-14,40
876,2893,2026-10-15,37
876,2893,2026-10-16,40
876,2893,2026-10-17,40
876,2893,2026-10-18,40
876,2893,2026-10-19,40
876,2893,2026-10-20,40
876,2893,2026-10-21,40
876,2893,2026-10-22,40
876,2893,2026-10-23,40
876,2893,2026-10-24,40
876,2893,2026-10-25,38
876,2893,2026-10-26,40
876,2893,2026-10-27,40
876,2894,2026-09-27,21
876,2894,2026-09-28,14
876,2894,2026-09-29,14
876,2894,2026-09-30,23
876,2894,2026-10-01,19
876,2894,2026-10-02,28
876,2894,2026-10-03,18
876,2894,2026-10-04,22
876,2894,2026-10-05,32
876,2894,2026-10-06,16
876,2894,2026-10-07,17
876,2894,2026-10-08,14
876,2894,2026-10-09,16
876,2894,2026-10-10,32
876,2894,2026-10-11,31
876,2894,2026-10-12,32
876,2894,2026-10-13,30
876,2894,2026-10-14,30
876,2894,2026-10-15,24
876,2894,2026-10-16,25
876,2894,2026-10-17,30
876,2894,2026-10-18,32
876,2894,2026-10-19,14
876,2894,2026-10-20,32
876,2894,2026-10-21,26
876,2894,2026-10-22,31
876,2894,2026-10-23,32
876,2894,2026-10-24,18
876,2894,2026-10-25,1
876,2894,2026-10-26,6
876,2894,2026-10-27,0
876,2895,2026-09-27,10
876,2895,2026-09-28,10
876,2895,2026-09-29,10
876,2895,2026-09-30,10
876,2895,2026-10-01,10
876,2895,2026-10-02,10
876,2895,2026-10-03,10
876,2895,2026-10-04,10
876,2895,2026-10-05,10
876,2895,2026-10-06,10
876,2895,2026-10-07,10
876,2895,2026-10-08,10
876,2895,2026-10-09,6
876,2895,2026-10-10,10
876,2895,2026-10-11,10
876,2895,2026-10-12,10
876,2895,2026-10-13,10
876,2895,2026-10-14,7
876,2895,2026-10-15,10
876,2895,2026-10-16,10
876,2895,2026-10-17,10
876,2895,2026-10-18,10
876,2895,2026-10-19,10
876,2895,2026-10-20,10
876,2895,2026-10-21,10
876,2895,2026-10-22,10
876,2895,2026-10-23,8
876,2895,2026-10-24,6
876,2895,2026-10-25,9
876,2895,2026-10-26,10
876,2895,2026-10-27,10
876,2896,2026-09-27,25
876,2896,2026-09-28,12
876,2896,2026-09-29,13
876,2896,2026-09-30,21
876,2896,2026-10-01,24
876,2896,2026-10-02,13
876,2896,2026-10-03,26
876,2896,2026-10-04,28
876,2896,2026-10-05,13
876,2896,2026-10-06,25
876,2896,2026-10-07,21
876,2896,2026-10-08,15
876,2896,2026-10-09,28
876,2896,2026-10-10,27
876,2896,2026-10-11,28
876,2896,2026-10-12,28
876,2896,2026-10-13,28
876,2896,2026-10-14,16
876,2896,2026-10-15,28
876,2896,2026-10-16,28
876,2896,2026-10-17,26
876,2896,2026-10-18,18
876,2896,2026-10-19,28
876,2896,2026-10-20,10
876,2896,2026-10-21,27
876,2896,2026-10-22,28
876,2896,2026-10-23,23
876,2896,2026-10-24,3
876,2896,2026-10-25,0
876,2896,2026-10-26,21
876,2896,2026-10-27,0
876,2897,2026-09-27,10
876,2897,2026-09-28,10
876,2897,2026-09-29,10
876,2897,2026-09-30,10
876,2897,2026-10-01,10
876,2897,2026-10-02,10
876,2897,2026-10-03,10
876,2897,2026-10-04,10
876,2897,2026-10-05,10
876,2897,2026-10-06,10
876,2897,2026-10-07,10
876,2897,2026-10-08,10
876,2897,2026-10-09,10
876,2897,2026-10-10,10
876,2897,2026-10-11,10
876,2897,2026-10-12,10
876,2897,2026-10-13,10
876,2897,2026-10-14,10
876,2897,2026-10-15,10
876,2897,2026-10-16,7
876,2897,2026-10-17,10
876,2897,2026-10-18,10
876,2897,2026-10-19,10
876,2897,2026-10-20,10
876,2897,2026-10-21,10
876,2897,2026-10-22,10
876,2897,2026-10-23,10
876,2897,2026-10-24,10
876,2897,2026-10-25,10
876,2897,2026-10-26,10
876,2897,2026-10-27,10
876,2898,2026-09-27,10
876,2898,2026-09-28,10
876,2898,2026-09-29,10
876,2898,2026-09-30,10
876,2898,2026-10-01,10
876,2898,2026-10-02,10
876,2898,2026-10-03,7
876,2898,2026-10-04,10
876,2898,2026-10-05,10
876,2898,2026-10-06,10
876,2898,2026-10-07,10
876,2898,2026-10-08,10
876,2898,2026-10-09,10
876,2898,2026-10-10,6
876,2898,2026-10-11,10
876,2898,2026-10-12,10
876,2898,2026-10-13,10
876,2898,2026-10-14,10
876,2898,2026-10-15,10
876,2898,2026-10-16,10
876,2898,2026-10-17,10
876,2898,2026-10-18,10
876,2898,2026-10-19,10
876,2898,2026-10-20,10
876,2898,2026-10-21,10
876,2898,2026-10-22,10
876,2898,2026-10-23,6
876,2898,2026-10-24,10
876,2898,2026-10-25,10
876,2898,2026-10-26,8
876,2898,2026-10-27,10
876,2899,2026-09-27,10
876,2899,2026-09-28,10
876,2899,2026-09-29,10
876,2899,2026-09-30,10
876,2899,2026-10-01,10
876,2899,2026-10-02,10
876,2899,2026-10-03,10
876,2899,2026-10-04,10
876,2899,2026-10-05,10
876,2899,2026-10-06,10
876,2899,2026-10-07,10
876,2899,2026-10-08,10
876,2899,2026-10-09,10
876,2899,2026-10-10,10
876,2899,2026-10-11,10
876,2899,2026-10-12,10
876,2899,2026-10-13,10
876,2899,2026-10-14,10
876,2899,2026-10-15,10
876,2899,2026-10-16,10
876,2899,2026-10-17,10
876,2899,2026-10-18,10
876,2899,2026-10-19,10
876,2899,2026-10-20,10
876,2899,2026-10-21,10
876,2899,2026-10-22,10
876,2899,2026-10-23,10
876,2899,2026-10-24,10
876,2899,2026-10-25,10
876,2899,2026-10-26,10
876,2899,2026-10-27,8
876,2900,2026-09-27,16
876,2900,2026-09-28,7
876,2900,2026-09-29,12
876,2900,2026-09-30,12
876,2900,2026-10-01,11
876,2900,2026-10-02,16
876,2900,2026-10-03,16
876,2900,2026-10-04,9
876,2900,2026-10-05,13
876,2900,2026-10-06,11
876,2900,2026-10-07,5
876,2900,2026-10-08,16
876,2900,2026-10-09,2
876,2900,2026-10-10,16
876,2900,2026-10-11,16
876,2900,2026-10-12,16
876,2900,2026-10-13,11
876,2900,2026-10-14,16
876,2900,2026-10-15,16
876,2900,2026-10-16,16
876,2900,2026-10-17,16
876,2900,2026-10-18,9
876,2900,2026-10-19,9
876,2900,2026-10-20,16
876,2900,2026-10-21,16
876,2900,2026-10-22,14
876,2900,2026-10-23,14
876,2900,2026-10-24,10
876,2900,2026-10-25,7
876,2900,2026-10-26,16
876,2900,2026-10-27,16
876,2901,2026-09-27,20
876,2901,2026-09-28,20
876,2901,2026-09-29,20
876,2901,2026-09-30,20
876,2901,2026-10-01,20
876,2901,2026-10-02,20
876,2901,2026-10-03,20
876,2901,2026-10-04,20
876,2901,2026-10-05,20
876,2901,2026-10-06,20
876,2901,2026-10-07,20
876,2901,2026-10-08,20
876,2901,2026-10-09,20
876,2901,2026-10-10,20
876,2901,2026-10-11,20
876,2901,2026-10-12,20
876,2901,2026-10-13,20
876,2901,2026-10-14,20
876,2901,2026-10-15,20
876,2901,2026-10-16,20
876,2901,2026-10-17,20
876,2901,2026-10-18,20
876,2901,2026-10-19,20
876,2901,2026-10-20,20
876,2901,2026-10-21,20
876,2901,2026-10-22,20
876,2901,2026-10-23,20
876,2901,2026-10-24,20
876,2901,2026-10-25,20
876,2901,2026-10-26,18
876,2901,2026-10-27,20
876,2902,2026-09-27,11
876,2902,2026-09-28,18
876,2902,2026-09-29,25
876,2902,2026-09-30,13
876,2902,2026-10-01,24
876,2902,2026-10-02,19
876,2902,2026-10-03,16
876,2902,2026-10-04,23
876,2902,2026-10-05,26
876,2902,2026-10-06,18
876,2902,2026-10-07,13
876,2902,2026-10-08,25
876,2902,2026-10-09,28
876,2902,2026-10-10,28
876,2902,2026-10-11,28
876,2902,2026-10-12,23
876,2902,2026-10-13,25
876,2902,2026-10-14,28
876,2902,2026-10-15,28
876,2902,2026-10-16,28
876,2902,2026-10-17,20
876,2902,2026-10-18,21
876,2902,2026-10-19,23
876,2902,2026-10-20,25
876,2902,2026-10-21,25
876,2902,2026-10-22,21
876,2902,2026-10-23,3
876,2902,2026-10-24,0
876,2902,2026-10-25,28
876,2902,2026-10-26,28
876,2902,2026-10-27,0
876,2888,2026-07-29,10
876,2888,2026-07-30,10
876,2888,2026-07-31,10
876,2888,2026-08-01,10
876,2888,2026-08-02,10
876,2888,2026-08-03,10
876,2888,2026-08-04,10
876,2888,2026-08-05,10
876,2888,2026-08-06,10
876,2888,2026-08-07,10
876,2888,2026-08-08,10
876,2888,2026-08-09,10
876,2888,2026-08-10,10
876,2888,2026-08-11,10
876,2888,2026-08-12,10
876,2888,2026-08-13,10
876,2888,2026-08-14,10
876,2888,2026-08-15,10
876,2888,2026-08-16,10
876,2888,2026-08-17,10
876,2888,2026-08-18,10
876,2888,2026-08-19,10
876,2888,2026-08-20,10
876,2888,2026-08-21,10
876,2888,2026-08-22,10
876,2888,2026-08-23,10
876,2888,2026-08-24,10
876,2888,2026-08-25,10
876,2888,2026-08-26,10
876,2888,2026-08-27,10
876,2888,2026-08-28,10
876,2889,2026-07-29,20
876,2889,2026-07-30,20
876,2889,2026-07-31,20
876,2889,2026-08-01,20
876,2889,2026-08-02,20
876,2889,2026-08-03,20
876,2889,2026-08-04,20
876,2889,2026-08-05,20
876,2889,2026-08-06,20
876,2889,2026-08-07,20
876,2889,2026-08-08,20
876,2889,2026-08-09,20
876,2889,2026-08-10,20
876,2889,2026-08-11,20
876,2889,2026-08-12,20
876,2889,2026-08-13,20
876,2889,2026-08-14,20
876,2889,2026-08-15,20
876,2889,2026-08-16,20
876,2889,2026-08-17,20
876,2889,2026-08-18,20
876,2889,2026-08-19,20
876,2889,2026-08-20,20
876,2889,2026-08-21,20
876,2889,2026-08-22,20
876,2889,2026-08-23,20
876,2889,2026-08-24,20
876,2889,2026-08-25,20
876,2889,2026-08-26,20
876,2889,2026-08-27,20
876,2889,2026-08-28,20
876,2890,2026-07-29,16
876,2890,2026-07-30,16
876,2890,2026-07-31,16
876,2890,2026-08-01,16
876,2890,2026-08-02,16
876,2890,2026-08-03,16
876,2890,2026-08-04,16
876,2890,2026-08-05,16
876,2890,2026-08-06,16
876,2890,2026-08-07,16
876,2890,2026-08-08,16
876,2890,2026-08-09,16
876,2890,2026-08-10,16
876,2890,2026-08-11,16
876,2890,2026-08-12,16
876,2890,2026-08-13,16
876,2890,2026-08-14,16
876,2890,2026-08-15,16
876,2890,2026-08-16,16
876,2890,2026-08-17,16
876,2890,2026-08-18,16
876,2890,2026-08-19,16
876,2890,2026-08-20,16
876,2890,2026-08-21,16
876,2890,2026-08-22,16
876,2890,2026-08-23,16
876,2890,2026-08-24,16
876,2890,2026-08-25,16
876,2890,2026-08-26,16
876,2890,2026-08-27,16
876,2890,2026-08-28,16
876,2891,2026-07-29,10
876,2891,2026-07-30,10
876,2891,2026-07-31,10
876,2891,2026-08-01,10
876,2891,2026-08-02,10
876,2891,2026-08-03,10
876,2891,2026-08-04,10
876,2891,2026-08-05,10
876,2891,2026-08-06,10
876,2891,2026-08-07,10
876,2891,2026-08-08,10
876,2891,2026-08-09,10
876,2891,2026-08-10,10
876,2891,2026-08-11,10
876,2891,2026-08-12,10
876,2891,2026-08-13,10
876,2891,2026-08-14,10
876,2891,2026-08-15,10
876,2891,2026-08-16,10
876,2891,2026-08-17,10
876,2891,2026-08-18,10
876,2891,2026-08-19,10
876,2891,2026-08-20,10
876,2891,2026-08-21,10
876,2891,2026-08-22,10
876,2891,2026-08-23,10
876,2891,2026-08-24,10
876,2891,2026-08-25,10
876,2891,2026-08-26,10
876,2891,2026-08-27,10
876,2891,2026-08-28,10
876,2892,2026-07-29,8
876,2892,2026-07-30,8
876,2892,2026-07-31,8
876,2892,2026-08-01,8
876,2892,2026-08-02,8
876,2892,2026-08-03,8
876,2892,2026-08-04,8
876,2892,2026-08-05,8
876,2892,2026-08-06,8
876,2892,2026-08-07,8
876,2892,2026-08-08,8
876,2892,2026-08-09,8
876,2892,2026-08-10,8
876,2892,2026-08-11,8
876,2892,2026-08-12,8
876,2892,2026-08-13,8
876,2892,2026-08-14,8
876,2892,2026-08-15,8
876,2892,2026-08-16,8
876,2892,2026-08-17,8
876,2892,2026-08-18,8
876,2892,2026-08-19,8
876,2892,2026-08-20,8
876,2892,2026-08-21,8
876,2892,2026-08-22,8
876,2892,2026-08-23,8
876,2892,2026-08-24,8
876,2892,2026-08-25,8
876,2892,2026-08-26,8
876,2892,2026-08-27,8
876,2892,2026-08-28,8
876,2893,2026-07-29,40
876,2893,2026-07-30,40
876,2893,2026-07-31,40
876,2893,2026-08-01,40
876,2893,2026-08-02,40
876,2893,2026-08-03,40
876,2893,2026-08-04,40
876,2893,2026-08-05,40
876,2893,2026-08-06,40
876,2893,2026-08-07,40
876,2893,2026-08-08,40
876,2893,2026-08-09,40
876,2893,2026-08-10,40
876,2893,2026-08-11,40
876,2893,2026-08-12,40
876,2893,2026-08-13,40
876,2893,2026-08-14,40
876,2893,2026-08-15,40
876,2893,2026-08-16,40
876,2893,2026-08-17,40
876,2893,2026-08-18,40
876,2893,2026-08-19,40
876,2893,2026-08-20,40
876,2893,2026-08-21,40
876,2893,2026-08-22,40
876,2893,2026-08-23,40
876,2893,2026-08-24,40
876,2893,2026-08-25,40
876,2893,2026-08-26,40
876,2893,2026-08-27,40
876,2893,2026-08-28,40
876,2894,2026-07-29,32
876,2894,2026-07-30,32
876,2894,2026-07-31,32
876,2894,2026-08-01,32
876,2894,2026-08-02,32
876,2894,2026-08-03,32
876,2894,2026-08-04,32
876,2894,2026-08-05,32
876,2894,2026-08-06,32
876,2894,2026-08-07,32
876,2894,2026-08-08,32
876,2894,2026-08-09,32
876,2894,2026-08-10,26
876,2894,2026-08-11,32
876,2894,2026-08-12,25
876,2894,2026-08-13,32
876,2894,2026-08-14,32
876,2894,2026-08-15,32
876,2894,2026-08-16,32
876,2894,2026-08-17,32
876,2894,2026-08-18,32
876,2894,2026-08-19,27
876,2894,2026-08-20,24
876,2894,2026-08-21,32
876,2894,2026-08-22,32
876,2894,2026-08-23,32
876,2894,2026-08-24,32
876,2894,2026-08-25,32
876,2894,2026-08-26,31
876,2894,2026-08-27,32
876,2894,2026-08-28,32
876,2895,2026-07-29,10
876,2895,2026-07-30,10
876,2895,2026-07-31,10
876,2895,2026-08-01,10
876,2895,2026-08-02,10
876,2895,2026-08-03,10
876,2895,2026-08-04,10
876,2895,2026-08-05,10
876,2895,2026-08-06,10
876,2895,2026-08-07,10
876,2895,2026-08-08,10
876,2895,2026-08-09,10
876,2895,2026-08-10,10
876,2895,2026-08-11,10
876,2895,2026-08-12,10
876,2895,2026-08-13,10
876,2895,2026-08-14,10
876,2895,2026-08-15,10
876,2895,2026-08-16,10
876,2895,2026-08-17,10
876,2895,2026-08-18,10
876,2895,2026-08-19,10
876,2895,2026-08-20,10
876,2895,2026-08-21,10
876,2895,2026-08-22,10
876,2895,2026-08-23,10
876,2895,2026-08-24,10
876,2895,2026-08-25,10
876,2895,2026-08-26,10
876,2895,2026-08-27,10
876,2895,2026-08-28,10
876,2896,2026-07-29,28
876,2896,2026-07-30,28
876,2896,2026-07-31,28
876,2896,2026-08-01,28
876,2896,2026-08-02,28
876,2896,2026-08-03,28
876,2896,2026-08-04,28
876,2896,2026-08-05,28
876,2896,2026-08-06,28
876,2896,2026-08-07,28
876,2896,2026-08-08,28
876,2896,2026-08-09,28
876,2896,2026-08-10,28
876,2896,2026-08-11,15
876,2896,2026-08-12,28
876,2896,2026-08-13,28
876,2896,2026-08-14,28
876,2896,2026-08-15,28
876,2896,2026-08-16,28
876,2896,2026-08-17,28
876,2896,2026-08-18,23
876,2896,2026-08-19,28
876,2896,2026-08-20,28
876,2896,2026-08-21,20
876,2896,2026-08-22,28
876,2896,2026-08-23,28
876,2896,2026-08-24,28
876,2896,2026-08-25,28
876,2896,2026-08-26,28
876,2896,2026-08-27,27
876,2896,2026-08-28,28
876,2897,2026-07-29,10
876,2897,2026-07-30,10
876,2897,2026-07-31,10
876,2897,2026-08-01,10
876,2897,2026-08-02,10
876,2897,2026-08-03,10
876,2897,2026-08-04,10
876,2897,2026-08-05,10
876,2897,2026-08-06,10
876,2897,2026-08-07,10
876,2897,2026-08-08,10
876,2897,2026-08-09,10
876,2897,2026-08-10,10
876,2897,2026-08-11,10
876,2897,2026-08-12,10
876,2897,2026-08-13,10
876,2897,2026-08-14,10
876,2897,2026-08-15,10
876,2897,2026-08-16,10
876,2897,2026-08-17,10
876,2897,2026-08-18,10
876,2897,2026-08-19,10
876,2897,2026-08-20,10
876,2897,2026-08-21,10
876,2897,2026-08-22,10
876,2897,2026-08-23,10
876,2897,2026-08-24,10
876,2897,2026-08-25,10
876,2897,2026-08-26,10
876,2897,2026-08-27,10
876,2897,2026-08-28,10
876,2898,2026-07-29,10
876,2898,2026-07-30,10
876,2898,2026-07-31,10
876,2898,2026-08-01,10
876,2898,2026-08-02,10
876,2898,2026-08-03,10
876,2898,2026-08-04,10
876,2898,2026-08-05,10
876,2898,2026-08-06,10
876,2898,2026-08-07,10
876,2898,2026-08-08,10
876,2898,2026-08-09,10
876,2898,2026-08-10,10
876,2898,2026-08-11,10
876,2898,2026-08-12,10
876,2898,2026-08-13,10
876,2898,2026-08-14,10
876,2898,2026-08-15,10
876,2898,2026-08-16,10
876,2898,2026-08-17,10
876,2898,2026-08-18,10
876,2898,2026-08-19,10
876,2898,2026-08-20,10
876,2898,2026-08-21,10
876,2898,2026-08-22,10
876,2898,2026-08-23,10
876,2898,2026-08-24,10
876,2898,2026-08-25,10
876,2898,2026-08-26,10
876,2898,2026-08-27,10
876,2898,2026-08-28,10
876,2899,2026-07-29,10
876,2899,2026-07-30,10
876,2899,2026-07-31,10
876,2899,2026-08-01,10
876,2899,2026-08-02,10
876,2899,2026-08-03,10
876,2899,2026-08-04,10
876,2899,2026-08-05,10
876,2899,2026-08-06,10
876,2899,2026-08-07,10
876,2899,2026-08-08,10
876,2899,2026-08-09,10
876,2899,2026-08-10,10
876,2899,2026-08-11,10
876,2899,2026-08-12,10
876,2899,2026-08-13,10
876,2899,2026-08-14,10
876,2899,2026-08-15,10
876,2899,2026-08-16,10
876,2899,2026-08-17,10
876,2899,2026-08-18,10
876,2899,2026-08-19,10
876,2899,2026-08-20,10
876,2899,2026-08-21,10
876,2899,2026-08-22,10
876,2899,2026-08-23,10
876,2899,2026-08-24,10
876,2899,2026-08-25,10
876,2899,2026-08-26,10
876,2899,2026-08-27,10
876,2899,2026-08-28,10
876,2900,2026-07-29,16
876,2900,2026-07-30,16
876,2900,2026-07-31,16
876,2900,2026-08-01,16
876,2900,2026-08-02,16
876,2900,2026-08-03,16
876,2900,2026-08-04,16
876,2900,2026-08-05,16
876,2900,2026-08-06,16
876,2900,2026-08-07,16
876,2900,2026-08-08,16
876,2900,2026-08-09,16
876,2900,2026-08-10,16
876,2900,2026-08-11,16
876,2900,2026-08-12,16
876,2900,2026-08-13,16
876,2900,2026-08-14,16
876,2900,2026-08-15,16
876,2900,2026-08-16,16
876,2900,2026-08-17,11
876,2900,2026-08-18,16
876,2900,2026-08-19,16
876,2900,2026-08-20,16
876,2900,2026-08-21,16
876,2900,2026-08-22,16
876,2900,2026-08-23,16
876,2900,2026-08-24,16
876,2900,2026-08-25,16
876,2900,2026-08-26,16
876,2900,2026-08-27,16
876,2900,2026-08-28,16
876,2901,2026-07-29,20
876,2901,2026-07-30,20
876,2901,2026-07-31,20
876,2901,2026-08-01,20
876,2901,2026-08-02,20
876,2901,2026-08-03,20
876,2901,2026-08-04,20
876,2901,2026-08-05,20
876,2901,2026-08-06,20
876,2901,2026-08-07,20
876,2901,2026-08-08,20
876,2901,2026-08-09,20
876,2901,2026-08-10,20
876,2901,2026-08-11,20
876,2901,2026-08-12,20
876,2901,2026-08-13,20
876,2901,2026-08-14,20
876,2901,2026-08-15,20
876,2901,2026-08-16,20
876,2901,2026-08-17,20
876,2901,2026-08-18,20
876,2901,2026-08-19,20
876,2901,2026-08-20,20
876,2901,2026-08-21,20
876,2901,2026-08-22,20
876,2901,2026-08-23,20
876,2901,2026-08-24,20
876,2901,2026-08-25,20
876,2901,2026-08-26,20
876,2901,2026-08-27,20
876,2901,2026-08-28,20
876,2902,2026-07-29,28
876,2902,2026-07-30,28
876,2902,2026-07-31,28
876,2902,2026-08-01,28
876,2902,2026-08-02,28
876,2902,2026-08-03,28
876,2902,2026-08-04,28
876,2902,2026-08-05,28
876,2902,2026-08-06,28
876,2902,2026-08-07,28
876,2902,2026-08-08,28
876,2902,2026-08-09,28
876,2902,2026-08-10,21
876,2902,2026-08-11,28
876,2902,2026-08-12,22
876,2902,2026-08-13,28
876,2902,2026-08-14,28
876,2902,2026-08-15,28
876,2902,2026-08-16,23
876,2902,2026-08-17,28
876,2902,2026-08-18,28
876,2902,2026-08-19,28
876,2902,2026-08-20,28
876,2902,2026-08-21,28
876,2902,2026-08-22,20
876,2902,2026-08-23,28
876,2902,2026-08-24,28
876,2902,2026-08-25,28
876,2902,2026-08-26,28
876,2902,2026-08-27,28
876,2902,2026-08-28,27
876,2888,2026-06-29,10
876,2888,2026-06-30,10
876,2888,2026-07-01,10
876,2888,2026-07-02,10
876,2888,2026-07-03,10
876,2888,2026-07-04,10
876,2888,2026-07-05,10
876,2888,2026-07-06,10
876,2888,2026-07-07,10
876,2888,2026-07-08,10
876,2888,2026-07-09,10
876,2888,2026-07-10,10
876,2888,2026-07-11,10
876,2888,2026-07-12,10
876,2888,2026-07-13,10
876,2888,2026-07-14,10
876,2888,2026-07-15,10
876,2888,2026-07-16,10
876,2888,2026-07-17,10
876,2888,2026-07-18,10
876,2888,2026-07-19,10
876,2888,2026-07-20,10
876,2888,2026-07-21,10
876,2888,2026-07-22,10
876,2888,2026-07-23,10
876,2888,2026-07-24,10
876,2888,2026-07-25,10
876,2888,2026-07-26,10
876,2888,2026-07-27,10
876,2888,2026-07-28,10
876,2888,2026-07-29,10
876,2889,2026-06-29,20
876,2889,2026-06-30,20
876,2889,2026-07-01,20
876,2889,2026-07-02,20
876,2889,2026-07-03,20
876,2889,2026-07-04,20
876,2889,2026-07-05,20
876,2889,2026-07-06,20
876,2889,2026-07-07,20
876,2889,2026-07-08,20
876,2889,2026-07-09,20
876,2889,2026-07-10,20
876,2889,2026-07-11,20
876,2889,2026-07-12,20
876,2889,2026-07-13,20
876,2889,2026-07-14,20
876,2889,2026-07-15,20
876,2889,2026-07-16,20
876,2889,2026-07-17,20
876,2889,2026-07-18,20
876,2889,2026-07-19,20
876,2889,2026-07-20,20
876,2889,2026-07-21,20
876,2889,2026-07-22,20
876,2889,2026-07-23,20
876,2889,2026-07-24,20
876,2889,2026-07-25,20
876,2889,2026-07-26,20
876,2889,2026-07-27,20
876,2889,2026-07-28,20
876,2889,2026-07-29,20
876,2890,2026-06-29,16
876,2890,2026-06-30,16
876,2890,2026-07-01,16
876,2890,2026-07-02,16
876,2890,2026-07-03,16
876,2890,2026-07-04,16
876,2890,2026-07-05,16
876,2890,2026-07-06,16
876,2890,2026-07-07,16
876,2890,2026-07-08,16
876,2890,2026-07-09,16
876,2890,2026-07-10,16
876,2890,2026-07-11,16
876,2890,2026-07-12,16
876,2890,2026-07-13,16
876,2890,2026-07-14,15
876,2890,2026-07-15,16
876,2890,2026-07-16,16
876,2890,2026-07-17,16
876,2890,2026-07-18,16
876,2890,2026-07-19,16
876,2890,2026-07-20,16
876,2890,2026-07-21,16
876,2890,2026-07-22,16
876,2890,2026-07-23,16
876,2890,2026-07-24,16
876,2890,2026-07-25,16
876,2890,2026-07-26,16
876,2890,2026-07-27,16
876,2890,2026-07-28,16
876,2890,2026-07-29,16
876,2891,2026-06-29,10
876,2891,2026-06-30,10
876,2891,2026-07-01,10
876,2891,2026-07-02,10
876,2891,2026-07-03,10
876,2891,2026-07-04,10
876,2891,2026-07-05,10
876,2891,2026-07-06,10
876,2891,2026-07-07,10
876,2891,2026-07-08,10
876,2891,2026-07-09,10
876,2891,2026-07-10,10
876,2891,2026-07-11,10
876,2891,2026-07-12,10
876,2891,2026-07-13,10
876,2891,2026-07-14,10
876,2891,2026-07-15,10
876,2891,2026-07-16,10
876,2891,2026-07-17,10
876,2891,2026-07-18,10
876,2891,2026-07-19,10
876,2891,2026-07-20,10
876,2891,2026-07-21,10
876,2891,2026-07-22,10
876,2891,2026-07-23,10
876,2891,2026-07-24,10
876,2891,2026-07-25,10
876,2891,2026-07-26,10
876,2891,2026-07-27,10
876,2891,2026-07-28,10
876,2891,2026-07-29,10
876,2892,2026-06-29,8
876,2892,2026-06-30,8
876,2892,2026-07-01,8
876,2892,2026-07-02,8
876,2892,2026-07-03,8
876,2892,2026-07-04,8
876,2892,2026-07-05,8
876,2892,2026-07-06,8
876,2892,2026-07-07,8
876,2892,2026-07-08,8
876,2892,2026-07-09,8
876,2892,2026-07-10,6
876,2892,2026-07-11,8
876,2892,2026-07-12,8
876,2892,2026-07-13,8
876,2892,2026-07-14,8
876,2892,2026-07-15,8
876,2892,2026-07-16,8
876,2892,2026-07-17,8
876,2892,2026-07-18,8
876,2892,2026-07-19,8
876,2892,2026-07-20,8
876,2892,2026-07-21,8
876,2892,2026-07-22,8
876,2892,2026-07-23,8
876,2892,2026-07-24,8
876,2892,2026-07-25,8
876,2892,2026-07-26,8
876,2892,2026-07-27,8
876,2892,2026-07-28,8
876,2892,2026-07-29,8
876,2893,2026-06-29,40
876,2893,2026-06-30,40
876,2893,2026-07-01,40
876,2893,2026-07-02,40
876,2893,2026-07-03,40
876,2893,2026-07-04,40
876,2893,2026-07-05,40
876,2893,2026-07-06,40
876,2893,2026-07-07,40
876,2893,2026-07-08,40
876,2893,2026-07-09,40
876,2893,2026-07-10,40
876,2893,2026-07-11,40
876,2893,2026-07-12,40
876,2893,2026-07-13,40
876,2893,2026-07-14,40
876,2893,2026-07-15,40
876,2893,2026-07-16,40
876,2893,2026-07-17,40
876,2893,2026-07-18,40
876,2893,2026-07-19,40
876,2893,2026-07-20,40
876,2893,2026-07-21,40
876,2893,2026-07-22,40
876,2893,2026-07-23,40
876,2893,2026-07-24,40
876,2893,2026-07-25,40
876,2893,2026-07-26,40
876,2893,2026-07-27,40
876,2893,2026-07-28,40
876,2893,2026-07-29,40
876,2894,2026-06-29,32
876,2894,2026-06-30,32
876,2894,2026-07-01,32
876,2894,2026-07-02,32
876,2894,2026-07-03,32
876,2894,2026-07-04,32
876,2894,2026-07-05,32
876,2894,2026-07-06,29
876,2894,2026-07-07,20
876,2894,2026-07-08,32
876,2894,2026-07-09,30
876,2894,2026-07-10,32
876,2894,2026-07-11,21
876,2894,2026-07-12,32
876,2894,2026-07-13,25
876,2894,2026-07-14,22
876,2894,2026-07-15,26
876,2894,2026-07-16,30
876,2894,2026-07-17,32
876,2894,2026-07-18,32
876,2894,2026-07-19,32
876,2894,2026-07-20,32
876,2894,2026-07-21,32
876,2894,2026-07-22,32
876,2894,2026-07-23,32
876,2894,2026-07-24,27
876,2894,2026-07-25,32
876,2894,2026-07-26,32
876,2894,2026-07-27,28
876,2894,2026-07-28,28
876,2894,2026-07-29,32
876,2895,2026-06-29,10
876,2895,2026-06-30,10
876,2895,2026-07-01,10
876,2895,2026-07-02,10
876,2895,2026-07-03,10
876,2895,2026-07-04,10
876,2895,2026-07-05,10
876,2895,2026-07-06,10
876,2895,2026-07-07,10
876,2895,2026-07-08,10
876,2895,2026-07-09,10
876,2895,2026-07-10,10
876,2895,2026-07-11,10
876,2895,2026-07-12,10
876,2895,2026-07-13,10
876,2895,2026-07-14,10
876,2895,2026-07-15,10
876,2895,2026-07-16,10
876,2895,2026-07-17,10
876,2895,2026-07-18,10
876,2895,2026-07-19,10
876,2895,2026-07-20,10
876,2895,2026-07-21,10
876,2895,2026-07-22,10
876,2895,2026-07-23,10
876,2895,2026-07-24,10
876,2895,2026-07-25,10
876,2895,2026-07-26,10
876,2895,2026-07-27,10
876,2895,2026-07-28,10
876,2895,2026-07-29,10
876,2896,2026-06-29,28
876,2896,2026-06-30,28
876,2896,2026-07-01,28
876,2896,2026-07-02,28
876,2896,2026-07-03,28
876,2896,2026-07-04,28
876,2896,2026-07-05,28
876,2896,2026-07-06,16
876,2896,2026-07-07,25
876,2896,2026-07-08,27
876,2896,2026-07-09,28
876,2896,2026-07-10,28
876,2896,2026-07-11,19
876,2896,2026-07-12,20
876,2896,2026-07-13,28
876,2896,2026-07-14,26
876,2896,2026-07-15,20
876,2896,2026-07-16,28
876,2896,2026-07-17,28
876,2896,2026-07-18,28
876,2896,2026-07-19,28
876,2896,2026-07-20,28
876,2896,2026-07-21,28
876,2896,2026-07-22,28
876,2896,2026-07-23,28
876,2896,2026-07-24,28
876,2896,2026-07-25,23
876,2896,2026-07-26,28
876,2896,2026-07-27,28
876,2896,2026-07-28,28
876,2896,2026-07-29,28
876,2897,2026-06-29,10
876,2897,2026-06-30,10
876,2897,2026-07-01,10
876,2897,2026-07-02,10
876,2897,2026-07-03,10
876,2897,2026-07-04,10
876,2897,2026-07-05,10
876,2897,2026-07-06,10
876,2897,2026-07-07,10
876,2897,2026-07-08,10
876,2897,2026-07-09,10
876,2897,2026-07-10,10
876,2897,2026-07-11,10
876,2897,2026-07-12,10
876,2897,2026-07-13,10
876,2897,2026-07-14,10
876,2897,2026-07-15,10
876,2897,2026-07-16,10
876,2897,2026-07-17,10
876,2897,2026-07-18,10
876,2897,2026-07-19,10
876,2897,2026-07-20,10
876,2897,2026-07-21,10
876,2897,2026-07-22,10
876,2897,2026-07-23,10
876,2897,2026-07-24,10
876,2897,2026-07-25,10
876,2897,2026-07-26,10
876,2897,2026-07-27,10
876,2897,2026-07-28,10
876,2897,2026-07-29,10
876,2898,2026-06-29,10
876,2898,2026-06-30,10
876,2898,2026-07-01,10
876,2898,2026-07-02,10
876,2898,2026-07-03,10
876,2898,2026-07-04,10
876,2898,2026-07-05,10
876,2898,2026-07-06,10
876,2898,2026-07-07,10
876,2898,2026-07-08,10
876,2898,2026-07-09,10
876,2898,2026-07-10,10
876,2898,2026-07-11,10
876,2898,2026-07-12,10
876,2898,2026-07-13,10
876,2898,2026-07-14,10
876,2898,2026-07-15,10
876,2898,2026-07-16,10
876,2898,2026-07-17,10
876,2898,2026-07-18,10
876,2898,2026-07-19,10
876,2898,2026-07-20,10
876,2898,2026-07-21,10
876,2898,2026-07-22,10
876,2898,2026-07-23,10
876,2898,2026-07-24,10
876,2898,2026-07-25,10
876,2898,2026-07-26,10
876,2898,2026-07-27,10
876,2898,2026-07-28,10
876,2898,2026-07-29,10
876,2899,2026-06-29,10
876,2899,2026-06-30,10
876,2899,2026-07-01,10
876,2899,2026-07-02,10
876,2899,2026-07-03,10
876,2899,2026-07-04,10
876,2899,2026-07-05,10
876,2899,2026-07-06,10
876,2899,2026-07-07,10
876,2899,2026-07-08,10
876,2899,2026-07-09,10
876,2899,2026-07-10,10
876,2899,2026-07-11,10
876,2899,2026-07-12,10
876,2899,2026-07-13,10
876,2899,2026-07-14,10
876,2899,2026-07-15,10
876,2899,2026-07-16,10
876,2899,2026-07-17,10
876,2899,2026-07-18,10
876,2899,2026-07-19,10
876,2899,2026-07-20,10
876,2899,2026-07-21,10
876,2899,2026-07-22,10
876,2899,2026-07-23,10
876,2899,2026-07-24,10
876,2899,2026-07-25,10
876,2899,2026-07-26,10
876,2899,2026-07-27,10
876,2899,2026-07-28,10
876,2899,2026-07-29,10
876,2900,2026-06-29,16
876,2900,2026-06-30,16
876,2900,2026-07-01,16
876,2900,2026-07-02,16
876,2900,2026-07-03,16
876,2900,2026-07-04,16
876,2900,2026-07-05,16
876,2900,2026-07-06,16
876,2900,2026-07-07,15
876,2900,2026-07-08,13
876,2900,2026-07-09,16
876,2900,2026-07-10,11
876,2900,2026-07-11,16
876,2900,2026-07-12,16
876,2900,2026-07-13,16
876,2900,2026-07-14,14
876,2900,2026-07-15,16
876,2900,2026-07-16,12
876,2900,2026-07-17,16
876,2900,2026-07-18,16
876,2900,2026-07-19,16
876,2900,2026-07-20,16
876,2900,2026-07-21,16
876,2900,2026-07-22,16
876,2900,2026-07-23,16
876,2900,2026-07-24,16
876,2900,2026-07-25,16
876,2900,2026-07-26,16
876,2900,2026-07-27,16
876,2900,2026-07-28,16
876,2900,2026-07-29,16
876,2901,2026-06-29,20
876,2901,2026-06-30,20
876,2901,2026-07-01,20
876,2901,2026-07-02,20
876,2901,2026-07-03,20
876,2901,2026-07-04,20
876,2901,2026-07-05,20
876,2901,2026-07-06,20
876,2901,2026-07-07,20
876,2901,2026-07-08,20
876,2901,2026-07-09,20
876,2901,2026-07-10,20
876,2901,2026-07-11,20
876,2901,2026-07-12,20
876,2901,2026-07-13,20
876,2901,2026-07-14,20
876,2901,2026-07-15,20
876,2901,2026-07-16,20
876,2901,2026-07-17,20
876,2901,2026-07-18,20
876,2901,2026-07-19,20
876,2901,2026-07-20,20
876,2901,2026-07-21,20
876,2901,2026-07-22,20
876,2901,2026-07-23,20
876,2901,2026-07-24,20
876,2901,2026-07-25,20
876,2901,2026-07-26,20
876,2901,2026-07-27,20
876,2901,2026-07-28,20
876,2901,2026-07-29,20
876,2902,2026-06-29,28
876,2902,2026-06-30,28
876,2902,2026-07-01,28
876,2902,2026-07-02,28
876,2902,2026-07-03,28
876,2902,2026-07-04,28
876,2902,2026-07-05,16
876,2902,2026-07-06,26
876,2902,2026-07-07,27
876,2902,2026-07-08,28
876,2902,2026-07-09,24
876,2902,2026-07-10,28
876,2902,2026-07-11,21
876,2902,2026-07-12,28
876,2902,2026-07-13,23
876,2902,2026-07-14,28
876,2902,2026-07-15,28
876,2902,2026-07-16,26
876,2902,2026-07-17,24
876,2902,2026-07-18,28
876,2902,2026-07-19,28
876,2902,2026-07-20,28
876,2902,2026-07-21,28
876,2902,2026-07-22,28
876,2902,2026-07-23,28
876,2902,2026-07-24,28
876,2902,2026-07-25,18
876,2902,2026-07-26,23
876,2902,2026-07-27,28
876,2902,2026-07-28,28
876,2902,2026-07-29,28
876,2888,2026-05-30,10
876,2888,2026-05-31,10
876,2888,2026-06-01,10
876,2888,2026-06-02,10
876,2888,2026-06-03,10
876,2888,2026-06-04,10
876,2888,2026-06-05,10
876,2888,2026-06-06,10
876,2888,2026-06-07,10
876,2888,2026-06-08,10
876,2888,2026-06-09,10
876,2888,2026-06-10,8
876,2888,2026-06-11,10
876,2888,2026-06-12,10
876,2888,2026-06-13,10
876,2888,2026-06-14,10
876,2888,2026-06-15,10
876,2888,2026-06-16,10
876,2888,2026-06-17,10
876,2888,2026-06-18,10
876,2888,2026-06-19,10
876,2888,2026-06-20,10
876,2888,2026-06-21,10
876,2888,2026-06-22,10
876,2888,2026-06-23,10
876,2888,2026-06-24,10
876,2888,2026-06-25,10
876,2888,2026-06-26,10
876,2888,2026-06-27,10
876,2888,2026-06-28,10
876,2888,2026-06-29,10
876,2889,2026-05-30,20
876,2889,2026-05-31,20
876,2889,2026-06-01,20
876,2889,2026-06-02,20
876,2889,2026-06-03,20
876,2889,2026-06-04,20
876,2889,2026-06-05,20
876,2889,2026-06-06,20
876,2889,2026-06-07,20
876,2889,2026-06-08,20
876,2889,2026-06-09,20
876,2889,2026-06-10,20
876,2889,2026-06-11,20
876,2889,2026-06-12,20
876,2889,2026-06-13,20
876,2889,2026-06-14,20
876,2889,2026-06-15,20
876,2889,2026-06-16,20
876,2889,2026-06-17,20
876,2889,2026-06-18,20
876,2889,2026-06-19,20
876,2889,2026-06-20,20
876,2889,2026-06-21,20
876,2889,2026-06-22,20
876,2889,2026-06-23,20
876,2889,2026-06-24,20
876,2889,2026-06-25,20
876,2889,2026-06-26,20
876,2889,2026-06-27,20
876,2889,2026-06-28,20
876,2889,2026-06-29,20
876,2890,2026-05-30,6
876,2890,2026-05-31,16
876,2890,2026-06-01,16
876,2890,2026-06-02,16
876,2890,2026-06-03,16
876,2890,2026-06-04,16
876,2890,2026-06-05,16
876,2890,2026-06-06,16
876,2890,2026-06-07,16
876,2890,2026-06-08,16
876,2890,2026-06-09,16
876,2890,2026-06-10,16
876,2890,2026-06-11,16
876,2890,2026-06-12,16
876,2890,2026-06-13,16
876,2890,2026-06-14,16
876,2890,2026-06-15,16
876,2890,2026-06-16,16
876,2890,2026-06-17,16
876,2890,2026-06-18,16
876,2890,2026-06-19,16
876,2890,2026-06-20,14
876,2890,2026-06-21,16
876,2890,2026-06-22,16
876,2890,2026-06-23,16
876,2890,2026-06-24,16
876,2890,2026-06-25,16
876,2890,2026-06-26,16
876,2890,2026-06-27,11
876,2890,2026-06-28,16
876,2890,2026-06-29,16
876,2891,2026-05-30,10
876,2891,2026-05-31,10
876,2891,2026-06-01,10
876,2891,2026-06-02,10
876,2891,2026-06-03,10
876,2891,2026-06-04,10
876,2891,2026-06-05,10
876,2891,2026-06-06,10
876,2891,2026-06-07,10
876,2891,2026-06-08,10
876,2891,2026-06-09,10
876,2891,2026-06-10,10
876,2891,2026-06-11,10
876,2891,2026-06-12,10
876,2891,2026-06-13,10
876,2891,2026-06-14,10
876,2891,2026-06-15,10
876,2891,2026-06-16,10
876,2891,2026-06-17,10
876,2891,2026-06-18,10
876,2891,2026-06-19,10
876,2891,2026-06-20,10
876,2891,2026-06-21,10
876,2891,2026-06-22,10
876,2891,2026-06-23,10
876,2891,2026-06-24,10
876,2891,2026-06-25,10
876,2891,2026-06-26,10
876,2891,2026-06-27,10
876,2891,2026-06-28,10
876,2891,2026-06-29,10
876,2892,2026-05-30,8
876,2892,2026-05-31,7
876,2892,2026-06-01,8
876,2892,2026-06-02,8
876,2892,2026-06-03,8
876,2892,2026-06-04,8
876,2892,2026-06-05,8
876,2892,2026-06-06,8
876,2892,2026-06-07,8
876,2892,2026-06-08,8
876,2892,2026-06-09,8
876,2892,2026-06-10,8
876,2892,2026-06-11,8
876,2892,2026-06-12,8
876,2892,2026-06-13,8
876,2892,2026-06-14,8
876,2892,2026-06-15,8
876,2892,2026-06-16,8
876,2892,2026-06-17,8
876,2892,2026-06-18,8
876,2892,2026-06-19,8
876,2892,2026-06-20,8
876,2892,2026-06-21,8
876,2892,2026-06-22,8
876,2892,2026-06-23,8
876,2892,2026-06-24,8
876,2892,2026-06-25,8
876,2892,2026-06-26,8
876,2892,2026-06-27,8
876,2892,2026-06-28,8
876,2892,2026-06-29,8
876,2893,2026-05-30,40
876,2893,2026-05-31,40
876,2893,2026-06-01,40
876,2893,2026-06-02,40
876,2893,2026-06-03,40
876,2893,2026-06-04,40
876,2893,2026-06-05,40
876,2893,2026-06-06,40
876,2893,2026-06-07,40
876,2893,2026-06-08,40
876,2893,2026-06-09,40
876,2893,2026-06-10,40
876,2893,2026-06-11,40
876,2893,2026-06-12,40
876,2893,2026-06-13,40
876,2893,2026-06-14,40
876,2893,2026-06-15,40
876,2893,2026-06-16,40
876,2893,2026-06-17,40
876,2893,2026-06-18,40
876,2893,2026-06-19,40
876,2893,2026-06-20,40
876,2893,2026-06-21,40
876,2893,2026-06-22,39
876,2893,2026-06-23,40
876,2893,2026-06-24,40
876,2893,2026-06-25,40
876,2893,2026-06-26,40
876,2893,2026-06-27,40
876,2893,2026-06-28,40
876,2893,2026-06-29,40
876,2894,2026-05-30,17
876,2894,2026-05-31,19
876,2894,2026-06-01,32
876,2894,2026-06-02,32
876,2894,2026-06-03,32
876,2894,2026-06-04,32
876,2894,2026-06-05,32
876,2894,2026-06-06,30
876,2894,2026-06-07,31
876,2894,2026-06-08,0
876,2894,2026-06-09,0
876,2894,2026-06-10,0
876,2894,2026-06-11,0
876,2894,2026-06-12,0
876,2894,2026-06-13,18
876,2894,2026-06-14,32
876,2894,2026-06-15,32
876,2894,2026-06-16,32
876,2894,2026-06-17,32
876,2894,2026-06-18,26
876,2894,2026-06-19,32
876,2894,2026-06-20,32
876,2894,2026-06-21,28
876,2894,2026-06-22,31
876,2894,2026-06-23,27
876,2894,2026-06-24,30
876,2894,2026-06-25,31
876,2894,2026-06-26,30
876,2894,2026-06-27,28
876,2894,2026-06-28,32
876,2894,2026-06-29,32
876,2895,2026-05-30,10
876,2895,2026-05-31,10
876,2895,2026-06-01,10
876,2895,2026-06-02,10
876,2895,2026-06-03,10
876,2895,2026-06-04,10
876,2895,2026-06-05,10
876,2895,2026-06-06,10
876,2895,2026-06-07,10
876,2895,2026-06-08,10
876,2895,2026-06-09,10
876,2895,2026-06-10,10
876,2895,2026-06-11,10
876,2895,2026-06-12,10
876,2895,2026-06-13,10
876,2895,2026-06-14,10
876,2895,2026-06-15,10
876,2895,2026-06-16,10
876,2895,2026-06-17,10
876,2895,2026-06-18,10
876,2895,2026-06-19,10
876,2895,2026-06-20,10
876,2895,2026-06-21,10
876,2895,2026-06-22,10
876,2895,2026-06-23,10
876,2895,2026-06-24,7
876,2895,2026-06-25,10
876,2895,2026-06-26,10
876,2895,2026-06-27,10
876,2895,2026-06-28,10
876,2895,2026-06-29,10
876,2896,2026-05-30,11
876,2896,2026-05-31,14
876,2896,2026-06-01,26
876,2896,2026-06-02,0
876,2896,2026-06-03,0
876,2896,2026-06-04,0
876,2896,2026-06-05,0
876,2896,2026-06-06,28
876,2896,2026-06-07,24
876,2896,2026-06-08,28
876,2896,2026-06-09,28
876,2896,2026-06-10,28
876,2896,2026-06-11,28
876,2896,2026-06-12,25
876,2896,2026-06-13,24
876,2896,2026-06-14,21
876,2896,2026-06-15,28
876,2896,2026-06-16,28
876,2896,2026-06-17,28
876,2896,2026-06-18,28
876,2896,2026-06-19,24
876,2896,2026-06-20,22
876,2896,2026-06-21,27
876,2896,2026-06-22,28
876,2896,2026-06-23,26
876,2896,2026-06-24,26
876,2896,2026-06-25,28
876,2896,2026-06-26,27
876,2896,2026-06-27,28
876,2896,2026-06-28,28
876,2896,2026-06-29,28
876,2897,2026-05-30,10
876,2897,2026-05-31,10
876,2897,2026-06-01,10
876,2897,2026-06-02,10
876,2897,2026-06-03,10
876,2897,2026-06-04,10
876,2897,2026-06-05,10
876,2897,2026-06-06,10
876,2897,2026-06-07,10
876,2897,2026-06-08,10
876,2897,2026-06-09,10
876,2897,2026-06-10,10
876,2897,2026-06-11,10
876,2897,2026-06-12,10
876,2897,2026-06-13,10
876,2897,2026-06-14,10
876,2897,2026-06-15,10
876,2897,2026-06-16,10
876,2897,2026-06-17,10
876,2897,2026-06-18,10
876,2897,2026-06-19,10
876,2897,2026-06-20,10
876,2897,2026-06-21,10
876,2897,2026-06-22,10
876,2897,2026-06-23,10
876,2897,2026-06-24,10
876,2897,2026-06-25,10
876,2897,2026-06-26,10
876,2897,2026-06-27,10
876,2897,2026-06-28,10
876,2897,2026-06-29,10
876,2898,2026-05-30,10
876,2898,2026-05-31,10
876,2898,2026-06-01,10
876,2898,2026-06-02,10
876,2898,2026-06-03,10
876,2898,2026-06-04,10
876,2898,2026-06-05,10
876,2898,2026-06-06,10
876,2898,2026-06-07,10
876,2898,2026-06-08,10
876,2898,2026-06-09,10
876,2898,2026-06-10,10
876,2898,2026-06-11,10
876,2898,2026-06-12,10
876,2898,2026-06-13,10
876,2898,2026-06-14,10
876,2898,2026-06-15,10
876,2898,2026-06-16,10
876,2898,2026-06-17,10
876,2898,2026-06-18,10
876,2898,2026-06-19,10
876,2898,2026-06-20,9
876,2898,2026-06-21,10
876,2898,2026-06-22,10
876,2898,2026-06-23,10
876,2898,2026-06-24,10
876,2898,2026-06-25,10
876,2898,2026-06-26,10
876,2898,2026-06-27,10
876,2898,2026-06-28,10
876,2898,2026-06-29,10
876,2899,2026-05-30,10
876,2899,2026-05-31,10
876,2899,2026-06-01,10
876,2899,2026-06-02,10
876,2899,2026-06-03,10
876,2899,2026-06-04,10
876,2899,2026-06-05,10
876,2899,2026-06-06,10
876,2899,2026-06-07,10
876,2899,2026-06-08,10
876,2899,2026-06-09,10
876,2899,2026-06-10,10
876,2899,2026-06-11,8
876,2899,2026-06-12,10
876,2899,2026-06-13,10
876,2899,2026-06-14,10
876,2899,2026-06-15,10
876,2899,2026-06-16,10
876,2899,2026-06-17,10
876,2899,2026-06-18,10
876,2899,2026-06-19,10
876,2899,2026-06-20,10
876,2899,2026-06-21,10
876,2899,2026-06-22,10
876,2899,2026-06-23,10
876,2899,2026-06-24,10
876,2899,2026-06-25,10
876,2899,2026-06-26,10
876,2899,2026-06-27,10
876,2899,2026-06-28,10
876,2899,2026-06-29,10
876,2900,2026-05-30,12
876,2900,2026-05-31,14
876,2900,2026-06-01,16
876,2900,2026-06-02,16
876,2900,2026-06-03,16
876,2900,2026-06-04,16
876,2900,2026-06-05,16
876,2900,2026-06-06,14
876,2900,2026-06-07,16
876,2900,2026-06-08,12
876,2900,2026-06-09,16
876,2900,2026-06-10,16
876,2900,2026-06-11,16
876,2900,2026-06-12,16
876,2900,2026-06-13,16
876,2900,2026-06-14,16
876,2900,2026-06-15,16
876,2900,2026-06-16,16
876,2900,2026-06-17,14
876,2900,2026-06-18,16
876,2900,2026-06-19,16
876,2900,2026-06-20,16
876,2900,2026-06-21,16
876,2900,2026-06-22,14
876,2900,2026-06-23,16
876,2900,2026-06-24,16
876,2900,2026-06-25,14
876,2900,2026-06-26,16
876,2900,2026-06-27,14
876,2900,2026-06-28,16
876,2900,2026-06-29,16
876,2901,2026-05-30,20
876,2901,2026-05-31,20
876,2901,2026-06-01,20
876,2901,2026-06-02,20
876,2901,2026-06-03,20
876,2901,2026-06-04,20
876,2901,2026-06-05,20
876,2901,2026-06-06,20
876,2901,2026-06-07,20
876,2901,2026-06-08,20
876,2901,2026-06-09,20
876,2901,2026-06-10,20
876,2901,2026-06-11,20
876,2901,2026-06-12,20
876,2901,2026-06-13,20
876,2901,2026-06-14,20
876,2901,2026-06-15,20
876,2901,2026-06-16,20
876,2901,2026-06-17,20
876,2901,2026-06-18,20
876,2901,2026-06-19,20
876,2901,2026-06-20,20
876,2901,2026-06-21,20
876,2901,2026-06-22,20
876,2901,2026-06-23,19
876,2901,2026-06-24,20
876,2901,2026-06-25,20
876,2901,2026-06-26,20
876,2901,2026-06-27,20
876,2901,2026-06-28,20
876,2901,2026-06-29,20
876,2902,2026-05-30,21
876,2902,2026-05-31,21
876,2902,2026-06-01,24
876,2902,2026-06-02,27
876,2902,2026-06-03,28
876,2902,2026-06-04,28
876,2902,2026-06-05,28
876,2902,2026-06-06,27
876,2902,2026-06-07,28
876,2902,2026-06-08,28
876,2902,2026-06-09,26
876,2902,2026-06-10,28
876,2902,2026-06-11,27
876,2902,2026-06-12,28
876,2902,2026-06-13,28
876,2902,2026-06-14,28
876,2902,2026-06-15,21
876,2902,2026-06-16,28
876,2902,2026-06-17,28
876,2902,2026-06-18,28
876,2902,2026-06-19,24
876,2902,2026-06-20,26
876,2902,2026-06-21,26
876,2902,2026-06-22,28
876,2902,2026-06-23,28
876,2902,2026-06-24,28
876,2902,2026-06-25,28
876,2902,2026-06-26,21
876,2902,2026-06-27,27
876,2902,2026-06-28,28
876,2902,2026-06-29,28
876,2888,2026-10-27,10
876,2888,2026-10-28,10
876,2888,2026-10-29,10
876,2888,2026-10-30,10
876,2888,2026-10-31,10
876,2888,2026-11-01,10
876,2888,2026-11-02,10
876,2888,2026-11-03,10
876,2888,2026-11-04,10
876,2888,2026-11-05,10
876,2888,2026-11-06,10
876,2888,2026-11-07,5
876,2888,2026-11-08,10
876,2888,2026-11-09,10
876,2888,2026-11-10,10
876,2888,2026-11-11,10
876,2888,2026-11-12,10
876,2888,2026-11-13,10
876,2888,2026-11-14,8
876,2888,2026-11-15,10
876,2888,2026-11-16,10
876,2888,2026-11-17,10
876,2888,2026-11-18,10
876,2888,2026-11-19,10
876,2888,2026-11-20,10
876,2888,2026-11-21,10
876,2888,2026-11-22,10
876,2888,2026-11-23,10
876,2888,2026-11-24,10
876,2888,2026-11-25,10
876,2888,2026-11-26,10
876,2889,2026-10-27,20
876,2889,2026-10-28,20
876,2889,2026-10-29,20
876,2889,2026-10-30,20
876,2889,2026-10-31,20
876,2889,2026-11-01,20
876,2889,2026-11-02,20
876,2889,2026-11-03,20
876,2889,2026-11-04,20
876,2889,2026-11-05,20
876,2889,2026-11-06,20
876,2889,2026-11-07,20
876,2889,2026-11-08,20
876,2889,2026-11-09,20
876,2889,2026-11-10,20
876,2889,2026-11-11,20
876,2889,2026-11-12,20
876,2889,2026-11-13,18
876,2889,2026-11-14,20
876,2889,2026-11-15,20
876,2889,2026-11-16,20
876,2889,2026-11-17,20
876,2889,2026-11-18,20
876,2889,2026-11-19,20
876,2889,2026-11-20,20
876,2889,2026-11-21,20
876,2889,2026-11-22,20
876,2889,2026-11-23,17
876,2889,2026-11-24,17
876,2889,2026-11-25,20
876,2889,2026-11-26,20
876,2890,2026-10-27,16
876,2890,2026-10-28,16
876,2890,2026-10-29,16
876,2890,2026-10-30,12
876,2890,2026-10-31,16
876,2890,2026-11-01,16
876,2890,2026-11-02,14
876,2890,2026-11-03,16
876,2890,2026-11-04,14
876,2890,2026-11-05,13
876,2890,2026-11-06,16
876,2890,2026-11-07,16
876,2890,2026-11-08,16
876,2890,2026-11-09,15
876,2890,2026-11-10,14
876,2890,2026-11-11,16
876,2890,2026-11-12,16
876,2890,2026-11-13,7
876,2890,2026-11-14,16
876,2890,2026-11-15,16
876,2890,2026-11-16,10
876,2890,2026-11-17,16
876,2890,2026-11-18,12
876,2890,2026-11-19,16
876,2890,2026-11-20,11
876,2890,2026-11-21,16
876,2890,2026-11-22,13
876,2890,2026-11-23,16
876,2890,2026-11-24,16
876,2890,2026-11-25,9
876,2890,2026-11-26,12
876,2891,2026-10-27,10
876,2891,2026-10-28,10
876,2891,2026-10-29,10
876,2891,2026-10-30,10
876,2891,2026-10-31,10
876,2891,2026-11-01,10
876,2891,2026-11-02,10
876,2891,2026-11-03,10
876,2891,2026-11-04,10
876,2891,2026-11-05,10
876,2891,2026-11-06,10
876,2891,2026-11-07,10
876,2891,2026-11-08,5
876,2891,2026-11-09,10
876,2891,2026-11-10,10
876,2891,2026-11-11,10
876,2891,2026-11-12,10
876,2891,2026-11-13,10
876,2891,2026-11-14,8
876,2891,2026-11-15,10
876,2891,2026-11-16,10
876,2891,2026-11-17,10
876,2891,2026-11-18,10
876,2891,2026-11-19,10
876,2891,2026-11-20,10
876,2891,2026-11-21,10
876,2891,2026-11-22,10
876,2891,2026-11-23,10
876,2891,2026-11-24,10
876,2891,2026-11-25,10
876,2891,2026-11-26,10
876,2892,2026-10-27,8
876,2892,2026-10-28,8
876,2892,2026-10-29,0
876,2892,2026-10-30,2
876,2892,2026-10-31,8
876,2892,2026-11-01,8
876,2892,2026-11-02,6
876,2892,2026-11-03,8
876,2892,2026-11-04,8
876,2892,2026-11-05,4
876,2892,2026-11-06,8
876,2892,2026-11-07,8
876,2892,2026-11-08,8
876,2892,2026-11-09,6
876,2892,2026-11-10,8
876,2892,2026-11-11,8
876,2892,2026-11-12,6
876,2892,2026-11-13,8
876,2892,2026-11-14,0
876,2892,2026-11-15,6
876,2892,2026-11-16,8
876,2892,2026-11-17,6
876,2892,2026-11-18,7
876,2892,2026-11-19,4
876,2892,2026-11-20,8
876,2892,2026-11-21,8
876,2892,2026-11-22,2
876,2892,2026-11-23,8
876,2892,2026-11-24,8
876,2892,2026-11-25,8
876,2892,2026-11-26,5
876,2893,2026-10-27,40
876,2893,2026-10-28,40
876,2893,2026-10-29,38
876,2893,2026-10-30,40
876,2893,2026-10-31,40
876,2893,2026-11-01,40
876,2893,2026-11-02,40
876,2893,2026-11-03,40
876,2893,2026-11-04,40
876,2893,2026-11-05,40
876,2893,2026-11-06,40
876,2893,2026-11-07,40
876,2893,2026-11-08,40
876,2893,2026-11-09,40
876,2893,2026-11-10,37
876,2893,2026-11-11,38
876,2893,2026-11-12,40
876,2893,2026-11-13,37
876,2893,2026-11-14,40
876,2893,2026-11-15,39
876,2893,2026-11-16,37
876,2893,2026-11-17,40
876,2893,2026-11-18,40
876,2893,2026-11-19,40
876,2893,2026-11-20,40
876,2893,2026-11-21,40
876,2893,2026-11-22,40
876,2893,2026-11-23,40
876,2893,2026-11-24,38
876,2893,2026-11-25,40
876,2893,2026-11-26,40
876,2894,2026-10-27,0
876,2894,2026-10-28,0
876,2894,2026-10-29,4
876,2894,2026-10-30,6
876,2894,2026-10-31,0
876,2894,2026-11-01,32
876,2894,2026-11-02,17
876,2894,2026-11-03,30
876,2894,2026-11-04,30
876,2894,2026-11-05,11
876,2894,2026-11-06,28
876,2894,2026-11-07,21
876,2894,2026-11-08,21
876,2894,2026-11-09,15
876,2894,2026-11-10,27
876,2894,2026-11-11,17
876,2894,2026-11-12,10
876,2894,2026-11-13,19
876,2894,2026-11-14,13
876,2894,2026-11-15,8
876,2894,2026-11-16,20
876,2894,2026-11-17,14
876,2894,2026-11-18,31
876,2894,2026-11-19,15
876,2894,2026-11-20,9
876,2894,2026-11-21,1
876,2894,2026-11-22,11
876,2894,2026-11-23,1
876,2894,2026-11-24,20
876,2894,2026-11-25,19
876,2894,2026-11-26,16
876,2895,2026-10-27,10
876,2895,2026-10-28,8
876,2895,2026-10-29,10
876,2895,2026-10-30,10
876,2895,2026-10-31,10
876,2895,2026-11-01,10
876,2895,2026-11-02,10
876,2895,2026-11-03,10
876,2895,2026-11-04,10
876,2895,2026-11-05,10
876,2895,2026-11-06,10
876,2895,2026-11-07,8
876,2895,2026-11-08,10
876,2895,2026-11-09,7
876,2895,2026-11-10,8
876,2895,2026-11-11,10
876,2895,2026-11-12,10
876,2895,2026-11-13,9
876,2895,2026-11-14,7
876,2895,2026-11-15,10
876,2895,2026-11-16,10
876,2895,2026-11-17,10
876,2895,2026-11-18,10
876,2895,2026-11-19,10
876,2895,2026-11-20,10
876,2895,2026-11-21,8
876,2895,2026-11-22,10
876,2895,2026-11-23,8
876,2895,2026-11-24,10
876,2895,2026-11-25,10
876,2895,2026-11-26,7
876,2896,2026-10-27,0
876,2896,2026-10-28,0
876,2896,2026-10-29,5
876,2896,2026-10-30,8
876,2896,2026-10-31,25
876,2896,2026-11-01,19
876,2896,2026-11-02,24
876,2896,2026-11-03,22
876,2896,2026-11-04,7
876,2896,2026-11-05,26
876,2896,2026-11-06,21
876,2896,2026-11-07,22
876,2896,2026-11-08,13
876,2896,2026-11-09,18
876,2896,2026-11-10,12
876,2896,2026-11-11,16
876,2896,2026-11-12,19
876,2896,2026-11-13,0
876,2896,2026-11-14,1
876,2896,2026-11-15,6
876,2896,2026-11-16,13
876,2896,2026-11-17,20
876,2896,2026-11-18,3
876,2896,2026-11-19,11
876,2896,2026-11-20,9
876,2896,2026-11-21,1
876,2896,2026-11-22,3
876,2896,2026-11-23,4
876,2896,2026-11-24,0
876,2896,2026-11-25,10
876,2896,2026-11-26,19
876,2897,2026-10-27,10
876,2897,2026-10-28,10
876,2897,2026-10-29,10
876,2897,2026-10-30,10
876,2897,2026-10-31,10
876,2897,2026-11-01,10
876,2897,2026-11-02,10
876,2897,2026-11-03,10
876,2897,2026-11-04,10
876,2897,2026-11-05,10
876,2897,2026-11-06,10
876,2897,2026-11-07,10
876,2897,2026-11-08,8
876,2897,2026-11-09,8
876,2897,2026-11-10,10
876,2897,2026-11-11,10
876,2897,2026-11-12,10
876,2897,2026-11-13,10
876,2897,2026-11-14,10
876,2897,2026-11-15,10
876,2897,2026-11-16,10
876,2897,2026-11-17,10
876,2897,2026-11-18,8
876,2897,2026-11-19,10
876,2897,2026-11-20,10
876,2897,2026-11-21,10
876,2897,2026-11-22,10
876,2897,2026-11-23,10
876,2897,2026-11-24,10
876,2897,2026-11-25,10
876,2897,2026-11-26,10
876,2898,2026-10-27,10
876,2898,2026-10-28,10
876,2898,2026-10-29,10
876,2898,2026-10-30,10
876,2898,2026-10-31,10
876,2898,2026-11-01,10
876,2898,2026-11-02,10
876,2898,2026-11-03,10
876,2898,2026-11-04,10
876,2898,2026-11-05,10
876,2898,2026-11-06,10
876,2898,2026-11-07,10
876,2898,2026-11-08,10
876,2898,2026-11-09,8
876,2898,2026-11-10,10
876,2898,2026-11-11,10
876,2898,2026-11-12,10
876,2898,2026-11-13,10
876,2898,2026-11-14,10
876,2898,2026-11-15,10
876,2898,2026-11-16,10
876,2898,2026-11-17,10
876,2898,2026-11-18,10
876,2898,2026-11-19,10
876,2898,2026-11-20,10
876,2898,2026-11-21,10
876,2898,2026-11-22,8
876,2898,2026-11-23,10
876,2898,2026-11-24,7
876,2898,2026-11-25,10
876,2898,2026-11-26,8
876,2899,2026-10-27,8
876,2899,2026-10-28,10
876,2899,2026-10-29,10
876,2899,2026-10-30,10
876,2899,2026-10-31,10
876,2899,2026-11-01,10
876,2899,2026-11-02,10
876,2899,2026-11-03,10
876,2899,2026-11-04,10
876,2899,2026-11-05,10
876,2899,2026-11-06,10
876,2899,2026-11-07,10
876,2899,2026-11-08,10
876,2899,2026-11-09,10
876,2899,2026-11-10,10
876,2899,2026-11-11,10
876,2899,2026-11-12,10
876,2899,2026-11-13,10
876,2899,2026-11-14,10
876,2899,2026-11-15,10
876,2899,2026-11-16,10
876,2899,2026-11-17,10
876,2899,2026-11-18,10
876,2899,2026-11-19,10
876,2899,2026-11-20,10
876,2899,2026-11-21,10
876,2899,2026-11-22,10
876,2899,2026-11-23,10
876,2899,2026-11-24,10
876,2899,2026-11-25,7
876,2899,2026-11-26,10
876,2900,2026-10-27,16
876,2900,2026-10-28,0
876,2900,2026-10-29,16
876,2900,2026-10-30,11
876,2900,2026-10-31,16
876,2900,2026-11-01,12
876,2900,2026-11-02,16
876,2900,2026-11-03,2
876,2900,2026-11-04,4
876,2900,2026-11-05,13
876,2900,2026-11-06,14
876,2900,2026-11-07,9
876,2900,2026-11-08,16
876,2900,2026-11-09,10
876,2900,2026-11-10,8
876,2900,2026-11-11,11
876,2900,2026-11-12,14
876,2900,2026-11-13,14
876,2900,2026-11-14,12
876,2900,2026-11-15,14
876,2900,2026-11-16,6
876,2900,2026-11-17,1
876,2900,2026-11-18,8
876,2900,2026-11-19,16
876,2900,2026-11-20,9
876,2900,2026-11-21,1
876,2900,2026-11-22,4
876,2900,2026-11-23,10
876,2900,2026-11-24,0
876,2900,2026-11-25,9
876,2900,2026-11-26,11
876,2901,2026-10-27,20
876,2901,2026-10-28,20
876,2901,2026-10-29,20
876,2901,2026-10-30,20
876,2901,2026-10-31,20
876,2901,2026-11-01,20
876,2901,2026-11-02,20
876,2901,2026-11-03,20
876,2901,2026-11-04,20
876,2901,2026-11-05,20
876,2901,2026-11-06,20
876,2901,2026-11-07,20
876,2901,2026-11-08,20
876,2901,2026-11-09,20
876,2901,2026-11-10,20
876,2901,2026-11-11,17
876,2901,2026-11-12,20
876,2901,2026-11-13,20
876,2901,2026-11-14,20
876,2901,2026-11-15,20
876,2901,2026-11-16,20
876,2901,2026-11-17,20
876,2901,2026-11-18,20
876,2901,2026-11-19,20
876,2901,2026-11-20,20
876,2901,2026-11-21,20
876,2901,2026-11-22,20
876,2901,2026-11-23,20
876,2901,2026-11-24,20
876,2901,2026-11-25,20
876,2901,2026-11-26,20
876,2902,2026-10-27,0
876,2902,2026-10-28,5
876,2902,2026-10-29,8
876,2902,2026-10-30,5
876,2902,2026-10-31,24
876,2902,2026-11-01,28
876,2902,2026-11-02,12
876,2902,2026-11-03,19
876,2902,2026-11-04,19
876,2902,2026-11-05,26
876,2902,2026-11-06,19
876,2902,2026-11-07,20
876,2902,2026-11-08,15
876,2902,2026-11-09,11
876,2902,2026-11-10,19
876,2902,2026-11-11,22
876,2902,2026-11-12,22
876,2902,2026-11-13,1
876,2902,2026-11-14,0
876,2902,2026-11-15,23
876,2902,2026-11-16,11
876,2902,2026-11-17,14
876,2902,2026-11-18,19
876,2902,2026-11-19,1
876,2902,2026-11-20,12
876,2902,2026-11-21,6
876,2902,2026-11-22,12
876,2902,2026-11-23,3
876,2902,2026-11-24,16
876,2902,2026-11-25,2
876,2902,2026-11-26,9
876,2888,2026-11-26,10
876,2888,2026-11-27,10
876,2888,2026-11-28,10
876,2888,2026-11-29,10
876,2888,2026-11-30,10
876,2888,2026-12-01,10
876,2888,2026-12-02,10
876,2888,2026-12-03,10
876,2888,2026-12-04,10
876,2888,2026-12-05,10
876,2888,2026-12-06,10
876,2888,2026-12-07,10
876,2888,2026-12-08,10
876,2888,2026-12-09,4
876,2888,2026-12-10,10
876,2888,2026-12-11,10
876,2888,2026-12-12,10
876,2888,2026-12-13,10
876,2888,2026-12-14,10
876,2888,2026-12-15,10
876,2888,2026-12-16,10
876,2888,2026-12-17,10
876,2888,2026-12-18,10
876,2888,2026-12-19,10
876,2888,2026-12-20,10
876,2888,2026-12-21,10
876,2888,2026-12-22,10
876,2888,2026-12-23,10
876,2888,2026-12-24,10
876,2888,2026-12-25,10
876,2888,2026-12-26,10
876,2889,2026-11-26,20
876,2889,2026-11-27,20
876,2889,2026-11-28,20
876,2889,2026-11-29,20
876,2889,2026-11-30,20
876,2889,2026-12-01,20
876,2889,2026-12-02,20
876,2889,2026-12-03,20
876,2889,2026-12-04,20
876,2889,2026-12-05,20
876,2889,2026-12-06,20
876,2889,2026-12-07,20
876,2889,2026-12-08,20
876,2889,2026-12-09,20
876,2889,2026-12-10,18
876,2889,2026-12-11,20
876,2889,2026-12-12,20
876,2889,2026-12-13,20
876,2889,2026-12-14,20
876,2889,2026-12-15,20
876,2889,2026-12-16,20
876,2889,2026-12-17,20
876,2889,2026-12-18,20
876,2889,2026-12-19,20
876,2889,2026-12-20,20
876,2889,2026-12-21,20
876,2889,2026-12-22,20
876,2889,2026-12-23,20
876,2889,2026-12-24,20
876,2889,2026-12-25,20
876,2889,2026-12-26,20
876,2890,2026-11-26,12
876,2890,2026-11-27,16
876,2890,2026-11-28,16
876,2890,2026-11-29,8
876,2890,2026-11-30,16
876,2890,2026-12-01,16
876,2890,2026-12-02,15
876,2890,2026-12-03,13
876,2890,2026-12-04,10
876,2890,2026-12-05,15
876,2890,2026-12-06,6
876,2890,2026-12-07,15
876,2890,2026-12-08,16
876,2890,2026-12-09,16
876,2890,2026-12-10,15
876,2890,2026-12-11,16
876,2890,2026-12-12,16
876,2890,2026-12-13,15
876,2890,2026-12-14,13
876,2890,2026-12-15,15
876,2890,2026-12-16,16
876,2890,2026-12-17,10
876,2890,2026-12-18,8
876,2890,2026-12-19,8
876,2890,2026-12-20,14
876,2890,2026-12-21,16
876,2890,2026-12-22,16
876,2890,2026-12-23,12
876,2890,2026-12-24,12
876,2890,2026-12-25,13
876,2890,2026-12-26,16
876,2891,2026-11-26,10
876,2891,2026-11-27,10
876,2891,2026-11-28,10
876,2891,2026-11-29,10
876,2891,2026-11-30,10
876,2891,2026-12-01,10
876,2891,2026-12-02,10
876,2891,2026-12-03,10
876,2891,2026-12-04,10
876,2891,2026-12-05,10
876,2891,2026-12-06,10
876,2891,2026-12-07,10
876,2891,2026-12-08,4
876,2891,2026-12-09,10
876,2891,2026-12-10,9
876,2891,2026-12-11,10
876,2891,2026-12-12,10
876,2891,2026-12-13,10
876,2891,2026-12-14,10
876,2891,2026-12-15,10
876,2891,2026-12-16,10
876,2891,2026-12-17,10
876,2891,2026-12-18,9
876,2891,2026-12-19,4
876,2891,2026-12-20,10
876,2891,2026-12-21,10
876,2891,2026-12-22,10
876,2891,2026-12-23,10
876,2891,2026-12-24,10
876,2891,2026-12-25,10
876,2891,2026-12-26,10
876,2892,2026-11-26,5
876,2892,2026-11-27,8
876,2892,2026-11-28,8
876,2892,2026-11-29,8
876,2892,2026-11-30,8
876,2892,2026-12-01,8
876,2892,2026-12-02,8
876,2892,2026-12-03,7
876,2892,2026-12-04,8
876,2892,2026-12-05,8
876,2892,2026-12-06,8
876,2892,2026-12-07,8
876,2892,2026-12-08,8
876,2892,2026-12-09,8
876,2892,2026-12-10,8
876,2892,2026-12-11,8
876,2892,2026-12-12,8
876,2892,2026-12-13,8
876,2892,2026-12-14,8
876,2892,2026-12-15,8
876,2892,2026-12-16,1
876,2892,2026-12-17,5
876,2892,2026-12-18,8
876,2892,2026-12-19,8
876,2892,2026-12-20,3
876,2892,2026-12-21,8
876,2892,2026-12-22,6
876,2892,2026-12-23,8
876,2892,2026-12-24,8
876,2892,2026-12-25,8
876,2892,2026-12-26,8
876,2893,2026-11-26,40
876,2893,2026-11-27,40
876,2893,2026-11-28,40
876,2893,2026-11-29,40
876,2893,2026-11-30,40
876,2893,2026-12-01,40
876,2893,2026-12-02,40
876,2893,2026-12-03,40
876,2893,2026-12-04,40
876,2893,2026-12-05,40
876,2893,2026-12-06,32
876,2893,2026-12-07,38
876,2893,2026-12-08,40
876,2893,2026-12-09,40
876,2893,2026-12-10,40
876,2893,2026-12-11,39
876,2893,2026-12-12,38
876,2893,2026-12-13,38
876,2893,2026-12-14,36
876,2893,2026-12-15,40
876,2893,2026-12-16,39
876,2893,2026-12-17,38
876,2893,2026-12-18,39
876,2893,2026-12-19,40
876,2893,2026-12-20,40
876,2893,2026-12-21,39
876,2893,2026-12-22,40
876,2893,2026-12-23,40
876,2893,2026-12-24,38
876,2893,2026-12-25,40
876,2893,2026-12-26,40
876,2894,2026-11-26,16
876,2894,2026-11-27,22
876,2894,2026-11-28,16
876,2894,2026-11-29,0
876,2894,2026-11-30,13
876,2894,2026-12-01,20
876,2894,2026-12-02,3
876,2894,2026-12-03,13
876,2894,2026-12-04,7
876,2894,2026-12-05,5
876,2894,2026-12-06,17
876,2894,2026-12-07,3
876,2894,2026-12-08,4
876,2894,2026-12-09,14
876,2894,2026-12-10,4
876,2894,2026-12-11,11
876,2894,2026-12-12,21
876,2894,2026-12-13,15
876,2894,2026-12-14,2
876,2894,2026-12-15,5
876,2894,2026-12-16,2
876,2894,2026-12-17,8
876,2894,2026-12-18,9
876,2894,2026-12-19,15
876,2894,2026-12-20,8
876,2894,2026-12-21,1
876,2894,2026-12-22,12
876,2894,2026-12-23,30
876,2894,2026-12-24,26
876,2894,2026-12-25,31
876,2894,2026-12-26,15
876,2895,2026-11-26,7
876,2895,2026-11-27,8
876,2895,2026-11-28,10
876,2895,2026-11-29,10
876,2895,2026-11-30,10
876,2895,2026-12-01,7
876,2895,2026-12-02,10
876,2895,2026-12-03,10
876,2895,2026-12-04,10
876,2895,2026-12-05,8
876,2895,2026-12-06,1
876,2895,2026-12-07,4
876,2895,2026-12-08,8
876,2895,2026-12-09,10
876,2895,2026-12-10,10
876,2895,2026-12-11,8
876,2895,2026-12-12,8
876,2895,2026-12-13,6
876,2895,2026-12-14,10
876,2895,2026-12-15,10
876,2895,2026-12-16,6
876,2895,2026-12-17,9
876,2895,2026-12-18,10
876,2895,2026-12-19,10
876,2895,2026-12-20,8
876,2895,2026-12-21,10
876,2895,2026-12-22,10
876,2895,2026-12-23,10
876,2895,2026-12-24,10
876,2895,2026-12-25,8
876,2895,2026-12-26,10
876,2896,2026-11-26,19
876,2896,2026-11-27,12
876,2896,2026-11-28,2
876,2896,2026-11-29,1
876,2896,2026-11-30,14
876,2896,2026-12-01,0
876,2896,2026-12-02,7
876,2896,2026-12-03,5
876,2896,2026-12-04,16
876,2896,2026-12-05,7
876,2896,2026-12-06,0
876,2896,2026-12-07,0
876,2896,2026-12-08,10
876,2896,2026-12-09,13
876,2896,2026-12-10,11
876,2896,2026-12-11,21
876,2896,2026-12-12,7
876,2896,2026-12-13,3
876,2896,2026-12-14,17
876,2896,2026-12-15,2
876,2896,2026-12-16,3
876,2896,2026-12-17,13
876,2896,2026-12-18,11
876,2896,2026-12-19,2
876,2896,2026-12-20,6
876,2896,2026-12-21,0
876,2896,2026-12-22,11
876,2896,2026-12-23,24
876,2896,2026-12-24,27
876,2896,2026-12-25,15
876,2896,2026-12-26,12
876,2897,2026-11-26,10
876,2897,2026-11-27,10
876,2897,2026-11-28,10
876,2897,2026-11-29,10
876,2897,2026-11-30,10
876,2897,2026-12-01,10
876,2897,2026-12-02,10
876,2897,2026-12-03,10
876,2897,2026-12-04,10
876,2897,2026-12-05,10
876,2897,2026-12-06,10
876,2897,2026-12-07,10
876,2897,2026-12-08,8
876,2897,2026-12-09,10
876,2897,2026-12-10,10
876,2897,2026-12-11,10
876,2897,2026-12-12,10
876,2897,2026-12-13,10
876,2897,2026-12-14,10
876,2897,2026-12-15,10
876,2897,2026-12-16,10
876,2897,2026-12-17,10
876,2897,2026-12-18,10
876,2897,2026-12-19,10
876,2897,2026-12-20,10
876,2897,2026-12-21,9
876,2897,2026-12-22,10
876,2897,2026-12-23,10
876,2897,2026-12-24,10
876,2897,2026-12-25,10
876,2897,2026-12-26,9
876,2898,2026-11-26,8
876,2898,2026-11-27,10
876,2898,2026-11-28,10
876,2898,2026-11-29,10
876,2898,2026-11-30,10
876,2898,2026-12-01,10
876,2898,2026-12-02,10
876,2898,2026-12-03,8
876,2898,2026-12-04,10
876,2898,2026-12-05,7
876,2898,2026-12-06,10
876,2898,2026-12-07,0
876,2898,2026-12-08,10
876,2898,2026-12-09,8
876,2898,2026-12-10,8
876,2898,2026-12-11,8
876,2898,2026-12-12,10
876,2898,2026-12-13,10
876,2898,2026-12-14,10
876,2898,2026-12-15,8
876,2898,2026-12-16,10
876,2898,2026-12-17,3
876,2898,2026-12-18,10
876,2898,2026-12-19,9
876,2898,2026-12-20,10
876,2898,2026-12-21,10
876,2898,2026-12-22,8
876,2898,2026-12-23,10
876,2898,2026-12-24,10
876,2898,2026-12-25,10
876,2898,2026-12-26,8
876,2899,2026-11-26,10
876,2899,2026-11-27,8
876,2899,2026-11-28,10
876,2899,2026-11-29,10
876,2899,2026-11-30,10
876,2899,2026-12-01,10
876,2899,2026-12-02,10
876,2899,2026-12-03,10
876,2899,2026-12-04,8
876,2899,2026-12-05,10
876,2899,2026-12-06,8
876,2899,2026-12-07,10
876,2899,2026-12-08,10
876,2899,2026-12-09,10
876,2899,2026-12-10,10
876,2899,2026-12-11,10
876,2899,2026-12-12,9
876,2899,2026-12-13,10
876,2899,2026-12-14,9
876,2899,2026-12-15,10
876,2899,2026-12-16,10
876,2899,2026-12-17,10
876,2899,2026-12-18,10
876,2899,2026-12-19,10
876,2899,2026-12-20,10
876,2899,2026-12-21,10
876,2899,2026-12-22,10
876,2899,2026-12-23,10
876,2899,2026-12-24,10
876,2899,2026-12-25,10
876,2899,2026-12-26,10
876,2900,2026-11-26,11
876,2900,2026-11-27,3
876,2900,2026-11-28,1
876,2900,2026-11-29,14
876,2900,2026-11-30,0
876,2900,2026-12-01,0
876,2900,2026-12-02,6
876,2900,2026-12-03,14
876,2900,2026-12-04,13
876,2900,2026-12-05,12
876,2900,2026-12-06,0
876,2900,2026-12-07,13
876,2900,2026-12-08,8
876,2900,2026-12-09,4
876,2900,2026-12-10,16
876,2900,2026-12-11,12
876,2900,2026-12-12,1
876,2900,2026-12-13,5
876,2900,2026-12-14,2
876,2900,2026-12-15,7
876,2900,2026-12-16,5
876,2900,2026-12-17,8
876,2900,2026-12-18,8
876,2900,2026-12-19,5
876,2900,2026-12-20,7
876,2900,2026-12-21,3
876,2900,2026-12-22,14
876,2900,2026-12-23,13
876,2900,2026-12-24,13
876,2900,2026-12-25,6
876,2900,2026-12-26,12
876,2901,2026-11-26,20
876,2901,2026-11-27,20
876,2901,2026-11-28,20
876,2901,2026-11-29,17
876,2901,2026-11-30,20
876,2901,2026-12-01,20
876,2901,2026-12-02,20
876,2901,2026-12-03,20
876,2901,2026-12-04,20
876,2901,2026-12-05,20
876,2901,2026-12-06,20
876,2901,2026-12-07,18
876,2901,2026-12-08,20
876,2901,2026-12-09,20
876,2901,2026-12-10,20
876,2901,2026-12-11,19
876,2901,2026-12-12,20
876,2901,2026-12-13,20
876,2901,2026-12-14,20
876,2901,2026-12-15,20
876,2901,2026-12-16,20
876,2901,2026-12-17,20
876,2901,2026-12-18,20
876,2901,2026-12-19,20
876,2901,2026-12-20,5
876,2901,2026-12-21,20
876,2901,2026-12-22,20
876,2901,2026-12-23,20
876,2901,2026-12-24,20
876,2901,2026-12-25,20
876,2901,2026-12-26,20
876,2902,2026-11-26,9
876,2902,2026-11-27,4
876,2902,2026-11-28,16
876,2902,2026-11-29,4
876,2902,2026-11-30,4
876,2902,2026-12-01,12
876,2902,2026-12-02,12
876,2902,2026-12-03,15
876,2902,2026-12-04,11
876,2902,2026-12-05,0
876,2902,2026-12-06,0
876,2902,2026-12-07,0
876,2902,2026-12-08,8
876,2902,2026-12-09,13
876,2902,2026-12-10,20
876,2902,2026-12-11,0
876,2902,2026-12-12,6
876,2902,2026-12-13,2
876,2902,2026-12-14,5
876,2902,2026-12-15,15
876,2902,2026-12-16,25
876,2902,2026-12-17,17
876,2902,2026-12-18,5
876,2902,2026-12-19,9
876,2902,2026-12-20,0
876,2902,2026-12-21,22
876,2902,2026-12-22,2
876,2902,2026-12-23,10
876,2902,2026-12-24,8
876,2902,2026-12-25,18
876,2902,2026-12-26,11
876,2888,2027-02-24,10
876,2888,2027-02-25,10
876,2888,2027-02-26,10
876,2888,2027-02-27,9
876,2888,2027-02-28,10
876,2888,2027-03-01,10
876,2888,2027-03-02,10
876,2888,2027-03-03,10
876,2888,2027-03-04,10
876,2888,2027-03-05,10
876,2888,2027-03-06,10
876,2888,2027-03-07,10
876,2888,2027-03-08,10
876,2888,2027-03-09,10
876,2888,2027-03-10,10
876,2888,2027-03-11,10
876,2888,2027-03-12,10
876,2888,2027-03-13,8
876,2888,2027-03-14,10
876,2888,2027-03-15,10
876,2888,2027-03-16,10
876,2888,2027-03-17,10
876,2888,2027-03-18,10
876,2888,2027-03-19,10
876,2888,2027-03-20,10
876,2888,2027-03-21,10
876,2888,2027-03-22,10
876,2888,2027-03-23,10
876,2888,2027-03-24,10
876,2888,2027-03-25,10
876,2888,2027-03-26,10
876,2889,2027-02-24,20
876,2889,2027-02-25,20
876,2889,2027-02-26,20
876,2889,2027-02-27,20
876,2889,2027-02-28,20
876,2889,2027-03-01,20
876,2889,2027-03-02,20
876,2889,2027-03-03,20
876,2889,2027-03-04,20
876,2889,2027-03-05,20
876,2889,2027-03-06,20
876,2889,2027-03-07,19
876,2889,2027-03-08,20
876,2889,2027-03-09,20
876,2889,2027-03-10,20
876,2889,2027-03-11,20
876,2889,2027-03-12,20
876,2889,2027-03-13,20
876,2889,2027-03-14,20
876,2889,2027-03-15,20
876,2889,2027-03-16,20
876,2889,2027-03-17,17
876,2889,2027-03-18,20
876,2889,2027-03-19,20
876,2889,2027-03-20,20
876,2889,2027-03-21,20
876,2889,2027-03-22,20
876,2889,2027-03-23,20
876,2889,2027-03-24,20
876,2889,2027-03-25,20
876,2889,2027-03-26,20
876,2890,2027-02-24,16
876,2890,2027-02-25,14
876,2890,2027-02-26,9
876,2890,2027-02-27,16
876,2890,2027-02-28,16
876,2890,2027-03-01,14
876,2890,2027-03-02,16
876,2890,2027-03-03,13
876,2890,2027-03-04,6
876,2890,2027-03-05,10
876,2890,2027-03-06,16
876,2890,2027-03-07,16
876,2890,2027-03-08,16
876,2890,2027-03-09,14
876,2890,2027-03-10,15
876,2890,2027-03-11,14
876,2890,2027-03-12,8
876,2890,2027-03-13,13
876,2890,2027-03-14,11
876,2890,2027-03-15,16
876,2890,2027-03-16,16
876,2890,2027-03-17,14
876,2890,2027-03-18,16
876,2890,2027-03-19,14
876,2890,2027-03-20,16
876,2890,2027-03-21,16
876,2890,2027-03-22,7
876,2890,2027-03-23,16
876,2890,2027-03-24,16
876,2890,2027-03-25,12
876,2890,2027-03-26,10
876,2891,2027-02-24,10
876,2891,2027-02-25,10
876,2891,2027-02-26,10
876,2891,2027-02-27,10
876,2891,2027-02-28,9
876,2891,2027-03-01,10
876,2891,2027-03-02,10
876,2891,2027-03-03,10
876,2891,2027-03-04,10
876,2891,2027-03-05,10
876,2891,2027-03-06,10
876,2891,2027-03-07,10
876,2891,2027-03-08,10
876,2891,2027-03-09,10
876,2891,2027-03-10,10
876,2891,2027-03-11,10
876,2891,2027-03-12,10
876,2891,2027-03-13,10
876,2891,2027-03-14,10
876,2891,2027-03-15,10
876,2891,2027-03-16,10
876,2891,2027-03-17,10
876,2891,2027-03-18,10
876,2891,2027-03-19,10
876,2891,2027-03-20,10
876,2891,2027-03-21,10
876,2891,2027-03-22,10
876,2891,2027-03-23,10
876,2891,2027-03-24,10
876,2891,2027-03-25,10
876,2891,2027-03-26,10
876,2892,2027-02-24,5
876,2892,2027-02-25,0
876,2892,2027-02-26,8
876,2892,2027-02-27,6
876,2892,2027-02-28,5
876,2892,2027-03-01,8
876,2892,2027-03-02,4
876,2892,2027-03-03,8
876,2892,2027-03-04,8
876,2892,2027-03-05,8
876,2892,2027-03-06,8
876,2892,2027-03-07,8
876,2892,2027-03-08,8
876,2892,2027-03-09,3
876,2892,2027-03-10,8
876,2892,2027-03-11,6
876,2892,2027-03-12,8
876,2892,2027-03-13,6
876,2892,2027-03-14,6
876,2892,2027-03-15,8
876,2892,2027-03-16,8
876,2892,2027-03-17,8
876,2892,2027-03-18,8
876,2892,2027-03-19,8
876,2892,2027-03-20,8
876,2892,2027-03-21,8
876,2892,2027-03-22,8
876,2892,2027-03-23,8
876,2892,2027-03-24,8
876,2892,2027-03-25,8
876,2892,2027-03-26,8
876,2893,2027-02-24,40
876,2893,2027-02-25,36
876,2893,2027-02-26,40
876,2893,2027-02-27,40
876,2893,2027-02-28,36
876,2893,2027-03-01,40
876,2893,2027-03-02,40
876,2893,2027-03-03,40
876,2893,2027-03-04,39
876,2893,2027-03-05,40
876,2893,2027-03-06,40
876,2893,2027-03-07,40
876,2893,2027-03-08,40
876,2893,2027-03-09,40
876,2893,2027-03-10,38
876,2893,2027-03-11,40
876,2893,2027-03-12,40
876,2893,2027-03-13,40
876,2893,2027-03-14,37
876,2893,2027-03-15,37
876,2893,2027-03-16,40
876,2893,2027-03-17,40
876,2893,2027-03-18,40
876,2893,2027-03-19,40
876,2893,2027-03-20,40
876,2893,2027-03-21,40
876,2893,2027-03-22,40
876,2893,2027-03-23,40
876,2893,2027-03-24,40
876,2893,2027-03-25,40
876,2893,2027-03-26,36
876,2894,2027-02-24,15
876,2894,2027-02-25,5
876,2894,2027-02-26,1
876,2894,2027-02-27,5
876,2894,2027-02-28,12
876,2894,2027-03-01,3
876,2894,2027-03-02,7
876,2894,2027-03-03,2
876,2894,2027-03-04,4
876,2894,2027-03-05,5
876,2894,2027-03-06,1
876,2894,2027-03-07,2
876,2894,2027-03-08,1
876,2894,2027-03-09,7
876,2894,2027-03-10,7
876,2894,2027-03-11,6
876,2894,2027-03-12,0
876,2894,2027-03-13,4
876,2894,2027-03-14,8
876,2894,2027-03-15,2
876,2894,2027-03-16,5
876,2894,2027-03-17,10
876,2894,2027-03-18,4
876,2894,2027-03-19,0
876,2894,2027-03-20,1
876,2894,2027-03-21,7
876,2894,2027-03-22,1
876,2894,2027-03-23,0
876,2894,2027-03-24,9
876,2894,2027-03-25,1
876,2894,2027-03-26,1
876,2895,2027-02-24,4
876,2895,2027-02-25,10
876,2895,2027-02-26,10
876,2895,2027-02-27,6
876,2895,2027-02-28,10
876,2895,2027-03-01,10
876,2895,2027-03-02,9
876,2895,2027-03-03,10
876,2895,2027-03-04,10
876,2895,2027-03-05,6
876,2895,2027-03-06,10
876,2895,2027-03-07,10
876,2895,2027-03-08,8
876,2895,2027-03-09,8
876,2895,2027-03-10,7
876,2895,2027-03-11,10
876,2895,2027-03-12,10
876,2895,2027-03-13,10
876,2895,2027-03-14,8
876,2895,2027-03-15,9
876,2895,2027-03-16,10
876,2895,2027-03-17,10
876,2895,2027-03-18,10
876,2895,2027-03-19,10
876,2895,2027-03-20,9
876,2895,2027-03-21,10
876,2895,2027-03-22,10
876,2895,2027-03-23,8
876,2895,2027-03-24,10
876,2895,2027-03-25,10
876,2895,2027-03-26,2
876,2896,2027-02-24,0
876,2896,2027-02-25,3
876,2896,2027-02-26,1
876,2896,2027-02-27,5
876,2896,2027-02-28,5
876,2896,2027-03-01,0
876,2896,2027-03-02,0
876,2896,2027-03-03,0
876,2896,2027-03-04,0
876,2896,2027-03-05,0
876,2896,2027-03-06,4
876,2896,2027-03-07,0
876,2896,2027-03-08,0
876,2896,2027-03-09,9
876,2896,2027-03-10,1
876,2896,2027-03-11,0
876,2896,2027-03-12,0
876,2896,2027-03-13,0
876,2896,2027-03-14,0
876,2896,2027-03-15,2
876,2896,2027-03-16,3
876,2896,2027-03-17,0
876,2896,2027-03-18,2
876,2896,2027-03-19,1
876,2896,2027-03-20,0
876,2896,2027-03-21,7
876,2896,2027-03-22,1
876,2896,2027-03-23,0
876,2896,2027-03-24,3
876,2896,2027-03-25,5
876,2896,2027-03-26,1
876,2897,2027-02-24,10
876,2897,2027-02-25,10
876,2897,2027-02-26,10
876,2897,2027-02-27,10
876,2897,2027-02-28,10
876,2897,2027-03-01,10
876,2897,2027-03-02,10
876,2897,2027-03-03,10
876,2897,2027-03-04,10
876,2897,2027-03-05,10
876,2897,2027-03-06,10
876,2897,2027-03-07,10
876,2897,2027-03-08,10
876,2897,2027-03-09,10
876,2897,2027-03-10,10
876,2897,2027-03-11,10
876,2897,2027-03-12,10
876,2897,2027-03-13,10
876,2897,2027-03-14,10
876,2897,2027-03-15,10
876,2897,2027-03-16,10
876,2897,2027-03-17,10
876,2897,2027-03-18,10
876,2897,2027-03-19,10
876,2897,2027-03-20,10
876,2897,2027-03-21,10
876,2897,2027-03-22,10
876,2897,2027-03-23,10
876,2897,2027-03-24,10
876,2897,2027-03-25,10
876,2897,2027-03-26,10
876,2898,2027-02-24,10
876,2898,2027-02-25,10
876,2898,2027-02-26,6
876,2898,2027-02-27,10
876,2898,2027-02-28,10
876,2898,2027-03-01,10
876,2898,2027-03-02,10
876,2898,2027-03-03,10
876,2898,2027-03-04,10
876,2898,2027-03-05,10
876,2898,2027-03-06,9
876,2898,2027-03-07,10
876,2898,2027-03-08,10
876,2898,2027-03-09,10
876,2898,2027-03-10,10
876,2898,2027-03-11,10
876,2898,2027-03-12,4
876,2898,2027-03-13,8
876,2898,2027-03-14,8
876,2898,2027-03-15,10
876,2898,2027-03-16,7
876,2898,2027-03-17,10
876,2898,2027-03-18,10
876,2898,2027-03-19,10
876,2898,2027-03-20,10
876,2898,2027-03-21,10
876,2898,2027-03-22,10
876,2898,2027-03-23,10
876,2898,2027-03-24,10
876,2898,2027-03-25,6
876,2898,2027-03-26,5
876,2899,2027-02-24,10
876,2899,2027-02-25,10
876,2899,2027-02-26,10
876,2899,2027-02-27,10
876,2899,2027-02-28,10
876,2899,2027-03-01,9
876,2899,2027-03-02,10
876,2899,2027-03-03,10
876,2899,2027-03-04,10
876,2899,2027-03-05,10
876,2899,2027-03-06,10
876,2899,2027-03-07,10
876,2899,2027-03-08,10
876,2899,2027-03-09,8
876,2899,2027-03-10,10
876,2899,2027-03-11,10
876,2899,2027-03-12,10
876,2899,2027-03-13,10
876,2899,2027-03-14,10
876,2899,2027-03-15,8
876,2899,2027-03-16,10
876,2899,2027-03-17,10
876,2899,2027-03-18,10
876,2899,2027-03-19,10
876,2899,2027-03-20,10
876,2899,2027-03-21,10
876,2899,2027-03-22,10
876,2899,2027-03-23,10
876,2899,2027-03-24,10
876,2899,2027-03-25,10
876,2899,2027-03-26,10
876,2900,2027-02-24,2
876,2900,2027-02-25,11
876,2900,2027-02-26,14
876,2900,2027-02-27,7
876,2900,2027-02-28,4
876,2900,2027-03-01,5
876,2900,2027-03-02,0
876,2900,2027-03-03,2
876,2900,2027-03-04,4
876,2900,2027-03-05,9
876,2900,2027-03-06,6
876,2900,2027-03-07,12
876,2900,2027-03-08,8
876,2900,2027-03-09,0
876,2900,2027-03-10,1
876,2900,2027-03-11,8
876,2900,2027-03-12,7
876,2900,2027-03-13,2
876,2900,2027-03-14,6
876,2900,2027-03-15,7
876,2900,2027-03-16,5
876,2900,2027-03-17,1
876,2900,2027-03-18,1
876,2900,2027-03-19,12
876,2900,2027-03-20,16
876,2900,2027-03-21,8
876,2900,2027-03-22,13
876,2900,2027-03-23,11
876,2900,2027-03-24,2
876,2900,2027-03-25,14
876,2900,2027-03-26,14
876,2901,2027-02-24,20
876,2901,2027-02-25,20
876,2901,2027-02-26,18
876,2901,2027-02-27,20
876,2901,2027-02-28,20
876,2901,2027-03-01,20
876,2901,2027-03-02,20
876,2901,2027-03-03,20
876,2901,2027-03-04,20
876,2901,2027-03-05,20
876,2901,2027-03-06,20
876,2901,2027-03-07,20
876,2901,2027-03-08,20
876,2901,2027-03-09,20
876,2901,2027-03-10,20
876,2901,2027-03-11,20
876,2901,2027-03-12,20
876,2901,2027-03-13,17
876,2901,2027-03-14,20
876,2901,2027-03-15,20
876,2901,2027-03-16,20
876,2901,2027-03-17,20
876,2901,2027-03-18,20
876,2901,2027-03-19,20
876,2901,2027-03-20,20
876,2901,2027-03-21,20
876,2901,2027-03-22,20
876,2901,2027-03-23,20
876,2901,2027-03-24,20
876,2901,2027-03-25,20
876,2901,2027-03-26,20
876,2902,2027-02-24,0
876,2902,2027-02-25,0
876,2902,2027-02-26,0
876,2902,2027-02-27,1
876,2902,2027-02-28,1
876,2902,2027-03-01,0
876,2902,2027-03-02,9
876,2902,2027-03-03,1
876,2902,2027-03-04,1
876,2902,2027-03-05,0
876,2902,2027-03-06,5
876,2902,2027-03-07,0
876,2902,2027-03-08,0
876,2902,2027-03-09,2
876,2902,2027-03-10,3
876,2902,2027-03-11,4
876,2902,2027-03-12,0
876,2902,2027-03-13,0
876,2902,2027-03-14,2
876,2902,2027-03-15,1
876,2902,2027-03-16,1
876,2902,2027-03-17,3
876,2902,2027-03-18,11
876,2902,2027-03-19,1
876,2902,2027-03-20,3
876,2902,2027-03-21,0
876,2902,2027-03-22,4
876,2902,2027-03-23,2
876,2902,2027-03-24,3
876,2902,2027-03-25,3
876,2902,2027-03-26,0
876,2888,2027-01-25,10
876,2888,2027-01-26,10
876,2888,2027-01-27,10
876,2888,2027-01-28,10
876,2888,2027-01-29,10
876,2888,2027-01-30,10
876,2888,2027-01-31,10
876,2888,2027-02-01,10
876,2888,2027-02-02,10
876,2888,2027-02-03,10
876,2888,2027-02-04,10
876,2888,2027-02-05,10
876,2888,2027-02-06,10
876,2888,2027-02-07,10
876,2888,2027-02-08,10
876,2888,2027-02-09,10
876,2888,2027-02-10,10
876,2888,2027-02-11,10
876,2888,2027-02-12,10
876,2888,2027-02-13,10
876,2888,2027-02-14,10
876,2888,2027-02-15,10
876,2888,2027-02-16,10
876,2888,2027-02-17,10
876,2888,2027-02-18,10
876,2888,2027-02-19,10
876,2888,2027-02-20,10
876,2888,2027-02-21,10
876,2888,2027-02-22,10
876,2888,2027-02-23,10
876,2888,2027-02-24,10
876,2889,2027-01-25,20
876,2889,2027-01-26,20
876,2889,2027-01-27,20
876,2889,2027-01-28,20
876,2889,2027-01-29,20
876,2889,2027-01-30,20
876,2889,2027-01-31,20
876,2889,2027-02-01,20
876,2889,2027-02-02,20
876,2889,2027-02-03,20
876,2889,2027-02-04,20
876,2889,2027-02-05,20
876,2889,2027-02-06,20
876,2889,2027-02-07,20
876,2889,2027-02-08,16
876,2889,2027-02-09,20
876,2889,2027-02-10,19
876,2889,2027-02-11,20
876,2889,2027-02-12,20
876,2889,2027-02-13,20
876,2889,2027-02-14,20
876,2889,2027-02-15,20
876,2889,2027-02-16,20
876,2889,2027-02-17,20
876,2889,2027-02-18,20
876,2889,2027-02-19,20
876,2889,2027-02-20,20
876,2889,2027-02-21,20
876,2889,2027-02-22,20
876,2889,2027-02-23,20
876,2889,2027-02-24,20
876,2890,2027-01-25,16
876,2890,2027-01-26,16
876,2890,2027-01-27,12
876,2890,2027-01-28,15
876,2890,2027-01-29,16
876,2890,2027-01-30,16
876,2890,2027-01-31,16
876,2890,2027-02-01,11
876,2890,2027-02-02,16
876,2890,2027-02-03,16
876,2890,2027-02-04,16
876,2890,2027-02-05,13
876,2890,2027-02-06,8
876,2890,2027-02-07,13
876,2890,2027-02-08,15
876,2890,2027-02-09,16
876,2890,2027-02-10,16
876,2890,2027-02-11,14
876,2890,2027-02-12,13
876,2890,2027-02-13,12
876,2890,2027-02-14,11
876,2890,2027-02-15,10
876,2890,2027-02-16,15
876,2890,2027-02-17,12
876,2890,2027-02-18,14
876,2890,2027-02-19,6
876,2890,2027-02-20,11
876,2890,2027-02-21,11
876,2890,2027-02-22,14
876,2890,2027-02-23,12
876,2890,2027-02-24,16
876,2891,2027-01-25,10
876,2891,2027-01-26,10
876,2891,2027-01-27,10
876,2891,2027-01-28,10
876,2891,2027-01-29,10
876,2891,2027-01-30,10
876,2891,2027-01-31,10
876,2891,2027-02-01,10
876,2891,2027-02-02,10
876,2891,2027-02-03,10
876,2891,2027-02-04,10
876,2891,2027-02-05,10
876,2891,2027-02-06,10
876,2891,2027-02-07,10
876,2891,2027-02-08,10
876,2891,2027-02-09,8
876,2891,2027-02-10,10
876,2891,2027-02-11,9
876,2891,2027-02-12,10
876,2891,2027-02-13,10
876,2891,2027-02-14,10
876,2891,2027-02-15,10
876,2891,2027-02-16,10
876,2891,2027-02-17,10
876,2891,2027-02-18,10
876,2891,2027-02-19,10
876,2891,2027-02-20,10
876,2891,2027-02-21,10
876,2891,2027-02-22,10
876,2891,2027-02-23,10
876,2891,2027-02-24,10
876,2892,2027-01-25,8
876,2892,2027-01-26,8
876,2892,2027-01-27,8
876,2892,2027-01-28,8
876,2892,2027-01-29,8
876,2892,2027-01-30,8
876,2892,2027-01-31,8
876,2892,2027-02-01,8
876,2892,2027-02-02,7
876,2892,2027-02-03,6
876,2892,2027-02-04,8
876,2892,2027-02-05,8
876,2892,2027-02-06,8
876,2892,2027-02-07,6
876,2892,2027-02-08,8
876,2892,2027-02-09,6
876,2892,2027-02-10,8
876,2892,2027-02-11,4
876,2892,2027-02-12,8
876,2892,2027-02-13,2
876,2892,2027-02-14,8
876,2892,2027-02-15,8
876,2892,2027-02-16,4
876,2892,2027-02-17,6
876,2892,2027-02-18,8
876,2892,2027-02-19,8
876,2892,2027-02-20,5
876,2892,2027-02-21,1
876,2892,2027-02-22,8
876,2892,2027-02-23,2
876,2892,2027-02-24,5
876,2893,2027-01-25,40
876,2893,2027-01-26,40
876,2893,2027-01-27,34
876,2893,2027-01-28,36
876,2893,2027-01-29,40
876,2893,2027-01-30,38
876,2893,2027-01-31,40
876,2893,2027-02-01,40
876,2893,2027-02-02,36
876,2893,2027-02-03,40
876,2893,2027-02-04,37
876,2893,2027-02-05,38
876,2893,2027-02-06,40
876,2893,2027-02-07,38
876,2893,2027-02-08,40
876,2893,2027-02-09,40
876,2893,2027-02-10,40
876,2893,2027-02-11,38
876,2893,2027-02-12,38
876,2893,2027-02-13,39
876,2893,2027-02-14,40
876,2893,2027-02-15,40
876,2893,2027-02-16,40
876,2893,2027-02-17,40
876,2893,2027-02-18,40
876,2893,2027-02-19,40
876,2893,2027-02-20,40
876,2893,2027-02-21,40
876,2893,2027-02-22,40
876,2893,2027-02-23,38
876,2893,2027-02-24,40
876,2894,2027-01-25,3
876,2894,2027-01-26,8
876,2894,2027-01-27,1
876,2894,2027-01-28,14
876,2894,2027-01-29,3
876,2894,2027-01-30,4
876,2894,2027-01-31,13
876,2894,2027-02-01,11
876,2894,2027-02-02,13
876,2894,2027-02-03,15
876,2894,2027-02-04,15
876,2894,2027-02-05,17
876,2894,2027-02-06,7
876,2894,2027-02-07,0
876,2894,2027-02-08,8
876,2894,2027-02-09,16
876,2894,2027-02-10,6
876,2894,2027-02-11,12
876,2894,2027-02-12,7
876,2894,2027-02-13,0
876,2894,2027-02-14,3
876,2894,2027-02-15,0
876,2894,2027-02-16,0
876,2894,2027-02-17,4
876,2894,2027-02-18,16
876,2894,2027-02-19,4
876,2894,2027-02-20,0
876,2894,2027-02-21,7
876,2894,2027-02-22,2
876,2894,2027-02-23,4
876,2894,2027-02-24,15
876,2895,2027-01-25,10
876,2895,2027-01-26,10
876,2895,2027-01-27,6
876,2895,2027-01-28,6
876,2895,2027-01-29,8
876,2895,2027-01-30,10
876,2895,2027-01-31,10
876,2895,2027-02-01,8
876,2895,2027-02-02,9
876,2895,2027-02-03,8
876,2895,2027-02-04,10
876,2895,2027-02-05,10
876,2895,2027-02-06,6
876,2895,2027-02-07,9
876,2895,2027-02-08,10
876,2895,2027-02-09,10
876,2895,2027-02-10,8
876,2895,2027-02-11,8
876,2895,2027-02-12,9
876,2895,2027-02-13,10
876,2895,2027-02-14,10
876,2895,2027-02-15,10
876,2895,2027-02-16,10
876,2895,2027-02-17,10
876,2895,2027-02-18,9
876,2895,2027-02-19,10
876,2895,2027-02-20,10
876,2895,2027-02-21,10
876,2895,2027-02-22,10
876,2895,2027-02-23,8
876,2895,2027-02-24,4
876,2896,2027-01-25,4
876,2896,2027-01-26,3
876,2896,2027-01-27,15
876,2896,2027-01-28,0
876,2896,2027-01-29,0
876,2896,2027-01-30,6
876,2896,2027-01-31,13
876,2896,2027-02-01,12
876,2896,2027-02-02,0
876,2896,2027-02-03,7
876,2896,2027-02-04,20
876,2896,2027-02-05,7
876,2896,2027-02-06,2
876,2896,2027-02-07,0
876,2896,2027-02-08,6
876,2896,2027-02-09,7
876,2896,2027-02-10,7
876,2896,2027-02-11,7
876,2896,2027-02-12,1
876,2896,2027-02-13,0
876,2896,2027-02-14,0
876,2896,2027-02-15,2
876,2896,2027-02-16,2
876,2896,2027-02-17,4
876,2896,2027-02-18,1
876,2896,2027-02-19,5
876,2896,2027-02-20,1
876,2896,2027-02-21,6
876,2896,2027-02-22,0
876,2896,2027-02-23,0
876,2896,2027-02-24,0
876,2897,2027-01-25,10
876,2897,2027-01-26,10
876,2897,2027-01-27,10
876,2897,2027-01-28,10
876,2897,2027-01-29,10
876,2897,2027-01-30,10
876,2897,2027-01-31,10
876,2897,2027-02-01,10
876,2897,2027-02-02,10
876,2897,2027-02-03,10
876,2897,2027-02-04,10
876,2897,2027-02-05,10
876,2897,2027-02-06,10
876,2897,2027-02-07,10
876,2897,2027-02-08,10
876,2897,2027-02-09,10
876,2897,2027-02-10,10
876,2897,2027-02-11,10
876,2897,2027-02-12,10
876,2897,2027-02-13,10
876,2897,2027-02-14,10
876,2897,2027-02-15,10
876,2897,2027-02-16,10
876,2897,2027-02-17,10
876,2897,2027-02-18,10
876,2897,2027-02-19,10
876,2897,2027-02-20,10
876,2897,2027-02-21,10
876,2897,2027-02-22,10
876,2897,2027-02-23,10
876,2897,2027-02-24,10
876,2898,2027-01-25,6
876,2898,2027-01-26,10
876,2898,2027-01-27,10
876,2898,2027-01-28,8
876,2898,2027-01-29,10
876,2898,2027-01-30,6
876,2898,2027-01-31,7
876,2898,2027-02-01,10
876,2898,2027-02-02,8
876,2898,2027-02-03,10
876,2898,2027-02-04,8
876,2898,2027-02-05,8
876,2898,2027-02-06,6
876,2898,2027-02-07,8
876,2898,2027-02-08,10
876,2898,2027-02-09,7
876,2898,2027-02-10,10
876,2898,2027-02-11,10
876,2898,2027-02-12,10
876,2898,2027-02-13,10
876,2898,2027-02-14,9
876,2898,2027-02-15,10
876,2898,2027-02-16,10
876,2898,2027-02-17,10
876,2898,2027-02-18,10
876,2898,2027-02-19,10
876,2898,2027-02-20,10
876,2898,2027-02-21,10
876,2898,2027-02-22,8
876,2898,2027-02-23,10
876,2898,2027-02-24,10
876,2899,2027-01-25,10
876,2899,2027-01-26,6
876,2899,2027-01-27,10
876,2899,2027-01-28,10
876,2899,2027-01-29,6
876,2899,2027-01-30,10
876,2899,2027-01-31,10
876,2899,2027-02-01,9
876,2899,2027-02-02,10
876,2899,2027-02-03,10
876,2899,2027-02-04,10
876,2899,2027-02-05,9
876,2899,2027-02-06,10
876,2899,2027-02-07,10
876,2899,2027-02-08,10
876,2899,2027-02-09,10
876,2899,2027-02-10,8
876,2899,2027-02-11,10
876,2899,2027-02-12,10
876,2899,2027-02-13,10
876,2899,2027-02-14,10
876,2899,2027-02-15,10
876,2899,2027-02-16,9
876,2899,2027-02-17,9
876,2899,2027-02-18,10
876,2899,2027-02-19,10
876,2899,2027-02-20,10
876,2899,2027-02-21,10
876,2899,2027-02-22,10
876,2899,2027-02-23,8
876,2899,2027-02-24,10
876,2900,2027-01-25,16
876,2900,2027-01-26,14
876,2900,2027-01-27,4
876,2900,2027-01-28,5
876,2900,2027-01-29,7
876,2900,2027-01-30,14
876,2900,2027-01-31,2
876,2900,2027-02-01,1
876,2900,2027-02-02,6
876,2900,2027-02-03,5
876,2900,2027-02-04,9
876,2900,2027-02-05,16
876,2900,2027-02-06,5
876,2900,2027-02-07,7
876,2900,2027-02-08,3
876,2900,2027-02-09,0
876,2900,2027-02-10,0
876,2900,2027-02-11,3
876,2900,2027-02-12,5
876,2900,2027-02-13,10
876,2900,2027-02-14,6
876,2900,2027-02-15,0
876,2900,2027-02-16,4
876,2900,2027-02-17,8
876,2900,2027-02-18,1
876,2900,2027-02-19,2
876,2900,2027-02-20,12
876,2900,2027-02-21,6
876,2900,2027-02-22,0
876,2900,2027-02-23,0
876,2900,2027-02-24,2
876,2901,2027-01-25,20
876,2901,2027-01-26,20
876,2901,2027-01-27,20
876,2901,2027-01-28,20
876,2901,2027-01-29,16
876,2901,2027-01-30,20
876,2901,2027-01-31,20
876,2901,2027-02-01,20
876,2901,2027-02-02,20
876,2901,2027-02-03,20
876,2901,2027-02-04,20
876,2901,2027-02-05,20
876,2901,2027-02-06,20
876,2901,2027-02-07,20
876,2901,2027-02-08,20
876,2901,2027-02-09,20
876,2901,2027-02-10,20
876,2901,2027-02-11,20
876,2901,2027-02-12,20
876,2901,2027-02-13,18
876,2901,2027-02-14,19
876,2901,2027-02-15,20
876,2901,2027-02-16,20
876,2901,2027-02-17,20
876,2901,2027-02-18,20
876,2901,2027-02-19,20
876,2901,2027-02-20,20
876,2901,2027-02-21,20
876,2901,2027-02-22,20
876,2901,2027-02-23,20
876,2901,2027-02-24,20
876,2902,2027-01-25,2
876,2902,2027-01-26,6
876,2902,2027-01-27,9
876,2902,2027-01-28,13
876,2902,2027-01-29,14
876,2902,2027-01-30,2
876,2902,2027-01-31,13
876,2902,2027-02-01,7
876,2902,2027-02-02,16
876,2902,2027-02-03,15
876,2902,2027-02-04,1
876,2902,2027-02-05,0
876,2902,2027-02-06,1
876,2902,2027-02-07,2
876,2902,2027-02-08,1
876,2902,2027-02-09,0
876,2902,2027-02-10,6
876,2902,2027-02-11,5
876,2902,2027-02-12,2
876,2902,2027-02-13,11
876,2902,2027-02-14,0
876,2902,2027-02-15,0
876,2902,2027-02-16,10
876,2902,2027-02-17,3
876,2902,2027-02-18,0
876,2902,2027-02-19,0
876,2902,2027-02-20,0
876,2902,2027-02-21,2
876,2902,2027-02-22,0
876,2902,2027-02-23,1
876,2902,2027-02-24,0
876,2888,2026-12-26,10
876,2888,2026-12-27,10
876,2888,2026-12-28,4
876,2888,2026-12-29,10
876,2888,2026-12-30,10
876,2888,2026-12-31,10
876,2888,2027-01-01,10
876,2888,2027-01-02,10
876,2888,2027-01-03,6
876,2888,2027-01-04,10
876,2888,2027-01-05,10
876,2888,2027-01-06,10
876,2888,2027-01-07,10
876,2888,2027-01-08,10
876,2888,2027-01-09,10
876,2888,2027-01-10,10
876,2888,2027-01-11,10
876,2888,2027-01-12,10
876,2888,2027-01-13,10
876,2888,2027-01-14,10
876,2888,2027-01-15,10
876,2888,2027-01-16,10
876,2888,2027-01-17,10
876,2888,2027-01-18,10
876,2888,2027-01-19,10
876,2888,2027-01-20,10
876,2888,2027-01-21,8
876,2888,2027-01-22,10
876,2888,2027-01-23,10
876,2888,2027-01-24,10
876,2888,2027-01-25,10
876,2889,2026-12-26,20
876,2889,2026-12-27,20
876,2889,2026-12-28,20
876,2889,2026-12-29,20
876,2889,2026-12-30,20
876,2889,2026-12-31,20
876,2889,2027-01-01,20
876,2889,2027-01-02,20
876,2889,2027-01-03,20
876,2889,2027-01-04,14
876,2889,2027-01-05,20
876,2889,2027-01-06,20
876,2889,2027-01-07,20
876,2889,2027-01-08,20
876,2889,2027-01-09,20
876,2889,2027-01-10,20
876,2889,2027-01-11,20
876,2889,2027-01-12,20
876,2889,2027-01-13,20
876,2889,2027-01-14,20
876,2889,2027-01-15,20
876,2889,2027-01-16,20
876,2889,2027-01-17,16
876,2889,2027-01-18,20
876,2889,2027-01-19,20
876,2889,2027-01-20,20
876,2889,2027-01-21,20
876,2889,2027-01-22,20
876,2889,2027-01-23,20
876,2889,2027-01-24,16
876,2889,2027-01-25,20
876,2890,2026-12-26,16
876,2890,2026-12-27,14
876,2890,2026-12-28,14
876,2890,2026-12-29,16
876,2890,2026-12-30,7
876,2890,2026-12-31,16
876,2890,2027-01-01,9
876,2890,2027-01-02,16
876,2890,2027-01-03,16
876,2890,2027-01-04,16
876,2890,2027-01-05,16
876,2890,2027-01-06,12
876,2890,2027-01-07,10
876,2890,2027-01-08,14
876,2890,2027-01-09,4
876,2890,2027-01-10,16
876,2890,2027-01-11,16
876,2890,2027-01-12,16
876,2890,2027-01-13,10
876,2890,2027-01-14,16
876,2890,2027-01-15,14
876,2890,2027-01-16,13
876,2890,2027-01-17,16
876,2890,2027-01-18,11
876,2890,2027-01-19,1
876,2890,2027-01-20,16
876,2890,2027-01-21,16
876,2890,2027-01-22,12
876,2890,2027-01-23,16
876,2890,2027-01-24,16
876,2890,2027-01-25,16
876,2891,2026-12-26,10
876,2891,2026-12-27,10
876,2891,2026-12-28,10
876,2891,2026-12-29,6
876,2891,2026-12-30,10
876,2891,2026-12-31,10
876,2891,2027-01-01,10
876,2891,2027-01-02,10
876,2891,2027-01-03,10
876,2891,2027-01-04,10
876,2891,2027-01-05,10
876,2891,2027-01-06,10
876,2891,2027-01-07,10
876,2891,2027-01-08,10
876,2891,2027-01-09,10
876,2891,2027-01-10,10
876,2891,2027-01-11,10
876,2891,2027-01-12,10
876,2891,2027-01-13,10
876,2891,2027-01-14,10
876,2891,2027-01-15,10
876,2891,2027-01-16,10
876,2891,2027-01-17,10
876,2891,2027-01-18,10
876,2891,2027-01-19,6
876,2891,2027-01-20,8
876,2891,2027-01-21,10
876,2891,2027-01-22,10
876,2891,2027-01-23,10
876,2891,2027-01-24,10
876,2891,2027-01-25,10
876,2892,2026-12-26,8
876,2892,2026-12-27,8
876,2892,2026-12-28,5
876,2892,2026-12-29,8
876,2892,2026-12-30,2
876,2892,2026-12-31,1
876,2892,2027-01-01,2
876,2892,2027-01-02,8
876,2892,2027-01-03,4
876,2892,2027-01-04,6
876,2892,2027-01-05,3
876,2892,2027-01-06,3
876,2892,2027-01-07,8
876,2892,2027-01-08,6
876,2892,2027-01-09,6
876,2892,2027-01-10,3
876,2892,2027-01-11,8
876,2892,2027-01-12,8
876,2892,2027-01-13,8
876,2892,2027-01-14,8
876,2892,2027-01-15,8
876,2892,2027-01-16,8
876,2892,2027-01-17,3
876,2892,2027-01-18,0
876,2892,2027-01-19,8
876,2892,2027-01-20,0
876,2892,2027-01-21,8
876,2892,2027-01-22,8
876,2892,2027-01-23,1
876,2892,2027-01-24,8
876,2892,2027-01-25,8
876,2893,2026-12-26,40
876,2893,2026-12-27,40
876,2893,2026-12-28,40
876,2893,2026-12-29,40
876,2893,2026-12-30,33
876,2893,2026-12-31,30
876,2893,2027-01-01,38
876,2893,2027-01-02,38
876,2893,2027-01-03,36
876,2893,2027-01-04,36
876,2893,2027-01-05,33
876,2893,2027-01-06,39
876,2893,2027-01-07,36
876,2893,2027-01-08,31
876,2893,2027-01-09,40
876,2893,2027-01-10,38
876,2893,2027-01-11,40
876,2893,2027-01-12,40
876,2893,2027-01-13,38
876,2893,2027-01-14,40
876,2893,2027-01-15,39
876,2893,2027-01-16,40
876,2893,2027-01-17,40
876,2893,2027-01-18,40
876,2893,2027-01-19,34
876,2893,2027-01-20,40
876,2893,2027-01-21,36
876,2893,2027-01-22,40
876,2893,2027-01-23,40
876,2893,2027-01-24,32
876,2893,2027-01-25,40
876,2894,2026-12-26,15
876,2894,2026-12-27,7
876,2894,2026-12-28,7
876,2894,2026-12-29,5
876,2894,2026-12-30,1
876,2894,2026-12-31,4
876,2894,2027-01-01,11
876,2894,2027-01-02,9
876,2894,2027-01-03,10
876,2894,2027-01-04,0
876,2894,2027-01-05,0
876,2894,2027-01-06,2
876,2894,2027-01-07,10
876,2894,2027-01-08,7
876,2894,2027-01-09,1
876,2894,2027-01-10,2
876,2894,2027-01-11,14
876,2894,2027-01-12,5
876,2894,2027-01-13,0
876,2894,2027-01-14,0
876,2894,2027-01-15,10
876,2894,2027-01-16,0
876,2894,2027-01-17,3
876,2894,2027-01-18,1
876,2894,2027-01-19,9
876,2894,2027-01-20,16
876,2894,2027-01-21,3
876,2894,2027-01-22,7
876,2894,2027-01-23,11
876,2894,2027-01-24,5
876,2894,2027-01-25,3
876,2895,2026-12-26,10
876,2895,2026-12-27,10
876,2895,2026-12-28,10
876,2895,2026-12-29,5
876,2895,2026-12-30,2
876,2895,2026-12-31,4
876,2895,2027-01-01,8
876,2895,2027-01-02,6
876,2895,2027-01-03,6
876,2895,2027-01-04,6
876,2895,2027-01-05,6
876,2895,2027-01-06,6
876,2895,2027-01-07,5
876,2895,2027-01-08,10
876,2895,2027-01-09,5
876,2895,2027-01-10,10
876,2895,2027-01-11,0
876,2895,2027-01-12,8
876,2895,2027-01-13,10
876,2895,2027-01-14,9
876,2895,2027-01-15,10
876,2895,2027-01-16,10
876,2895,2027-01-17,10
876,2895,2027-01-18,4
876,2895,2027-01-19,6
876,2895,2027-01-20,6
876,2895,2027-01-21,10
876,2895,2027-01-22,10
876,2895,2027-01-23,2
876,2895,2027-01-24,10
876,2895,2027-01-25,10
876,2896,2026-12-26,12
876,2896,2026-12-27,10
876,2896,2026-12-28,0
876,2896,2026-12-29,0
876,2896,2026-12-30,0
876,2896,2026-12-31,5
876,2896,2027-01-01,0
876,2896,2027-01-02,4
876,2896,2027-01-03,3
876,2896,2027-01-04,0
876,2896,2027-01-05,2
876,2896,2027-01-06,1
876,2896,2027-01-07,1
876,2896,2027-01-08,0
876,2896,2027-01-09,0
876,2896,2027-01-10,7
876,2896,2027-01-11,1
876,2896,2027-01-12,1
876,2896,2027-01-13,1
876,2896,2027-01-14,0
876,2896,2027-01-15,0
876,2896,2027-01-16,0
876,2896,2027-01-17,0
876,2896,2027-01-18,1
876,2896,2027-01-19,0
876,2896,2027-01-20,5
876,2896,2027-01-21,5
876,2896,2027-01-22,3
876,2896,2027-01-23,1
876,2896,2027-01-24,0
876,2896,2027-01-25,4
876,2897,2026-12-26,9
876,2897,2026-12-27,10
876,2897,2026-12-28,10
876,2897,2026-12-29,6
876,2897,2026-12-30,10
876,2897,2026-12-31,10
876,2897,2027-01-01,10
876,2897,2027-01-02,10
876,2897,2027-01-03,10
876,2897,2027-01-04,10
876,2897,2027-01-05,10
876,2897,2027-01-06,10
876,2897,2027-01-07,10
876,2897,2027-01-08,10
876,2897,2027-01-09,10
876,2897,2027-01-10,10
876,2897,2027-01-11,10
876,2897,2027-01-12,10
876,2897,2027-01-13,10
876,2897,2027-01-14,10
876,2897,2027-01-15,10
876,2897,2027-01-16,10
876,2897,2027-01-17,10
876,2897,2027-01-18,10
876,2897,2027-01-19,10
876,2897,2027-01-20,10
876,2897,2027-01-21,10
876,2897,2027-01-22,10
876,2897,2027-01-23,10
876,2897,2027-01-24,10
876,2897,2027-01-25,10
876,2898,2026-12-26,8
876,2898,2026-12-27,10
876,2898,2026-12-28,1
876,2898,2026-12-29,7
876,2898,2026-12-30,10
876,2898,2026-12-31,6
876,2898,2027-01-01,6
876,2898,2027-01-02,0
876,2898,2027-01-03,8
876,2898,2027-01-04,10
876,2898,2027-01-05,0
876,2898,2027-01-06,10
876,2898,2027-01-07,10
876,2898,2027-01-08,6
876,2898,2027-01-09,10
876,2898,2027-01-10,8
876,2898,2027-01-11,5
876,2898,2027-01-12,8
876,2898,2027-01-13,9
876,2898,2027-01-14,10
876,2898,2027-01-15,10
876,2898,2027-01-16,4
876,2898,2027-01-17,10
876,2898,2027-01-18,4
876,2898,2027-01-19,10
876,2898,2027-01-20,10
876,2898,2027-01-21,10
876,2898,2027-01-22,2
876,2898,2027-01-23,4
876,2898,2027-01-24,10
876,2898,2027-01-25,6
876,2899,2026-12-26,10
876,2899,2026-12-27,10
876,2899,2026-12-28,10
876,2899,2026-12-29,6
876,2899,2026-12-30,8
876,2899,2026-12-31,10
876,2899,2027-01-01,10
876,2899,2027-01-02,10
876,2899,2027-01-03,10
876,2899,2027-01-04,10
876,2899,2027-01-05,10
876,2899,2027-01-06,6
876,2899,2027-01-07,10
876,2899,2027-01-08,10
876,2899,2027-01-09,8
876,2899,2027-01-10,5
876,2899,2027-01-11,8
876,2899,2027-01-12,10
876,2899,2027-01-13,10
876,2899,2027-01-14,10
876,2899,2027-01-15,10
876,2899,2027-01-16,10
876,2899,2027-01-17,4
876,2899,2027-01-18,10
876,2899,2027-01-19,10
876,2899,2027-01-20,10
876,2899,2027-01-21,10
876,2899,2027-01-22,10
876,2899,2027-01-23,10
876,2899,2027-01-24,10
876,2899,2027-01-25,10
876,2900,2026-12-26,12
876,2900,2026-12-27,9
876,2900,2026-12-28,11
876,2900,2026-12-29,4
876,2900,2026-12-30,12
876,2900,2026-12-31,9
876,2900,2027-01-01,10
876,2900,2027-01-02,9
876,2900,2027-01-03,9
876,2900,2027-01-04,7
876,2900,2027-01-05,5
876,2900,2027-01-06,3
876,2900,2027-01-07,8
876,2900,2027-01-08,12
876,2900,2027-01-09,4
876,2900,2027-01-10,2
876,2900,2027-01-11,0
876,2900,2027-01-12,8
876,2900,2027-01-13,10
876,2900,2027-01-14,13
876,2900,2027-01-15,9
876,2900,2027-01-16,9
876,2900,2027-01-17,5
876,2900,2027-01-18,11
876,2900,2027-01-19,0
876,2900,2027-01-20,0
876,2900,2027-01-21,8
876,2900,2027-01-22,16
876,2900,2027-01-23,5
876,2900,2027-01-24,5
876,2900,2027-01-25,16
876,2901,2026-12-26,20
876,2901,2026-12-27,20
876,2901,2026-12-28,16
876,2901,2026-12-29,20
876,2901,2026-12-30,20
876,2901,2026-12-31,20
876,2901,2027-01-01,12
876,2901,2027-01-02,20
876,2901,2027-01-03,20
876,2901,2027-01-04,20
876,2901,2027-01-05,20
876,2901,2027-01-06,20
876,2901,2027-01-07,20
876,2901,2027-01-08,20
876,2901,2027-01-09,20
876,2901,2027-01-10,20
876,2901,2027-01-11,20
876,2901,2027-01-12,20
876,2901,2027-01-13,20
876,2901,2027-01-14,20
876,2901,2027-01-15,20
876,2901,2027-01-16,18
876,2901,2027-01-17,20
876,2901,2027-01-18,20
876,2901,2027-01-19,20
876,2901,2027-01-20,20
876,2901,2027-01-21,20
876,2901,2027-01-22,20
876,2901,2027-01-23,20
876,2901,2027-01-24,20
876,2901,2027-01-25,20
876,2902,2026-12-26,11
876,2902,2026-12-27,11
876,2902,2026-12-28,0
876,2902,2026-12-29,0
876,2902,2026-12-30,4
876,2902,2026-12-31,1
876,2902,2027-01-01,0
876,2902,2027-01-02,0
876,2902,2027-01-03,0
876,2902,2027-01-04,0
876,2902,2027-01-05,1
876,2902,2027-01-06,8
876,2902,2027-01-07,0
876,2902,2027-01-08,0
876,2902,2027-01-09,1
876,2902,2027-01-10,1
876,2902,2027-01-11,7
876,2902,2027-01-12,5
876,2902,2027-01-13,10
876,2902,2027-01-14,1
876,2902,2027-01-15,1
876,2902,2027-01-16,0
876,2902,2027-01-17,0
876,2902,2027-01-18,0
876,2902,2027-01-19,11
876,2902,2027-01-20,1
876,2902,2027-01-21,1
876,2902,2027-01-22,1
876,2902,2027-01-23,0
876,2902,2027-01-24,9
876,2902,2027-01-25,2
876,2888,2027-03-26,10
876,2888,2027-03-27,10
876,2888,2027-03-28,10
876,2888,2027-03-29,10
876,2888,2027-03-30,10
876,2888,2027-03-31,10
876,2888,2027-04-01,10
876,2888,2027-04-02,10
876,2888,2027-04-03,10
876,2888,2027-04-04,10
876,2888,2027-04-05,10
876,2888,2027-04-06,10
876,2888,2027-04-07,10
876,2888,2027-04-08,10
876,2888,2027-04-09,10
876,2888,2027-04-10,10
876,2888,2027-04-11,10
876,2888,2027-04-12,10
876,2888,2027-04-13,10
876,2888,2027-04-14,10
876,2888,2027-04-15,10
876,2888,2027-04-16,10
876,2888,2027-04-17,10
876,2888,2027-04-18,10
876,2888,2027-04-19,10
876,2888,2027-04-20,10
876,2888,2027-04-21,10
876,2888,2027-04-22,10
876,2888,2027-04-23,10
876,2888,2027-04-24,10
876,2888,2027-04-25,10
876,2889,2027-03-26,20
876,2889,2027-03-27,20
876,2889,2027-03-28,20
876,2889,2027-03-29,20
876,2889,2027-03-30,20
876,2889,2027-03-31,20
876,2889,2027-04-01,20
876,2889,2027-04-02,20
876,2889,2027-04-03,20
876,2889,2027-04-04,20
876,2889,2027-04-05,20
876,2889,2027-04-06,20
876,2889,2027-04-07,20
876,2889,2027-04-08,20
876,2889,2027-04-09,20
876,2889,2027-04-10,20
876,2889,2027-04-11,20
876,2889,2027-04-12,20
876,2889,2027-04-13,20
876,2889,2027-04-14,20
876,2889,2027-04-15,20
876,2889,2027-04-16,20
876,2889,2027-04-17,20
876,2889,2027-04-18,20
876,2889,2027-04-19,20
876,2889,2027-04-20,20
876,2889,2027-04-21,20
876,2889,2027-04-22,20
876,2889,2027-04-23,20
876,2889,2027-04-24,20
876,2889,2027-04-25,20
876,2890,2027-03-26,10
876,2890,2027-03-27,13
876,2890,2027-03-28,12
876,2890,2027-03-29,16
876,2890,2027-03-30,4
876,2890,2027-03-31,16
876,2890,2027-04-01,14
876,2890,2027-04-02,16
876,2890,2027-04-03,16
876,2890,2027-04-04,16
876,2890,2027-04-05,12
876,2890,2027-04-06,16
876,2890,2027-04-07,14
876,2890,2027-04-08,16
876,2890,2027-04-09,16
876,2890,2027-04-10,16
876,2890,2027-04-11,13
876,2890,2027-04-12,14
876,2890,2027-04-13,16
876,2890,2027-04-14,16
876,2890,2027-04-15,16
876,2890,2027-04-16,14
876,2890,2027-04-17,3
876,2890,2027-04-18,16
876,2890,2027-04-19,16
876,2890,2027-04-20,8
876,2890,2027-04-21,16
876,2890,2027-04-22,16
876,2890,2027-04-23,16
876,2890,2027-04-24,16
876,2890,2027-04-25,16
876,2891,2027-03-26,10
876,2891,2027-03-27,10
876,2891,2027-03-28,10
876,2891,2027-03-29,8
876,2891,2027-03-30,10
876,2891,2027-03-31,10
876,2891,2027-04-01,10
876,2891,2027-04-02,10
876,2891,2027-04-03,10
876,2891,2027-04-04,10
876,2891,2027-04-05,10
876,2891,2027-04-06,10
876,2891,2027-04-07,4
876,2891,2027-04-08,10
876,2891,2027-04-09,10
876,2891,2027-04-10,10
876,2891,2027-04-11,10
876,2891,2027-04-12,10
876,2891,2027-04-13,10
876,2891,2027-04-14,10
876,2891,2027-04-15,10
876,2891,2027-04-16,10
876,2891,2027-04-17,10
876,2891,2027-04-18,10
876,2891,2027-04-19,10
876,2891,2027-04-20,10
876,2891,2027-04-21,10
876,2891,2027-04-22,10
876,2891,2027-04-23,10
876,2891,2027-04-24,10
876,2891,2027-04-25,10
876,2892,2027-03-26,8
876,2892,2027-03-27,0
876,2892,2027-03-28,4
876,2892,2027-03-29,8
876,2892,2027-03-30,8
876,2892,2027-03-31,8
876,2892,2027-04-01,4
876,2892,2027-04-02,8
876,2892,2027-04-03,8
876,2892,2027-04-04,8
876,2892,2027-04-05,8
876,2892,2027-04-06,8
876,2892,2027-04-07,0
876,2892,2027-04-08,8
876,2892,2027-04-09,8
876,2892,2027-04-10,3
876,2892,2027-04-11,8
876,2892,2027-04-12,4
876,2892,2027-04-13,6
876,2892,2027-04-14,8
876,2892,2027-04-15,3
876,2892,2027-04-16,8
876,2892,2027-04-17,8
876,2892,2027-04-18,6
876,2892,2027-04-19,8
876,2892,2027-04-20,8
876,2892,2027-04-21,8
876,2892,2027-04-22,8
876,2892,2027-04-23,8
876,2892,2027-04-24,8
876,2892,2027-04-25,8
876,2893,2027-03-26,36
876,2893,2027-03-27,40
876,2893,2027-03-28,39
876,2893,2027-03-29,40
876,2893,2027-03-30,34
876,2893,2027-03-31,40
876,2893,2027-04-01,40
876,2893,2027-04-02,40
876,2893,2027-04-03,40
876,2893,2027-04-04,40
876,2893,2027-04-05,40
876,2893,2027-04-06,40
876,2893,2027-04-07,40
876,2893,2027-04-08,40
876,2893,2027-04-09,38
876,2893,2027-04-10,40
876,2893,2027-04-11,37
876,2893,2027-04-12,40
876,2893,2027-04-13,40
876,2893,2027-04-14,40
876,2893,2027-04-15,40
876,2893,2027-04-16,40
876,2893,2027-04-17,40
876,2893,2027-04-18,40
876,2893,2027-04-19,40
876,2893,2027-04-20,40
876,2893,2027-04-21,40
876,2893,2027-04-22,40
876,2893,2027-04-23,38
876,2893,2027-04-24,40
876,2893,2027-04-25,40
876,2894,2027-03-26,1
876,2894,2027-03-27,8
876,2894,2027-03-28,0
876,2894,2027-03-29,2
876,2894,2027-03-30,10
876,2894,2027-03-31,14
876,2894,2027-04-01,12
876,2894,2027-04-02,1
876,2894,2027-04-03,2
876,2894,2027-04-04,15
876,2894,2027-04-05,2
876,2894,2027-04-06,20
876,2894,2027-04-07,9
876,2894,2027-04-08,3
876,2894,2027-04-09,4
876,2894,2027-04-10,5
876,2894,2027-04-11,3
876,2894,2027-04-12,11
876,2894,2027-04-13,2
876,2894,2027-04-14,5
876,2894,2027-04-15,5
876,2894,2027-04-16,5
876,2894,2027-04-17,4
876,2894,2027-04-18,8
876,2894,2027-04-19,5
876,2894,2027-04-20,0
876,2894,2027-04-21,16
876,2894,2027-04-22,15
876,2894,2027-04-23,17
876,2894,2027-04-24,19
876,2894,2027-04-25,13
876,2895,2027-03-26,2
876,2895,2027-03-27,0
876,2895,2027-03-28,10
876,2895,2027-03-29,10
876,2895,2027-03-30,10
876,2895,2027-03-31,10
876,2895,2027-04-01,10
876,2895,2027-04-02,10
876,2895,2027-04-03,10
876,2895,2027-04-04,10
876,2895,2027-04-05,10
876,2895,2027-04-06,10
876,2895,2027-04-07,10
876,2895,2027-04-08,8
876,2895,2027-04-09,10
876,2895,2027-04-10,7
876,2895,2027-04-11,10
876,2895,2027-04-12,10
876,2895,2027-04-13,10
876,2895,2027-04-14,10
876,2895,2027-04-15,10
876,2895,2027-04-16,10
876,2895,2027-04-17,10
876,2895,2027-04-18,10
876,2895,2027-04-19,10
876,2895,2027-04-20,10
876,2895,2027-04-21,10
876,2895,2027-04-22,8
876,2895,2027-04-23,10
876,2895,2027-04-24,10
876,2895,2027-04-25,10
876,2896,2027-03-26,1
876,2896,2027-03-27,0
876,2896,2027-03-28,0
876,2896,2027-03-29,2
876,2896,2027-03-30,14
876,2896,2027-03-31,10
876,2896,2027-04-01,0
876,2896,2027-04-02,2
876,2896,2027-04-03,4
876,2896,2027-04-04,0
876,2896,2027-04-05,20
876,2896,2027-04-06,5
876,2896,2027-04-07,6
876,2896,2027-04-08,0
876,2896,2027-04-09,9
876,2896,2027-04-10,0
876,2896,2027-04-11,5
876,2896,2027-04-12,2
876,2896,2027-04-13,0
876,2896,2027-04-14,1
876,2896,2027-04-15,3
876,2896,2027-04-16,6
876,2896,2027-04-17,1
876,2896,2027-04-18,4
876,2896,2027-04-19,0
876,2896,2027-04-20,6
876,2896,2027-04-21,4
876,2896,2027-04-22,3
876,2896,2027-04-23,19
876,2896,2027-04-24,9
876,2896,2027-04-25,10
876,2897,2027-03-26,10
876,2897,2027-03-27,10
876,2897,2027-03-28,10
876,2897,2027-03-29,10
876,2897,2027-03-30,10
876,2897,2027-03-31,10
876,2897,2027-04-01,10
876,2897,2027-04-02,10
876,2897,2027-04-03,10
876,2897,2027-04-04,10
876,2897,2027-04-05,10
876,2897,2027-04-06,10
876,2897,2027-04-07,10
876,2897,2027-04-08,10
876,2897,2027-04-09,10
876,2897,2027-04-10,10
876,2897,2027-04-11,10
876,2897,2027-04-12,10
876,2897,2027-04-13,10
876,2897,2027-04-14,10
876,2897,2027-04-15,10
876,2897,2027-04-16,10
876,2897,2027-04-17,10
876,2897,2027-04-18,10
876,2897,2027-04-19,10
876,2897,2027-04-20,10
876,2897,2027-04-21,10
876,2897,2027-04-22,10
876,2897,2027-04-23,10
876,2897,2027-04-24,10
876,2897,2027-04-25,10
876,2898,2027-03-26,5
876,2898,2027-03-27,0
876,2898,2027-03-28,6
876,2898,2027-03-29,9
876,2898,2027-03-30,10
876,2898,2027-03-31,10
876,2898,2027-04-01,10
876,2898,2027-04-02,10
876,2898,2027-04-03,10
876,2898,2027-04-04,10
876,2898,2027-04-05,10
876,2898,2027-04-06,8
876,2898,2027-04-07,10
876,2898,2027-04-08,7
876,2898,2027-04-09,10
876,2898,2027-04-10,10
876,2898,2027-04-11,10
876,2898,2027-04-12,10
876,2898,2027-04-13,10
876,2898,2027-04-14,10
876,2898,2027-04-15,10
876,2898,2027-04-16,10
876,2898,2027-04-17,10
876,2898,2027-04-18,10
876,2898,2027-04-19,10
876,2898,2027-04-20,10
876,2898,2027-04-21,8
876,2898,2027-04-22,10
876,2898,2027-04-23,10
876,2898,2027-04-24,10
876,2898,2027-04-25,10
876,2899,2027-03-26,10
876,2899,2027-03-27,9
876,2899,2027-03-28,10
876,2899,2027-03-29,10
876,2899,2027-03-30,10
876,2899,2027-03-31,9
876,2899,2027-04-01,10
876,2899,2027-04-02,10
876,2899,2027-04-03,10
876,2899,2027-04-04,10
876,2899,2027-04-05,10
876,2899,2027-04-06,10
876,2899,2027-04-07,8
876,2899,2027-04-08,10
876,2899,2027-04-09,7
876,2899,2027-04-10,10
876,2899,2027-04-11,10
876,2899,2027-04-12,10
876,2899,2027-04-13,10
876,2899,2027-04-14,10
876,2899,2027-04-15,10
876,2899,2027-04-16,10
876,2899,2027-04-17,10
876,2899,2027-04-18,10
876,2899,2027-04-19,10
876,2899,2027-04-20,10
876,2899,2027-04-21,10
876,2899,2027-04-22,10
876,2899,2027-04-23,10
876,2899,2027-04-24,10
876,2899,2027-04-25,10
876,2900,2027-03-26,14
876,2900,2027-03-27,5
876,2900,2027-03-28,3
876,2900,2027-03-29,15
876,2900,2027-03-30,4
876,2900,2027-03-31,0
876,2900,2027-04-01,5
876,2900,2027-04-02,3
876,2900,2027-04-03,6
876,2900,2027-04-04,8
876,2900,2027-04-05,0
876,2900,2027-04-06,0
876,2900,2027-04-07,6
876,2900,2027-04-08,12
876,2900,2027-04-09,0
876,2900,2027-04-10,16
876,2900,2027-04-11,1
876,2900,2027-04-12,0
876,2900,2027-04-13,0
876,2900,2027-04-14,0
876,2900,2027-04-15,1
876,2900,2027-04-16,3
876,2900,2027-04-17,5
876,2900,2027-04-18,5
876,2900,2027-04-19,1
876,2900,2027-04-20,3
876,2900,2027-04-21,2
876,2900,2027-04-22,7
876,2900,2027-04-23,7
876,2900,2027-04-24,14
876,2900,2027-04-25,16
876,2901,2027-03-26,20
876,2901,2027-03-27,20
876,2901,2027-03-28,20
876,2901,2027-03-29,20
876,2901,2027-03-30,20
876,2901,2027-03-31,20
876,2901,2027-04-01,20
876,2901,2027-04-02,20
876,2901,2027-04-03,20
876,2901,2027-04-04,20
876,2901,2027-04-05,20
876,2901,2027-04-06,20
876,2901,2027-04-07,20
876,2901,2027-04-08,20
876,2901,2027-04-09,20
876,2901,2027-04-10,20
876,2901,2027-04-11,20
876,2901,2027-04-12,20
876,2901,2027-04-13,20
876,2901,2027-04-14,20
876,2901,2027-04-15,20
876,2901,2027-04-16,20
876,2901,2027-04-17,20
876,2901,2027-04-18,20
876,2901,2027-04-19,20
876,2901,2027-04-20,20
876,2901,2027-04-21,20
876,2901,2027-04-22,20
876,2901,2027-04-23,20
876,2901,2027-04-24,20
876,2901,2027-04-25,20
876,2902,2027-03-26,0
876,2902,2027-03-27,0
876,2902,2027-03-28,4
876,2902,2027-03-29,0
876,2902,2027-03-30,1
876,2902,2027-03-31,2
876,2902,2027-04-01,6
876,2902,2027-04-02,4
876,2902,2027-04-03,0
876,2902,2027-04-04,5
876,2902,2027-04-05,5
876,2902,2027-04-06,0
876,2902,2027-04-07,20
876,2902,2027-04-08,1
876,2902,2027-04-09,11
876,2902,2027-04-10,3
876,2902,2027-04-11,16
876,2902,2027-04-12,3
876,2902,2027-04-13,3
876,2902,2027-04-14,0
876,2902,2027-04-15,1
876,2902,2027-04-16,0
876,2902,2027-04-17,15
876,2902,2027-04-18,1
876,2902,2027-04-19,3
876,2902,2027-04-20,9
876,2902,2027-04-21,1
876,2902,2027-04-22,3
876,2902,2027-04-23,6
876,2902,2027-04-24,7
876,2902,2027-04-25,28
876,2888,2027-04-25,10
876,2888,2027-04-26,10
876,2888,2027-04-27,10
876,2888,2027-04-28,10
876,2888,2027-04-29,10
876,2888,2027-04-30,10
876,2888,2027-05-01,10
876,2888,2027-05-02,10
876,2888,2027-05-03,10
876,2888,2027-05-04,10
876,2888,2027-05-05,10
876,2888,2027-05-06,10
876,2888,2027-05-07,10
876,2888,2027-05-08,10
876,2888,2027-05-09,10
876,2888,2027-05-10,10
876,2888,2027-05-11,10
876,2888,2027-05-12,10
876,2888,2027-05-13,10
876,2888,2027-05-14,10
876,2888,2027-05-15,10
876,2888,2027-05-16,10
876,2888,2027-05-17,10
876,2888,2027-05-18,10
876,2888,2027-05-19,10
876,2888,2027-05-20,10
876,2888,2027-05-21,10
876,2888,2027-05-22,10
876,2888,2027-05-23,10
876,2888,2027-05-24,10
876,2888,2027-05-25,10
876,2889,2027-04-25,20
876,2889,2027-04-26,20
876,2889,2027-04-27,20
876,2889,2027-04-28,20
876,2889,2027-04-29,20
876,2889,2027-04-30,20
876,2889,2027-05-01,20
876,2889,2027-05-02,20
876,2889,2027-05-03,20
876,2889,2027-05-04,20
876,2889,2027-05-05,20
876,2889,2027-05-06,20
876,2889,2027-05-07,20
876,2889,2027-05-08,20
876,2889,2027-05-09,20
876,2889,2027-05-10,20
876,2889,2027-05-11,20
876,2889,2027-05-12,20
876,2889,2027-05-13,20
876,2889,2027-05-14,20
876,2889,2027-05-15,20
876,2889,2027-05-16,20
876,2889,2027-05-17,20
876,2889,2027-05-18,20
876,2889,2027-05-19,20
876,2889,2027-05-20,20
876,2889,2027-05-21,20
876,2889,2027-05-22,20
876,2889,2027-05-23,20
876,2889,2027-05-24,20
876,2889,2027-05-25,20
876,2890,2027-04-25,16
876,2890,2027-04-26,16
876,2890,2027-04-27,16
876,2890,2027-04-28,16
876,2890,2027-04-29,16
876,2890,2027-04-30,16
876,2890,2027-05-01,16
876,2890,2027-05-02,16
876,2890,2027-05-03,16
876,2890,2027-05-04,16
876,2890,2027-05-05,16
876,2890,2027-05-06,16
876,2890,2027-05-07,16
876,2890,2027-05-08,16
876,2890,2027-05-09,16
876,2890,2027-05-10,16
876,2890,2027-05-11,16
876,2890,2027-05-12,16
876,2890,2027-05-13,16
876,2890,2027-05-14,16
876,2890,2027-05-15,16
876,2890,2027-05-16,16
876,2890,2027-05-17,16
876,2890,2027-05-18,16
876,2890,2027-05-19,16
876,2890,2027-05-20,16
876,2890,2027-05-21,16
876,2890,2027-05-22,16
876,2890,2027-05-23,16
876,2890,2027-05-24,16
876,2890,2027-05-25,16
876,2891,2027-04-25,10
876,2891,2027-04-26,10
876,2891,2027-04-27,10
876,2891,2027-04-28,10
876,2891,2027-04-29,10
876,2891,2027-04-30,10
876,2891,2027-05-01,10
876,2891,2027-05-02,10
876,2891,2027-05-03,10
876,2891,2027-05-04,10
876,2891,2027-05-05,10
876,2891,2027-05-06,10
876,2891,2027-05-07,10
876,2891,2027-05-08,10
876,2891,2027-05-09,10
876,2891,2027-05-10,10
876,2891,2027-05-11,10
876,2891,2027-05-12,10
876,2891,2027-05-13,10
876,2891,2027-05-14,10
876,2891,2027-05-15,10
876,2891,2027-05-16,10
876,2891,2027-05-17,10
876,2891,2027-05-18,10
876,2891,2027-05-19,10
876,2891,2027-05-20,10
876,2891,2027-05-21,10
876,2891,2027-05-22,10
876,2891,2027-05-23,10
876,2891,2027-05-24,10
876,2891,2027-05-25,10
876,2892,2027-04-25,8
876,2892,2027-04-26,8
876,2892,2027-04-27,4
876,2892,2027-04-28,8
876,2892,2027-04-29,8
876,2892,2027-04-30,8
876,2892,2027-05-01,4
876,2892,2027-05-02,8
876,2892,2027-05-03,8
876,2892,2027-05-04,8
876,2892,2027-05-05,8
876,2892,2027-05-06,8
876,2892,2027-05-07,8
876,2892,2027-05-08,8
876,2892,2027-05-09,8
876,2892,2027-05-10,8
876,2892,2027-05-11,8
876,2892,2027-05-12,8
876,2892,2027-05-13,8
876,2892,2027-05-14,8
876,2892,2027-05-15,8
876,2892,2027-05-16,8
876,2892,2027-05-17,8
876,2892,2027-05-18,8
876,2892,2027-05-19,8
876,2892,2027-05-20,8
876,2892,2027-05-21,8
876,2892,2027-05-22,8
876,2892,2027-05-23,8
876,2892,2027-05-24,8
876,2892,2027-05-25,8
876,2893,2027-04-25,40
876,2893,2027-04-26,40
876,2893,2027-04-27,40
876,2893,2027-04-28,40
876,2893,2027-04-29,40
876,2893,2027-04-30,40
876,2893,2027-05-01,40
876,2893,2027-05-02,40
876,2893,2027-05-03,40
876,2893,2027-05-04,40
876,2893,2027-05-05,40
876,2893,2027-05-06,40
876,2893,2027-05-07,40
876,2893,2027-05-08,40
876,2893,2027-05-09,40
876,2893,2027-05-10,40
876,2893,2027-05-11,40
876,2893,2027-05-12,40
876,2893,2027-05-13,40
876,2893,2027-05-14,40
876,2893,2027-05-15,40
876,2893,2027-05-16,40
876,2893,2027-05-17,40
876,2893,2027-05-18,40
876,2893,2027-05-19,40
876,2893,2027-05-20,40
876,2893,2027-05-21,40
876,2893,2027-05-22,40
876,2893,2027-05-23,40
876,2893,2027-05-24,40
876,2893,2027-05-25,40
876,2894,2027-04-25,13
876,2894,2027-04-26,14
876,2894,2027-04-27,30
876,2894,2027-04-28,32
876,2894,2027-04-29,8
876,2894,2027-04-30,22
876,2894,2027-05-01,32
876,2894,2027-05-02,28
876,2894,2027-05-03,30
876,2894,2027-05-04,32
876,2894,2027-05-05,32
876,2894,2027-05-06,32
876,2894,2027-05-07,32
876,2894,2027-05-08,32
876,2894,2027-05-09,32
876,2894,2027-05-10,32
876,2894,2027-05-11,32
876,2894,2027-05-12,32
876,2894,2027-05-13,32
876,2894,2027-05-14,24
876,2894,2027-05-15,32
876,2894,2027-05-16,32
876,2894,2027-05-17,32
876,2894,2027-05-18,32
876,2894,2027-05-19,32
876,2894,2027-05-20,32
876,2894,2027-05-21,32
876,2894,2027-05-22,32
876,2894,2027-05-23,32
876,2894,2027-05-24,32
876,2894,2027-05-25,32
876,2895,2027-04-25,10
876,2895,2027-04-26,10
876,2895,2027-04-27,10
876,2895,2027-04-28,10
876,2895,2027-04-29,10
876,2895,2027-04-30,10
876,2895,2027-05-01,10
876,2895,2027-05-02,10
876,2895,2027-05-03,10
876,2895,2027-05-04,10
876,2895,2027-05-05,10
876,2895,2027-05-06,10
876,2895,2027-05-07,10
876,2895,2027-05-08,10
876,2895,2027-05-09,10
876,2895,2027-05-10,10
876,2895,2027-05-11,10
876,2895,2027-05-12,10
876,2895,2027-05-13,10
876,2895,2027-05-14,10
876,2895,2027-05-15,10
876,2895,2027-05-16,10
876,2895,2027-05-17,10
876,2895,2027-05-18,10
876,2895,2027-05-19,10
876,2895,2027-05-20,10
876,2895,2027-05-21,10
876,2895,2027-05-22,10
876,2895,2027-05-23,10
876,2895,2027-05-24,10
876,2895,2027-05-25,10
876,2896,2027-04-25,10
876,2896,2027-04-26,28
876,2896,2027-04-27,28
876,2896,2027-04-28,2
876,2896,2027-04-29,18
876,2896,2027-04-30,28
876,2896,2027-05-01,26
876,2896,2027-05-02,22
876,2896,2027-05-03,24
876,2896,2027-05-04,28
876,2896,2027-05-05,28
876,2896,2027-05-06,28
876,2896,2027-05-07,28
876,2896,2027-05-08,23
876,2896,2027-05-09,28
876,2896,2027-05-10,28
876,2896,2027-05-11,18
876,2896,2027-05-12,28
876,2896,2027-05-13,28
876,2896,2027-05-14,28
876,2896,2027-05-15,28
876,2896,2027-05-16,28
876,2896,2027-05-17,28
876,2896,2027-05-18,28
876,2896,2027-05-19,28
876,2896,2027-05-20,28
876,2896,2027-05-21,28
876,2896,2027-05-22,28
876,2896,2027-05-23,28
876,2896,2027-05-24,28
876,2896,2027-05-25,28
876,2897,2027-04-25,10
876,2897,2027-04-26,10
876,2897,2027-04-27,10
876,2897,2027-04-28,10
876,2897,2027-04-29,10
876,2897,2027-04-30,10
876,2897,2027-05-01,10
876,2897,2027-05-02,10
876,2897,2027-05-03,10
876,2897,2027-05-04,10
876,2897,2027-05-05,10
876,2897,2027-05-06,10
876,2897,2027-05-07,10
876,2897,2027-05-08,10
876,2897,2027-05-09,10
876,2897,2027-05-10,10
876,2897,2027-05-11,10
876,2897,2027-05-12,10
876,2897,2027-05-13,10
876,2897,2027-05-14,10
876,2897,2027-05-15,10
876,2897,2027-05-16,10
876,2897,2027-05-17,10
876,2897,2027-05-18,10
876,2897,2027-05-19,10
876,2897,2027-05-20,10
876,2897,2027-05-21,10
876,2897,2027-05-22,10
876,2897,2027-05-23,10
876,2897,2027-05-24,10
876,2897,2027-05-25,10
876,2898,2027-04-25,10
876,2898,2027-04-26,10
876,2898,2027-04-27,10
876,2898,2027-04-28,10
876,2898,2027-04-29,10
876,2898,2027-04-30,10
876,2898,2027-05-01,10
876,2898,2027-05-02,10
876,2898,2027-05-03,10
876,2898,2027-05-04,10
876,2898,2027-05-05,10
876,2898,2027-05-06,8
876,2898,2027-05-07,10
876,2898,2027-05-08,10
876,2898,2027-05-09,10
876,2898,2027-05-10,10
876,2898,2027-05-11,10
876,2898,2027-05-12,10
876,2898,2027-05-13,10
876,2898,2027-05-14,10
876,2898,2027-05-15,10
876,2898,2027-05-16,10
876,2898,2027-05-17,10
876,2898,2027-05-18,10
876,2898,2027-05-19,10
876,2898,2027-05-20,10
876,2898,2027-05-21,10
876,2898,2027-05-22,10
876,2898,2027-05-23,10
876,2898,2027-05-24,10
876,2898,2027-05-25,10
876,2899,2027-04-25,10
876,2899,2027-04-26,10
876,2899,2027-04-27,9
876,2899,2027-04-28,10
876,2899,2027-04-29,10
876,2899,2027-04-30,10
876,2899,2027-05-01,10
876,2899,2027-05-02,10
876,2899,2027-05-03,10
876,2899,2027-05-04,10
876,2899,2027-05-05,8
876,2899,2027-05-06,10
876,2899,2027-05-07,10
876,2899,2027-05-08,10
876,2899,2027-05-09,10
876,2899,2027-05-10,10
876,2899,2027-05-11,10
876,2899,2027-05-12,10
876,2899,2027-05-13,10
876,2899,2027-05-14,10
876,2899,2027-05-15,10
876,2899,2027-05-16,10
876,2899,2027-05-17,10
876,2899,2027-05-18,10
876,2899,2027-05-19,10
876,2899,2027-05-20,10
876,2899,2027-05-21,10
876,2899,2027-05-22,10
876,2899,2027-05-23,10
876,2899,2027-05-24,10
876,2899,2027-05-25,10
876,2900,2027-04-25,16
876,2900,2027-04-26,16
876,2900,2027-04-27,4
876,2900,2027-04-28,6
876,2900,2027-04-29,14
876,2900,2027-04-30,16
876,2900,2027-05-01,8
876,2900,2027-05-02,16
876,2900,2027-05-03,16
876,2900,2027-05-04,16
876,2900,2027-05-05,16
876,2900,2027-05-06,16
876,2900,2027-05-07,16
876,2900,2027-05-08,16
876,2900,2027-05-09,16
876,2900,2027-05-10,16
876,2900,2027-05-11,16
876,2900,2027-05-12,16
876,2900,2027-05-13,16
876,2900,2027-05-14,16
876,2900,2027-05-15,16
876,2900,2027-05-16,16
876,2900,2027-05-17,16
876,2900,2027-05-18,16
876,2900,2027-05-19,16
876,2900,2027-05-20,16
876,2900,2027-05-21,16
876,2900,2027-05-22,16
876,2900,2027-05-23,16
876,2900,2027-05-24,16
876,2900,2027-05-25,16
876,2901,2027-04-25,20
876,2901,2027-04-26,20
876,2901,2027-04-27,20
876,2901,2027-04-28,20
876,2901,2027-04-29,20
876,2901,2027-04-30,20
876,2901,2027-05-01,20
876,2901,2027-05-02,20
876,2901,2027-05-03,20
876,2901,2027-05-04,20
876,2901,2027-05-05,20
876,2901,2027-05-06,20
876,2901,2027-05-07,20
876,2901,2027-05-08,20
876,2901,2027-05-09,20
876,2901,2027-05-10,20
876,2901,2027-05-11,20
876,2901,2027-05-12,20
876,2901,2027-05-13,20
876,2901,2027-05-14,20
876,2901,2027-05-15,20
876,2901,2027-05-16,20
876,2901,2027-05-17,20
876,2901,2027-05-18,20
876,2901,2027-05-19,20
876,2901,2027-05-20,20
876,2901,2027-05-21,20
876,2901,2027-05-22,20
876,2901,2027-05-23,20
876,2901,2027-05-24,20
876,2901,2027-05-25,20
876,2902,2027-04-25,28
876,2902,2027-04-26,11
876,2902,2027-04-27,11
876,2902,2027-04-28,28
876,2902,2027-04-29,28
876,2902,2027-04-30,26
876,2902,2027-05-01,28
876,2902,2027-05-02,28
876,2902,2027-05-03,28
876,2902,2027-05-04,28
876,2902,2027-05-05,28
876,2902,2027-05-06,28
876,2902,2027-05-07,23
876,2902,2027-05-08,28
876,2902,2027-05-09,28
876,2902,2027-05-10,28
876,2902,2027-05-11,28
876,2902,2027-05-12,28
876,2902,2027-05-13,20
876,2902,2027-05-14,28
876,2902,2027-05-15,28
876,2902,2027-05-16,28
876,2902,2027-05-17,28
876,2902,2027-05-18,28
876,2902,2027-05-19,28
876,2902,2027-05-20,28
876,2902,2027-05-21,28
876,2902,2027-05-22,28
876,2902,2027-05-23,28
876,2902,2027-05-24,28
876,2902,2027-05-25,28
876,2888,2027-05-25,10
876,2888,2027-05-26,10
876,2888,2027-05-27,10
876,2888,2027-05-28,10
876,2888,2027-05-29,10
876,2888,2027-05-30,10
876,2888,2027-05-31,10
876,2888,2027-06-01,10
876,2888,2027-06-02,10
876,2888,2027-06-03,10
876,2888,2027-06-04,10
876,2888,2027-06-05,10
876,2888,2027-06-06,10
876,2888,2027-06-07,10
876,2888,2027-06-08,10
876,2888,2027-06-09,10
876,2888,2027-06-10,10
876,2888,2027-06-11,10
876,2888,2027-06-12,10
876,2888,2027-06-13,10
876,2888,2027-06-14,10
876,2888,2027-06-15,10
876,2888,2027-06-16,10
876,2888,2027-06-17,10
876,2888,2027-06-18,10
876,2888,2027-06-19,10
876,2888,2027-06-20,10
876,2888,2027-06-21,10
876,2888,2027-06-22,10
876,2888,2027-06-23,10
876,2888,2027-06-24,10
876,2889,2027-05-25,20
876,2889,2027-05-26,20
876,2889,2027-05-27,20
876,2889,2027-05-28,20
876,2889,2027-05-29,20
876,2889,2027-05-30,20
876,2889,2027-05-31,20
876,2889,2027-06-01,20
876,2889,2027-06-02,20
876,2889,2027-06-03,20
876,2889,2027-06-04,20
876,2889,2027-06-05,20
876,2889,2027-06-06,20
876,2889,2027-06-07,20
876,2889,2027-06-08,20
876,2889,2027-06-09,20
876,2889,2027-06-10,20
876,2889,2027-06-11,20
876,2889,2027-06-12,20
876,2889,2027-06-13,20
876,2889,2027-06-14,20
876,2889,2027-06-15,20
876,2889,2027-06-16,20
876,2889,2027-06-17,20
876,2889,2027-06-18,20
876,2889,2027-06-19,20
876,2889,2027-06-20,20
876,2889,2027-06-21,20
876,2889,2027-06-22,20
876,2889,2027-06-23,20
876,2889,2027-06-24,20
876,2890,2027-05-25,16
876,2890,2027-05-26,16
876,2890,2027-05-27,16
876,2890,2027-05-28,16
876,2890,2027-05-29,16
876,2890,2027-05-30,16
876,2890,2027-05-31,16
876,2890,2027-06-01,16
876,2890,2027-06-02,16
876,2890,2027-06-03,16
876,2890,2027-06-04,16
876,2890,2027-06-05,16
876,2890,2027-06-06,16
876,2890,2027-06-07,16
876,2890,2027-06-08,16
876,2890,2027-06-09,16
876,2890,2027-06-10,16
876,2890,2027-06-11,16
876,2890,2027-06-12,16
876,2890,2027-06-13,16
876,2890,2027-06-14,16
876,2890,2027-06-15,16
876,2890,2027-06-16,16
876,2890,2027-06-17,16
876,2890,2027-06-18,16
876,2890,2027-06-19,16
876,2890,2027-06-20,16
876,2890,2027-06-21,16
876,2890,2027-06-22,16
876,2890,2027-06-23,16
876,2890,2027-06-24,16
876,2891,2027-05-25,10
876,2891,2027-05-26,10
876,2891,2027-05-27,10
876,2891,2027-05-28,10
876,2891,2027-05-29,10
876,2891,2027-05-30,10
876,2891,2027-05-31,10
876,2891,2027-06-01,10
876,2891,2027-06-02,10
876,2891,2027-06-03,10
876,2891,2027-06-04,10
876,2891,2027-06-05,10
876,2891,2027-06-06,10
876,2891,2027-06-07,10
876,2891,2027-06-08,10
876,2891,2027-06-09,10
876,2891,2027-06-10,10
876,2891,2027-06-11,10
876,2891,2027-06-12,10
876,2891,2027-06-13,10
876,2891,2027-06-14,10
876,2891,2027-06-15,10
876,2891,2027-06-16,10
876,2891,2027-06-17,10
876,2891,2027-06-18,10
876,2891,2027-06-19,10
876,2891,2027-06-20,10
876,2891,2027-06-21,10
876,2891,2027-06-22,10
876,2891,2027-06-23,10
876,2891,2027-06-24,10
876,2892,2027-05-25,8
876,2892,2027-05-26,8
876,2892,2027-05-27,8
876,2892,2027-05-28,8
876,2892,2027-05-29,8
876,2892,2027-05-30,8
876,2892,2027-05-31,8
876,2892,2027-06-01,8
876,2892,2027-06-02,8
876,2892,2027-06-03,8
876,2892,2027-06-04,8
876,2892,2027-06-05,8
876,2892,2027-06-06,8
876,2892,2027-06-07,8
876,2892,2027-06-08,8
876,2892,2027-06-09,8
876,2892,2027-06-10,8
876,2892,2027-06-11,8
876,2892,2027-06-12,8
876,2892,2027-06-13,8
876,2892,2027-06-14,8
876,2892,2027-06-15,8
876,2892,2027-06-16,8
876,2892,2027-06-17,8
876,2892,2027-06-18,8
876,2892,2027-06-19,8
876,2892,2027-06-20,8
876,2892,2027-06-21,8
876,2892,2027-06-22,8
876,2892,2027-06-23,8
876,2892,2027-06-24,8
876,2893,2027-05-25,40
876,2893,2027-05-26,40
876,2893,2027-05-27,40
876,2893,2027-05-28,40
876,2893,2027-05-29,40
876,2893,2027-05-30,40
876,2893,2027-05-31,40
876,2893,2027-06-01,40
876,2893,2027-06-02,40
876,2893,2027-06-03,40
876,2893,2027-06-04,40
876,2893,2027-06-05,40
876,2893,2027-06-06,40
876,2893,2027-06-07,40
876,2893,2027-06-08,40
876,2893,2027-06-09,40
876,2893,2027-06-10,40
876,2893,2027-06-11,40
876,2893,2027-06-12,40
876,2893,2027-06-13,40
876,2893,2027-06-14,40
876,2893,2027-06-15,40
876,2893,2027-06-16,40
876,2893,2027-06-17,40
876,2893,2027-06-18,40
876,2893,2027-06-19,40
876,2893,2027-06-20,40
876,2893,2027-06-21,40
876,2893,2027-06-22,40
876,2893,2027-06-23,40
876,2893,2027-06-24,40
876,2894,2027-05-25,32
876,2894,2027-05-26,32
876,2894,2027-05-27,32
876,2894,2027-05-28,32
876,2894,2027-05-29,32
876,2894,2027-05-30,32
876,2894,2027-05-31,32
876,2894,2027-06-01,32
876,2894,2027-06-02,32
876,2894,2027-06-03,32
876,2894,2027-06-04,32
876,2894,2027-06-05,32
876,2894,2027-06-06,30
876,2894,2027-06-07,28
876,2894,2027-06-08,32
876,2894,2027-06-09,32
876,2894,2027-06-10,32
876,2894,2027-06-11,32
876,2894,2027-06-12,32
876,2894,2027-06-13,32
876,2894,2027-06-14,32
876,2894,2027-06-15,32
876,2894,2027-06-16,32
876,2894,2027-06-17,32
876,2894,2027-06-18,32
876,2894,2027-06-19,32
876,2894,2027-06-20,32
876,2894,2027-06-21,32
876,2894,2027-06-22,32
876,2894,2027-06-23,32
876,2894,2027-06-24,32
876,2895,2027-05-25,10
876,2895,2027-05-26,10
876,2895,2027-05-27,10
876,2895,2027-05-28,10
876,2895,2027-05-29,10
876,2895,2027-05-30,10
876,2895,2027-05-31,10
876,2895,2027-06-01,10
876,2895,2027-06-02,10
876,2895,2027-06-03,10
876,2895,2027-06-04,10
876,2895,2027-06-05,10
876,2895,2027-06-06,10
876,2895,2027-06-07,10
876,2895,2027-06-08,10
876,2895,2027-06-09,10
876,2895,2027-06-10,10
876,2895,2027-06-11,10
876,2895,2027-06-12,10
876,2895,2027-06-13,10
876,2895,2027-06-14,10
876,2895,2027-06-15,10
876,2895,2027-06-16,10
876,2895,2027-06-17,10
876,2895,2027-06-18,10
876,2895,2027-06-19,10
876,2895,2027-06-20,10
876,2895,2027-06-21,10
876,2895,2027-06-22,10
876,2895,2027-06-23,10
876,2895,2027-06-24,10
876,2896,2027-05-25,28
876,2896,2027-05-26,28
876,2896,2027-05-27,28
876,2896,2027-05-28,28
876,2896,2027-05-29,28
876,2896,2027-05-30,28
876,2896,2027-05-31,28
876,2896,2027-06-01,28
876,2896,2027-06-02,28
876,2896,2027-06-03,28
876,2896,2027-06-04,28
876,2896,2027-06-05,26
876,2896,2027-06-06,24
876,2896,2027-06-07,28
876,2896,2027-06-08,28
876,2896,2027-06-09,28
876,2896,2027-06-10,28
876,2896,2027-06-11,28
876,2896,2027-06-12,28
876,2896,2027-06-13,28
876,2896,2027-06-14,28
876,2896,2027-06-15,28
876,2896,2027-06-16,28
876,2896,2027-06-17,28
876,2896,2027-06-18,28
876,2896,2027-06-19,28
876,2896,2027-06-20,28
876,2896,2027-06-21,28
876,2896,2027-06-22,28
876,2896,2027-06-23,28
876,2896,2027-06-24,28
876,2897,2027-05-25,10
876,2897,2027-05-26,10
876,2897,2027-05-27,10
876,2897,2027-05-28,10
876,2897,2027-05-29,10
876,2897,2027-05-30,10
876,2897,2027-05-31,10
876,2897,2027-06-01,10
876,2897,2027-06-02,10
876,2897,2027-06-03,10
876,2897,2027-06-04,10
876,2897,2027-06-05,10
876,2897,2027-06-06,10
876,2897,2027-06-07,10
876,2897,2027-06-08,10
876,2897,2027-06-09,10
876,2897,2027-06-10,10
876,2897,2027-06-11,10
876,2897,2027-06-12,10
876,2897,2027-06-13,10
876,2897,2027-06-14,10
876,2897,2027-06-15,10
876,2897,2027-06-16,10
876,2897,2027-06-17,10
876,2897,2027-06-18,10
876,2897,2027-06-19,10
876,2897,2027-06-20,10
876,2897,2027-06-21,10
876,2897,2027-06-22,10
876,2897,2027-06-23,10
876,2897,2027-06-24,10
876,2898,2027-05-25,10
876,2898,2027-05-26,10
876,2898,2027-05-27,10
876,2898,2027-05-28,10
876,2898,2027-05-29,10
876,2898,2027-05-30,10
876,2898,2027-05-31,10
876,2898,2027-06-01,10
876,2898,2027-06-02,10
876,2898,2027-06-03,10
876,2898,2027-06-04,10
876,2898,2027-06-05,10
876,2898,2027-06-06,10
876,2898,2027-06-07,10
876,2898,2027-06-08,10
876,2898,2027-06-09,10
876,2898,2027-06-10,10
876,2898,2027-06-11,10
876,2898,2027-06-12,10
876,2898,2027-06-13,10
876,2898,2027-06-14,10
876,2898,2027-06-15,10
876,2898,2027-06-16,10
876,2898,2027-06-17,10
876,2898,2027-06-18,10
876,2898,2027-06-19,10
876,2898,2027-06-20,10
876,2898,2027-06-21,10
876,2898,2027-06-22,10
876,2898,2027-06-23,10
876,2898,2027-06-24,10
876,2899,2027-05-25,10
876,2899,2027-05-26,10
876,2899,2027-05-27,10
876,2899,2027-05-28,10
876,2899,2027-05-29,10
876,2899,2027-05-30,10
876,2899,2027-05-31,10
876,2899,2027-06-01,10
876,2899,2027-06-02,10
876,2899,2027-06-03,10
876,2899,2027-06-04,10
876,2899,2027-06-05,10
876,2899,2027-06-06,10
876,2899,2027-06-07,10
876,2899,2027-06-08,10
876,2899,2027-06-09,10
876,2899,2027-06-10,10
876,2899,2027-06-11,10
876,2899,2027-06-12,10
876,2899,2027-06-13,10
876,2899,2027-06-14,10
876,2899,2027-06-15,10
876,2899,2027-06-16,10
876,2899,2027-06-17,10
876,2899,2027-06-18,10
876,2899,2027-06-19,10
876,2899,2027-06-20,10
876,2899,2027-06-21,10
876,2899,2027-06-22,10
876,2899,2027-06-23,10
876,2899,2027-06-24,10
876,2900,2027-05-25,16
876,2900,2027-05-26,16
876,2900,2027-05-27,16
876,2900,2027-05-28,16
876,2900,2027-05-29,16
876,2900,2027-05-30,16
876,2900,2027-05-31,16
876,2900,2027-06-01,16
876,2900,2027-06-02,16
876,2900,2027-06-03,16
876,2900,2027-06-04,16
876,2900,2027-06-05,12
876,2900,2027-06-06,16
876,2900,2027-06-07,16
876,2900,2027-06-08,16
876,2900,2027-06-09,16
876,2900,2027-06-10,16
876,2900,2027-06-11,16
876,2900,2027-06-12,16
876,2900,2027-06-13,16
876,2900,2027-06-14,16
876,2900,2027-06-15,16
876,2900,2027-06-16,16
876,2900,2027-06-17,16
876,2900,2027-06-18,16
876,2900,2027-06-19,16
876,2900,2027-06-20,16
876,2900,2027-06-21,16
876,2900,2027-06-22,16
876,2900,2027-06-23,16
876,2900,2027-06-24,16
876,2901,2027-05-25,20
876,2901,2027-05-26,20
876,2901,2027-05-27,20
876,2901,2027-05-28,20
876,2901,2027-05-29,20
876,2901,2027-05-30,20
876,2901,2027-05-31,20
876,2901,2027-06-01,20
876,2901,2027-06-02,20
876,2901,2027-06-03,20
876,2901,2027-06-04,20
876,2901,2027-06-05,20
876,2901,2027-06-06,20
876,2901,2027-06-07,20
876,2901,2027-06-08,20
876,2901,2027-06-09,20
876,2901,2027-06-10,20
876,2901,2027-06-11,20
876,2901,2027-06-12,20
876,2901,2027-06-13,20
876,2901,2027-06-14,20
876,2901,2027-06-15,20
876,2901,2027-06-16,20
876,2901,2027-06-17,20
876,2901,2027-06-18,20
876,2901,2027-06-19,20
876,2901,2027-06-20,20
876,2901,2027-06-21,20
876,2901,2027-06-22,20
876,2901,2027-06-23,20
876,2901,2027-06-24,20
876,2902,2027-05-25,28
876,2902,2027-05-26,28
876,2902,2027-05-27,28
876,2902,2027-05-28,28
876,2902,2027-05-29,28
876,2902,2027-05-30,28
876,2902,2027-05-31,28
876,2902,2027-06-01,28
876,2902,2027-06-02,28
876,2902,2027-06-03,28
876,2902,2027-06-04,22
876,2902,2027-06-05,28
876,2902,2027-06-06,28
876,2902,2027-06-07,28
876,2902,2027-06-08,28
876,2902,2027-06-09,28
876,2902,2027-06-10,28
876,2902,2027-06-11,28
876,2902,2027-06-12,28
876,2902,2027-06-13,28
876,2902,2027-06-14,28
876,2902,2027-06-15,28
876,2902,2027-06-16,28
876,2902,2027-06-17,28
876,2902,2027-06-18,28
876,2902,2027-06-19,28
876,2902,2027-06-20,28
876,2902,2027-06-21,28
876,2902,2027-06-22,28
876,2902,2027-06-23,28
876,2902,2027-06-24,28
874,2860,2026-08-28,0
874,2860,2026-08-29,0
874,2860,2026-08-30,0
874,2860,2026-08-31,0
874,2860,2026-09-01,0
874,2860,2026-09-02,0
874,2860,2026-09-03,0
874,2860,2026-09-04,0
874,2860,2026-09-05,0
874,2860,2026-09-06,0
874,2860,2026-09-07,0
874,2860,2026-09-08,0
874,2860,2026-09-09,0
874,2860,2026-09-10,0
874,2860,2026-09-11,0
874,2860,2026-09-12,0
874,2860,2026-09-13,0
874,2860,2026-09-14,0
874,2860,2026-09-15,0
874,2860,2026-09-16,0
874,2860,2026-09-17,0
874,2860,2026-09-18,0
874,2860,2026-09-19,0
874,2860,2026-09-20,0
874,2860,2026-09-21,0
874,2860,2026-09-22,0
874,2860,2026-09-23,0
874,2860,2026-09-24,0
874,2860,2026-09-25,0
874,2860,2026-09-26,0
874,2860,2026-09-27,0
874,2861,2026-08-28,0
874,2861,2026-08-29,0
874,2861,2026-08-30,0
874,2861,2026-08-31,0
874,2861,2026-09-01,0
874,2861,2026-09-02,0
874,2861,2026-09-03,0
874,2861,2026-09-04,0
874,2861,2026-09-05,0
874,2861,2026-09-06,0
874,2861,2026-09-07,0
874,2861,2026-09-08,0
874,2861,2026-09-09,0
874,2861,2026-09-10,0
874,2861,2026-09-11,0
874,2861,2026-09-12,0
874,2861,2026-09-13,0
874,2861,2026-09-14,0
874,2861,2026-09-15,0
874,2861,2026-09-16,0
874,2861,2026-09-17,0
874,2861,2026-09-18,0
874,2861,2026-09-19,0
874,2861,2026-09-20,0
874,2861,2026-09-21,0
874,2861,2026-09-22,0
874,2861,2026-09-23,0
874,2861,2026-09-24,0
874,2861,2026-09-25,0
874,2861,2026-09-26,0
874,2861,2026-09-27,0
874,2862,2026-08-28,0
874,2862,2026-08-29,0
874,2862,2026-08-30,0
874,2862,2026-08-31,0
874,2862,2026-09-01,0
874,2862,2026-09-02,0
874,2862,2026-09-03,0
874,2862,2026-09-04,0
874,2862,2026-09-05,0
874,2862,2026-09-06,0
874,2862,2026-09-07,0
874,2862,2026-09-08,0
874,2862,2026-09-09,0
874,2862,2026-09-10,0
874,2862,2026-09-11,0
874,2862,2026-09-12,0
874,2862,2026-09-13,0
874,2862,2026-09-14,0
874,2862,2026-09-15,0
874,2862,2026-09-16,0
874,2862,2026-09-17,0
874,2862,2026-09-18,0
874,2862,2026-09-19,0
874,2862,2026-09-20,0
874,2862,2026-09-21,0
874,2862,2026-09-22,0
874,2862,2026-09-23,0
874,2862,2026-09-24,0
874,2862,2026-09-25,0
874,2862,2026-09-26,0
874,2862,2026-09-27,0
874,2863,2026-08-28,0
874,2863,2026-08-29,0
874,2863,2026-08-30,0
874,2863,2026-08-31,0
874,2863,2026-09-01,0
874,2863,2026-09-02,0
874,2863,2026-09-03,0
874,2863,2026-09-04,0
874,2863,2026-09-05,0
874,2863,2026-09-06,0
874,2863,2026-09-07,0
874,2863,2026-09-08,0
874,2863,2026-09-09,0
874,2863,2026-09-10,0
874,2863,2026-09-11,0
874,2863,2026-09-12,0
874,2863,2026-09-13,0
874,2863,2026-09-14,0
874,2863,2026-09-15,0
874,2863,2026-09-16,0
874,2863,2026-09-17,0
874,2863,2026-09-18,0
874,2863,2026-09-19,0
874,2863,2026-09-20,0
874,2863,2026-09-21,0
874,2863,2026-09-22,0
874,2863,2026-09-23,0
874,2863,2026-09-24,0
874,2863,2026-09-25,0
874,2863,2026-09-26,0
874,2863,2026-09-27,0
874,2864,2026-08-28,0
874,2864,2026-08-29,0
874,2864,2026-08-30,0
874,2864,2026-08-31,0
874,2864,2026-09-01,0
874,2864,2026-09-02,0
874,2864,2026-09-03,0
874,2864,2026-09-04,0
874,2864,2026-09-05,0
874,2864,2026-09-06,0
874,2864,2026-09-07,0
874,2864,2026-09-08,0
874,2864,2026-09-09,0
874,2864,2026-09-10,0
874,2864,2026-09-11,0
874,2864,2026-09-12,0
874,2864,2026-09-13,0
874,2864,2026-09-14,0
874,2864,2026-09-15,0
874,2864,2026-09-16,0
874,2864,2026-09-17,0
874,2864,2026-09-18,0
874,2864,2026-09-19,0
874,2864,2026-09-20,0
874,2864,2026-09-21,0
874,2864,2026-09-22,0
874,2864,2026-09-23,0
874,2864,2026-09-24,0
874,2864,2026-09-25,0
874,2864,2026-09-26,0
874,2864,2026-09-27,0
874,2860,2026-06-29,0
874,2860,2026-06-30,0
874,2860,2026-07-01,0
874,2860,2026-07-02,0
874,2860,2026-07-03,0
874,2860,2026-07-04,0
874,2860,2026-07-05,0
874,2860,2026-07-06,0
874,2860,2026-07-07,0
874,2860,2026-07-08,0
874,2860,2026-07-09,0
874,2860,2026-07-10,0
874,2860,2026-07-11,0
874,2860,2026-07-12,0
874,2860,2026-07-13,0
874,2860,2026-07-14,0
874,2860,2026-07-15,0
874,2860,2026-07-16,0
874,2860,2026-07-17,0
874,2860,2026-07-18,0
874,2860,2026-07-19,0
874,2860,2026-07-20,0
874,2860,2026-07-21,0
874,2860,2026-07-22,0
874,2860,2026-07-23,0
874,2860,2026-07-24,0
874,2860,2026-07-25,0
874,2860,2026-07-26,0
874,2860,2026-07-27,0
874,2860,2026-07-28,0
874,2860,2026-07-29,0
874,2861,2026-06-29,0
874,2861,2026-06-30,0
874,2861,2026-07-01,0
874,2861,2026-07-02,0
874,2861,2026-07-03,0
874,2861,2026-07-04,0
874,2861,2026-07-05,0
874,2861,2026-07-06,0
874,2861,2026-07-07,0
874,2861,2026-07-08,0
874,2861,2026-07-09,0
874,2861,2026-07-10,0
874,2861,2026-07-11,0
874,2861,2026-07-12,0
874,2861,2026-07-13,0
874,2861,2026-07-14,0
874,2861,2026-07-15,0
874,2861,2026-07-16,0
874,2861,2026-07-17,0
874,2861,2026-07-18,0
874,2861,2026-07-19,0
874,2861,2026-07-20,0
874,2861,2026-07-21,0
874,2861,2026-07-22,0
874,2861,2026-07-23,0
874,2861,2026-07-24,0
874,2861,2026-07-25,0
874,2861,2026-07-26,0
874,2861,2026-07-27,0
874,2861,2026-07-28,0
874,2861,2026-07-29,0
874,2862,2026-06-29,0
874,2862,2026-06-30,0
874,2862,2026-07-01,0
874,2862,2026-07-02,0
874,2862,2026-07-03,0
874,2862,2026-07-04,0
874,2862,2026-07-05,0
874,2862,2026-07-06,0
874,2862,2026-07-07,0
874,2862,2026-07-08,0
874,2862,2026-07-09,0
874,2862,2026-07-10,0
874,2862,2026-07-11,0
874,2862,2026-07-12,0
874,2862,2026-07-13,0
874,2862,2026-07-14,0
874,2862,2026-07-15,0
874,2862,2026-07-16,0
874,2862,2026-07-17,0
874,2862,2026-07-18,0
874,2862,2026-07-19,0
874,2862,2026-07-20,0
874,2862,2026-07-21,0
874,2862,2026-07-22,0
874,2862,2026-07-23,0
874,2862,2026-07-24,0
874,2862,2026-07-25,0
874,2862,2026-07-26,0
874,2862,2026-07-27,0
874,2862,2026-07-28,0
874,2862,2026-07-29,0
874,2863,2026-06-29,0
874,2863,2026-06-30,0
874,2863,2026-07-01,0
874,2863,2026-07-02,0
874,2863,2026-07-03,0
874,2863,2026-07-04,0
874,2863,2026-07-05,0
874,2863,2026-07-06,0
874,2863,2026-07-07,0
874,2863,2026-07-08,0
874,2863,2026-07-09,0
874,2863,2026-07-10,0
874,2863,2026-07-11,0
874,2863,2026-07-12,0
874,2863,2026-07-13,0
874,2863,2026-07-14,0
874,2863,2026-07-15,0
874,2863,2026-07-16,0
874,2863,2026-07-17,0
874,2863,2026-07-18,0
874,2863,2026-07-19,0
874,2863,2026-07-20,0
874,2863,2026-07-21,0
874,2863,2026-07-22,0
874,2863,2026-07-23,0
874,2863,2026-07-24,0
874,2863,2026-07-25,0
874,2863,2026-07-26,0
874,2863,2026-07-27,0
874,2863,2026-07-28,0
874,2863,2026-07-29,0
874,2864,2026-06-29,0
874,2864,2026-06-30,0
874,2864,2026-07-01,0
874,2864,2026-07-02,0
874,2864,2026-07-03,0
874,2864,2026-07-04,0
874,2864,2026-07-05,0
874,2864,2026-07-06,0
874,2864,2026-07-07,0
874,2864,2026-07-08,0
874,2864,2026-07-09,0
874,2864,2026-07-10,0
874,2864,2026-07-11,0
874,2864,2026-07-12,0
874,2864,2026-07-13,0
874,2864,2026-07-14,0
874,2864,2026-07-15,0
874,2864,2026-07-16,0
874,2864,2026-07-17,0
874,2864,2026-07-18,0
874,2864,2026-07-19,0
874,2864,2026-07-20,0
874,2864,2026-07-21,0
874,2864,2026-07-22,0
874,2864,2026-07-23,0
874,2864,2026-07-24,0
874,2864,2026-07-25,0
874,2864,2026-07-26,0
874,2864,2026-07-27,0
874,2864,2026-07-28,0
874,2864,2026-07-29,0
874,2860,2026-07-29,0
874,2860,2026-07-30,0
874,2860,2026-07-31,0
874,2860,2026-08-01,0
874,2860,2026-08-02,0
874,2860,2026-08-03,0
874,2860,2026-08-04,0
874,2860,2026-08-05,0
874,2860,2026-08-06,0
874,2860,2026-08-07,0
874,2860,2026-08-08,0
874,2860,2026-08-09,0
874,2860,2026-08-10,0
874,2860,2026-08-11,0
874,2860,2026-08-12,0
874,2860,2026-08-13,0
874,2860,2026-08-14,0
874,2860,2026-08-15,0
874,2860,2026-08-16,0
874,2860,2026-08-17,0
874,2860,2026-08-18,0
874,2860,2026-08-19,0
874,2860,2026-08-20,0
874,2860,2026-08-21,0
874,2860,2026-08-22,0
874,2860,2026-08-23,0
874,2860,2026-08-24,0
874,2860,2026-08-25,0
874,2860,2026-08-26,0
874,2860,2026-08-27,0
874,2860,2026-08-28,0
874,2861,2026-07-29,0
874,2861,2026-07-30,0
874,2861,2026-07-31,0
874,2861,2026-08-01,0
874,2861,2026-08-02,0
874,2861,2026-08-03,0
874,2861,2026-08-04,0
874,2861,2026-08-05,0
874,2861,2026-08-06,0
874,2861,2026-08-07,0
874,2861,2026-08-08,0
874,2861,2026-08-09,0
874,2861,2026-08-10,0
874,2861,2026-08-11,0
874,2861,2026-08-12,0
874,2861,2026-08-13,0
874,2861,2026-08-14,0
874,2861,2026-08-15,0
874,2861,2026-08-16,0
874,2861,2026-08-17,0
874,2861,2026-08-18,0
874,2861,2026-08-19,0
874,2861,2026-08-20,0
874,2861,2026-08-21,0
874,2861,2026-08-22,0
874,2861,2026-08-23,0
874,2861,2026-08-24,0
874,2861,2026-08-25,0
874,2861,2026-08-26,0
874,2861,2026-08-27,0
874,2861,2026-08-28,0
874,2862,2026-07-29,0
874,2862,2026-07-30,0
874,2862,2026-07-31,0
874,2862,2026-08-01,0
874,2862,2026-08-02,0
874,2862,2026-08-03,0
874,2862,2026-08-04,0
874,2862,2026-08-05,0
874,2862,2026-08-06,0
874,2862,2026-08-07,0
874,2862,2026-08-08,0
874,2862,2026-08-09,0
874,2862,2026-08-10,0
874,2862,2026-08-11,0
874,2862,2026-08-12,0
874,2862,2026-08-13,0
874,2862,2026-08-14,0
874,2862,2026-08-15,0
874,2862,2026-08-16,0
874,2862,2026-08-17,0
874,2862,2026-08-18,0
874,2862,2026-08-19,0
874,2862,2026-08-20,0
874,2862,2026-08-21,0
874,2862,2026-08-22,0
874,2862,2026-08-23,0
874,2862,2026-08-24,0
874,2862,2026-08-25,0
874,2862,2026-08-26,0
874,2862,2026-08-27,0
874,2862,2026-08-28,0
874,2863,2026-07-29,0
874,2863,2026-07-30,0
874,2863,2026-07-31,0
874,2863,2026-08-01,0
874,2863,2026-08-02,0
874,2863,2026-08-03,0
874,2863,2026-08-04,0
874,2863,2026-08-05,0
874,2863,2026-08-06,0
874,2863,2026-08-07,0
874,2863,2026-08-08,0
874,2863,2026-08-09,0
874,2863,2026-08-10,0
874,2863,2026-08-11,0
874,2863,2026-08-12,0
874,2863,2026-08-13,0
874,2863,2026-08-14,0
874,2863,2026-08-15,0
874,2863,2026-08-16,0
874,2863,2026-08-17,0
874,2863,2026-08-18,0
874,2863,2026-08-19,0
874,2863,2026-08-20,0
874,2863,2026-08-21,0
874,2863,2026-08-22,0
874,2863,2026-08-23,0
874,2863,2026-08-24,0
874,2863,2026-08-25,0
874,2863,2026-08-26,0
874,2863,2026-08-27,0
874,2863,2026-08-28,0
874,2864,2026-07-29,0
874,2864,2026-07-30,0
874,2864,2026-07-31,0
874,2864,2026-08-01,0
874,2864,2026-08-02,0
874,2864,2026-08-03,0
874,2864,2026-08-04,0
874,2864,2026-08-05,0
874,2864,2026-08-06,0
874,2864,2026-08-07,0
874,2864,2026-08-08,0
874,2864,2026-08-09,0
874,2864,2026-08-10,0
874,2864,2026-08-11,0
874,2864,2026-08-12,0
874,2864,2026-08-13,0
874,2864,2026-08-14,0
874,2864,2026-08-15,0
874,2864,2026-08-16,0
874,2864,2026-08-17,0
874,2864,2026-08-18,0
874,2864,2026-08-19,0
874,2864,2026-08-20,0
874,2864,2026-08-21,0
874,2864,2026-08-22,0
874,2864,2026-08-23,0
874,2864,2026-08-24,0
874,2864,2026-08-25,0
874,2864,2026-08-26,0
874,2864,2026-08-27,0
874,2864,2026-08-28,0
874,2860,2026-09-27,0
874,2860,2026-09-28,0
874,2860,2026-09-29,0
874,2860,2026-09-30,0
874,2860,2026-10-01,0
874,2860,2026-10-02,0
874,2860,2026-10-03,0
874,2860,2026-10-04,0
874,2860,2026-10-05,0
874,2860,2026-10-06,0
874,2860,2026-10-07,0
874,2860,2026-10-08,0
874,2860,2026-10-09,0
874,2860,2026-10-10,0
874,2860,2026-10-11,0
874,2860,2026-10-12,0
874,2860,2026-10-13,0
874,2860,2026-10-14,0
874,2860,2026-10-15,0
874,2860,2026-10-16,0
874,2860,2026-10-17,0
874,2860,2026-10-18,0
874,2860,2026-10-19,0
874,2860,2026-10-20,0
874,2860,2026-10-21,0
874,2860,2026-10-22,0
874,2860,2026-10-23,0
874,2860,2026-10-24,0
874,2860,2026-10-25,0
874,2860,2026-10-26,0
874,2860,2026-10-27,0
874,2861,2026-09-27,0
874,2861,2026-09-28,0
874,2861,2026-09-29,0
874,2861,2026-09-30,0
874,2861,2026-10-01,0
874,2861,2026-10-02,0
874,2861,2026-10-03,0
874,2861,2026-10-04,0
874,2861,2026-10-05,0
874,2861,2026-10-06,0
874,2861,2026-10-07,0
874,2861,2026-10-08,0
874,2861,2026-10-09,0
874,2861,2026-10-10,0
874,2861,2026-10-11,0
874,2861,2026-10-12,0
874,2861,2026-10-13,0
874,2861,2026-10-14,0
874,2861,2026-10-15,0
874,2861,2026-10-16,0
874,2861,2026-10-17,0
874,2861,2026-10-18,0
874,2861,2026-10-19,0
874,2861,2026-10-20,0
874,2861,2026-10-21,0
874,2861,2026-10-22,0
874,2861,2026-10-23,0
874,2861,2026-10-24,0
874,2861,2026-10-25,0
874,2861,2026-10-26,0
874,2861,2026-10-27,0
874,2862,2026-09-27,0
874,2862,2026-09-28,0
874,2862,2026-09-29,0
874,2862,2026-09-30,0
874,2862,2026-10-01,0
874,2862,2026-10-02,0
874,2862,2026-10-03,0
874,2862,2026-10-04,0
874,2862,2026-10-05,0
874,2862,2026-10-06,0
874,2862,2026-10-07,0
874,2862,2026-10-08,0
874,2862,2026-10-09,0
874,2862,2026-10-10,0
874,2862,2026-10-11,0
874,2862,2026-10-12,0
874,2862,2026-10-13,0
874,2862,2026-10-14,0
874,2862,2026-10-15,0
874,2862,2026-10-16,0
874,2862,2026-10-17,0
874,2862,2026-10-18,0
874,2862,2026-10-19,0
874,2862,2026-10-20,0
874,2862,2026-10-21,0
874,2862,2026-10-22,0
874,2862,2026-10-23,0
874,2862,2026-10-24,0
874,2862,2026-10-25,0
874,2862,2026-10-26,0
874,2862,2026-10-27,0
874,2863,2026-09-27,0
874,2863,2026-09-28,0
874,2863,2026-09-29,0
874,2863,2026-09-30,0
874,2863,2026-10-01,0
874,2863,2026-10-02,0
874,2863,2026-10-03,0
874,2863,2026-10-04,0
874,2863,2026-10-05,0
874,2863,2026-10-06,0
874,2863,2026-10-07,0
874,2863,2026-10-08,0
874,2863,2026-10-09,0
874,2863,2026-10-10,0
874,2863,2026-10-11,0
874,2863,2026-10-12,0
874,2863,2026-10-13,0
874,2863,2026-10-14,0
874,2863,2026-10-15,0
874,2863,2026-10-16,0
874,2863,2026-10-17,0
874,2863,2026-10-18,0
874,2863,2026-10-19,0
874,2863,2026-10-20,0
874,2863,2026-10-21,0
874,2863,2026-10-22,0
874,2863,2026-10-23,0
874,2863,2026-10-24,0
874,2863,2026-10-25,0
874,2863,2026-10-26,0
874,2863,2026-10-27,0
874,2864,2026-09-27,0
874,2864,2026-09-28,0
874,2864,2026-09-29,0
874,2864,2026-09-30,0
874,2864,2026-10-01,0
874,2864,2026-10-02,0
874,2864,2026-10-03,0
874,2864,2026-10-04,0
874,2864,2026-10-05,0
874,2864,2026-10-06,0
874,2864,2026-10-07,0
874,2864,2026-10-08,0
874,2864,2026-10-09,0
874,2864,2026-10-10,0
874,2864,2026-10-11,0
874,2864,2026-10-12,0
874,2864,2026-10-13,0
874,2864,2026-10-14,0
874,2864,2026-10-15,0
874,2864,2026-10-16,0
874,2864,2026-10-17,0
874,2864,2026-10-18,0
874,2864,2026-10-19,0
874,2864,2026-10-20,0
874,2864,2026-10-21,0
874,2864,2026-10-22,0
874,2864,2026-10-23,0
874,2864,2026-10-24,0
874,2864,2026-10-25,0
874,2864,2026-10-26,0
874,2864,2026-10-27,0
874,2860,2026-05-30,0
874,2860,2026-05-31,0
874,2860,2026-06-01,0
874,2860,2026-06-02,0
874,2860,2026-06-03,0
874,2860,2026-06-04,0
874,2860,2026-06-05,0
874,2860,2026-06-06,0
874,2860,2026-06-07,0
874,2860,2026-06-08,0
874,2860,2026-06-09,0
874,2860,2026-06-10,0
874,2860,2026-06-11,0
874,2860,2026-06-12,0
874,2860,2026-06-13,0
874,2860,2026-06-14,0
874,2860,2026-06-15,0
874,2860,2026-06-16,0
874,2860,2026-06-17,0
874,2860,2026-06-18,0
874,2860,2026-06-19,0
874,2860,2026-06-20,0
874,2860,2026-06-21,0
874,2860,2026-06-22,0
874,2860,2026-06-23,0
874,2860,2026-06-24,0
874,2860,2026-06-25,0
874,2860,2026-06-26,0
874,2860,2026-06-27,0
874,2860,2026-06-28,0
874,2860,2026-06-29,0
874,2861,2026-05-30,0
874,2861,2026-05-31,0
874,2861,2026-06-01,0
874,2861,2026-06-02,0
874,2861,2026-06-03,0
874,2861,2026-06-04,0
874,2861,2026-06-05,0
874,2861,2026-06-06,0
874,2861,2026-06-07,0
874,2861,2026-06-08,0
874,2861,2026-06-09,0
874,2861,2026-06-10,0
874,2861,2026-06-11,0
874,2861,2026-06-12,0
874,2861,2026-06-13,0
874,2861,2026-06-14,0
874,2861,2026-06-15,0
874,2861,2026-06-16,0
874,2861,2026-06-17,0
874,2861,2026-06-18,0
874,2861,2026-06-19,0
874,2861,2026-06-20,0
874,2861,2026-06-21,0
874,2861,2026-06-22,0
874,2861,2026-06-23,0
874,2861,2026-06-24,0
874,2861,2026-06-25,0
874,2861,2026-06-26,0
874,2861,2026-06-27,0
874,2861,2026-06-28,0
874,2861,2026-06-29,0
874,2862,2026-05-30,0
874,2862,2026-05-31,0
874,2862,2026-06-01,0
874,2862,2026-06-02,0
874,2862,2026-06-03,0
874,2862,2026-06-04,0
874,2862,2026-06-05,0
874,2862,2026-06-06,0
874,2862,2026-06-07,0
874,2862,2026-06-08,0
874,2862,2026-06-09,0
874,2862,2026-06-10,0
874,2862,2026-06-11,0
874,2862,2026-06-12,0
874,2862,2026-06-13,0
874,2862,2026-06-14,0
874,2862,2026-06-15,0
874,2862,2026-06-16,0
874,2862,2026-06-17,0
874,2862,2026-06-18,0
874,2862,2026-06-19,0
874,2862,2026-06-20,0
874,2862,2026-06-21,0
874,2862,2026-06-22,0
874,2862,2026-06-23,0
874,2862,2026-06-24,0
874,2862,2026-06-25,0
874,2862,2026-06-26,0
874,2862,2026-06-27,0
874,2862,2026-06-28,0
874,2862,2026-06-29,0
874,2863,2026-05-30,0
874,2863,2026-05-31,0
874,2863,2026-06-01,0
874,2863,2026-06-02,0
874,2863,2026-06-03,0
874,2863,2026-06-04,0
874,2863,2026-06-05,0
874,2863,2026-06-06,0
874,2863,2026-06-07,0
874,2863,2026-06-08,0
874,2863,2026-06-09,0
874,2863,2026-06-10,0
874,2863,2026-06-11,0
874,2863,2026-06-12,0
874,2863,2026-06-13,0
874,2863,2026-06-14,0
874,2863,2026-06-15,0
874,2863,2026-06-16,0
874,2863,2026-06-17,0
874,2863,2026-06-18,0
874,2863,2026-06-19,0
874,2863,2026-06-20,0
874,2863,2026-06-21,0
874,2863,2026-06-22,0
874,2863,2026-06-23,0
874,2863,2026-06-24,0
874,2863,2026-06-25,0
874,2863,2026-06-26,0
874,2863,2026-06-27,0
874,2863,2026-06-28,0
874,2863,2026-06-29,0
874,2864,2026-05-30,0
874,2864,2026-05-31,0
874,2864,2026-06-01,0
874,2864,2026-06-02,0
874,2864,2026-06-03,0
874,2864,2026-06-04,0
874,2864,2026-06-05,0
874,2864,2026-06-06,0
874,2864,2026-06-07,0
874,2864,2026-06-08,0
874,2864,2026-06-09,0
874,2864,2026-06-10,0
874,2864,2026-06-11,0
874,2864,2026-06-12,0
874,2864,2026-06-13,0
874,2864,2026-06-14,0
874,2864,2026-06-15,0
874,2864,2026-06-16,0
874,2864,2026-06-17,0
874,2864,2026-06-18,0
874,2864,2026-06-19,0
874,2864,2026-06-20,0
874,2864,2026-06-21,0
874,2864,2026-06-22,0
874,2864,2026-06-23,0
874,2864,2026-06-24,0
874,2864,2026-06-25,0
874,2864,2026-06-26,0
874,2864,2026-06-27,0
874,2864,2026-06-28,0
874,2864,2026-06-29,0
874,2860,2026-10-27,0
874,2860,2026-10-28,0
874,2860,2026-10-29,0
874,2860,2026-10-30,0
874,2860,2026-10-31,0
874,2860,2026-11-01,1
874,2860,2026-11-02,0
874,2860,2026-11-03,0
874,2860,2026-11-04,0
874,2860,2026-11-05,0
874,2860,2026-11-06,0
874,2860,2026-11-07,0
874,2860,2026-11-08,0
874,2860,2026-11-09,0
874,2860,2026-11-10,0
874,2860,2026-11-11,0
874,2860,2026-11-12,0
874,2860,2026-11-13,0
874,2860,2026-11-14,0
874,2860,2026-11-15,0
874,2860,2026-11-16,0
874,2860,2026-11-17,0
874,2860,2026-11-18,0
874,2860,2026-11-19,0
874,2860,2026-11-20,0
874,2860,2026-11-21,0
874,2860,2026-11-22,0
874,2860,2026-11-23,0
874,2860,2026-11-24,0
874,2860,2026-11-25,0
874,2860,2026-11-26,0
874,2861,2026-10-27,0
874,2861,2026-10-28,0
874,2861,2026-10-29,0
874,2861,2026-10-30,0
874,2861,2026-10-31,0
874,2861,2026-11-01,0
874,2861,2026-11-02,0
874,2861,2026-11-03,0
874,2861,2026-11-04,0
874,2861,2026-11-05,0
874,2861,2026-11-06,0
874,2861,2026-11-07,0
874,2861,2026-11-08,0
874,2861,2026-11-09,0
874,2861,2026-11-10,0
874,2861,2026-11-11,0
874,2861,2026-11-12,0
874,2861,2026-11-13,0
874,2861,2026-11-14,0
874,2861,2026-11-15,0
874,2861,2026-11-16,0
874,2861,2026-11-17,0
874,2861,2026-11-18,0
874,2861,2026-11-19,0
874,2861,2026-11-20,0
874,2861,2026-11-21,0
874,2861,2026-11-22,0
874,2861,2026-11-23,0
874,2861,2026-11-24,0
874,2861,2026-11-25,0
874,2861,2026-11-26,0
874,2862,2026-10-27,0
874,2862,2026-10-28,0
874,2862,2026-10-29,0
874,2862,2026-10-30,0
874,2862,2026-10-31,0
874,2862,2026-11-01,0
874,2862,2026-11-02,0
874,2862,2026-11-03,1
874,2862,2026-11-04,0
874,2862,2026-11-05,0
874,2862,2026-11-06,0
874,2862,2026-11-07,0
874,2862,2026-11-08,0
874,2862,2026-11-09,0
874,2862,2026-11-10,0
874,2862,2026-11-11,1
874,2862,2026-11-12,1
874,2862,2026-11-13,0
874,2862,2026-11-14,0
874,2862,2026-11-15,0
874,2862,2026-11-16,0
874,2862,2026-11-17,0
874,2862,2026-11-18,0
874,2862,2026-11-19,0
874,2862,2026-11-20,0
874,2862,2026-11-21,0
874,2862,2026-11-22,0
874,2862,2026-11-23,0
874,2862,2026-11-24,0
874,2862,2026-11-25,0
874,2862,2026-11-26,0
874,2863,2026-10-27,0
874,2863,2026-10-28,0
874,2863,2026-10-29,0
874,2863,2026-10-30,0
874,2863,2026-10-31,0
874,2863,2026-11-01,24
874,2863,2026-11-02,11
874,2863,2026-11-03,28
874,2863,2026-11-04,21
874,2863,2026-11-05,14
874,2863,2026-11-06,28
874,2863,2026-11-07,21
874,2863,2026-11-08,22
874,2863,2026-11-09,25
874,2863,2026-11-10,24
874,2863,2026-11-11,23
874,2863,2026-11-12,26
874,2863,2026-11-13,25
874,2863,2026-11-14,21
874,2863,2026-11-15,28
874,2863,2026-11-16,24
874,2863,2026-11-17,19
874,2863,2026-11-18,25
874,2863,2026-11-19,26
874,2863,2026-11-20,21
874,2863,2026-11-21,16
874,2863,2026-11-22,22
874,2863,2026-11-23,23
874,2863,2026-11-24,10
874,2863,2026-11-25,27
874,2863,2026-11-26,29
874,2864,2026-10-27,0
874,2864,2026-10-28,0
874,2864,2026-10-29,0
874,2864,2026-10-30,0
874,2864,2026-10-31,0
874,2864,2026-11-01,12
874,2864,2026-11-02,0
874,2864,2026-11-03,8
874,2864,2026-11-04,5
874,2864,2026-11-05,10
874,2864,2026-11-06,1
874,2864,2026-11-07,0
874,2864,2026-11-08,11
874,2864,2026-11-09,17
874,2864,2026-11-10,4
874,2864,2026-11-11,7
874,2864,2026-11-12,15
874,2864,2026-11-13,7
874,2864,2026-11-14,0
874,2864,2026-11-15,17
874,2864,2026-11-16,6
874,2864,2026-11-17,6
874,2864,2026-11-18,3
874,2864,2026-11-19,11
874,2864,2026-11-20,8
874,2864,2026-11-21,0
874,2864,2026-11-22,12
874,2864,2026-11-23,1
874,2864,2026-11-24,9
874,2864,2026-11-25,1
874,2864,2026-11-26,3
874,2860,2026-11-26,0
874,2860,2026-11-27,0
874,2860,2026-11-28,0
874,2860,2026-11-29,0
874,2860,2026-11-30,0
874,2860,2026-12-01,0
874,2860,2026-12-02,0
874,2860,2026-12-03,0
874,2860,2026-12-04,0
874,2860,2026-12-05,0
874,2860,2026-12-06,0
874,2860,2026-12-07,0
874,2860,2026-12-08,0
874,2860,2026-12-09,0
874,2860,2026-12-10,0
874,2860,2026-12-11,0
874,2860,2026-12-12,0
874,2860,2026-12-13,0
874,2860,2026-12-14,0
874,2860,2026-12-15,0
874,2860,2026-12-16,0
874,2860,2026-12-17,0
874,2860,2026-12-18,0
874,2860,2026-12-19,-2
874,2860,2026-12-20,0
874,2860,2026-12-21,0
874,2860,2026-12-22,0
874,2860,2026-12-23,0
874,2860,2026-12-24,0
874,2860,2026-12-25,0
874,2860,2026-12-26,0
874,2861,2026-11-26,0
874,2861,2026-11-27,0
874,2861,2026-11-28,0
874,2861,2026-11-29,0
874,2861,2026-11-30,0
874,2861,2026-12-01,0
874,2861,2026-12-02,0
874,2861,2026-12-03,0
874,2861,2026-12-04,0
874,2861,2026-12-05,0
874,2861,2026-12-06,0
874,2861,2026-12-07,0
874,2861,2026-12-08,0
874,2861,2026-12-09,0
874,2861,2026-12-10,0
874,2861,2026-12-11,0
874,2861,2026-12-12,0
874,2861,2026-12-13,0
874,2861,2026-12-14,0
874,2861,2026-12-15,0
874,2861,2026-12-16,0
874,2861,2026-12-17,-1
874,2861,2026-12-18,0
874,2861,2026-12-19,0
874,2861,2026-12-20,0
874,2861,2026-12-21,0
874,2861,2026-12-22,0
874,2861,2026-12-23,0
874,2861,2026-12-24,0
874,2861,2026-12-25,0
874,2861,2026-12-26,0
874,2862,2026-11-26,0
874,2862,2026-11-27,0
874,2862,2026-11-28,0
874,2862,2026-11-29,0
874,2862,2026-11-30,0
874,2862,2026-12-01,0
874,2862,2026-12-02,0
874,2862,2026-12-03,0
874,2862,2026-12-04,0
874,2862,2026-12-05,0
874,2862,2026-12-06,0
874,2862,2026-12-07,0
874,2862,2026-12-08,0
874,2862,2026-12-09,0
874,2862,2026-12-10,0
874,2862,2026-12-11,0
874,2862,2026-12-12,0
874,2862,2026-12-13,0
874,2862,2026-12-14,0
874,2862,2026-12-15,0
874,2862,2026-12-16,0
874,2862,2026-12-17,0
874,2862,2026-12-18,0
874,2862,2026-12-19,0
874,2862,2026-12-20,0
874,2862,2026-12-21,0
874,2862,2026-12-22,0
874,2862,2026-12-23,0
874,2862,2026-12-24,0
874,2862,2026-12-25,0
874,2862,2026-12-26,0
874,2863,2026-11-26,29
874,2863,2026-11-27,20
874,2863,2026-11-28,12
874,2863,2026-11-29,15
874,2863,2026-11-30,17
874,2863,2026-12-01,28
874,2863,2026-12-02,30
874,2863,2026-12-03,28
874,2863,2026-12-04,23
874,2863,2026-12-05,23
874,2863,2026-12-06,26
874,2863,2026-12-07,24
874,2863,2026-12-08,20
874,2863,2026-12-09,28
874,2863,2026-12-10,24
874,2863,2026-12-11,23
874,2863,2026-12-12,20
874,2863,2026-12-13,23
874,2863,2026-12-14,22
874,2863,2026-12-15,15
874,2863,2026-12-16,21
874,2863,2026-12-17,24
874,2863,2026-12-18,14
874,2863,2026-12-19,21
874,2863,2026-12-20,20
874,2863,2026-12-21,22
874,2863,2026-12-22,23
874,2863,2026-12-23,22
874,2863,2026-12-24,19
874,2863,2026-12-25,22
874,2863,2026-12-26,9
874,2864,2026-11-26,3
874,2864,2026-11-27,2
874,2864,2026-11-28,6
874,2864,2026-11-29,0
874,2864,2026-11-30,5
874,2864,2026-12-01,2
874,2864,2026-12-02,8
874,2864,2026-12-03,11
874,2864,2026-12-04,17
874,2864,2026-12-05,1
874,2864,2026-12-06,1
874,2864,2026-12-07,7
874,2864,2026-12-08,1
874,2864,2026-12-09,12
874,2864,2026-12-10,13
874,2864,2026-12-11,1
874,2864,2026-12-12,5
874,2864,2026-12-13,12
874,2864,2026-12-14,5
874,2864,2026-12-15,4
874,2864,2026-12-16,6
874,2864,2026-12-17,0
874,2864,2026-12-18,3
874,2864,2026-12-19,0
874,2864,2026-12-20,0
874,2864,2026-12-21,0
874,2864,2026-12-22,0
874,2864,2026-12-23,2
874,2864,2026-12-24,3
874,2864,2026-12-25,9
874,2864,2026-12-26,0
874,2860,2027-01-25,0
874,2860,2027-01-26,0
874,2860,2027-01-27,0
874,2860,2027-01-28,0
874,2860,2027-01-29,0
874,2860,2027-01-30,0
874,2860,2027-01-31,0
874,2860,2027-02-01,0
874,2860,2027-02-02,0
874,2860,2027-02-03,0
874,2860,2027-02-04,0
874,2860,2027-02-05,0
874,2860,2027-02-06,0
874,2860,2027-02-07,0
874,2860,2027-02-08,0
874,2860,2027-02-09,0
874,2860,2027-02-10,0
874,2860,2027-02-11,0
874,2860,2027-02-12,0
874,2860,2027-02-13,0
874,2860,2027-02-14,0
874,2860,2027-02-15,0
874,2860,2027-02-16,0
874,2860,2027-02-17,0
874,2860,2027-02-18,0
874,2860,2027-02-19,0
874,2860,2027-02-20,0
874,2860,2027-02-21,0
874,2860,2027-02-22,0
874,2860,2027-02-23,0
874,2860,2027-02-24,0
874,2861,2027-01-25,0
874,2861,2027-01-26,0
874,2861,2027-01-27,0
874,2861,2027-01-28,0
874,2861,2027-01-29,0
874,2861,2027-01-30,0
874,2861,2027-01-31,0
874,2861,2027-02-01,0
874,2861,2027-02-02,0
874,2861,2027-02-03,0
874,2861,2027-02-04,-1
874,2861,2027-02-05,0
874,2861,2027-02-06,0
874,2861,2027-02-07,0
874,2861,2027-02-08,0
874,2861,2027-02-09,0
874,2861,2027-02-10,0
874,2861,2027-02-11,0
874,2861,2027-02-12,0
874,2861,2027-02-13,0
874,2861,2027-02-14,0
874,2861,2027-02-15,0
874,2861,2027-02-16,0
874,2861,2027-02-17,0
874,2861,2027-02-18,0
874,2861,2027-02-19,0
874,2861,2027-02-20,0
874,2861,2027-02-21,0
874,2861,2027-02-22,0
874,2861,2027-02-23,0
874,2861,2027-02-24,0
874,2862,2027-01-25,0
874,2862,2027-01-26,0
874,2862,2027-01-27,0
874,2862,2027-01-28,0
874,2862,2027-01-29,0
874,2862,2027-01-30,0
874,2862,2027-01-31,0
874,2862,2027-02-01,0
874,2862,2027-02-02,0
874,2862,2027-02-03,0
874,2862,2027-02-04,0
874,2862,2027-02-05,0
874,2862,2027-02-06,0
874,2862,2027-02-07,0
874,2862,2027-02-08,0
874,2862,2027-02-09,0
874,2862,2027-02-10,0
874,2862,2027-02-11,0
874,2862,2027-02-12,0
874,2862,2027-02-13,0
874,2862,2027-02-14,0
874,2862,2027-02-15,0
874,2862,2027-02-16,0
874,2862,2027-02-17,0
874,2862,2027-02-18,0
874,2862,2027-02-19,0
874,2862,2027-02-20,0
874,2862,2027-02-21,0
874,2862,2027-02-22,0
874,2862,2027-02-23,0
874,2862,2027-02-24,1
874,2863,2027-01-25,16
874,2863,2027-01-26,16
874,2863,2027-01-27,17
874,2863,2027-01-28,22
874,2863,2027-01-29,24
874,2863,2027-01-30,18
874,2863,2027-01-31,22
874,2863,2027-02-01,18
874,2863,2027-02-02,20
874,2863,2027-02-03,20
874,2863,2027-02-04,22
874,2863,2027-02-05,29
874,2863,2027-02-06,28
874,2863,2027-02-07,27
874,2863,2027-02-08,21
874,2863,2027-02-09,12
874,2863,2027-02-10,24
874,2863,2027-02-11,21
874,2863,2027-02-12,30
874,2863,2027-02-13,21
874,2863,2027-02-14,28
874,2863,2027-02-15,19
874,2863,2027-02-16,16
874,2863,2027-02-17,23
874,2863,2027-02-18,23
874,2863,2027-02-19,20
874,2863,2027-02-20,17
874,2863,2027-02-21,19
874,2863,2027-02-22,25
874,2863,2027-02-23,19
874,2863,2027-02-24,21
874,2864,2027-01-25,1
874,2864,2027-01-26,4
874,2864,2027-01-27,14
874,2864,2027-01-28,0
874,2864,2027-01-29,10
874,2864,2027-01-30,2
874,2864,2027-01-31,3
874,2864,2027-02-01,2
874,2864,2027-02-02,8
874,2864,2027-02-03,14
874,2864,2027-02-04,9
874,2864,2027-02-05,3
874,2864,2027-02-06,0
874,2864,2027-02-07,4
874,2864,2027-02-08,7
874,2864,2027-02-09,14
874,2864,2027-02-10,5
874,2864,2027-02-11,8
874,2864,2027-02-12,8
874,2864,2027-02-13,0
874,2864,2027-02-14,0
874,2864,2027-02-15,12
874,2864,2027-02-16,3
874,2864,2027-02-17,10
874,2864,2027-02-18,7
874,2864,2027-02-19,11
874,2864,2027-02-20,3
874,2864,2027-02-21,5
874,2864,2027-02-22,10
874,2864,2027-02-23,15
874,2864,2027-02-24,5
874,2860,2027-02-24,0
874,2860,2027-02-25,0
874,2860,2027-02-26,0
874,2860,2027-02-27,0
874,2860,2027-02-28,0
874,2860,2027-03-01,0
874,2860,2027-03-02,0
874,2860,2027-03-03,0
874,2860,2027-03-04,0
874,2860,2027-03-05,0
874,2860,2027-03-06,0
874,2860,2027-03-07,0
874,2860,2027-03-08,0
874,2860,2027-03-09,0
874,2860,2027-03-10,0
874,2860,2027-03-11,0
874,2860,2027-03-12,0
874,2860,2027-03-13,0
874,2860,2027-03-14,0
874,2860,2027-03-15,0
874,2860,2027-03-16,0
874,2860,2027-03-17,0
874,2860,2027-03-18,0
874,2860,2027-03-19,0
874,2860,2027-03-20,0
874,2860,2027-03-21,0
874,2860,2027-03-22,0
874,2860,2027-03-23,0
874,2860,2027-03-24,0
874,2860,2027-03-25,0
874,2860,2027-03-26,0
874,2861,2027-02-24,0
874,2861,2027-02-25,0
874,2861,2027-02-26,0
874,2861,2027-02-27,0
874,2861,2027-02-28,0
874,2861,2027-03-01,0
874,2861,2027-03-02,0
874,2861,2027-03-03,0
874,2861,2027-03-04,0
874,2861,2027-03-05,0
874,2861,2027-03-06,0
874,2861,2027-03-07,0
874,2861,2027-03-08,0
874,2861,2027-03-09,0
874,2861,2027-03-10,0
874,2861,2027-03-11,0
874,2861,2027-03-12,0
874,2861,2027-03-13,0
874,2861,2027-03-14,0
874,2861,2027-03-15,0
874,2861,2027-03-16,0
874,2861,2027-03-17,0
874,2861,2027-03-18,0
874,2861,2027-03-19,0
874,2861,2027-03-20,0
874,2861,2027-03-21,0
874,2861,2027-03-22,0
874,2861,2027-03-23,0
874,2861,2027-03-24,0
874,2861,2027-03-25,0
874,2861,2027-03-26,0
874,2862,2027-02-24,1
874,2862,2027-02-25,0
874,2862,2027-02-26,0
874,2862,2027-02-27,0
874,2862,2027-02-28,0
874,2862,2027-03-01,0
874,2862,2027-03-02,0
874,2862,2027-03-03,0
874,2862,2027-03-04,0
874,2862,2027-03-05,0
874,2862,2027-03-06,0
874,2862,2027-03-07,0
874,2862,2027-03-08,0
874,2862,2027-03-09,0
874,2862,2027-03-10,0
874,2862,2027-03-11,0
874,2862,2027-03-12,0
874,2862,2027-03-13,0
874,2862,2027-03-14,0
874,2862,2027-03-15,0
874,2862,2027-03-16,0
874,2862,2027-03-17,0
874,2862,2027-03-18,0
874,2862,2027-03-19,0
874,2862,2027-03-20,0
874,2862,2027-03-21,0
874,2862,2027-03-22,0
874,2862,2027-03-23,0
874,2862,2027-03-24,0
874,2862,2027-03-25,0
874,2862,2027-03-26,0
874,2863,2027-02-24,21
874,2863,2027-02-25,29
874,2863,2027-02-26,16
874,2863,2027-02-27,24
874,2863,2027-02-28,20
874,2863,2027-03-01,19
874,2863,2027-03-02,22
874,2863,2027-03-03,21
874,2863,2027-03-04,26
874,2863,2027-03-05,26
874,2863,2027-03-06,8
874,2863,2027-03-07,27
874,2863,2027-03-08,20
874,2863,2027-03-09,25
874,2863,2027-03-10,24
874,2863,2027-03-11,21
874,2863,2027-03-12,15
874,2863,2027-03-13,25
874,2863,2027-03-14,30
874,2863,2027-03-15,26
874,2863,2027-03-16,25
874,2863,2027-03-17,24
874,2863,2027-03-18,30
874,2863,2027-03-19,27
874,2863,2027-03-20,0
874,2863,2027-03-21,27
874,2863,2027-03-22,30
874,2863,2027-03-23,21
874,2863,2027-03-24,24
874,2863,2027-03-25,27
874,2863,2027-03-26,28
874,2864,2027-02-24,5
874,2864,2027-02-25,9
874,2864,2027-02-26,15
874,2864,2027-02-27,0
874,2864,2027-02-28,11
874,2864,2027-03-01,18
874,2864,2027-03-02,9
874,2864,2027-03-03,12
874,2864,2027-03-04,16
874,2864,2027-03-05,16
874,2864,2027-03-06,1
874,2864,2027-03-07,0
874,2864,2027-03-08,0
874,2864,2027-03-09,2
874,2864,2027-03-10,18
874,2864,2027-03-11,12
874,2864,2027-03-12,9
874,2864,2027-03-13,0
874,2864,2027-03-14,5
874,2864,2027-03-15,10
874,2864,2027-03-16,3
874,2864,2027-03-17,0
874,2864,2027-03-18,11
874,2864,2027-03-19,7
874,2864,2027-03-20,6
874,2864,2027-03-21,1
874,2864,2027-03-22,12
874,2864,2027-03-23,0
874,2864,2027-03-24,2
874,2864,2027-03-25,15
874,2864,2027-03-26,2
874,2860,2027-04-25,1
874,2860,2027-04-26,8
874,2860,2027-04-27,12
874,2860,2027-04-28,2
874,2860,2027-04-29,0
874,2860,2027-04-30,12
874,2860,2027-05-01,0
874,2860,2027-05-02,0
874,2860,2027-05-03,0
874,2860,2027-05-04,0
874,2860,2027-05-05,0
874,2860,2027-05-06,0
874,2860,2027-05-07,0
874,2860,2027-05-08,0
874,2860,2027-05-09,0
874,2860,2027-05-10,0
874,2860,2027-05-11,0
874,2860,2027-05-12,0
874,2860,2027-05-13,0
874,2860,2027-05-14,0
874,2860,2027-05-15,0
874,2860,2027-05-16,0
874,2860,2027-05-17,0
874,2860,2027-05-18,0
874,2860,2027-05-19,0
874,2860,2027-05-20,0
874,2860,2027-05-21,0
874,2860,2027-05-22,0
874,2860,2027-05-23,0
874,2860,2027-05-24,0
874,2860,2027-05-25,0
874,2861,2027-04-25,0
874,2861,2027-04-26,0
874,2861,2027-04-27,0
874,2861,2027-04-28,0
874,2861,2027-04-29,0
874,2861,2027-04-30,0
874,2861,2027-05-01,0
874,2861,2027-05-02,0
874,2861,2027-05-03,0
874,2861,2027-05-04,0
874,2861,2027-05-05,0
874,2861,2027-05-06,0
874,2861,2027-05-07,0
874,2861,2027-05-08,0
874,2861,2027-05-09,0
874,2861,2027-05-10,0
874,2861,2027-05-11,0
874,2861,2027-05-12,0
874,2861,2027-05-13,0
874,2861,2027-05-14,0
874,2861,2027-05-15,0
874,2861,2027-05-16,0
874,2861,2027-05-17,0
874,2861,2027-05-18,0
874,2861,2027-05-19,0
874,2861,2027-05-20,0
874,2861,2027-05-21,0
874,2861,2027-05-22,0
874,2861,2027-05-23,0
874,2861,2027-05-24,0
874,2861,2027-05-25,0
874,2862,2027-04-25,0
874,2862,2027-04-26,0
874,2862,2027-04-27,0
874,2862,2027-04-28,2
874,2862,2027-04-29,0
874,2862,2027-04-30,0
874,2862,2027-05-01,0
874,2862,2027-05-02,0
874,2862,2027-05-03,0
874,2862,2027-05-04,0
874,2862,2027-05-05,0
874,2862,2027-05-06,0
874,2862,2027-05-07,0
874,2862,2027-05-08,0
874,2862,2027-05-09,0
874,2862,2027-05-10,0
874,2862,2027-05-11,0
874,2862,2027-05-12,0
874,2862,2027-05-13,0
874,2862,2027-05-14,0
874,2862,2027-05-15,0
874,2862,2027-05-16,0
874,2862,2027-05-17,0
874,2862,2027-05-18,0
874,2862,2027-05-19,0
874,2862,2027-05-20,0
874,2862,2027-05-21,0
874,2862,2027-05-22,0
874,2862,2027-05-23,0
874,2862,2027-05-24,0
874,2862,2027-05-25,0
874,2863,2027-04-25,26
874,2863,2027-04-26,29
874,2863,2027-04-27,29
874,2863,2027-04-28,28
874,2863,2027-04-29,30
874,2863,2027-04-30,30
874,2863,2027-05-01,0
874,2863,2027-05-02,0
874,2863,2027-05-03,0
874,2863,2027-05-04,0
874,2863,2027-05-05,0
874,2863,2027-05-06,0
874,2863,2027-05-07,0
874,2863,2027-05-08,0
874,2863,2027-05-09,0
874,2863,2027-05-10,0
874,2863,2027-05-11,0
874,2863,2027-05-12,0
874,2863,2027-05-13,0
874,2863,2027-05-14,0
874,2863,2027-05-15,0
874,2863,2027-05-16,0
874,2863,2027-05-17,0
874,2863,2027-05-18,0
874,2863,2027-05-19,0
874,2863,2027-05-20,0
874,2863,2027-05-21,0
874,2863,2027-05-22,0
874,2863,2027-05-23,0
874,2863,2027-05-24,0
874,2863,2027-05-25,0
874,2864,2027-04-25,12
874,2864,2027-04-26,15
874,2864,2027-04-27,10
874,2864,2027-04-28,20
874,2864,2027-04-29,11
874,2864,2027-04-30,20
874,2864,2027-05-01,0
874,2864,2027-05-02,0
874,2864,2027-05-03,0
874,2864,2027-05-04,0
874,2864,2027-05-05,0
874,2864,2027-05-06,0
874,2864,2027-05-07,0
874,2864,2027-05-08,0
874,2864,2027-05-09,0
874,2864,2027-05-10,0
874,2864,2027-05-11,0
874,2864,2027-05-12,0
874,2864,2027-05-13,0
874,2864,2027-05-14,0
874,2864,2027-05-15,0
874,2864,2027-05-16,0
874,2864,2027-05-17,0
874,2864,2027-05-18,0
874,2864,2027-05-19,0
874,2864,2027-05-20,0
874,2864,2027-05-21,0
874,2864,2027-05-22,0
874,2864,2027-05-23,0
874,2864,2027-05-24,0
874,2864,2027-05-25,0
874,2860,2027-05-25,0
874,2860,2027-05-26,0
874,2860,2027-05-27,0
874,2860,2027-05-28,0
874,2860,2027-05-29,0
874,2860,2027-05-30,0
874,2860,2027-05-31,0
874,2860,2027-06-01,0
874,2860,2027-06-02,0
874,2860,2027-06-03,0
874,2860,2027-06-04,0
874,2860,2027-06-05,0
874,2860,2027-06-06,0
874,2860,2027-06-07,0
874,2860,2027-06-08,0
874,2860,2027-06-09,0
874,2860,2027-06-10,0
874,2860,2027-06-11,0
874,2860,2027-06-12,0
874,2860,2027-06-13,0
874,2860,2027-06-14,0
874,2860,2027-06-15,0
874,2860,2027-06-16,0
874,2860,2027-06-17,0
874,2860,2027-06-18,0
874,2860,2027-06-19,0
874,2860,2027-06-20,0
874,2860,2027-06-21,0
874,2860,2027-06-22,0
874,2860,2027-06-23,0
874,2860,2027-06-24,0
874,2861,2027-05-25,0
874,2861,2027-05-26,0
874,2861,2027-05-27,0
874,2861,2027-05-28,0
874,2861,2027-05-29,0
874,2861,2027-05-30,0
874,2861,2027-05-31,0
874,2861,2027-06-01,0
874,2861,2027-06-02,0
874,2861,2027-06-03,0
874,2861,2027-06-04,0
874,2861,2027-06-05,0
874,2861,2027-06-06,0
874,2861,2027-06-07,0
874,2861,2027-06-08,0
874,2861,2027-06-09,0
874,2861,2027-06-10,0
874,2861,2027-06-11,0
874,2861,2027-06-12,0
874,2861,2027-06-13,0
874,2861,2027-06-14,0
874,2861,2027-06-15,0
874,2861,2027-06-16,0
874,2861,2027-06-17,0
874,2861,2027-06-18,0
874,2861,2027-06-19,0
874,2861,2027-06-20,0
874,2861,2027-06-21,0
874,2861,2027-06-22,0
874,2861,2027-06-23,0
874,2861,2027-06-24,0
874,2862,2027-05-25,0
874,2862,2027-05-26,0
874,2862,2027-05-27,0
874,2862,2027-05-28,0
874,2862,2027-05-29,0
874,2862,2027-05-30,0
874,2862,2027-05-31,0
874,2862,2027-06-01,0
874,2862,2027-06-02,0
874,2862,2027-06-03,0
874,2862,2027-06-04,0
874,2862,2027-06-05,0
874,2862,2027-06-06,0
874,2862,2027-06-07,0
874,2862,2027-06-08,0
874,2862,2027-06-09,0
874,2862,2027-06-10,0
874,2862,2027-06-11,0
874,2862,2027-06-12,0
874,2862,2027-06-13,0
874,2862,2027-06-14,0
874,2862,2027-06-15,0
874,2862,2027-06-16,0
874,2862,2027-06-17,0
874,2862,2027-06-18,0
874,2862,2027-06-19,0
874,2862,2027-06-20,0
874,2862,2027-06-21,0
874,2862,2027-06-22,0
874,2862,2027-06-23,0
874,2862,2027-06-24,0
874,2863,2027-05-25,0
874,2863,2027-05-26,0
874,2863,2027-05-27,0
874,2863,2027-05-28,0
874,2863,2027-05-29,0
874,2863,2027-05-30,0
874,2863,2027-05-31,0
874,2863,2027-06-01,0
874,2863,2027-06-02,0
874,2863,2027-06-03,0
874,2863,2027-06-04,0
874,2863,2027-06-05,0
874,2863,2027-06-06,0
874,2863,2027-06-07,0
874,2863,2027-06-08,0
874,2863,2027-06-09,0
874,2863,2027-06-10,0
874,2863,2027-06-11,0
874,2863,2027-06-12,0
874,2863,2027-06-13,0
874,2863,2027-06-14,0
874,2863,2027-06-15,0
874,2863,2027-06-16,0
874,2863,2027-06-17,0
874,2863,2027-06-18,0
874,2863,2027-06-19,0
874,2863,2027-06-20,0
874,2863,2027-06-21,0
874,2863,2027-06-22,0
874,2863,2027-06-23,0
874,2863,2027-06-24,0
874,2864,2027-05-25,0
874,2864,2027-05-26,0
874,2864,2027-05-27,0
874,2864,2027-05-28,0
874,2864,2027-05-29,0
874,2864,2027-05-30,0
874,2864,2027-05-31,0
874,2864,2027-06-01,0
874,2864,2027-06-02,0
874,2864,2027-06-03,0
874,2864,2027-06-04,0
874,2864,2027-06-05,0
874,2864,2027-06-06,0
874,2864,2027-06-07,0
874,2864,2027-06-08,0
874,2864,2027-06-09,0
874,2864,2027-06-10,0
874,2864,2027-06-11,0
874,2864,2027-06-12,0
874,2864,2027-06-13,0
874,2864,2027-06-14,0
874,2864,2027-06-15,0
874,2864,2027-06-16,0
874,2864,2027-06-17,0
874,2864,2027-06-18,0
874,2864,2027-06-19,0
874,2864,2027-06-20,0
874,2864,2027-06-21,0
874,2864,2027-06-22,0
874,2864,2027-06-23,0
874,2864,2027-06-24,0
874,2860,2027-03-26,0
874,2860,2027-03-27,0
874,2860,2027-03-28,0
874,2860,2027-03-29,0
874,2860,2027-03-30,0
874,2860,2027-03-31,0
874,2860,2027-04-01,0
874,2860,2027-04-02,1
874,2860,2027-04-03,0
874,2860,2027-04-04,0
874,2860,2027-04-05,1
874,2860,2027-04-06,0
874,2860,2027-04-07,0
874,2860,2027-04-08,1
874,2860,2027-04-09,0
874,2860,2027-04-10,1
874,2860,2027-04-11,2
874,2860,2027-04-12,0
874,2860,2027-04-13,0
874,2860,2027-04-14,2
874,2860,2027-04-15,0
874,2860,2027-04-16,0
874,2860,2027-04-17,2
874,2860,2027-04-18,0
874,2860,2027-04-19,4
874,2860,2027-04-20,2
874,2860,2027-04-21,8
874,2860,2027-04-22,10
874,2860,2027-04-23,12
874,2860,2027-04-24,4
874,2860,2027-04-25,1
874,2861,2027-03-26,0
874,2861,2027-03-27,0
874,2861,2027-03-28,0
874,2861,2027-03-29,0
874,2861,2027-03-30,0
874,2861,2027-03-31,0
874,2861,2027-04-01,0
874,2861,2027-04-02,0
874,2861,2027-04-03,0
874,2861,2027-04-04,0
874,2861,2027-04-05,0
874,2861,2027-04-06,0
874,2861,2027-04-07,0
874,2861,2027-04-08,0
874,2861,2027-04-09,0
874,2861,2027-04-10,0
874,2861,2027-04-11,0
874,2861,2027-04-12,0
874,2861,2027-04-13,0
874,2861,2027-04-14,0
874,2861,2027-04-15,0
874,2861,2027-04-16,0
874,2861,2027-04-17,0
874,2861,2027-04-18,0
874,2861,2027-04-19,0
874,2861,2027-04-20,0
874,2861,2027-04-21,0
874,2861,2027-04-22,0
874,2861,2027-04-23,0
874,2861,2027-04-24,0
874,2861,2027-04-25,0
874,2862,2027-03-26,0
874,2862,2027-03-27,0
874,2862,2027-03-28,0
874,2862,2027-03-29,0
874,2862,2027-03-30,1
874,2862,2027-03-31,0
874,2862,2027-04-01,0
874,2862,2027-04-02,0
874,2862,2027-04-03,0
874,2862,2027-04-04,0
874,2862,2027-04-05,0
874,2862,2027-04-06,1
874,2862,2027-04-07,1
874,2862,2027-04-08,0
874,2862,2027-04-09,0
874,2862,2027-04-10,0
874,2862,2027-04-11,0
874,2862,2027-04-12,0
874,2862,2027-04-13,0
874,2862,2027-04-14,0
874,2862,2027-04-15,0
874,2862,2027-04-16,0
874,2862,2027-04-17,1
874,2862,2027-04-18,0
874,2862,2027-04-19,0
874,2862,2027-04-20,1
874,2862,2027-04-21,0
874,2862,2027-04-22,0
874,2862,2027-04-23,0
874,2862,2027-04-24,1
874,2862,2027-04-25,0
874,2863,2027-03-26,28
874,2863,2027-03-27,23
874,2863,2027-03-28,20
874,2863,2027-03-29,23
874,2863,2027-03-30,28
874,2863,2027-03-31,19
874,2863,2027-04-01,28
874,2863,2027-04-02,26
874,2863,2027-04-03,25
874,2863,2027-04-04,20
874,2863,2027-04-05,30
874,2863,2027-04-06,25
874,2863,2027-04-07,19
874,2863,2027-04-08,25
874,2863,2027-04-09,25
874,2863,2027-04-10,30
874,2863,2027-04-11,25
874,2863,2027-04-12,17
874,2863,2027-04-13,16
874,2863,2027-04-14,26
874,2863,2027-04-15,26
874,2863,2027-04-16,16
874,2863,2027-04-17,30
874,2863,2027-04-18,20
874,2863,2027-04-19,30
874,2863,2027-04-20,30
874,2863,2027-04-21,30
874,2863,2027-04-22,30
874,2863,2027-04-23,28
874,2863,2027-04-24,26
874,2863,2027-04-25,26
874,2864,2027-03-26,2
874,2864,2027-03-27,5
874,2864,2027-03-28,1
874,2864,2027-03-29,5
874,2864,2027-03-30,5
874,2864,2027-03-31,9
874,2864,2027-04-01,5
874,2864,2027-04-02,6
874,2864,2027-04-03,1
874,2864,2027-04-04,12
874,2864,2027-04-05,8
874,2864,2027-04-06,1
874,2864,2027-04-07,5
874,2864,2027-04-08,3
874,2864,2027-04-09,10
874,2864,2027-04-10,7
874,2864,2027-04-11,9
874,2864,2027-04-12,2
874,2864,2027-04-13,1
874,2864,2027-04-14,1
874,2864,2027-04-15,8
874,2864,2027-04-16,6
874,2864,2027-04-17,0
874,2864,2027-04-18,1
874,2864,2027-04-19,0
874,2864,2027-04-20,12
874,2864,2027-04-21,18
874,2864,2027-04-22,15
874,2864,2027-04-23,12
874,2864,2027-04-24,8
874,2864,2027-04-25,12
874,2860,2026-12-26,0
874,2860,2026-12-27,0
874,2860,2026-12-28,0
874,2860,2026-12-29,0
874,2860,2026-12-30,0
874,2860,2026-12-31,0
874,2860,2027-01-01,0
874,2860,2027-01-02,0
874,2860,2027-01-03,0
874,2860,2027-01-04,0
874,2860,2027-01-05,0
874,2860,2027-01-06,-1
874,2860,2027-01-07,0
874,2860,2027-01-08,0
874,2860,2027-01-09,0
874,2860,2027-01-10,0
874,2860,2027-01-11,0
874,2860,2027-01-12,0
874,2860,2027-01-13,0
874,2860,2027-01-14,0
874,2860,2027-01-15,0
874,2860,2027-01-16,0
874,2860,2027-01-17,0
874,2860,2027-01-18,0
874,2860,2027-01-19,0
874,2860,2027-01-20,0
874,2860,2027-01-21,-2
874,2860,2027-01-22,0
874,2860,2027-01-23,0
874,2860,2027-01-24,0
874,2860,2027-01-25,0
874,2861,2026-12-26,0
874,2861,2026-12-27,0
874,2861,2026-12-28,0
874,2861,2026-12-29,0
874,2861,2026-12-30,0
874,2861,2026-12-31,0
874,2861,2027-01-01,0
874,2861,2027-01-02,0
874,2861,2027-01-03,0
874,2861,2027-01-04,0
874,2861,2027-01-05,0
874,2861,2027-01-06,0
874,2861,2027-01-07,0
874,2861,2027-01-08,0
874,2861,2027-01-09,0
874,2861,2027-01-10,0
874,2861,2027-01-11,0
874,2861,2027-01-12,0
874,2861,2027-01-13,0
874,2861,2027-01-14,0
874,2861,2027-01-15,0
874,2861,2027-01-16,0
874,2861,2027-01-17,0
874,2861,2027-01-18,0
874,2861,2027-01-19,0
874,2861,2027-01-20,0
874,2861,2027-01-21,0
874,2861,2027-01-22,0
874,2861,2027-01-23,0
874,2861,2027-01-24,0
874,2861,2027-01-25,0
874,2862,2026-12-26,0
874,2862,2026-12-27,0
874,2862,2026-12-28,0
874,2862,2026-12-29,0
874,2862,2026-12-30,1
874,2862,2026-12-31,0
874,2862,2027-01-01,1
874,2862,2027-01-02,0
874,2862,2027-01-03,-1
874,2862,2027-01-04,0
874,2862,2027-01-05,0
874,2862,2027-01-06,0
874,2862,2027-01-07,0
874,2862,2027-01-08,0
874,2862,2027-01-09,0
874,2862,2027-01-10,1
874,2862,2027-01-11,0
874,2862,2027-01-12,0
874,2862,2027-01-13,0
874,2862,2027-01-14,0
874,2862,2027-01-15,1
874,2862,2027-01-16,0
874,2862,2027-01-17,0
874,2862,2027-01-18,0
874,2862,2027-01-19,0
874,2862,2027-01-20,0
874,2862,2027-01-21,0
874,2862,2027-01-22,0
874,2862,2027-01-23,0
874,2862,2027-01-24,0
874,2862,2027-01-25,0
874,2863,2026-12-26,9
874,2863,2026-12-27,0
874,2863,2026-12-28,25
874,2863,2026-12-29,20
874,2863,2026-12-30,16
874,2863,2026-12-31,20
874,2863,2027-01-01,11
874,2863,2027-01-02,26
874,2863,2027-01-03,8
874,2863,2027-01-04,12
874,2863,2027-01-05,13
874,2863,2027-01-06,21
874,2863,2027-01-07,26
874,2863,2027-01-08,22
874,2863,2027-01-09,18
874,2863,2027-01-10,13
874,2863,2027-01-11,17
874,2863,2027-01-12,25
874,2863,2027-01-13,20
874,2863,2027-01-14,12
874,2863,2027-01-15,18
874,2863,2027-01-16,20
874,2863,2027-01-17,16
874,2863,2027-01-18,17
874,2863,2027-01-19,16
874,2863,2027-01-20,25
874,2863,2027-01-21,21
874,2863,2027-01-22,17
874,2863,2027-01-23,26
874,2863,2027-01-24,26
874,2863,2027-01-25,16
874,2864,2026-12-26,0
874,2864,2026-12-27,1
874,2864,2026-12-28,3
874,2864,2026-12-29,1
874,2864,2026-12-30,1
874,2864,2026-12-31,0
874,2864,2027-01-01,0
874,2864,2027-01-02,4
874,2864,2027-01-03,7
874,2864,2027-01-04,0
874,2864,2027-01-05,0
874,2864,2027-01-06,0
874,2864,2027-01-07,1
874,2864,2027-01-08,0
874,2864,2027-01-09,0
874,2864,2027-01-10,0
874,2864,2027-01-11,2
874,2864,2027-01-12,2
874,2864,2027-01-13,0
874,2864,2027-01-14,13
874,2864,2027-01-15,8
874,2864,2027-01-16,0
874,2864,2027-01-17,2
874,2864,2027-01-18,2
874,2864,2027-01-19,0
874,2864,2027-01-20,3
874,2864,2027-01-21,0
874,2864,2027-01-22,3
874,2864,2027-01-23,0
874,2864,2027-01-24,0
874,2864,2027-01-25,1
873,2857,2026-07-29,0
873,2857,2026-07-30,0
873,2857,2026-07-31,0
873,2857,2026-08-01,0
873,2857,2026-08-02,0
873,2857,2026-08-03,0
873,2857,2026-08-04,0
873,2857,2026-08-05,0
873,2857,2026-08-06,0
873,2857,2026-08-07,0
873,2857,2026-08-08,0
873,2857,2026-08-09,0
873,2857,2026-08-10,0
873,2857,2026-08-11,0
873,2857,2026-08-12,0
873,2857,2026-08-13,0
873,2857,2026-08-14,0
873,2857,2026-08-15,0
873,2857,2026-08-16,0
873,2857,2026-08-17,0
873,2857,2026-08-18,0
873,2857,2026-08-19,0
873,2857,2026-08-20,0
873,2857,2026-08-21,0
873,2857,2026-08-22,0
873,2857,2026-08-23,0
873,2857,2026-08-24,0
873,2857,2026-08-25,0
873,2857,2026-08-26,0
873,2857,2026-08-27,0
873,2857,2026-08-28,0
873,2858,2026-07-29,0
873,2858,2026-07-30,0
873,2858,2026-07-31,0
873,2858,2026-08-01,0
873,2858,2026-08-02,0
873,2858,2026-08-03,0
873,2858,2026-08-04,0
873,2858,2026-08-05,0
873,2858,2026-08-06,0
873,2858,2026-08-07,0
873,2858,2026-08-08,0
873,2858,2026-08-09,0
873,2858,2026-08-10,0
873,2858,2026-08-11,0
873,2858,2026-08-12,0
873,2858,2026-08-13,0
873,2858,2026-08-14,0
873,2858,2026-08-15,0
873,2858,2026-08-16,0
873,2858,2026-08-17,0
873,2858,2026-08-18,0
873,2858,2026-08-19,0
873,2858,2026-08-20,0
873,2858,2026-08-21,0
873,2858,2026-08-22,0
873,2858,2026-08-23,0
873,2858,2026-08-24,0
873,2858,2026-08-25,0
873,2858,2026-08-26,0
873,2858,2026-08-27,0
873,2858,2026-08-28,0
873,2859,2026-07-29,0
873,2859,2026-07-30,0
873,2859,2026-07-31,0
873,2859,2026-08-01,0
873,2859,2026-08-02,0
873,2859,2026-08-03,0
873,2859,2026-08-04,0
873,2859,2026-08-05,0
873,2859,2026-08-06,0
873,2859,2026-08-07,0
873,2859,2026-08-08,0
873,2859,2026-08-09,0
873,2859,2026-08-10,0
873,2859,2026-08-11,0
873,2859,2026-08-12,0
873,2859,2026-08-13,0
873,2859,2026-08-14,0
873,2859,2026-08-15,0
873,2859,2026-08-16,0
873,2859,2026-08-17,0
873,2859,2026-08-18,0
873,2859,2026-08-19,0
873,2859,2026-08-20,0
873,2859,2026-08-21,0
873,2859,2026-08-22,0
873,2859,2026-08-23,0
873,2859,2026-08-24,0
873,2859,2026-08-25,0
873,2859,2026-08-26,0
873,2859,2026-08-27,0
873,2859,2026-08-28,0
873,2857,2026-09-27,0
873,2857,2026-09-28,0
873,2857,2026-09-29,0
873,2857,2026-09-30,0
873,2857,2026-10-01,0
873,2857,2026-10-02,0
873,2857,2026-10-03,0
873,2857,2026-10-04,0
873,2857,2026-10-05,0
873,2857,2026-10-06,0
873,2857,2026-10-07,0
873,2857,2026-10-08,0
873,2857,2026-10-09,0
873,2857,2026-10-10,0
873,2857,2026-10-11,0
873,2857,2026-10-12,0
873,2857,2026-10-13,0
873,2857,2026-10-14,0
873,2857,2026-10-15,0
873,2857,2026-10-16,0
873,2857,2026-10-17,0
873,2857,2026-10-18,0
873,2857,2026-10-19,0
873,2857,2026-10-20,0
873,2857,2026-10-21,0
873,2857,2026-10-22,0
873,2857,2026-10-23,0
873,2857,2026-10-24,0
873,2857,2026-10-25,0
873,2857,2026-10-26,0
873,2857,2026-10-27,0
873,2858,2026-09-27,0
873,2858,2026-09-28,0
873,2858,2026-09-29,0
873,2858,2026-09-30,0
873,2858,2026-10-01,0
873,2858,2026-10-02,0
873,2858,2026-10-03,0
873,2858,2026-10-04,0
873,2858,2026-10-05,0
873,2858,2026-10-06,0
873,2858,2026-10-07,0
873,2858,2026-10-08,0
873,2858,2026-10-09,0
873,2858,2026-10-10,0
873,2858,2026-10-11,0
873,2858,2026-10-12,0
873,2858,2026-10-13,0
873,2858,2026-10-14,0
873,2858,2026-10-15,0
873,2858,2026-10-16,0
873,2858,2026-10-17,0
873,2858,2026-10-18,0
873,2858,2026-10-19,0
873,2858,2026-10-20,0
873,2858,2026-10-21,0
873,2858,2026-10-22,0
873,2858,2026-10-23,0
873,2858,2026-10-24,0
873,2858,2026-10-25,0
873,2858,2026-10-26,0
873,2858,2026-10-27,0
873,2859,2026-09-27,0
873,2859,2026-09-28,0
873,2859,2026-09-29,0
873,2859,2026-09-30,0
873,2859,2026-10-01,0
873,2859,2026-10-02,0
873,2859,2026-10-03,0
873,2859,2026-10-04,0
873,2859,2026-10-05,0
873,2859,2026-10-06,0
873,2859,2026-10-07,0
873,2859,2026-10-08,0
873,2859,2026-10-09,0
873,2859,2026-10-10,0
873,2859,2026-10-11,0
873,2859,2026-10-12,0
873,2859,2026-10-13,0
873,2859,2026-10-14,0
873,2859,2026-10-15,0
873,2859,2026-10-16,0
873,2859,2026-10-17,0
873,2859,2026-10-18,0
873,2859,2026-10-19,0
873,2859,2026-10-20,0
873,2859,2026-10-21,0
873,2859,2026-10-22,0
873,2859,2026-10-23,0
873,2859,2026-10-24,0
873,2859,2026-10-25,0
873,2859,2026-10-26,0
873,2859,2026-10-27,0
873,2857,2026-08-28,0
873,2857,2026-08-29,0
873,2857,2026-08-30,0
873,2857,2026-08-31,0
873,2857,2026-09-01,0
873,2857,2026-09-02,0
873,2857,2026-09-03,0
873,2857,2026-09-04,0
873,2857,2026-09-05,0
873,2857,2026-09-06,0
873,2857,2026-09-07,0
873,2857,2026-09-08,0
873,2857,2026-09-09,0
873,2857,2026-09-10,0
873,2857,2026-09-11,0
873,2857,2026-09-12,0
873,2857,2026-09-13,0
873,2857,2026-09-14,0
873,2857,2026-09-15,0
873,2857,2026-09-16,0
873,2857,2026-09-17,0
873,2857,2026-09-18,0
873,2857,2026-09-19,0
873,2857,2026-09-20,0
873,2857,2026-09-21,0
873,2857,2026-09-22,0
873,2857,2026-09-23,0
873,2857,2026-09-24,0
873,2857,2026-09-25,0
873,2857,2026-09-26,0
873,2857,2026-09-27,0
873,2858,2026-08-28,0
873,2858,2026-08-29,0
873,2858,2026-08-30,0
873,2858,2026-08-31,0
873,2858,2026-09-01,0
873,2858,2026-09-02,0
873,2858,2026-09-03,0
873,2858,2026-09-04,0
873,2858,2026-09-05,0
873,2858,2026-09-06,0
873,2858,2026-09-07,0
873,2858,2026-09-08,0
873,2858,2026-09-09,0
873,2858,2026-09-10,0
873,2858,2026-09-11,0
873,2858,2026-09-12,0
873,2858,2026-09-13,0
873,2858,2026-09-14,0
873,2858,2026-09-15,0
873,2858,2026-09-16,0
873,2858,2026-09-17,0
873,2858,2026-09-18,0
873,2858,2026-09-19,0
873,2858,2026-09-20,0
873,2858,2026-09-21,0
873,2858,2026-09-22,0
873,2858,2026-09-23,0
873,2858,2026-09-24,0
873,2858,2026-09-25,0
873,2858,2026-09-26,0
873,2858,2026-09-27,0
873,2859,2026-08-28,0
873,2859,2026-08-29,0
873,2859,2026-08-30,0
873,2859,2026-08-31,0
873,2859,2026-09-01,0
873,2859,2026-09-02,0
873,2859,2026-09-03,0
873,2859,2026-09-04,0
873,2859,2026-09-05,0
873,2859,2026-09-06,0
873,2859,2026-09-07,0
873,2859,2026-09-08,0
873,2859,2026-09-09,0
873,2859,2026-09-10,0
873,2859,2026-09-11,0
873,2859,2026-09-12,0
873,2859,2026-09-13,0
873,2859,2026-09-14,0
873,2859,2026-09-15,0
873,2859,2026-09-16,0
873,2859,2026-09-17,0
873,2859,2026-09-18,0
873,2859,2026-09-19,0
873,2859,2026-09-20,0
873,2859,2026-09-21,0
873,2859,2026-09-22,0
873,2859,2026-09-23,0
873,2859,2026-09-24,0
873,2859,2026-09-25,0
873,2859,2026-09-26,0
873,2859,2026-09-27,0
873,2857,2026-06-29,0
873,2857,2026-06-30,0
873,2857,2026-07-01,0
873,2857,2026-07-02,0
873,2857,2026-07-03,0
873,2857,2026-07-04,0
873,2857,2026-07-05,0
873,2857,2026-07-06,0
873,2857,2026-07-07,0
873,2857,2026-07-08,0
873,2857,2026-07-09,0
873,2857,2026-07-10,0
873,2857,2026-07-11,0
873,2857,2026-07-12,0
873,2857,2026-07-13,0
873,2857,2026-07-14,0
873,2857,2026-07-15,0
873,2857,2026-07-16,0
873,2857,2026-07-17,0
873,2857,2026-07-18,0
873,2857,2026-07-19,0
873,2857,2026-07-20,0
873,2857,2026-07-21,0
873,2857,2026-07-22,0
873,2857,2026-07-23,0
873,2857,2026-07-24,0
873,2857,2026-07-25,0
873,2857,2026-07-26,0
873,2857,2026-07-27,0
873,2857,2026-07-28,0
873,2857,2026-07-29,0
873,2858,2026-06-29,0
873,2858,2026-06-30,0
873,2858,2026-07-01,0
873,2858,2026-07-02,0
873,2858,2026-07-03,0
873,2858,2026-07-04,0
873,2858,2026-07-05,0
873,2858,2026-07-06,0
873,2858,2026-07-07,0
873,2858,2026-07-08,0
873,2858,2026-07-09,0
873,2858,2026-07-10,0
873,2858,2026-07-11,0
873,2858,2026-07-12,0
873,2858,2026-07-13,0
873,2858,2026-07-14,0
873,2858,2026-07-15,0
873,2858,2026-07-16,0
873,2858,2026-07-17,0
873,2858,2026-07-18,0
873,2858,2026-07-19,0
873,2858,2026-07-20,0
873,2858,2026-07-21,0
873,2858,2026-07-22,0
873,2858,2026-07-23,0
873,2858,2026-07-24,0
873,2858,2026-07-25,0
873,2858,2026-07-26,0
873,2858,2026-07-27,0
873,2858,2026-07-28,0
873,2858,2026-07-29,0
873,2859,2026-06-29,0
873,2859,2026-06-30,0
873,2859,2026-07-01,0
873,2859,2026-07-02,0
873,2859,2026-07-03,0
873,2859,2026-07-04,0
873,2859,2026-07-05,0
873,2859,2026-07-06,0
873,2859,2026-07-07,0
873,2859,2026-07-08,0
873,2859,2026-07-09,0
873,2859,2026-07-10,0
873,2859,2026-07-11,0
873,2859,2026-07-12,0
873,2859,2026-07-13,0
873,2859,2026-07-14,0
873,2859,2026-07-15,0
873,2859,2026-07-16,0
873,2859,2026-07-17,0
873,2859,2026-07-18,0
873,2859,2026-07-19,0
873,2859,2026-07-20,0
873,2859,2026-07-21,0
873,2859,2026-07-22,0
873,2859,2026-07-23,0
873,2859,2026-07-24,0
873,2859,2026-07-25,0
873,2859,2026-07-26,0
873,2859,2026-07-27,0
873,2859,2026-07-28,0
873,2859,2026-07-29,0
873,2857,2026-05-30,0
873,2857,2026-05-31,0
873,2857,2026-06-01,0
873,2857,2026-06-02,0
873,2857,2026-06-03,0
873,2857,2026-06-04,0
873,2857,2026-06-05,0
873,2857,2026-06-06,0
873,2857,2026-06-07,0
873,2857,2026-06-08,0
873,2857,2026-06-09,0
873,2857,2026-06-10,0
873,2857,2026-06-11,0
873,2857,2026-06-12,0
873,2857,2026-06-13,0
873,2857,2026-06-14,0
873,2857,2026-06-15,0
873,2857,2026-06-16,0
873,2857,2026-06-17,0
873,2857,2026-06-18,0
873,2857,2026-06-19,0
873,2857,2026-06-20,0
873,2857,2026-06-21,0
873,2857,2026-06-22,0
873,2857,2026-06-23,0
873,2857,2026-06-24,0
873,2857,2026-06-25,0
873,2857,2026-06-26,0
873,2857,2026-06-27,0
873,2857,2026-06-28,0
873,2857,2026-06-29,0
873,2858,2026-05-30,0
873,2858,2026-05-31,0
873,2858,2026-06-01,0
873,2858,2026-06-02,0
873,2858,2026-06-03,0
873,2858,2026-06-04,0
873,2858,2026-06-05,0
873,2858,2026-06-06,0
873,2858,2026-06-07,0
873,2858,2026-06-08,0
873,2858,2026-06-09,0
873,2858,2026-06-10,0
873,2858,2026-06-11,0
873,2858,2026-06-12,0
873,2858,2026-06-13,0
873,2858,2026-06-14,0
873,2858,2026-06-15,0
873,2858,2026-06-16,0
873,2858,2026-06-17,0
873,2858,2026-06-18,0
873,2858,2026-06-19,0
873,2858,2026-06-20,0
873,2858,2026-06-21,0
873,2858,2026-06-22,0
873,2858,2026-06-23,0
873,2858,2026-06-24,0
873,2858,2026-06-25,0
873,2858,2026-06-26,0
873,2858,2026-06-27,0
873,2858,2026-06-28,0
873,2858,2026-06-29,0
873,2859,2026-05-30,0
873,2859,2026-05-31,0
873,2859,2026-06-01,0
873,2859,2026-06-02,0
873,2859,2026-06-03,0
873,2859,2026-06-04,0
873,2859,2026-06-05,0
873,2859,2026-06-06,0
873,2859,2026-06-07,0
873,2859,2026-06-08,0
873,2859,2026-06-09,0
873,2859,2026-06-10,0
873,2859,2026-06-11,0
873,2859,2026-06-12,0
873,2859,2026-06-13,0
873,2859,2026-06-14,0
873,2859,2026-06-15,0
873,2859,2026-06-16,0
873,2859,2026-06-17,0
873,2859,2026-06-18,0
873,2859,2026-06-19,0
873,2859,2026-06-20,0
873,2859,2026-06-21,0
873,2859,2026-06-22,0
873,2859,2026-06-23,0
873,2859,2026-06-24,0
873,2859,2026-06-25,0
873,2859,2026-06-26,0
873,2859,2026-06-27,0
873,2859,2026-06-28,0
873,2859,2026-06-29,0
873,2857,2026-10-27,0
873,2857,2026-10-28,0
873,2857,2026-10-29,0
873,2857,2026-10-30,0
873,2857,2026-10-31,0
873,2857,2026-11-01,0
873,2857,2026-11-02,0
873,2857,2026-11-03,0
873,2857,2026-11-04,0
873,2857,2026-11-05,0
873,2857,2026-11-06,0
873,2857,2026-11-07,0
873,2857,2026-11-08,0
873,2857,2026-11-09,0
873,2857,2026-11-10,0
873,2857,2026-11-11,0
873,2857,2026-11-12,0
873,2857,2026-11-13,0
873,2857,2026-11-14,0
873,2857,2026-11-15,0
873,2857,2026-11-16,0
873,2857,2026-11-17,0
873,2857,2026-11-18,0
873,2857,2026-11-19,0
873,2857,2026-11-20,0
873,2857,2026-11-21,0
873,2857,2026-11-22,0
873,2857,2026-11-23,0
873,2857,2026-11-24,0
873,2857,2026-11-25,0
873,2857,2026-11-26,0
873,2858,2026-10-27,0
873,2858,2026-10-28,0
873,2858,2026-10-29,0
873,2858,2026-10-30,0
873,2858,2026-10-31,0
873,2858,2026-11-01,0
873,2858,2026-11-02,0
873,2858,2026-11-03,0
873,2858,2026-11-04,0
873,2858,2026-11-05,0
873,2858,2026-11-06,0
873,2858,2026-11-07,0
873,2858,2026-11-08,0
873,2858,2026-11-09,0
873,2858,2026-11-10,0
873,2858,2026-11-11,0
873,2858,2026-11-12,0
873,2858,2026-11-13,0
873,2858,2026-11-14,0
873,2858,2026-11-15,0
873,2858,2026-11-16,0
873,2858,2026-11-17,0
873,2858,2026-11-18,0
873,2858,2026-11-19,0
873,2858,2026-11-20,0
873,2858,2026-11-21,0
873,2858,2026-11-22,0
873,2858,2026-11-23,0
873,2858,2026-11-24,0
873,2858,2026-11-25,0
873,2858,2026-11-26,0
873,2859,2026-10-27,0
873,2859,2026-10-28,0
873,2859,2026-10-29,0
873,2859,2026-10-30,0
873,2859,2026-10-31,0
873,2859,2026-11-01,0
873,2859,2026-11-02,0
873,2859,2026-11-03,0
873,2859,2026-11-04,0
873,2859,2026-11-05,0
873,2859,2026-11-06,0
873,2859,2026-11-07,0
873,2859,2026-11-08,0
873,2859,2026-11-09,0
873,2859,2026-11-10,0
873,2859,2026-11-11,0
873,2859,2026-11-12,0
873,2859,2026-11-13,0
873,2859,2026-11-14,0
873,2859,2026-11-15,0
873,2859,2026-11-16,0
873,2859,2026-11-17,0
873,2859,2026-11-18,0
873,2859,2026-11-19,0
873,2859,2026-11-20,0
873,2859,2026-11-21,0
873,2859,2026-11-22,0
873,2859,2026-11-23,0
873,2859,2026-11-24,0
873,2859,2026-11-25,0
873,2859,2026-11-26,0
873,2857,2026-11-26,0
873,2857,2026-11-27,0
873,2857,2026-11-28,0
873,2857,2026-11-29,0
873,2857,2026-11-30,0
873,2857,2026-12-01,0
873,2857,2026-12-02,0
873,2857,2026-12-03,0
873,2857,2026-12-04,0
873,2857,2026-12-05,0
873,2857,2026-12-06,0
873,2857,2026-12-07,0
873,2857,2026-12-08,0
873,2857,2026-12-09,0
873,2857,2026-12-10,0
873,2857,2026-12-11,0
873,2857,2026-12-12,0
873,2857,2026-12-13,0
873,2857,2026-12-14,0
873,2857,2026-12-15,0
873,2857,2026-12-16,0
873,2857,2026-12-17,0
873,2857,2026-12-18,0
873,2857,2026-12-19,0
873,2857,2026-12-20,0
873,2857,2026-12-21,0
873,2857,2026-12-22,0
873,2857,2026-12-23,0
873,2857,2026-12-24,0
873,2857,2026-12-25,0
873,2857,2026-12-26,0
873,2858,2026-11-26,0
873,2858,2026-11-27,0
873,2858,2026-11-28,0
873,2858,2026-11-29,0
873,2858,2026-11-30,0
873,2858,2026-12-01,0
873,2858,2026-12-02,0
873,2858,2026-12-03,0
873,2858,2026-12-04,0
873,2858,2026-12-05,0
873,2858,2026-12-06,0
873,2858,2026-12-07,0
873,2858,2026-12-08,0
873,2858,2026-12-09,0
873,2858,2026-12-10,0
873,2858,2026-12-11,0
873,2858,2026-12-12,0
873,2858,2026-12-13,0
873,2858,2026-12-14,0
873,2858,2026-12-15,0
873,2858,2026-12-16,0
873,2858,2026-12-17,0
873,2858,2026-12-18,0
873,2858,2026-12-19,0
873,2858,2026-12-20,0
873,2858,2026-12-21,0
873,2858,2026-12-22,0
873,2858,2026-12-23,0
873,2858,2026-12-24,0
873,2858,2026-12-25,0
873,2858,2026-12-26,0
873,2859,2026-11-26,0
873,2859,2026-11-27,0
873,2859,2026-11-28,0
873,2859,2026-11-29,0
873,2859,2026-11-30,0
873,2859,2026-12-01,0
873,2859,2026-12-02,0
873,2859,2026-12-03,0
873,2859,2026-12-04,0
873,2859,2026-12-05,0
873,2859,2026-12-06,0
873,2859,2026-12-07,0
873,2859,2026-12-08,0
873,2859,2026-12-09,0
873,2859,2026-12-10,0
873,2859,2026-12-11,0
873,2859,2026-12-12,0
873,2859,2026-12-13,0
873,2859,2026-12-14,0
873,2859,2026-12-15,0
873,2859,2026-12-16,0
873,2859,2026-12-17,0
873,2859,2026-12-18,0
873,2859,2026-12-19,0
873,2859,2026-12-20,0
873,2859,2026-12-21,0
873,2859,2026-12-22,0
873,2859,2026-12-23,0
873,2859,2026-12-24,0
873,2859,2026-12-25,0
873,2859,2026-12-26,0
873,2857,2027-02-24,0
873,2857,2027-02-25,0
873,2857,2027-02-26,0
873,2857,2027-02-27,0
873,2857,2027-02-28,0
873,2857,2027-03-01,0
873,2857,2027-03-02,0
873,2857,2027-03-03,0
873,2857,2027-03-04,0
873,2857,2027-03-05,0
873,2857,2027-03-06,0
873,2857,2027-03-07,0
873,2857,2027-03-08,0
873,2857,2027-03-09,0
873,2857,2027-03-10,0
873,2857,2027-03-11,0
873,2857,2027-03-12,0
873,2857,2027-03-13,0
873,2857,2027-03-14,0
873,2857,2027-03-15,0
873,2857,2027-03-16,0
873,2857,2027-03-17,0
873,2857,2027-03-18,0
873,2857,2027-03-19,0
873,2857,2027-03-20,0
873,2857,2027-03-21,0
873,2857,2027-03-22,0
873,2857,2027-03-23,0
873,2857,2027-03-24,0
873,2857,2027-03-25,0
873,2857,2027-03-26,0
873,2858,2027-02-24,0
873,2858,2027-02-25,0
873,2858,2027-02-26,0
873,2858,2027-02-27,0
873,2858,2027-02-28,0
873,2858,2027-03-01,0
873,2858,2027-03-02,0
873,2858,2027-03-03,0
873,2858,2027-03-04,0
873,2858,2027-03-05,0
873,2858,2027-03-06,0
873,2858,2027-03-07,0
873,2858,2027-03-08,0
873,2858,2027-03-09,0
873,2858,2027-03-10,0
873,2858,2027-03-11,0
873,2858,2027-03-12,0
873,2858,2027-03-13,0
873,2858,2027-03-14,0
873,2858,2027-03-15,0
873,2858,2027-03-16,0
873,2858,2027-03-17,0
873,2858,2027-03-18,0
873,2858,2027-03-19,0
873,2858,2027-03-20,0
873,2858,2027-03-21,0
873,2858,2027-03-22,0
873,2858,2027-03-23,0
873,2858,2027-03-24,0
873,2858,2027-03-25,0
873,2858,2027-03-26,0
873,2859,2027-02-24,0
873,2859,2027-02-25,0
873,2859,2027-02-26,0
873,2859,2027-02-27,0
873,2859,2027-02-28,0
873,2859,2027-03-01,0
873,2859,2027-03-02,0
873,2859,2027-03-03,0
873,2859,2027-03-04,0
873,2859,2027-03-05,0
873,2859,2027-03-06,0
873,2859,2027-03-07,0
873,2859,2027-03-08,0
873,2859,2027-03-09,0
873,2859,2027-03-10,0
873,2859,2027-03-11,0
873,2859,2027-03-12,0
873,2859,2027-03-13,0
873,2859,2027-03-14,0
873,2859,2027-03-15,0
873,2859,2027-03-16,0
873,2859,2027-03-17,0
873,2859,2027-03-18,0
873,2859,2027-03-19,0
873,2859,2027-03-20,0
873,2859,2027-03-21,0
873,2859,2027-03-22,0
873,2859,2027-03-23,0
873,2859,2027-03-24,0
873,2859,2027-03-25,0
873,2859,2027-03-26,0
873,2857,2027-01-25,0
873,2857,2027-01-26,0
873,2857,2027-01-27,0
873,2857,2027-01-28,0
873,2857,2027-01-29,0
873,2857,2027-01-30,0
873,2857,2027-01-31,0
873,2857,2027-02-01,0
873,2857,2027-02-02,0
873,2857,2027-02-03,0
873,2857,2027-02-04,0
873,2857,2027-02-05,0
873,2857,2027-02-06,0
873,2857,2027-02-07,0
873,2857,2027-02-08,0
873,2857,2027-02-09,0
873,2857,2027-02-10,0
873,2857,2027-02-11,0
873,2857,2027-02-12,0
873,2857,2027-02-13,0
873,2857,2027-02-14,0
873,2857,2027-02-15,0
873,2857,2027-02-16,0
873,2857,2027-02-17,0
873,2857,2027-02-18,0
873,2857,2027-02-19,0
873,2857,2027-02-20,0
873,2857,2027-02-21,0
873,2857,2027-02-22,0
873,2857,2027-02-23,0
873,2857,2027-02-24,0
873,2858,2027-01-25,0
873,2858,2027-01-26,0
873,2858,2027-01-27,0
873,2858,2027-01-28,0
873,2858,2027-01-29,0
873,2858,2027-01-30,0
873,2858,2027-01-31,0
873,2858,2027-02-01,0
873,2858,2027-02-02,0
873,2858,2027-02-03,0
873,2858,2027-02-04,0
873,2858,2027-02-05,0
873,2858,2027-02-06,0
873,2858,2027-02-07,0
873,2858,2027-02-08,0
873,2858,2027-02-09,0
873,2858,2027-02-10,0
873,2858,2027-02-11,0
873,2858,2027-02-12,0
873,2858,2027-02-13,0
873,2858,2027-02-14,0
873,2858,2027-02-15,0
873,2858,2027-02-16,0
873,2858,2027-02-17,0
873,2858,2027-02-18,0
873,2858,2027-02-19,0
873,2858,2027-02-20,0
873,2858,2027-02-21,0
873,2858,2027-02-22,0
873,2858,2027-02-23,0
873,2858,2027-02-24,0
873,2859,2027-01-25,0
873,2859,2027-01-26,0
873,2859,2027-01-27,0
873,2859,2027-01-28,0
873,2859,2027-01-29,0
873,2859,2027-01-30,0
873,2859,2027-01-31,0
873,2859,2027-02-01,0
873,2859,2027-02-02,0
873,2859,2027-02-03,0
873,2859,2027-02-04,0
873,2859,2027-02-05,0
873,2859,2027-02-06,0
873,2859,2027-02-07,0
873,2859,2027-02-08,0
873,2859,2027-02-09,0
873,2859,2027-02-10,0
873,2859,2027-02-11,0
873,2859,2027-02-12,0
873,2859,2027-02-13,0
873,2859,2027-02-14,0
873,2859,2027-02-15,0
873,2859,2027-02-16,0
873,2859,2027-02-17,0
873,2859,2027-02-18,0
873,2859,2027-02-19,0
873,2859,2027-02-20,0
873,2859,2027-02-21,0
873,2859,2027-02-22,0
873,2859,2027-02-23,0
873,2859,2027-02-24,0
873,2857,2027-04-25,0
873,2857,2027-04-26,0
873,2857,2027-04-27,0
873,2857,2027-04-28,0
873,2857,2027-04-29,0
873,2857,2027-04-30,0
873,2857,2027-05-01,0
873,2857,2027-05-02,0
873,2857,2027-05-03,0
873,2857,2027-05-04,0
873,2857,2027-05-05,0
873,2857,2027-05-06,0
873,2857,2027-05-07,0
873,2857,2027-05-08,0
873,2857,2027-05-09,0
873,2857,2027-05-10,0
873,2857,2027-05-11,0
873,2857,2027-05-12,0
873,2857,2027-05-13,0
873,2857,2027-05-14,0
873,2857,2027-05-15,0
873,2857,2027-05-16,0
873,2857,2027-05-17,0
873,2857,2027-05-18,0
873,2857,2027-05-19,0
873,2857,2027-05-20,0
873,2857,2027-05-21,0
873,2857,2027-05-22,0
873,2857,2027-05-23,0
873,2857,2027-05-24,0
873,2857,2027-05-25,0
873,2858,2027-04-25,0
873,2858,2027-04-26,0
873,2858,2027-04-27,0
873,2858,2027-04-28,0
873,2858,2027-04-29,0
873,2858,2027-04-30,0
873,2858,2027-05-01,0
873,2858,2027-05-02,0
873,2858,2027-05-03,0
873,2858,2027-05-04,0
873,2858,2027-05-05,0
873,2858,2027-05-06,0
873,2858,2027-05-07,0
873,2858,2027-05-08,0
873,2858,2027-05-09,0
873,2858,2027-05-10,0
873,2858,2027-05-11,0
873,2858,2027-05-12,0
873,2858,2027-05-13,0
873,2858,2027-05-14,0
873,2858,2027-05-15,0
873,2858,2027-05-16,0
873,2858,2027-05-17,0
873,2858,2027-05-18,0
873,2858,2027-05-19,0
873,2858,2027-05-20,0
873,2858,2027-05-21,0
873,2858,2027-05-22,0
873,2858,2027-05-23,0
873,2858,2027-05-24,0
873,2858,2027-05-25,0
873,2859,2027-04-25,0
873,2859,2027-04-26,0
873,2859,2027-04-27,0
873,2859,2027-04-28,0
873,2859,2027-04-29,0
873,2859,2027-04-30,0
873,2859,2027-05-01,0
873,2859,2027-05-02,0
873,2859,2027-05-03,0
873,2859,2027-05-04,0
873,2859,2027-05-05,0
873,2859,2027-05-06,0
873,2859,2027-05-07,0
873,2859,2027-05-08,0
873,2859,2027-05-09,0
873,2859,2027-05-10,0
873,2859,2027-05-11,0
873,2859,2027-05-12,0
873,2859,2027-05-13,0
873,2859,2027-05-14,0
873,2859,2027-05-15,0
873,2859,2027-05-16,0
873,2859,2027-05-17,0
873,2859,2027-05-18,0
873,2859,2027-05-19,0
873,2859,2027-05-20,0
873,2859,2027-05-21,0
873,2859,2027-05-22,0
873,2859,2027-05-23,0
873,2859,2027-05-24,0
873,2859,2027-05-25,0
873,2857,2027-05-25,0
873,2857,2027-05-26,0
873,2857,2027-05-27,0
873,2857,2027-05-28,0
873,2857,2027-05-29,0
873,2857,2027-05-30,0
873,2857,2027-05-31,0
873,2857,2027-06-01,0
873,2857,2027-06-02,0
873,2857,2027-06-03,0
873,2857,2027-06-04,0
873,2857,2027-06-05,0
873,2857,2027-06-06,0
873,2857,2027-06-07,0
873,2857,2027-06-08,0
873,2857,2027-06-09,0
873,2857,2027-06-10,0
873,2857,2027-06-11,0
873,2857,2027-06-12,0
873,2857,2027-06-13,0
873,2857,2027-06-14,0
873,2857,2027-06-15,0
873,2857,2027-06-16,0
873,2857,2027-06-17,0
873,2857,2027-06-18,0
873,2857,2027-06-19,0
873,2857,2027-06-20,0
873,2857,2027-06-21,0
873,2857,2027-06-22,0
873,2857,2027-06-23,0
873,2857,2027-06-24,0
873,2858,2027-05-25,0
873,2858,2027-05-26,0
873,2858,2027-05-27,0
873,2858,2027-05-28,0
873,2858,2027-05-29,0
873,2858,2027-05-30,0
873,2858,2027-05-31,0
873,2858,2027-06-01,0
873,2858,2027-06-02,0
873,2858,2027-06-03,0
873,2858,2027-06-04,0
873,2858,2027-06-05,0
873,2858,2027-06-06,0
873,2858,2027-06-07,0
873,2858,2027-06-08,0
873,2858,2027-06-09,0
873,2858,2027-06-10,0
873,2858,2027-06-11,0
873,2858,2027-06-12,0
873,2858,2027-06-13,0
873,2858,2027-06-14,0
873,2858,2027-06-15,0
873,2858,2027-06-16,0
873,2858,2027-06-17,0
873,2858,2027-06-18,0
873,2858,2027-06-19,0
873,2858,2027-06-20,0
873,2858,2027-06-21,0
873,2858,2027-06-22,0
873,2858,2027-06-23,0
873,2858,2027-06-24,0
873,2859,2027-05-25,0
873,2859,2027-05-26,0
873,2859,2027-05-27,0
873,2859,2027-05-28,0
873,2859,2027-05-29,0
873,2859,2027-05-30,0
873,2859,2027-05-31,0
873,2859,2027-06-01,0
873,2859,2027-06-02,0
873,2859,2027-06-03,0
873,2859,2027-06-04,0
873,2859,2027-06-05,0
873,2859,2027-06-06,0
873,2859,2027-06-07,0
873,2859,2027-06-08,0
873,2859,2027-06-09,0
873,2859,2027-06-10,0
873,2859,2027-06-11,0
873,2859,2027-06-12,0
873,2859,2027-06-13,0
873,2859,2027-06-14,0
873,2859,2027-06-15,0
873,2859,2027-06-16,0
873,2859,2027-06-17,0
873,2859,2027-06-18,0
873,2859,2027-06-19,0
873,2859,2027-06-20,0
873,2859,2027-06-21,0
873,2859,2027-06-22,0
873,2859,2027-06-23,0
873,2859,2027-06-24,0
873,2857,2027-03-26,0
873,2857,2027-03-27,0
873,2857,2027-03-28,0
873,2857,2027-03-29,0
873,2857,2027-03-30,0
873,2857,2027-03-31,0
873,2857,2027-04-01,0
873,2857,2027-04-02,0
873,2857,2027-04-03,0
873,2857,2027-04-04,0
873,2857,2027-04-05,0
873,2857,2027-04-06,0
873,2857,2027-04-07,0
873,2857,2027-04-08,0
873,2857,2027-04-09,0
873,2857,2027-04-10,0
873,2857,2027-04-11,0
873,2857,2027-04-12,0
873,2857,2027-04-13,0
873,2857,2027-04-14,0
873,2857,2027-04-15,0
873,2857,2027-04-16,0
873,2857,2027-04-17,0
873,2857,2027-04-18,0
873,2857,2027-04-19,0
873,2857,2027-04-20,0
873,2857,2027-04-21,0
873,2857,2027-04-22,0
873,2857,2027-04-23,0
873,2857,2027-04-24,0
873,2857,2027-04-25,0
873,2858,2027-03-26,0
873,2858,2027-03-27,0
873,2858,2027-03-28,0
873,2858,2027-03-29,0
873,2858,2027-03-30,0
873,2858,2027-03-31,0
873,2858,2027-04-01,0
873,2858,2027-04-02,0
873,2858,2027-04-03,0
873,2858,2027-04-04,0
873,2858,2027-04-05,0
873,2858,2027-04-06,0
873,2858,2027-04-07,0
873,2858,2027-04-08,0
873,2858,2027-04-09,0
873,2858,2027-04-10,0
873,2858,2027-04-11,0
873,2858,2027-04-12,0
873,2858,2027-04-13,0
873,2858,2027-04-14,0
873,2858,2027-04-15,0
873,2858,2027-04-16,0
873,2858,2027-04-17,0
873,2858,2027-04-18,0
873,2858,2027-04-19,0
873,2858,2027-04-20,0
873,2858,2027-04-21,0
873,2858,2027-04-22,0
873,2858,2027-04-23,0
873,2858,2027-04-24,0
873,2858,2027-04-25,0
873,2859,2027-03-26,0
873,2859,2027-03-27,0
873,2859,2027-03-28,0
873,2859,2027-03-29,0
873,2859,2027-03-30,0
873,2859,2027-03-31,0
873,2859,2027-04-01,0
873,2859,2027-04-02,0
873,2859,2027-04-03,0
873,2859,2027-04-04,0
873,2859,2027-04-05,0
873,2859,2027-04-06,0
873,2859,2027-04-07,0
873,2859,2027-04-08,0
873,2859,2027-04-09,0
873,2859,2027-04-10,0
873,2859,2027-04-11,0
873,2859,2027-04-12,0
873,2859,2027-04-13,0
873,2859,2027-04-14,0
873,2859,2027-04-15,0
873,2859,2027-04-16,0
873,2859,2027-04-17,0
873,2859,2027-04-18,0
873,2859,2027-04-19,0
873,2859,2027-04-20,0
873,2859,2027-04-21,0
873,2859,2027-04-22,0
873,2859,2027-04-23,0
873,2859,2027-04-24,0
873,2859,2027-04-25,0
873,2857,2026-12-26,0
873,2857,2026-12-27,0
873,2857,2026-12-28,0
873,2857,2026-12-29,0
873,2857,2026-12-30,0
873,2857,2026-12-31,0
873,2857,2027-01-01,0
873,2857,2027-01-02,0
873,2857,2027-01-03,0
873,2857,2027-01-04,0
873,2857,2027-01-05,0
873,2857,2027-01-06,0
873,2857,2027-01-07,0
873,2857,2027-01-08,0
873,2857,2027-01-09,0
873,2857,2027-01-10,0
873,2857,2027-01-11,0
873,2857,2027-01-12,0
873,2857,2027-01-13,0
873,2857,2027-01-14,0
873,2857,2027-01-15,0
873,2857,2027-01-16,0
873,2857,2027-01-17,0
873,2857,2027-01-18,0
873,2857,2027-01-19,0
873,2857,2027-01-20,0
873,2857,2027-01-21,0
873,2857,2027-01-22,0
873,2857,2027-01-23,0
873,2857,2027-01-24,0
873,2857,2027-01-25,0
873,2858,2026-12-26,0
873,2858,2026-12-27,0
873,2858,2026-12-28,0
873,2858,2026-12-29,0
873,2858,2026-12-30,0
873,2858,2026-12-31,0
873,2858,2027-01-01,0
873,2858,2027-01-02,0
873,2858,2027-01-03,0
873,2858,2027-01-04,0
873,2858,2027-01-05,0
873,2858,2027-01-06,0
873,2858,2027-01-07,0
873,2858,2027-01-08,0
873,2858,2027-01-09,0
873,2858,2027-01-10,0
873,2858,2027-01-11,0
873,2858,2027-01-12,0
873,2858,2027-01-13,0
873,2858,2027-01-14,0
873,2858,2027-01-15,0
873,2858,2027-01-16,0
873,2858,2027-01-17,0
873,2858,2027-01-18,0
873,2858,2027-01-19,0
873,2858,2027-01-20,0
873,2858,2027-01-21,0
873,2858,2027-01-22,0
873,2858,2027-01-23,0
873,2858,2027-01-24,0
873,2858,2027-01-25,0
873,2859,2026-12-26,0
873,2859,2026-12-27,0
873,2859,2026-12-28,0
873,2859,2026-12-29,0
873,2859,2026-12-30,0
873,2859,2026-12-31,0
873,2859,2027-01-01,0
873,2859,2027-01-02,0
873,2859,2027-01-03,0
873,2859,2027-01-04,0
873,2859,2027-01-05,0
873,2859,2027-01-06,0
873,2859,2027-01-07,0
873,2859,2027-01-08,0
873,2859,2027-01-09,0
873,2859,2027-01-10,0
873,2859,2027-01-11,0
873,2859,2027-01-12,0
873,2859,2027-01-13,0
873,2859,2027-01-14,0
873,2859,2027-01-15,0
873,2859,2027-01-16,0
873,2859,2027-01-17,0
873,2859,2027-01-18,0
873,2859,2027-01-19,0
873,2859,2027-01-20,0
873,2859,2027-01-21,0
873,2859,2027-01-22,0
873,2859,2027-01-23,0
873,2859,2027-01-24,0
873,2859,2027-01-25,0
872,2852,2026-07-29,0
872,2852,2026-07-30,0
872,2852,2026-07-31,0
872,2852,2026-08-01,0
872,2852,2026-08-02,0
872,2852,2026-08-03,0
872,2852,2026-08-04,0
872,2852,2026-08-05,0
872,2852,2026-08-06,0
872,2852,2026-08-07,0
872,2852,2026-08-08,0
872,2852,2026-08-09,0
872,2852,2026-08-10,0
872,2852,2026-08-11,0
872,2852,2026-08-12,0
872,2852,2026-08-13,0
872,2852,2026-08-14,0
872,2852,2026-08-15,0
872,2852,2026-08-16,0
872,2852,2026-08-17,0
872,2852,2026-08-18,0
872,2852,2026-08-19,0
872,2852,2026-08-20,0
872,2852,2026-08-21,0
872,2852,2026-08-22,0
872,2852,2026-08-23,0
872,2852,2026-08-24,0
872,2852,2026-08-25,0
872,2852,2026-08-26,0
872,2852,2026-08-27,0
872,2852,2026-08-28,0
872,2853,2026-07-29,0
872,2853,2026-07-30,0
872,2853,2026-07-31,0
872,2853,2026-08-01,0
872,2853,2026-08-02,0
872,2853,2026-08-03,0
872,2853,2026-08-04,0
872,2853,2026-08-05,0
872,2853,2026-08-06,0
872,2853,2026-08-07,0
872,2853,2026-08-08,0
872,2853,2026-08-09,0
872,2853,2026-08-10,0
872,2853,2026-08-11,0
872,2853,2026-08-12,0
872,2853,2026-08-13,0
872,2853,2026-08-14,0
872,2853,2026-08-15,0
872,2853,2026-08-16,0
872,2853,2026-08-17,0
872,2853,2026-08-18,0
872,2853,2026-08-19,0
872,2853,2026-08-20,0
872,2853,2026-08-21,0
872,2853,2026-08-22,0
872,2853,2026-08-23,0
872,2853,2026-08-24,0
872,2853,2026-08-25,0
872,2853,2026-08-26,0
872,2853,2026-08-27,0
872,2853,2026-08-28,0
872,2854,2026-07-29,0
872,2854,2026-07-30,0
872,2854,2026-07-31,0
872,2854,2026-08-01,0
872,2854,2026-08-02,0
872,2854,2026-08-03,0
872,2854,2026-08-04,0
872,2854,2026-08-05,0
872,2854,2026-08-06,0
872,2854,2026-08-07,0
872,2854,2026-08-08,0
872,2854,2026-08-09,0
872,2854,2026-08-10,0
872,2854,2026-08-11,0
872,2854,2026-08-12,0
872,2854,2026-08-13,0
872,2854,2026-08-14,0
872,2854,2026-08-15,0
872,2854,2026-08-16,0
872,2854,2026-08-17,0
872,2854,2026-08-18,0
872,2854,2026-08-19,0
872,2854,2026-08-20,0
872,2854,2026-08-21,0
872,2854,2026-08-22,0
872,2854,2026-08-23,0
872,2854,2026-08-24,0
872,2854,2026-08-25,0
872,2854,2026-08-26,0
872,2854,2026-08-27,0
872,2854,2026-08-28,0
872,2855,2026-07-29,0
872,2855,2026-07-30,0
872,2855,2026-07-31,0
872,2855,2026-08-01,0
872,2855,2026-08-02,0
872,2855,2026-08-03,0
872,2855,2026-08-04,0
872,2855,2026-08-05,0
872,2855,2026-08-06,0
872,2855,2026-08-07,0
872,2855,2026-08-08,0
872,2855,2026-08-09,0
872,2855,2026-08-10,0
872,2855,2026-08-11,0
872,2855,2026-08-12,0
872,2855,2026-08-13,0
872,2855,2026-08-14,0
872,2855,2026-08-15,0
872,2855,2026-08-16,0
872,2855,2026-08-17,0
872,2855,2026-08-18,0
872,2855,2026-08-19,0
872,2855,2026-08-20,0
872,2855,2026-08-21,0
872,2855,2026-08-22,0
872,2855,2026-08-23,0
872,2855,2026-08-24,0
872,2855,2026-08-25,0
872,2855,2026-08-26,0
872,2855,2026-08-27,0
872,2855,2026-08-28,0
872,2856,2026-07-29,0
872,2856,2026-07-30,0
872,2856,2026-07-31,0
872,2856,2026-08-01,0
872,2856,2026-08-02,0
872,2856,2026-08-03,0
872,2856,2026-08-04,0
872,2856,2026-08-05,0
872,2856,2026-08-06,0
872,2856,2026-08-07,0
872,2856,2026-08-08,0
872,2856,2026-08-09,0
872,2856,2026-08-10,0
872,2856,2026-08-11,0
872,2856,2026-08-12,0
872,2856,2026-08-13,0
872,2856,2026-08-14,0
872,2856,2026-08-15,0
872,2856,2026-08-16,0
872,2856,2026-08-17,0
872,2856,2026-08-18,0
872,2856,2026-08-19,0
872,2856,2026-08-20,0
872,2856,2026-08-21,0
872,2856,2026-08-22,0
872,2856,2026-08-23,0
872,2856,2026-08-24,0
872,2856,2026-08-25,0
872,2856,2026-08-26,0
872,2856,2026-08-27,0
872,2856,2026-08-28,0
872,2852,2026-08-28,0
872,2852,2026-08-29,0
872,2852,2026-08-30,0
872,2852,2026-08-31,0
872,2852,2026-09-01,0
872,2852,2026-09-02,0
872,2852,2026-09-03,0
872,2852,2026-09-04,0
872,2852,2026-09-05,0
872,2852,2026-09-06,0
872,2852,2026-09-07,0
872,2852,2026-09-08,0
872,2852,2026-09-09,0
872,2852,2026-09-10,0
872,2852,2026-09-11,0
872,2852,2026-09-12,0
872,2852,2026-09-13,0
872,2852,2026-09-14,0
872,2852,2026-09-15,0
872,2852,2026-09-16,0
872,2852,2026-09-17,0
872,2852,2026-09-18,0
872,2852,2026-09-19,0
872,2852,2026-09-20,0
872,2852,2026-09-21,0
872,2852,2026-09-22,0
872,2852,2026-09-23,0
872,2852,2026-09-24,0
872,2852,2026-09-25,0
872,2852,2026-09-26,0
872,2852,2026-09-27,0
872,2853,2026-08-28,0
872,2853,2026-08-29,0
872,2853,2026-08-30,0
872,2853,2026-08-31,0
872,2853,2026-09-01,0
872,2853,2026-09-02,0
872,2853,2026-09-03,0
872,2853,2026-09-04,0
872,2853,2026-09-05,0
872,2853,2026-09-06,0
872,2853,2026-09-07,0
872,2853,2026-09-08,0
872,2853,2026-09-09,0
872,2853,2026-09-10,0
872,2853,2026-09-11,0
872,2853,2026-09-12,0
872,2853,2026-09-13,0
872,2853,2026-09-14,0
872,2853,2026-09-15,0
872,2853,2026-09-16,0
872,2853,2026-09-17,0
872,2853,2026-09-18,0
872,2853,2026-09-19,0
872,2853,2026-09-20,0
872,2853,2026-09-21,0
872,2853,2026-09-22,0
872,2853,2026-09-23,0
872,2853,2026-09-24,0
872,2853,2026-09-25,0
872,2853,2026-09-26,0
872,2853,2026-09-27,0
872,2854,2026-08-28,0
872,2854,2026-08-29,0
872,2854,2026-08-30,0
872,2854,2026-08-31,0
872,2854,2026-09-01,0
872,2854,2026-09-02,0
872,2854,2026-09-03,0
872,2854,2026-09-04,0
872,2854,2026-09-05,0
872,2854,2026-09-06,0
872,2854,2026-09-07,0
872,2854,2026-09-08,0
872,2854,2026-09-09,0
872,2854,2026-09-10,0
872,2854,2026-09-11,0
872,2854,2026-09-12,0
872,2854,2026-09-13,0
872,2854,2026-09-14,0
872,2854,2026-09-15,0
872,2854,2026-09-16,0
872,2854,2026-09-17,0
872,2854,2026-09-18,0
872,2854,2026-09-19,0
872,2854,2026-09-20,0
872,2854,2026-09-21,0
872,2854,2026-09-22,0
872,2854,2026-09-23,0
872,2854,2026-09-24,0
872,2854,2026-09-25,0
872,2854,2026-09-26,0
872,2854,2026-09-27,0
872,2855,2026-08-28,0
872,2855,2026-08-29,0
872,2855,2026-08-30,0
872,2855,2026-08-31,0
872,2855,2026-09-01,0
872,2855,2026-09-02,0
872,2855,2026-09-03,0
872,2855,2026-09-04,0
872,2855,2026-09-05,0
872,2855,2026-09-06,0
872,2855,2026-09-07,0
872,2855,2026-09-08,0
872,2855,2026-09-09,0
872,2855,2026-09-10,0
872,2855,2026-09-11,0
872,2855,2026-09-12,0
872,2855,2026-09-13,0
872,2855,2026-09-14,0
872,2855,2026-09-15,0
872,2855,2026-09-16,0
872,2855,2026-09-17,0
872,2855,2026-09-18,0
872,2855,2026-09-19,0
872,2855,2026-09-20,0
872,2855,2026-09-21,0
872,2855,2026-09-22,0
872,2855,2026-09-23,0
872,2855,2026-09-24,0
872,2855,2026-09-25,0
872,2855,2026-09-26,0
872,2855,2026-09-27,0
872,2856,2026-08-28,0
872,2856,2026-08-29,0
872,2856,2026-08-30,0
872,2856,2026-08-31,0
872,2856,2026-09-01,0
872,2856,2026-09-02,0
872,2856,2026-09-03,0
872,2856,2026-09-04,0
872,2856,2026-09-05,0
872,2856,2026-09-06,0
872,2856,2026-09-07,0
872,2856,2026-09-08,0
872,2856,2026-09-09,0
872,2856,2026-09-10,0
872,2856,2026-09-11,0
872,2856,2026-09-12,0
872,2856,2026-09-13,0
872,2856,2026-09-14,0
872,2856,2026-09-15,0
872,2856,2026-09-16,0
872,2856,2026-09-17,0
872,2856,2026-09-18,0
872,2856,2026-09-19,0
872,2856,2026-09-20,0
872,2856,2026-09-21,0
872,2856,2026-09-22,0
872,2856,2026-09-23,0
872,2856,2026-09-24,0
872,2856,2026-09-25,0
872,2856,2026-09-26,0
872,2856,2026-09-27,0
872,2852,2026-06-29,0
872,2852,2026-06-30,0
872,2852,2026-07-01,0
872,2852,2026-07-02,0
872,2852,2026-07-03,0
872,2852,2026-07-04,0
872,2852,2026-07-05,0
872,2852,2026-07-06,0
872,2852,2026-07-07,0
872,2852,2026-07-08,0
872,2852,2026-07-09,0
872,2852,2026-07-10,0
872,2852,2026-07-11,0
872,2852,2026-07-12,0
872,2852,2026-07-13,0
872,2852,2026-07-14,0
872,2852,2026-07-15,0
872,2852,2026-07-16,0
872,2852,2026-07-17,0
872,2852,2026-07-18,0
872,2852,2026-07-19,0
872,2852,2026-07-20,0
872,2852,2026-07-21,0
872,2852,2026-07-22,0
872,2852,2026-07-23,0
872,2852,2026-07-24,0
872,2852,2026-07-25,0
872,2852,2026-07-26,0
872,2852,2026-07-27,0
872,2852,2026-07-28,0
872,2852,2026-07-29,0
872,2853,2026-06-29,0
872,2853,2026-06-30,0
872,2853,2026-07-01,0
872,2853,2026-07-02,0
872,2853,2026-07-03,0
872,2853,2026-07-04,0
872,2853,2026-07-05,0
872,2853,2026-07-06,0
872,2853,2026-07-07,0
872,2853,2026-07-08,0
872,2853,2026-07-09,0
872,2853,2026-07-10,0
872,2853,2026-07-11,0
872,2853,2026-07-12,0
872,2853,2026-07-13,0
872,2853,2026-07-14,0
872,2853,2026-07-15,0
872,2853,2026-07-16,0
872,2853,2026-07-17,0
872,2853,2026-07-18,0
872,2853,2026-07-19,0
872,2853,2026-07-20,0
872,2853,2026-07-21,0
872,2853,2026-07-22,0
872,2853,2026-07-23,0
872,2853,2026-07-24,0
872,2853,2026-07-25,0
872,2853,2026-07-26,0
872,2853,2026-07-27,0
872,2853,2026-07-28,0
872,2853,2026-07-29,0
872,2854,2026-06-29,0
872,2854,2026-06-30,0
872,2854,2026-07-01,0
872,2854,2026-07-02,0
872,2854,2026-07-03,0
872,2854,2026-07-04,0
872,2854,2026-07-05,0
872,2854,2026-07-06,0
872,2854,2026-07-07,0
872,2854,2026-07-08,0
872,2854,2026-07-09,0
872,2854,2026-07-10,0
872,2854,2026-07-11,0
872,2854,2026-07-12,0
872,2854,2026-07-13,0
872,2854,2026-07-14,0
872,2854,2026-07-15,0
872,2854,2026-07-16,0
872,2854,2026-07-17,0
872,2854,2026-07-18,0
872,2854,2026-07-19,0
872,2854,2026-07-20,0
872,2854,2026-07-21,0
872,2854,2026-07-22,0
872,2854,2026-07-23,0
872,2854,2026-07-24,0
872,2854,2026-07-25,0
872,2854,2026-07-26,0
872,2854,2026-07-27,0
872,2854,2026-07-28,0
872,2854,2026-07-29,0
872,2855,2026-06-29,0
872,2855,2026-06-30,0
872,2855,2026-07-01,0
872,2855,2026-07-02,0
872,2855,2026-07-03,0
872,2855,2026-07-04,0
872,2855,2026-07-05,0
872,2855,2026-07-06,0
872,2855,2026-07-07,0
872,2855,2026-07-08,0
872,2855,2026-07-09,0
872,2855,2026-07-10,0
872,2855,2026-07-11,0
872,2855,2026-07-12,0
872,2855,2026-07-13,0
872,2855,2026-07-14,0
872,2855,2026-07-15,0
872,2855,2026-07-16,0
872,2855,2026-07-17,0
872,2855,2026-07-18,0
872,2855,2026-07-19,0
872,2855,2026-07-20,0
872,2855,2026-07-21,0
872,2855,2026-07-22,0
872,2855,2026-07-23,0
872,2855,2026-07-24,0
872,2855,2026-07-25,0
872,2855,2026-07-26,0
872,2855,2026-07-27,0
872,2855,2026-07-28,0
872,2855,2026-07-29,0
872,2856,2026-06-29,0
872,2856,2026-06-30,0
872,2856,2026-07-01,0
872,2856,2026-07-02,0
872,2856,2026-07-03,0
872,2856,2026-07-04,0
872,2856,2026-07-05,0
872,2856,2026-07-06,0
872,2856,2026-07-07,0
872,2856,2026-07-08,0
872,2856,2026-07-09,0
872,2856,2026-07-10,0
872,2856,2026-07-11,0
872,2856,2026-07-12,0
872,2856,2026-07-13,0
872,2856,2026-07-14,0
872,2856,2026-07-15,0
872,2856,2026-07-16,0
872,2856,2026-07-17,0
872,2856,2026-07-18,0
872,2856,2026-07-19,0
872,2856,2026-07-20,0
872,2856,2026-07-21,0
872,2856,2026-07-22,0
872,2856,2026-07-23,0
872,2856,2026-07-24,0
872,2856,2026-07-25,0
872,2856,2026-07-26,0
872,2856,2026-07-27,0
872,2856,2026-07-28,0
872,2856,2026-07-29,0
872,2852,2026-09-27,0
872,2852,2026-09-28,0
872,2852,2026-09-29,0
872,2852,2026-09-30,0
872,2852,2026-10-01,0
872,2852,2026-10-02,0
872,2852,2026-10-03,0
872,2852,2026-10-04,0
872,2852,2026-10-05,0
872,2852,2026-10-06,0
872,2852,2026-10-07,0
872,2852,2026-10-08,0
872,2852,2026-10-09,0
872,2852,2026-10-10,0
872,2852,2026-10-11,0
872,2852,2026-10-12,0
872,2852,2026-10-13,0
872,2852,2026-10-14,0
872,2852,2026-10-15,0
872,2852,2026-10-16,0
872,2852,2026-10-17,0
872,2852,2026-10-18,0
872,2852,2026-10-19,0
872,2852,2026-10-20,0
872,2852,2026-10-21,0
872,2852,2026-10-22,0
872,2852,2026-10-23,0
872,2852,2026-10-24,0
872,2852,2026-10-25,0
872,2852,2026-10-26,0
872,2852,2026-10-27,30
872,2853,2026-09-27,0
872,2853,2026-09-28,0
872,2853,2026-09-29,0
872,2853,2026-09-30,0
872,2853,2026-10-01,0
872,2853,2026-10-02,0
872,2853,2026-10-03,0
872,2853,2026-10-04,0
872,2853,2026-10-05,0
872,2853,2026-10-06,0
872,2853,2026-10-07,0
872,2853,2026-10-08,0
872,2853,2026-10-09,0
872,2853,2026-10-10,0
872,2853,2026-10-11,0
872,2853,2026-10-12,0
872,2853,2026-10-13,0
872,2853,2026-10-14,0
872,2853,2026-10-15,0
872,2853,2026-10-16,0
872,2853,2026-10-17,0
872,2853,2026-10-18,0
872,2853,2026-10-19,0
872,2853,2026-10-20,0
872,2853,2026-10-21,0
872,2853,2026-10-22,0
872,2853,2026-10-23,0
872,2853,2026-10-24,0
872,2853,2026-10-25,0
872,2853,2026-10-26,0
872,2853,2026-10-27,30
872,2854,2026-09-27,0
872,2854,2026-09-28,0
872,2854,2026-09-29,0
872,2854,2026-09-30,0
872,2854,2026-10-01,0
872,2854,2026-10-02,0
872,2854,2026-10-03,0
872,2854,2026-10-04,0
872,2854,2026-10-05,0
872,2854,2026-10-06,0
872,2854,2026-10-07,0
872,2854,2026-10-08,0
872,2854,2026-10-09,0
872,2854,2026-10-10,0
872,2854,2026-10-11,0
872,2854,2026-10-12,0
872,2854,2026-10-13,0
872,2854,2026-10-14,0
872,2854,2026-10-15,0
872,2854,2026-10-16,0
872,2854,2026-10-17,0
872,2854,2026-10-18,0
872,2854,2026-10-19,0
872,2854,2026-10-20,0
872,2854,2026-10-21,0
872,2854,2026-10-22,0
872,2854,2026-10-23,0
872,2854,2026-10-24,0
872,2854,2026-10-25,0
872,2854,2026-10-26,0
872,2854,2026-10-27,50
872,2855,2026-09-27,0
872,2855,2026-09-28,0
872,2855,2026-09-29,0
872,2855,2026-09-30,0
872,2855,2026-10-01,0
872,2855,2026-10-02,0
872,2855,2026-10-03,0
872,2855,2026-10-04,0
872,2855,2026-10-05,0
872,2855,2026-10-06,0
872,2855,2026-10-07,0
872,2855,2026-10-08,0
872,2855,2026-10-09,0
872,2855,2026-10-10,0
872,2855,2026-10-11,0
872,2855,2026-10-12,0
872,2855,2026-10-13,0
872,2855,2026-10-14,0
872,2855,2026-10-15,0
872,2855,2026-10-16,0
872,2855,2026-10-17,0
872,2855,2026-10-18,0
872,2855,2026-10-19,0
872,2855,2026-10-20,0
872,2855,2026-10-21,0
872,2855,2026-10-22,0
872,2855,2026-10-23,0
872,2855,2026-10-24,0
872,2855,2026-10-25,0
872,2855,2026-10-26,0
872,2855,2026-10-27,28
872,2856,2026-09-27,0
872,2856,2026-09-28,0
872,2856,2026-09-29,0
872,2856,2026-09-30,0
872,2856,2026-10-01,0
872,2856,2026-10-02,0
872,2856,2026-10-03,0
872,2856,2026-10-04,0
872,2856,2026-10-05,0
872,2856,2026-10-06,0
872,2856,2026-10-07,0
872,2856,2026-10-08,0
872,2856,2026-10-09,0
872,2856,2026-10-10,0
872,2856,2026-10-11,0
872,2856,2026-10-12,0
872,2856,2026-10-13,0
872,2856,2026-10-14,0
872,2856,2026-10-15,0
872,2856,2026-10-16,0
872,2856,2026-10-17,0
872,2856,2026-10-18,0
872,2856,2026-10-19,0
872,2856,2026-10-20,0
872,2856,2026-10-21,0
872,2856,2026-10-22,0
872,2856,2026-10-23,0
872,2856,2026-10-24,0
872,2856,2026-10-25,0
872,2856,2026-10-26,0
872,2856,2026-10-27,40
872,2852,2026-05-30,0
872,2852,2026-05-31,0
872,2852,2026-06-01,0
872,2852,2026-06-02,0
872,2852,2026-06-03,0
872,2852,2026-06-04,0
872,2852,2026-06-05,0
872,2852,2026-06-06,0
872,2852,2026-06-07,0
872,2852,2026-06-08,0
872,2852,2026-06-09,0
872,2852,2026-06-10,0
872,2852,2026-06-11,0
872,2852,2026-06-12,0
872,2852,2026-06-13,0
872,2852,2026-06-14,0
872,2852,2026-06-15,0
872,2852,2026-06-16,0
872,2852,2026-06-17,0
872,2852,2026-06-18,0
872,2852,2026-06-19,0
872,2852,2026-06-20,0
872,2852,2026-06-21,0
872,2852,2026-06-22,0
872,2852,2026-06-23,0
872,2852,2026-06-24,0
872,2852,2026-06-25,0
872,2852,2026-06-26,0
872,2852,2026-06-27,0
872,2852,2026-06-28,0
872,2852,2026-06-29,0
872,2853,2026-05-30,0
872,2853,2026-05-31,0
872,2853,2026-06-01,0
872,2853,2026-06-02,0
872,2853,2026-06-03,0
872,2853,2026-06-04,0
872,2853,2026-06-05,0
872,2853,2026-06-06,0
872,2853,2026-06-07,0
872,2853,2026-06-08,0
872,2853,2026-06-09,0
872,2853,2026-06-10,0
872,2853,2026-06-11,0
872,2853,2026-06-12,0
872,2853,2026-06-13,0
872,2853,2026-06-14,0
872,2853,2026-06-15,0
872,2853,2026-06-16,0
872,2853,2026-06-17,0
872,2853,2026-06-18,0
872,2853,2026-06-19,0
872,2853,2026-06-20,0
872,2853,2026-06-21,0
872,2853,2026-06-22,0
872,2853,2026-06-23,0
872,2853,2026-06-24,0
872,2853,2026-06-25,0
872,2853,2026-06-26,0
872,2853,2026-06-27,0
872,2853,2026-06-28,0
872,2853,2026-06-29,0
872,2854,2026-05-30,0
872,2854,2026-05-31,0
872,2854,2026-06-01,0
872,2854,2026-06-02,0
872,2854,2026-06-03,0
872,2854,2026-06-04,0
872,2854,2026-06-05,0
872,2854,2026-06-06,0
872,2854,2026-06-07,0
872,2854,2026-06-08,0
872,2854,2026-06-09,0
872,2854,2026-06-10,0
872,2854,2026-06-11,0
872,2854,2026-06-12,0
872,2854,2026-06-13,0
872,2854,2026-06-14,0
872,2854,2026-06-15,0
872,2854,2026-06-16,0
872,2854,2026-06-17,0
872,2854,2026-06-18,0
872,2854,2026-06-19,0
872,2854,2026-06-20,0
872,2854,2026-06-21,0
872,2854,2026-06-22,0
872,2854,2026-06-23,0
872,2854,2026-06-24,0
872,2854,2026-06-25,0
872,2854,2026-06-26,0
872,2854,2026-06-27,0
872,2854,2026-06-28,0
872,2854,2026-06-29,0
872,2855,2026-05-30,0
872,2855,2026-05-31,0
872,2855,2026-06-01,0
872,2855,2026-06-02,0
872,2855,2026-06-03,0
872,2855,2026-06-04,0
872,2855,2026-06-05,0
872,2855,2026-06-06,0
872,2855,2026-06-07,0
872,2855,2026-06-08,0
872,2855,2026-06-09,0
872,2855,2026-06-10,0
872,2855,2026-06-11,0
872,2855,2026-06-12,0
872,2855,2026-06-13,0
872,2855,2026-06-14,0
872,2855,2026-06-15,0
872,2855,2026-06-16,0
872,2855,2026-06-17,0
872,2855,2026-06-18,0
872,2855,2026-06-19,0
872,2855,2026-06-20,0
872,2855,2026-06-21,0
872,2855,2026-06-22,0
872,2855,2026-06-23,0
872,2855,2026-06-24,0
872,2855,2026-06-25,0
872,2855,2026-06-26,0
872,2855,2026-06-27,0
872,2855,2026-06-28,0
872,2855,2026-06-29,0
872,2856,2026-05-30,0
872,2856,2026-05-31,0
872,2856,2026-06-01,0
872,2856,2026-06-02,0
872,2856,2026-06-03,0
872,2856,2026-06-04,0
872,2856,2026-06-05,0
872,2856,2026-06-06,0
872,2856,2026-06-07,0
872,2856,2026-06-08,0
872,2856,2026-06-09,0
872,2856,2026-06-10,0
872,2856,2026-06-11,0
872,2856,2026-06-12,0
872,2856,2026-06-13,0
872,2856,2026-06-14,0
872,2856,2026-06-15,0
872,2856,2026-06-16,0
872,2856,2026-06-17,0
872,2856,2026-06-18,0
872,2856,2026-06-19,0
872,2856,2026-06-20,0
872,2856,2026-06-21,0
872,2856,2026-06-22,0
872,2856,2026-06-23,0
872,2856,2026-06-24,0
872,2856,2026-06-25,0
872,2856,2026-06-26,0
872,2856,2026-06-27,0
872,2856,2026-06-28,0
872,2856,2026-06-29,0
872,2852,2027-01-25,24
872,2852,2027-01-26,30
872,2852,2027-01-27,24
872,2852,2027-01-28,30
872,2852,2027-01-29,29
872,2852,2027-01-30,29
872,2852,2027-01-31,28
872,2852,2027-02-01,30
872,2852,2027-02-02,25
872,2852,2027-02-03,29
872,2852,2027-02-04,25
872,2852,2027-02-05,30
872,2852,2027-02-06,27
872,2852,2027-02-07,30
872,2852,2027-02-08,28
872,2852,2027-02-09,29
872,2852,2027-02-10,23
872,2852,2027-02-11,28
872,2852,2027-02-12,30
872,2852,2027-02-13,30
872,2852,2027-02-14,28
872,2852,2027-02-15,26
872,2852,2027-02-16,30
872,2852,2027-02-17,26
872,2852,2027-02-18,30
872,2852,2027-02-19,30
872,2852,2027-02-20,30
872,2852,2027-02-21,28
872,2852,2027-02-22,30
872,2852,2027-02-23,28
872,2852,2027-02-24,28
872,2853,2027-01-25,28
872,2853,2027-01-26,28
872,2853,2027-01-27,30
872,2853,2027-01-28,24
872,2853,2027-01-29,24
872,2853,2027-01-30,21
872,2853,2027-01-31,30
872,2853,2027-02-01,27
872,2853,2027-02-02,27
872,2853,2027-02-03,27
872,2853,2027-02-04,20
872,2853,2027-02-05,23
872,2853,2027-02-06,27
872,2853,2027-02-07,28
872,2853,2027-02-08,28
872,2853,2027-02-09,25
872,2853,2027-02-10,30
872,2853,2027-02-11,29
872,2853,2027-02-12,22
872,2853,2027-02-13,23
872,2853,2027-02-14,18
872,2853,2027-02-15,30
872,2853,2027-02-16,28
872,2853,2027-02-17,28
872,2853,2027-02-18,28
872,2853,2027-02-19,26
872,2853,2027-02-20,28
872,2853,2027-02-21,26
872,2853,2027-02-22,25
872,2853,2027-02-23,28
872,2853,2027-02-24,24
872,2854,2027-01-25,0
872,2854,2027-01-26,0
872,2854,2027-01-27,0
872,2854,2027-01-28,3
872,2854,2027-01-29,1
872,2854,2027-01-30,0
872,2854,2027-01-31,0
872,2854,2027-02-01,0
872,2854,2027-02-02,1
872,2854,2027-02-03,1
872,2854,2027-02-04,1
872,2854,2027-02-05,0
872,2854,2027-02-06,4
872,2854,2027-02-07,0
872,2854,2027-02-08,2
872,2854,2027-02-09,0
872,2854,2027-02-10,2
872,2854,2027-02-11,6
872,2854,2027-02-12,0
872,2854,2027-02-13,0
872,2854,2027-02-14,1
872,2854,2027-02-15,0
872,2854,2027-02-16,4
872,2854,2027-02-17,0
872,2854,2027-02-18,0
872,2854,2027-02-19,0
872,2854,2027-02-20,1
872,2854,2027-02-21,0
872,2854,2027-02-22,0
872,2854,2027-02-23,0
872,2854,2027-02-24,0
872,2855,2027-01-25,0
872,2855,2027-01-26,0
872,2855,2027-01-27,0
872,2855,2027-01-28,0
872,2855,2027-01-29,1
872,2855,2027-01-30,0
872,2855,2027-01-31,0
872,2855,2027-02-01,0
872,2855,2027-02-02,0
872,2855,2027-02-03,1
872,2855,2027-02-04,0
872,2855,2027-02-05,0
872,2855,2027-02-06,0
872,2855,2027-02-07,0
872,2855,2027-02-08,0
872,2855,2027-02-09,0
872,2855,2027-02-10,0
872,2855,2027-02-11,0
872,2855,2027-02-12,1
872,2855,2027-02-13,0
872,2855,2027-02-14,0
872,2855,2027-02-15,0
872,2855,2027-02-16,0
872,2855,2027-02-17,0
872,2855,2027-02-18,1
872,2855,2027-02-19,0
872,2855,2027-02-20,0
872,2855,2027-02-21,0
872,2855,2027-02-22,1
872,2855,2027-02-23,0
872,2855,2027-02-24,1
872,2856,2027-01-25,1
872,2856,2027-01-26,0
872,2856,2027-01-27,0
872,2856,2027-01-28,0
872,2856,2027-01-29,2
872,2856,2027-01-30,0
872,2856,2027-01-31,0
872,2856,2027-02-01,0
872,2856,2027-02-02,0
872,2856,2027-02-03,2
872,2856,2027-02-04,0
872,2856,2027-02-05,0
872,2856,2027-02-06,1
872,2856,2027-02-07,5
872,2856,2027-02-08,0
872,2856,2027-02-09,0
872,2856,2027-02-10,0
872,2856,2027-02-11,0
872,2856,2027-02-12,0
872,2856,2027-02-13,2
872,2856,2027-02-14,0
872,2856,2027-02-15,0
872,2856,2027-02-16,1
872,2856,2027-02-17,0
872,2856,2027-02-18,2
872,2856,2027-02-19,0
872,2856,2027-02-20,0
872,2856,2027-02-21,0
872,2856,2027-02-22,0
872,2856,2027-02-23,0
872,2856,2027-02-24,0
872,2852,2027-02-24,28
872,2852,2027-02-25,30
872,2852,2027-02-26,30
872,2852,2027-02-27,30
872,2852,2027-02-28,28
872,2852,2027-03-01,27
872,2852,2027-03-02,27
872,2852,2027-03-03,26
872,2852,2027-03-04,28
872,2852,2027-03-05,30
872,2852,2027-03-06,28
872,2852,2027-03-07,30
872,2852,2027-03-08,30
872,2852,2027-03-09,30
872,2852,2027-03-10,30
872,2852,2027-03-11,30
872,2852,2027-03-12,30
872,2852,2027-03-13,30
872,2852,2027-03-14,29
872,2852,2027-03-15,30
872,2852,2027-03-16,29
872,2852,2027-03-17,26
872,2852,2027-03-18,30
872,2852,2027-03-19,30
872,2852,2027-03-20,30
872,2852,2027-03-21,30
872,2852,2027-03-22,25
872,2852,2027-03-23,30
872,2852,2027-03-24,28
872,2852,2027-03-25,30
872,2852,2027-03-26,30
872,2853,2027-02-24,24
872,2853,2027-02-25,26
872,2853,2027-02-26,27
872,2853,2027-02-27,22
872,2853,2027-02-28,25
872,2853,2027-03-01,26
872,2853,2027-03-02,30
872,2853,2027-03-03,29
872,2853,2027-03-04,17
872,2853,2027-03-05,28
872,2853,2027-03-06,18
872,2853,2027-03-07,27
872,2853,2027-03-08,30
872,2853,2027-03-09,30
872,2853,2027-03-10,28
872,2853,2027-03-11,26
872,2853,2027-03-12,30
872,2853,2027-03-13,23
872,2853,2027-03-14,27
872,2853,2027-03-15,30
872,2853,2027-03-16,29
872,2853,2027-03-17,30
872,2853,2027-03-18,22
872,2853,2027-03-19,30
872,2853,2027-03-20,22
872,2853,2027-03-21,30
872,2853,2027-03-22,29
872,2853,2027-03-23,28
872,2853,2027-03-24,30
872,2853,2027-03-25,30
872,2853,2027-03-26,28
872,2854,2027-02-24,0
872,2854,2027-02-25,0
872,2854,2027-02-26,1
872,2854,2027-02-27,0
872,2854,2027-02-28,2
872,2854,2027-03-01,4
872,2854,2027-03-02,0
872,2854,2027-03-03,0
872,2854,2027-03-04,0
872,2854,2027-03-05,0
872,2854,2027-03-06,0
872,2854,2027-03-07,0
872,2854,2027-03-08,0
872,2854,2027-03-09,0
872,2854,2027-03-10,0
872,2854,2027-03-11,0
872,2854,2027-03-12,0
872,2854,2027-03-13,0
872,2854,2027-03-14,0
872,2854,2027-03-15,0
872,2854,2027-03-16,0
872,2854,2027-03-17,0
872,2854,2027-03-18,0
872,2854,2027-03-19,1
872,2854,2027-03-20,0
872,2854,2027-03-21,1
872,2854,2027-03-22,4
872,2854,2027-03-23,0
872,2854,2027-03-24,0
872,2854,2027-03-25,1
872,2854,2027-03-26,0
872,2855,2027-02-24,1
872,2855,2027-02-25,0
872,2855,2027-02-26,1
872,2855,2027-02-27,0
872,2855,2027-02-28,0
872,2855,2027-03-01,1
872,2855,2027-03-02,0
872,2855,2027-03-03,4
872,2855,2027-03-04,0
872,2855,2027-03-05,0
872,2855,2027-03-06,0
872,2855,2027-03-07,0
872,2855,2027-03-08,3
872,2855,2027-03-09,5
872,2855,2027-03-10,0
872,2855,2027-03-11,1
872,2855,2027-03-12,0
872,2855,2027-03-13,2
872,2855,2027-03-14,4
872,2855,2027-03-15,5
872,2855,2027-03-16,1
872,2855,2027-03-17,0
872,2855,2027-03-18,4
872,2855,2027-03-19,7
872,2855,2027-03-20,3
872,2855,2027-03-21,0
872,2855,2027-03-22,5
872,2855,2027-03-23,1
872,2855,2027-03-24,0
872,2855,2027-03-25,0
872,2855,2027-03-26,1
872,2856,2027-02-24,0
872,2856,2027-02-25,0
872,2856,2027-02-26,1
872,2856,2027-02-27,0
872,2856,2027-02-28,0
872,2856,2027-03-01,0
872,2856,2027-03-02,0
872,2856,2027-03-03,0
872,2856,2027-03-04,0
872,2856,2027-03-05,0
872,2856,2027-03-06,1
872,2856,2027-03-07,0
872,2856,2027-03-08,8
872,2856,2027-03-09,0
872,2856,2027-03-10,0
872,2856,2027-03-11,1
872,2856,2027-03-12,0
872,2856,2027-03-13,4
872,2856,2027-03-14,1
872,2856,2027-03-15,2
872,2856,2027-03-16,0
872,2856,2027-03-17,1
872,2856,2027-03-18,1
872,2856,2027-03-19,0
872,2856,2027-03-20,0
872,2856,2027-03-21,0
872,2856,2027-03-22,0
872,2856,2027-03-23,0
872,2856,2027-03-24,0
872,2856,2027-03-25,0
872,2856,2027-03-26,0
872,2852,2026-10-27,30
872,2852,2026-10-28,30
872,2852,2026-10-29,30
872,2852,2026-10-30,30
872,2852,2026-10-31,30
872,2852,2026-11-01,30
872,2852,2026-11-02,30
872,2852,2026-11-03,30
872,2852,2026-11-04,30
872,2852,2026-11-05,30
872,2852,2026-11-06,30
872,2852,2026-11-07,29
872,2852,2026-11-08,30
872,2852,2026-11-09,30
872,2852,2026-11-10,28
872,2852,2026-11-11,25
872,2852,2026-11-12,28
872,2852,2026-11-13,30
872,2852,2026-11-14,28
872,2852,2026-11-15,30
872,2852,2026-11-16,26
872,2852,2026-11-17,28
872,2852,2026-11-18,30
872,2852,2026-11-19,26
872,2852,2026-11-20,30
872,2852,2026-11-21,30
872,2852,2026-11-22,30
872,2852,2026-11-23,28
872,2852,2026-11-24,27
872,2852,2026-11-25,30
872,2852,2026-11-26,25
872,2853,2026-10-27,30
872,2853,2026-10-28,28
872,2853,2026-10-29,29
872,2853,2026-10-30,30
872,2853,2026-10-31,30
872,2853,2026-11-01,30
872,2853,2026-11-02,28
872,2853,2026-11-03,30
872,2853,2026-11-04,30
872,2853,2026-11-05,27
872,2853,2026-11-06,30
872,2853,2026-11-07,26
872,2853,2026-11-08,27
872,2853,2026-11-09,27
872,2853,2026-11-10,20
872,2853,2026-11-11,29
872,2853,2026-11-12,25
872,2853,2026-11-13,30
872,2853,2026-11-14,24
872,2853,2026-11-15,30
872,2853,2026-11-16,27
872,2853,2026-11-17,28
872,2853,2026-11-18,26
872,2853,2026-11-19,28
872,2853,2026-11-20,28
872,2853,2026-11-21,27
872,2853,2026-11-22,27
872,2853,2026-11-23,30
872,2853,2026-11-24,0
872,2853,2026-11-25,28
872,2853,2026-11-26,26
872,2854,2026-10-27,50
872,2854,2026-10-28,28
872,2854,2026-10-29,39
872,2854,2026-10-30,23
872,2854,2026-10-31,13
872,2854,2026-11-01,22
872,2854,2026-11-02,24
872,2854,2026-11-03,19
872,2854,2026-11-04,24
872,2854,2026-11-05,25
872,2854,2026-11-06,5
872,2854,2026-11-07,0
872,2854,2026-11-08,0
872,2854,2026-11-09,7
872,2854,2026-11-10,0
872,2854,2026-11-11,4
872,2854,2026-11-12,10
872,2854,2026-11-13,0
872,2854,2026-11-14,0
872,2854,2026-11-15,2
872,2854,2026-11-16,1
872,2854,2026-11-17,1
872,2854,2026-11-18,7
872,2854,2026-11-19,4
872,2854,2026-11-20,1
872,2854,2026-11-21,1
872,2854,2026-11-22,0
872,2854,2026-11-23,0
872,2854,2026-11-24,1
872,2854,2026-11-25,0
872,2854,2026-11-26,0
872,2855,2026-10-27,28
872,2855,2026-10-28,42
872,2855,2026-10-29,31
872,2855,2026-10-30,28
872,2855,2026-10-31,26
872,2855,2026-11-01,21
872,2855,2026-11-02,20
872,2855,2026-11-03,18
872,2855,2026-11-04,22
872,2855,2026-11-05,16
872,2855,2026-11-06,3
872,2855,2026-11-07,0
872,2855,2026-11-08,2
872,2855,2026-11-09,8
872,2855,2026-11-10,2
872,2855,2026-11-11,0
872,2855,2026-11-12,2
872,2855,2026-11-13,2
872,2855,2026-11-14,0
872,2855,2026-11-15,0
872,2855,2026-11-16,0
872,2855,2026-11-17,0
872,2855,2026-11-18,1
872,2855,2026-11-19,0
872,2855,2026-11-20,0
872,2855,2026-11-21,0
872,2855,2026-11-22,4
872,2855,2026-11-23,0
872,2855,2026-11-24,0
872,2855,2026-11-25,1
872,2855,2026-11-26,0
872,2856,2026-10-27,40
872,2856,2026-10-28,38
872,2856,2026-10-29,18
872,2856,2026-10-30,0
872,2856,2026-10-31,17
872,2856,2026-11-01,20
872,2856,2026-11-02,14
872,2856,2026-11-03,20
872,2856,2026-11-04,13
872,2856,2026-11-05,18
872,2856,2026-11-06,11
872,2856,2026-11-07,1
872,2856,2026-11-08,1
872,2856,2026-11-09,0
872,2856,2026-11-10,0
872,2856,2026-11-11,1
872,2856,2026-11-12,0
872,2856,2026-11-13,0
872,2856,2026-11-14,0
872,2856,2026-11-15,0
872,2856,2026-11-16,1
872,2856,2026-11-17,0
872,2856,2026-11-18,4
872,2856,2026-11-19,0
872,2856,2026-11-20,0
872,2856,2026-11-21,0
872,2856,2026-11-22,0
872,2856,2026-11-23,0
872,2856,2026-11-24,0
872,2856,2026-11-25,0
872,2856,2026-11-26,1
872,2852,2026-11-26,25
872,2852,2026-11-27,27
872,2852,2026-11-28,30
872,2852,2026-11-29,30
872,2852,2026-11-30,30
872,2852,2026-12-01,28
872,2852,2026-12-02,30
872,2852,2026-12-03,30
872,2852,2026-12-04,30
872,2852,2026-12-05,29
872,2852,2026-12-06,26
872,2852,2026-12-07,28
872,2852,2026-12-08,26
872,2852,2026-12-09,30
872,2852,2026-12-10,30
872,2852,2026-12-11,17
872,2852,2026-12-12,30
872,2852,2026-12-13,27
872,2852,2026-12-14,30
872,2852,2026-12-15,28
872,2852,2026-12-16,30
872,2852,2026-12-17,28
872,2852,2026-12-18,30
872,2852,2026-12-19,24
872,2852,2026-12-20,28
872,2852,2026-12-21,28
872,2852,2026-12-22,30
872,2852,2026-12-23,26
872,2852,2026-12-24,30
872,2852,2026-12-25,30
872,2852,2026-12-26,25
872,2853,2026-11-26,26
872,2853,2026-11-27,30
872,2853,2026-11-28,28
872,2853,2026-11-29,26
872,2853,2026-11-30,28
872,2853,2026-12-01,16
872,2853,2026-12-02,25
872,2853,2026-12-03,28
872,2853,2026-12-04,6
872,2853,2026-12-05,30
872,2853,2026-12-06,27
872,2853,2026-12-07,24
872,2853,2026-12-08,18
872,2853,2026-12-09,28
872,2853,2026-12-10,11
872,2853,2026-12-11,30
872,2853,2026-12-12,26
872,2853,2026-12-13,24
872,2853,2026-12-14,11
872,2853,2026-12-15,23
872,2853,2026-12-16,26
872,2853,2026-12-17,30
872,2853,2026-12-18,19
872,2853,2026-12-19,26
872,2853,2026-12-20,26
872,2853,2026-12-21,26
872,2853,2026-12-22,17
872,2853,2026-12-23,25
872,2853,2026-12-24,28
872,2853,2026-12-25,28
872,2853,2026-12-26,30
872,2854,2026-11-26,0
872,2854,2026-11-27,22
872,2854,2026-11-28,15
872,2854,2026-11-29,0
872,2854,2026-11-30,1
872,2854,2026-12-01,0
872,2854,2026-12-02,1
872,2854,2026-12-03,6
872,2854,2026-12-04,0
872,2854,2026-12-05,2
872,2854,2026-12-06,2
872,2854,2026-12-07,2
872,2854,2026-12-08,0
872,2854,2026-12-09,3
872,2854,2026-12-10,0
872,2854,2026-12-11,2
872,2854,2026-12-12,11
872,2854,2026-12-13,0
872,2854,2026-12-14,2
872,2854,2026-12-15,0
872,2854,2026-12-16,2
872,2854,2026-12-17,0
872,2854,2026-12-18,0
872,2854,2026-12-19,1
872,2854,2026-12-20,0
872,2854,2026-12-21,0
872,2854,2026-12-22,0
872,2854,2026-12-23,3
872,2854,2026-12-24,0
872,2854,2026-12-25,0
872,2854,2026-12-26,0
872,2855,2026-11-26,0
872,2855,2026-11-27,0
872,2855,2026-11-28,0
872,2855,2026-11-29,0
872,2855,2026-11-30,0
872,2855,2026-12-01,0
872,2855,2026-12-02,0
872,2855,2026-12-03,2
872,2855,2026-12-04,0
872,2855,2026-12-05,0
872,2855,2026-12-06,0
872,2855,2026-12-07,0
872,2855,2026-12-08,0
872,2855,2026-12-09,1
872,2855,2026-12-10,0
872,2855,2026-12-11,0
872,2855,2026-12-12,0
872,2855,2026-12-13,0
872,2855,2026-12-14,0
872,2855,2026-12-15,0
872,2855,2026-12-16,0
872,2855,2026-12-17,1
872,2855,2026-12-18,0
872,2855,2026-12-19,0
872,2855,2026-12-20,0
872,2855,2026-12-21,0
872,2855,2026-12-22,3
872,2855,2026-12-23,0
872,2855,2026-12-24,0
872,2855,2026-12-25,0
872,2855,2026-12-26,1
872,2856,2026-11-26,1
872,2856,2026-11-27,10
872,2856,2026-11-28,14
872,2856,2026-11-29,14
872,2856,2026-11-30,1
872,2856,2026-12-01,0
872,2856,2026-12-02,1
872,2856,2026-12-03,0
872,2856,2026-12-04,0
872,2856,2026-12-05,0
872,2856,2026-12-06,1
872,2856,2026-12-07,0
872,2856,2026-12-08,0
872,2856,2026-12-09,0
872,2856,2026-12-10,0
872,2856,2026-12-11,9
872,2856,2026-12-12,0
872,2856,2026-12-13,8
872,2856,2026-12-14,3
872,2856,2026-12-15,0
872,2856,2026-12-16,0
872,2856,2026-12-17,0
872,2856,2026-12-18,0
872,2856,2026-12-19,1
872,2856,2026-12-20,0
872,2856,2026-12-21,0
872,2856,2026-12-22,2
872,2856,2026-12-23,0
872,2856,2026-12-24,5
872,2856,2026-12-25,0
872,2856,2026-12-26,0
872,2852,2027-05-25,0
872,2852,2027-05-26,0
872,2852,2027-05-27,0
872,2852,2027-05-28,0
872,2852,2027-05-29,0
872,2852,2027-05-30,0
872,2852,2027-05-31,0
872,2852,2027-06-01,0
872,2852,2027-06-02,0
872,2852,2027-06-03,0
872,2852,2027-06-04,0
872,2852,2027-06-05,0
872,2852,2027-06-06,0
872,2852,2027-06-07,0
872,2852,2027-06-08,0
872,2852,2027-06-09,0
872,2852,2027-06-10,0
872,2852,2027-06-11,0
872,2852,2027-06-12,0
872,2852,2027-06-13,0
872,2852,2027-06-14,0
872,2852,2027-06-15,0
872,2852,2027-06-16,0
872,2852,2027-06-17,0
872,2852,2027-06-18,0
872,2852,2027-06-19,0
872,2852,2027-06-20,0
872,2852,2027-06-21,0
872,2852,2027-06-22,0
872,2852,2027-06-23,0
872,2852,2027-06-24,0
872,2853,2027-05-25,0
872,2853,2027-05-26,0
872,2853,2027-05-27,0
872,2853,2027-05-28,0
872,2853,2027-05-29,0
872,2853,2027-05-30,0
872,2853,2027-05-31,0
872,2853,2027-06-01,0
872,2853,2027-06-02,0
872,2853,2027-06-03,0
872,2853,2027-06-04,0
872,2853,2027-06-05,0
872,2853,2027-06-06,0
872,2853,2027-06-07,0
872,2853,2027-06-08,0
872,2853,2027-06-09,0
872,2853,2027-06-10,0
872,2853,2027-06-11,0
872,2853,2027-06-12,0
872,2853,2027-06-13,0
872,2853,2027-06-14,0
872,2853,2027-06-15,0
872,2853,2027-06-16,0
872,2853,2027-06-17,0
872,2853,2027-06-18,0
872,2853,2027-06-19,0
872,2853,2027-06-20,0
872,2853,2027-06-21,0
872,2853,2027-06-22,0
872,2853,2027-06-23,0
872,2853,2027-06-24,0
872,2854,2027-05-25,0
872,2854,2027-05-26,0
872,2854,2027-05-27,0
872,2854,2027-05-28,0
872,2854,2027-05-29,0
872,2854,2027-05-30,0
872,2854,2027-05-31,0
872,2854,2027-06-01,0
872,2854,2027-06-02,0
872,2854,2027-06-03,0
872,2854,2027-06-04,0
872,2854,2027-06-05,0
872,2854,2027-06-06,0
872,2854,2027-06-07,0
872,2854,2027-06-08,0
872,2854,2027-06-09,0
872,2854,2027-06-10,0
872,2854,2027-06-11,0
872,2854,2027-06-12,0
872,2854,2027-06-13,0
872,2854,2027-06-14,0
872,2854,2027-06-15,0
872,2854,2027-06-16,0
872,2854,2027-06-17,0
872,2854,2027-06-18,0
872,2854,2027-06-19,0
872,2854,2027-06-20,0
872,2854,2027-06-21,0
872,2854,2027-06-22,0
872,2854,2027-06-23,0
872,2854,2027-06-24,0
872,2855,2027-05-25,0
872,2855,2027-05-26,0
872,2855,2027-05-27,0
872,2855,2027-05-28,0
872,2855,2027-05-29,0
872,2855,2027-05-30,0
872,2855,2027-05-31,0
872,2855,2027-06-01,0
872,2855,2027-06-02,0
872,2855,2027-06-03,0
872,2855,2027-06-04,0
872,2855,2027-06-05,0
872,2855,2027-06-06,0
872,2855,2027-06-07,0
872,2855,2027-06-08,0
872,2855,2027-06-09,0
872,2855,2027-06-10,0
872,2855,2027-06-11,0
872,2855,2027-06-12,0
872,2855,2027-06-13,0
872,2855,2027-06-14,0
872,2855,2027-06-15,0
872,2855,2027-06-16,0
872,2855,2027-06-17,0
872,2855,2027-06-18,0
872,2855,2027-06-19,0
872,2855,2027-06-20,0
872,2855,2027-06-21,0
872,2855,2027-06-22,0
872,2855,2027-06-23,0
872,2855,2027-06-24,0
872,2856,2027-05-25,0
872,2856,2027-05-26,0
872,2856,2027-05-27,0
872,2856,2027-05-28,0
872,2856,2027-05-29,0
872,2856,2027-05-30,0
872,2856,2027-05-31,0
872,2856,2027-06-01,0
872,2856,2027-06-02,0
872,2856,2027-06-03,0
872,2856,2027-06-04,0
872,2856,2027-06-05,0
872,2856,2027-06-06,0
872,2856,2027-06-07,0
872,2856,2027-06-08,0
872,2856,2027-06-09,0
872,2856,2027-06-10,0
872,2856,2027-06-11,0
872,2856,2027-06-12,0
872,2856,2027-06-13,0
872,2856,2027-06-14,0
872,2856,2027-06-15,0
872,2856,2027-06-16,0
872,2856,2027-06-17,0
872,2856,2027-06-18,0
872,2856,2027-06-19,0
872,2856,2027-06-20,0
872,2856,2027-06-21,0
872,2856,2027-06-22,0
872,2856,2027-06-23,0
872,2856,2027-06-24,0
872,2852,2027-04-25,27
872,2852,2027-04-26,26
872,2852,2027-04-27,30
872,2852,2027-04-28,30
872,2852,2027-04-29,30
872,2852,2027-04-30,30
872,2852,2027-05-01,0
872,2852,2027-05-02,0
872,2852,2027-05-03,0
872,2852,2027-05-04,0
872,2852,2027-05-05,0
872,2852,2027-05-06,0
872,2852,2027-05-07,0
872,2852,2027-05-08,0
872,2852,2027-05-09,0
872,2852,2027-05-10,0
872,2852,2027-05-11,0
872,2852,2027-05-12,0
872,2852,2027-05-13,0
872,2852,2027-05-14,0
872,2852,2027-05-15,0
872,2852,2027-05-16,0
872,2852,2027-05-17,0
872,2852,2027-05-18,0
872,2852,2027-05-19,0
872,2852,2027-05-20,0
872,2852,2027-05-21,0
872,2852,2027-05-22,0
872,2852,2027-05-23,0
872,2852,2027-05-24,0
872,2852,2027-05-25,0
872,2853,2027-04-25,28
872,2853,2027-04-26,30
872,2853,2027-04-27,22
872,2853,2027-04-28,30
872,2853,2027-04-29,30
872,2853,2027-04-30,30
872,2853,2027-05-01,0
872,2853,2027-05-02,0
872,2853,2027-05-03,0
872,2853,2027-05-04,0
872,2853,2027-05-05,0
872,2853,2027-05-06,0
872,2853,2027-05-07,0
872,2853,2027-05-08,0
872,2853,2027-05-09,0
872,2853,2027-05-10,0
872,2853,2027-05-11,0
872,2853,2027-05-12,0
872,2853,2027-05-13,0
872,2853,2027-05-14,0
872,2853,2027-05-15,0
872,2853,2027-05-16,0
872,2853,2027-05-17,0
872,2853,2027-05-18,0
872,2853,2027-05-19,0
872,2853,2027-05-20,0
872,2853,2027-05-21,0
872,2853,2027-05-22,0
872,2853,2027-05-23,0
872,2853,2027-05-24,0
872,2853,2027-05-25,0
872,2854,2027-04-25,0
872,2854,2027-04-26,0
872,2854,2027-04-27,1
872,2854,2027-04-28,10
872,2854,2027-04-29,11
872,2854,2027-04-30,50
872,2854,2027-05-01,0
872,2854,2027-05-02,0
872,2854,2027-05-03,0
872,2854,2027-05-04,0
872,2854,2027-05-05,0
872,2854,2027-05-06,0
872,2854,2027-05-07,0
872,2854,2027-05-08,0
872,2854,2027-05-09,0
872,2854,2027-05-10,0
872,2854,2027-05-11,0
872,2854,2027-05-12,0
872,2854,2027-05-13,0
872,2854,2027-05-14,0
872,2854,2027-05-15,0
872,2854,2027-05-16,0
872,2854,2027-05-17,0
872,2854,2027-05-18,0
872,2854,2027-05-19,0
872,2854,2027-05-20,0
872,2854,2027-05-21,0
872,2854,2027-05-22,0
872,2854,2027-05-23,0
872,2854,2027-05-24,0
872,2854,2027-05-25,0
872,2855,2027-04-25,3
872,2855,2027-04-26,0
872,2855,2027-04-27,14
872,2855,2027-04-28,4
872,2855,2027-04-29,35
872,2855,2027-04-30,35
872,2855,2027-05-01,0
872,2855,2027-05-02,0
872,2855,2027-05-03,0
872,2855,2027-05-04,0
872,2855,2027-05-05,0
872,2855,2027-05-06,0
872,2855,2027-05-07,0
872,2855,2027-05-08,0
872,2855,2027-05-09,0
872,2855,2027-05-10,0
872,2855,2027-05-11,0
872,2855,2027-05-12,0
872,2855,2027-05-13,0
872,2855,2027-05-14,0
872,2855,2027-05-15,0
872,2855,2027-05-16,0
872,2855,2027-05-17,0
872,2855,2027-05-18,0
872,2855,2027-05-19,0
872,2855,2027-05-20,0
872,2855,2027-05-21,0
872,2855,2027-05-22,0
872,2855,2027-05-23,0
872,2855,2027-05-24,0
872,2855,2027-05-25,0
872,2856,2027-04-25,0
872,2856,2027-04-26,3
872,2856,2027-04-27,5
872,2856,2027-04-28,0
872,2856,2027-04-29,0
872,2856,2027-04-30,1
872,2856,2027-05-01,0
872,2856,2027-05-02,0
872,2856,2027-05-03,0
872,2856,2027-05-04,0
872,2856,2027-05-05,0
872,2856,2027-05-06,0
872,2856,2027-05-07,0
872,2856,2027-05-08,0
872,2856,2027-05-09,0
872,2856,2027-05-10,0
872,2856,2027-05-11,0
872,2856,2027-05-12,0
872,2856,2027-05-13,0
872,2856,2027-05-14,0
872,2856,2027-05-15,0
872,2856,2027-05-16,0
872,2856,2027-05-17,0
872,2856,2027-05-18,0
872,2856,2027-05-19,0
872,2856,2027-05-20,0
872,2856,2027-05-21,0
872,2856,2027-05-22,0
872,2856,2027-05-23,0
872,2856,2027-05-24,0
872,2856,2027-05-25,0
872,2852,2027-03-26,30
872,2852,2027-03-27,30
872,2852,2027-03-28,30
872,2852,2027-03-29,30
872,2852,2027-03-30,30
872,2852,2027-03-31,29
872,2852,2027-04-01,30
872,2852,2027-04-02,30
872,2852,2027-04-03,30
872,2852,2027-04-04,30
872,2852,2027-04-05,30
872,2852,2027-04-06,30
872,2852,2027-04-07,28
872,2852,2027-04-08,30
872,2852,2027-04-09,30
872,2852,2027-04-10,30
872,2852,2027-04-11,30
872,2852,2027-04-12,30
872,2852,2027-04-13,30
872,2852,2027-04-14,30
872,2852,2027-04-15,30
872,2852,2027-04-16,30
872,2852,2027-04-17,30
872,2852,2027-04-18,30
872,2852,2027-04-19,30
872,2852,2027-04-20,27
872,2852,2027-04-21,26
872,2852,2027-04-22,30
872,2852,2027-04-23,30
872,2852,2027-04-24,28
872,2852,2027-04-25,27
872,2853,2027-03-26,28
872,2853,2027-03-27,26
872,2853,2027-03-28,28
872,2853,2027-03-29,30
872,2853,2027-03-30,18
872,2853,2027-03-31,30
872,2853,2027-04-01,30
872,2853,2027-04-02,26
872,2853,2027-04-03,30
872,2853,2027-04-04,20
872,2853,2027-04-05,28
872,2853,2027-04-06,30
872,2853,2027-04-07,30
872,2853,2027-04-08,30
872,2853,2027-04-09,28
872,2853,2027-04-10,27
872,2853,2027-04-11,30
872,2853,2027-04-12,30
872,2853,2027-04-13,30
872,2853,2027-04-14,28
872,2853,2027-04-15,30
872,2853,2027-04-16,28
872,2853,2027-04-17,28
872,2853,2027-04-18,30
872,2853,2027-04-19,26
872,2853,2027-04-20,30
872,2853,2027-04-21,30
872,2853,2027-04-22,27
872,2853,2027-04-23,26
872,2853,2027-04-24,30
872,2853,2027-04-25,28
872,2854,2027-03-26,0
872,2854,2027-03-27,0
872,2854,2027-03-28,0
872,2854,2027-03-29,0
872,2854,2027-03-30,0
872,2854,2027-03-31,0
872,2854,2027-04-01,2
872,2854,2027-04-02,0
872,2854,2027-04-03,1
872,2854,2027-04-04,0
872,2854,2027-04-05,4
872,2854,2027-04-06,8
872,2854,2027-04-07,1
872,2854,2027-04-08,1
872,2854,2027-04-09,0
872,2854,2027-04-10,2
872,2854,2027-04-11,0
872,2854,2027-04-12,6
872,2854,2027-04-13,7
872,2854,2027-04-14,3
872,2854,2027-04-15,0
872,2854,2027-04-16,5
872,2854,2027-04-17,3
872,2854,2027-04-18,0
872,2854,2027-04-19,3
872,2854,2027-04-20,4
872,2854,2027-04-21,7
872,2854,2027-04-22,3
872,2854,2027-04-23,11
872,2854,2027-04-24,3
872,2854,2027-04-25,0
872,2855,2027-03-26,1
872,2855,2027-03-27,0
872,2855,2027-03-28,0
872,2855,2027-03-29,0
872,2855,2027-03-30,9
872,2855,2027-03-31,7
872,2855,2027-04-01,5
872,2855,2027-04-02,1
872,2855,2027-04-03,4
872,2855,2027-04-04,0
872,2855,2027-04-05,0
872,2855,2027-04-06,3
872,2855,2027-04-07,0
872,2855,2027-04-08,8
872,2855,2027-04-09,8
872,2855,2027-04-10,4
872,2855,2027-04-11,5
872,2855,2027-04-12,9
872,2855,2027-04-13,11
872,2855,2027-04-14,4
872,2855,2027-04-15,0
872,2855,2027-04-16,7
872,2855,2027-04-17,5
872,2855,2027-04-18,9
872,2855,2027-04-19,5
872,2855,2027-04-20,20
872,2855,2027-04-21,2
872,2855,2027-04-22,4
872,2855,2027-04-23,8
872,2855,2027-04-24,6
872,2855,2027-04-25,3
872,2856,2027-03-26,0
872,2856,2027-03-27,0
872,2856,2027-03-28,0
872,2856,2027-03-29,11
872,2856,2027-03-30,1
872,2856,2027-03-31,1
872,2856,2027-04-01,0
872,2856,2027-04-02,0
872,2856,2027-04-03,0
872,2856,2027-04-04,0
872,2856,2027-04-05,2
872,2856,2027-04-06,0
872,2856,2027-04-07,7
872,2856,2027-04-08,0
872,2856,2027-04-09,0
872,2856,2027-04-10,-2
872,2856,2027-04-11,0
872,2856,2027-04-12,0
872,2856,2027-04-13,0
872,2856,2027-04-14,0
872,2856,2027-04-15,0
872,2856,2027-04-16,0
872,2856,2027-04-17,2
872,2856,2027-04-18,0
872,2856,2027-04-19,0
872,2856,2027-04-20,0
872,2856,2027-04-21,0
872,2856,2027-04-22,0
872,2856,2027-04-23,0
872,2856,2027-04-24,0
872,2856,2027-04-25,0
872,2852,2026-12-26,25
872,2852,2026-12-27,29
872,2852,2026-12-28,18
872,2852,2026-12-29,29
872,2852,2026-12-30,26
872,2852,2026-12-31,25
872,2852,2027-01-01,23
872,2852,2027-01-02,22
872,2852,2027-01-03,20
872,2852,2027-01-04,24
872,2852,2027-01-05,28
872,2852,2027-01-06,30
872,2852,2027-01-07,30
872,2852,2027-01-08,27
872,2852,2027-01-09,28
872,2852,2027-01-10,29
872,2852,2027-01-11,28
872,2852,2027-01-12,28
872,2852,2027-01-13,23
872,2852,2027-01-14,30
872,2852,2027-01-15,30
872,2852,2027-01-16,30
872,2852,2027-01-17,30
872,2852,2027-01-18,30
872,2852,2027-01-19,29
872,2852,2027-01-20,28
872,2852,2027-01-21,28
872,2852,2027-01-22,30
872,2852,2027-01-23,28
872,2852,2027-01-24,30
872,2852,2027-01-25,24
872,2853,2026-12-26,30
872,2853,2026-12-27,28
872,2853,2026-12-28,24
872,2853,2026-12-29,19
872,2853,2026-12-30,27
872,2853,2026-12-31,30
872,2853,2027-01-01,21
872,2853,2027-01-02,20
872,2853,2027-01-03,28
872,2853,2027-01-04,18
872,2853,2027-01-05,17
872,2853,2027-01-06,26
872,2853,2027-01-07,27
872,2853,2027-01-08,27
872,2853,2027-01-09,29
872,2853,2027-01-10,26
872,2853,2027-01-11,23
872,2853,2027-01-12,21
872,2853,2027-01-13,22
872,2853,2027-01-14,28
872,2853,2027-01-15,28
872,2853,2027-01-16,25
872,2853,2027-01-17,29
872,2853,2027-01-18,30
872,2853,2027-01-19,20
872,2853,2027-01-20,30
872,2853,2027-01-21,30
872,2853,2027-01-22,26
872,2853,2027-01-23,27
872,2853,2027-01-24,28
872,2853,2027-01-25,28
872,2854,2026-12-26,0
872,2854,2026-12-27,6
872,2854,2026-12-28,0
872,2854,2026-12-29,0
872,2854,2026-12-30,0
872,2854,2026-12-31,0
872,2854,2027-01-01,2
872,2854,2027-01-02,0
872,2854,2027-01-03,1
872,2854,2027-01-04,0
872,2854,2027-01-05,0
872,2854,2027-01-06,0
872,2854,2027-01-07,0
872,2854,2027-01-08,1
872,2854,2027-01-09,2
872,2854,2027-01-10,0
872,2854,2027-01-11,5
872,2854,2027-01-12,0
872,2854,2027-01-13,0
872,2854,2027-01-14,0
872,2854,2027-01-15,1
872,2854,2027-01-16,0
872,2854,2027-01-17,0
872,2854,2027-01-18,0
872,2854,2027-01-19,0
872,2854,2027-01-20,0
872,2854,2027-01-21,0
872,2854,2027-01-22,1
872,2854,2027-01-23,0
872,2854,2027-01-24,0
872,2854,2027-01-25,0
872,2855,2026-12-26,1
872,2855,2026-12-27,0
872,2855,2026-12-28,0
872,2855,2026-12-29,0
872,2855,2026-12-30,1
872,2855,2026-12-31,0
872,2855,2027-01-01,0
872,2855,2027-01-02,0
872,2855,2027-01-03,0
872,2855,2027-01-04,0
872,2855,2027-01-05,0
872,2855,2027-01-06,0
872,2855,2027-01-07,0
872,2855,2027-01-08,0
872,2855,2027-01-09,0
872,2855,2027-01-10,0
872,2855,2027-01-11,0
872,2855,2027-01-12,0
872,2855,2027-01-13,2
872,2855,2027-01-14,0
872,2855,2027-01-15,0
872,2855,2027-01-16,0
872,2855,2027-01-17,0
872,2855,2027-01-18,0
872,2855,2027-01-19,0
872,2855,2027-01-20,0
872,2855,2027-01-21,0
872,2855,2027-01-22,1
872,2855,2027-01-23,0
872,2855,2027-01-24,1
872,2855,2027-01-25,0
872,2856,2026-12-26,0
872,2856,2026-12-27,1
872,2856,2026-12-28,0
872,2856,2026-12-29,0
872,2856,2026-12-30,0
872,2856,2026-12-31,0
872,2856,2027-01-01,0
872,2856,2027-01-02,0
872,2856,2027-01-03,0
872,2856,2027-01-04,0
872,2856,2027-01-05,2
872,2856,2027-01-06,0
872,2856,2027-01-07,0
872,2856,2027-01-08,0
872,2856,2027-01-09,0
872,2856,2027-01-10,0
872,2856,2027-01-11,0
872,2856,2027-01-12,1
872,2856,2027-01-13,0
872,2856,2027-01-14,0
872,2856,2027-01-15,0
872,2856,2027-01-16,0
872,2856,2027-01-17,0
872,2856,2027-01-18,0
872,2856,2027-01-19,0
872,2856,2027-01-20,0
872,2856,2027-01-21,0
872,2856,2027-01-22,7
872,2856,2027-01-23,0
872,2856,2027-01-24,5
872,2856,2027-01-25,1
879,2918,2026-08-28,17
879,2918,2026-08-29,17
879,2918,2026-08-30,17
879,2918,2026-08-31,17
879,2918,2026-09-01,17
879,2918,2026-09-02,17
879,2918,2026-09-03,17
879,2918,2026-09-04,17
879,2918,2026-09-05,17
879,2918,2026-09-06,17
879,2918,2026-09-07,17
879,2918,2026-09-08,17
879,2918,2026-09-09,17
879,2918,2026-09-10,17
879,2918,2026-09-11,17
879,2918,2026-09-12,17
879,2918,2026-09-13,17
879,2918,2026-09-14,17
879,2918,2026-09-15,17
879,2918,2026-09-16,17
879,2918,2026-09-17,17
879,2918,2026-09-18,17
879,2918,2026-09-19,17
879,2918,2026-09-20,17
879,2918,2026-09-21,17
879,2918,2026-09-22,17
879,2918,2026-09-23,17
879,2918,2026-09-24,17
879,2918,2026-09-25,17
879,2918,2026-09-26,17
879,2918,2026-09-27,17
879,2919,2026-08-28,20
879,2919,2026-08-29,20
879,2919,2026-08-30,20
879,2919,2026-08-31,20
879,2919,2026-09-01,20
879,2919,2026-09-02,20
879,2919,2026-09-03,20
879,2919,2026-09-04,20
879,2919,2026-09-05,20
879,2919,2026-09-06,20
879,2919,2026-09-07,20
879,2919,2026-09-08,20
879,2919,2026-09-09,20
879,2919,2026-09-10,20
879,2919,2026-09-11,20
879,2919,2026-09-12,20
879,2919,2026-09-13,20
879,2919,2026-09-14,20
879,2919,2026-09-15,20
879,2919,2026-09-16,20
879,2919,2026-09-17,20
879,2919,2026-09-18,20
879,2919,2026-09-19,20
879,2919,2026-09-20,20
879,2919,2026-09-21,20
879,2919,2026-09-22,20
879,2919,2026-09-23,20
879,2919,2026-09-24,20
879,2919,2026-09-25,20
879,2919,2026-09-26,20
879,2919,2026-09-27,20
879,2920,2026-08-28,0
879,2920,2026-08-29,0
879,2920,2026-08-30,0
879,2920,2026-08-31,0
879,2920,2026-09-01,0
879,2920,2026-09-02,0
879,2920,2026-09-03,0
879,2920,2026-09-04,0
879,2920,2026-09-05,0
879,2920,2026-09-06,0
879,2920,2026-09-07,0
879,2920,2026-09-08,0
879,2920,2026-09-09,0
879,2920,2026-09-10,0
879,2920,2026-09-11,0
879,2920,2026-09-12,0
879,2920,2026-09-13,0
879,2920,2026-09-14,0
879,2920,2026-09-15,0
879,2920,2026-09-16,0
879,2920,2026-09-17,0
879,2920,2026-09-18,0
879,2920,2026-09-19,0
879,2920,2026-09-20,0
879,2920,2026-09-21,0
879,2920,2026-09-22,0
879,2920,2026-09-23,0
879,2920,2026-09-24,0
879,2920,2026-09-25,0
879,2920,2026-09-26,0
879,2920,2026-09-27,0
879,2921,2026-08-28,0
879,2921,2026-08-29,0
879,2921,2026-08-30,0
879,2921,2026-08-31,0
879,2921,2026-09-01,0
879,2921,2026-09-02,0
879,2921,2026-09-03,0
879,2921,2026-09-04,0
879,2921,2026-09-05,0
879,2921,2026-09-06,0
879,2921,2026-09-07,0
879,2921,2026-09-08,0
879,2921,2026-09-09,0
879,2921,2026-09-10,0
879,2921,2026-09-11,0
879,2921,2026-09-12,0
879,2921,2026-09-13,0
879,2921,2026-09-14,0
879,2921,2026-09-15,0
879,2921,2026-09-16,0
879,2921,2026-09-17,0
879,2921,2026-09-18,0
879,2921,2026-09-19,0
879,2921,2026-09-20,0
879,2921,2026-09-21,0
879,2921,2026-09-22,0
879,2921,2026-09-23,0
879,2921,2026-09-24,0
879,2921,2026-09-25,0
879,2921,2026-09-26,0
879,2921,2026-09-27,0
879,2922,2026-08-28,12
879,2922,2026-08-29,12
879,2922,2026-08-30,12
879,2922,2026-08-31,12
879,2922,2026-09-01,12
879,2922,2026-09-02,12
879,2922,2026-09-03,12
879,2922,2026-09-04,12
879,2922,2026-09-05,12
879,2922,2026-09-06,12
879,2922,2026-09-07,12
879,2922,2026-09-08,12
879,2922,2026-09-09,12
879,2922,2026-09-10,12
879,2922,2026-09-11,12
879,2922,2026-09-12,12
879,2922,2026-09-13,12
879,2922,2026-09-14,12
879,2922,2026-09-15,12
879,2922,2026-09-16,12
879,2922,2026-09-17,12
879,2922,2026-09-18,12
879,2922,2026-09-19,12
879,2922,2026-09-20,12
879,2922,2026-09-21,12
879,2922,2026-09-22,12
879,2922,2026-09-23,12
879,2922,2026-09-24,12
879,2922,2026-09-25,12
879,2922,2026-09-26,12
879,2922,2026-09-27,12
879,2923,2026-08-28,28
879,2923,2026-08-29,28
879,2923,2026-08-30,28
879,2923,2026-08-31,28
879,2923,2026-09-01,28
879,2923,2026-09-02,28
879,2923,2026-09-03,28
879,2923,2026-09-04,28
879,2923,2026-09-05,28
879,2923,2026-09-06,28
879,2923,2026-09-07,28
879,2923,2026-09-08,28
879,2923,2026-09-09,28
879,2923,2026-09-10,28
879,2923,2026-09-11,28
879,2923,2026-09-12,16
879,2923,2026-09-13,28
879,2923,2026-09-14,28
879,2923,2026-09-15,28
879,2923,2026-09-16,28
879,2923,2026-09-17,28
879,2923,2026-09-18,28
879,2923,2026-09-19,0
879,2923,2026-09-20,28
879,2923,2026-09-21,28
879,2923,2026-09-22,28
879,2923,2026-09-23,28
879,2923,2026-09-24,28
879,2923,2026-09-25,28
879,2923,2026-09-26,28
879,2923,2026-09-27,28
879,2918,2026-05-30,17
879,2918,2026-05-31,17
879,2918,2026-06-01,17
879,2918,2026-06-02,17
879,2918,2026-06-03,17
879,2918,2026-06-04,17
879,2918,2026-06-05,17
879,2918,2026-06-06,17
879,2918,2026-06-07,17
879,2918,2026-06-08,17
879,2918,2026-06-09,17
879,2918,2026-06-10,17
879,2918,2026-06-11,17
879,2918,2026-06-12,17
879,2918,2026-06-13,17
879,2918,2026-06-14,17
879,2918,2026-06-15,17
879,2918,2026-06-16,17
879,2918,2026-06-17,17
879,2918,2026-06-18,17
879,2918,2026-06-19,17
879,2918,2026-06-20,17
879,2918,2026-06-21,17
879,2918,2026-06-22,17
879,2918,2026-06-23,17
879,2918,2026-06-24,17
879,2918,2026-06-25,17
879,2918,2026-06-26,17
879,2918,2026-06-27,17
879,2918,2026-06-28,17
879,2918,2026-06-29,17
879,2919,2026-05-30,4
879,2919,2026-05-31,10
879,2919,2026-06-01,20
879,2919,2026-06-02,20
879,2919,2026-06-03,20
879,2919,2026-06-04,20
879,2919,2026-06-05,20
879,2919,2026-06-06,20
879,2919,2026-06-07,20
879,2919,2026-06-08,20
879,2919,2026-06-09,20
879,2919,2026-06-10,20
879,2919,2026-06-11,20
879,2919,2026-06-12,20
879,2919,2026-06-13,20
879,2919,2026-06-14,20
879,2919,2026-06-15,20
879,2919,2026-06-16,20
879,2919,2026-06-17,20
879,2919,2026-06-18,20
879,2919,2026-06-19,20
879,2919,2026-06-20,20
879,2919,2026-06-21,20
879,2919,2026-06-22,20
879,2919,2026-06-23,20
879,2919,2026-06-24,20
879,2919,2026-06-25,20
879,2919,2026-06-26,20
879,2919,2026-06-27,17
879,2919,2026-06-28,15
879,2919,2026-06-29,20
879,2920,2026-05-30,0
879,2920,2026-05-31,0
879,2920,2026-06-01,0
879,2920,2026-06-02,0
879,2920,2026-06-03,0
879,2920,2026-06-04,0
879,2920,2026-06-05,0
879,2920,2026-06-06,0
879,2920,2026-06-07,0
879,2920,2026-06-08,0
879,2920,2026-06-09,0
879,2920,2026-06-10,0
879,2920,2026-06-11,0
879,2920,2026-06-12,0
879,2920,2026-06-13,0
879,2920,2026-06-14,0
879,2920,2026-06-15,0
879,2920,2026-06-16,0
879,2920,2026-06-17,0
879,2920,2026-06-18,0
879,2920,2026-06-19,0
879,2920,2026-06-20,0
879,2920,2026-06-21,0
879,2920,2026-06-22,0
879,2920,2026-06-23,0
879,2920,2026-06-24,0
879,2920,2026-06-25,0
879,2920,2026-06-26,0
879,2920,2026-06-27,0
879,2920,2026-06-28,0
879,2920,2026-06-29,0
879,2921,2026-05-30,0
879,2921,2026-05-31,0
879,2921,2026-06-01,0
879,2921,2026-06-02,0
879,2921,2026-06-03,0
879,2921,2026-06-04,0
879,2921,2026-06-05,0
879,2921,2026-06-06,0
879,2921,2026-06-07,0
879,2921,2026-06-08,0
879,2921,2026-06-09,0
879,2921,2026-06-10,0
879,2921,2026-06-11,0
879,2921,2026-06-12,0
879,2921,2026-06-13,0
879,2921,2026-06-14,0
879,2921,2026-06-15,0
879,2921,2026-06-16,0
879,2921,2026-06-17,0
879,2921,2026-06-18,0
879,2921,2026-06-19,0
879,2921,2026-06-20,0
879,2921,2026-06-21,0
879,2921,2026-06-22,0
879,2921,2026-06-23,0
879,2921,2026-06-24,0
879,2921,2026-06-25,0
879,2921,2026-06-26,0
879,2921,2026-06-27,0
879,2921,2026-06-28,0
879,2921,2026-06-29,0
879,2922,2026-05-30,8
879,2922,2026-05-31,12
879,2922,2026-06-01,12
879,2922,2026-06-02,12
879,2922,2026-06-03,12
879,2922,2026-06-04,12
879,2922,2026-06-05,12
879,2922,2026-06-06,12
879,2922,2026-06-07,12
879,2922,2026-06-08,12
879,2922,2026-06-09,12
879,2922,2026-06-10,12
879,2922,2026-06-11,12
879,2922,2026-06-12,12
879,2922,2026-06-13,12
879,2922,2026-06-14,12
879,2922,2026-06-15,12
879,2922,2026-06-16,12
879,2922,2026-06-17,12
879,2922,2026-06-18,12
879,2922,2026-06-19,12
879,2922,2026-06-20,12
879,2922,2026-06-21,12
879,2922,2026-06-22,12
879,2922,2026-06-23,12
879,2922,2026-06-24,12
879,2922,2026-06-25,12
879,2922,2026-06-26,12
879,2922,2026-06-27,12
879,2922,2026-06-28,12
879,2922,2026-06-29,12
879,2923,2026-05-30,4
879,2923,2026-05-31,4
879,2923,2026-06-01,28
879,2923,2026-06-02,28
879,2923,2026-06-03,28
879,2923,2026-06-04,28
879,2923,2026-06-05,19
879,2923,2026-06-06,13
879,2923,2026-06-07,28
879,2923,2026-06-08,26
879,2923,2026-06-09,28
879,2923,2026-06-10,28
879,2923,2026-06-11,28
879,2923,2026-06-12,26
879,2923,2026-06-13,11
879,2923,2026-06-14,27
879,2923,2026-06-15,28
879,2923,2026-06-16,8
879,2923,2026-06-17,8
879,2923,2026-06-18,28
879,2923,2026-06-19,27
879,2923,2026-06-20,28
879,2923,2026-06-21,28
879,2923,2026-06-22,26
879,2923,2026-06-23,28
879,2923,2026-06-24,28
879,2923,2026-06-25,26
879,2923,2026-06-26,28
879,2923,2026-06-27,28
879,2923,2026-06-28,28
879,2923,2026-06-29,28
879,2918,2026-07-29,17
879,2918,2026-07-30,17
879,2918,2026-07-31,17
879,2918,2026-08-01,17
879,2918,2026-08-02,17
879,2918,2026-08-03,17
879,2918,2026-08-04,17
879,2918,2026-08-05,17
879,2918,2026-08-06,17
879,2918,2026-08-07,17
879,2918,2026-08-08,17
879,2918,2026-08-09,17
879,2918,2026-08-10,17
879,2918,2026-08-11,17
879,2918,2026-08-12,17
879,2918,2026-08-13,17
879,2918,2026-08-14,17
879,2918,2026-08-15,17
879,2918,2026-08-16,17
879,2918,2026-08-17,17
879,2918,2026-08-18,17
879,2918,2026-08-19,17
879,2918,2026-08-20,17
879,2918,2026-08-21,17
879,2918,2026-08-22,17
879,2918,2026-08-23,17
879,2918,2026-08-24,17
879,2918,2026-08-25,17
879,2918,2026-08-26,17
879,2918,2026-08-27,17
879,2918,2026-08-28,17
879,2919,2026-07-29,20
879,2919,2026-07-30,20
879,2919,2026-07-31,20
879,2919,2026-08-01,20
879,2919,2026-08-02,20
879,2919,2026-08-03,20
879,2919,2026-08-04,20
879,2919,2026-08-05,20
879,2919,2026-08-06,20
879,2919,2026-08-07,20
879,2919,2026-08-08,20
879,2919,2026-08-09,20
879,2919,2026-08-10,20
879,2919,2026-08-11,20
879,2919,2026-08-12,20
879,2919,2026-08-13,20
879,2919,2026-08-14,20
879,2919,2026-08-15,20
879,2919,2026-08-16,20
879,2919,2026-08-17,20
879,2919,2026-08-18,20
879,2919,2026-08-19,20
879,2919,2026-08-20,20
879,2919,2026-08-21,20
879,2919,2026-08-22,16
879,2919,2026-08-23,20
879,2919,2026-08-24,20
879,2919,2026-08-25,20
879,2919,2026-08-26,20
879,2919,2026-08-27,20
879,2919,2026-08-28,20
879,2920,2026-07-29,0
879,2920,2026-07-30,0
879,2920,2026-07-31,0
879,2920,2026-08-01,0
879,2920,2026-08-02,0
879,2920,2026-08-03,0
879,2920,2026-08-04,0
879,2920,2026-08-05,0
879,2920,2026-08-06,0
879,2920,2026-08-07,0
879,2920,2026-08-08,0
879,2920,2026-08-09,0
879,2920,2026-08-10,0
879,2920,2026-08-11,0
879,2920,2026-08-12,0
879,2920,2026-08-13,0
879,2920,2026-08-14,0
879,2920,2026-08-15,0
879,2920,2026-08-16,0
879,2920,2026-08-17,0
879,2920,2026-08-18,0
879,2920,2026-08-19,0
879,2920,2026-08-20,0
879,2920,2026-08-21,0
879,2920,2026-08-22,0
879,2920,2026-08-23,0
879,2920,2026-08-24,0
879,2920,2026-08-25,0
879,2920,2026-08-26,0
879,2920,2026-08-27,0
879,2920,2026-08-28,0
879,2921,2026-07-29,0
879,2921,2026-07-30,0
879,2921,2026-07-31,0
879,2921,2026-08-01,0
879,2921,2026-08-02,0
879,2921,2026-08-03,0
879,2921,2026-08-04,0
879,2921,2026-08-05,0
879,2921,2026-08-06,0
879,2921,2026-08-07,0
879,2921,2026-08-08,0
879,2921,2026-08-09,0
879,2921,2026-08-10,0
879,2921,2026-08-11,0
879,2921,2026-08-12,0
879,2921,2026-08-13,0
879,2921,2026-08-14,0
879,2921,2026-08-15,0
879,2921,2026-08-16,0
879,2921,2026-08-17,0
879,2921,2026-08-18,0
879,2921,2026-08-19,0
879,2921,2026-08-20,0
879,2921,2026-08-21,0
879,2921,2026-08-22,0
879,2921,2026-08-23,0
879,2921,2026-08-24,0
879,2921,2026-08-25,0
879,2921,2026-08-26,0
879,2921,2026-08-27,0
879,2921,2026-08-28,0
879,2922,2026-07-29,12
879,2922,2026-07-30,12
879,2922,2026-07-31,12
879,2922,2026-08-01,12
879,2922,2026-08-02,12
879,2922,2026-08-03,12
879,2922,2026-08-04,12
879,2922,2026-08-05,12
879,2922,2026-08-06,12
879,2922,2026-08-07,12
879,2922,2026-08-08,12
879,2922,2026-08-09,12
879,2922,2026-08-10,12
879,2922,2026-08-11,12
879,2922,2026-08-12,12
879,2922,2026-08-13,12
879,2922,2026-08-14,12
879,2922,2026-08-15,12
879,2922,2026-08-16,12
879,2922,2026-08-17,12
879,2922,2026-08-18,12
879,2922,2026-08-19,12
879,2922,2026-08-20,12
879,2922,2026-08-21,12
879,2922,2026-08-22,12
879,2922,2026-08-23,12
879,2922,2026-08-24,12
879,2922,2026-08-25,12
879,2922,2026-08-26,12
879,2922,2026-08-27,12
879,2922,2026-08-28,12
879,2923,2026-07-29,28
879,2923,2026-07-30,28
879,2923,2026-07-31,28
879,2923,2026-08-01,28
879,2923,2026-08-02,28
879,2923,2026-08-03,28
879,2923,2026-08-04,28
879,2923,2026-08-05,28
879,2923,2026-08-06,28
879,2923,2026-08-07,28
879,2923,2026-08-08,28
879,2923,2026-08-09,28
879,2923,2026-08-10,28
879,2923,2026-08-11,28
879,2923,2026-08-12,28
879,2923,2026-08-13,28
879,2923,2026-08-14,28
879,2923,2026-08-15,28
879,2923,2026-08-16,28
879,2923,2026-08-17,28
879,2923,2026-08-18,4
879,2923,2026-08-19,28
879,2923,2026-08-20,28
879,2923,2026-08-21,28
879,2923,2026-08-22,14
879,2923,2026-08-23,28
879,2923,2026-08-24,28
879,2923,2026-08-25,28
879,2923,2026-08-26,28
879,2923,2026-08-27,28
879,2923,2026-08-28,28
879,2918,2026-06-29,17
879,2918,2026-06-30,17
879,2918,2026-07-01,17
879,2918,2026-07-02,17
879,2918,2026-07-03,17
879,2918,2026-07-04,17
879,2918,2026-07-05,17
879,2918,2026-07-06,17
879,2918,2026-07-07,17
879,2918,2026-07-08,17
879,2918,2026-07-09,17
879,2918,2026-07-10,17
879,2918,2026-07-11,17
879,2918,2026-07-12,17
879,2918,2026-07-13,17
879,2918,2026-07-14,17
879,2918,2026-07-15,17
879,2918,2026-07-16,17
879,2918,2026-07-17,17
879,2918,2026-07-18,17
879,2918,2026-07-19,17
879,2918,2026-07-20,17
879,2918,2026-07-21,17
879,2918,2026-07-22,17
879,2918,2026-07-23,17
879,2918,2026-07-24,17
879,2918,2026-07-25,17
879,2918,2026-07-26,17
879,2918,2026-07-27,17
879,2918,2026-07-28,17
879,2918,2026-07-29,17
879,2919,2026-06-29,20
879,2919,2026-06-30,20
879,2919,2026-07-01,20
879,2919,2026-07-02,20
879,2919,2026-07-03,20
879,2919,2026-07-04,20
879,2919,2026-07-05,20
879,2919,2026-07-06,20
879,2919,2026-07-07,20
879,2919,2026-07-08,20
879,2919,2026-07-09,20
879,2919,2026-07-10,20
879,2919,2026-07-11,20
879,2919,2026-07-12,20
879,2919,2026-07-13,20
879,2919,2026-07-14,20
879,2919,2026-07-15,20
879,2919,2026-07-16,20
879,2919,2026-07-17,20
879,2919,2026-07-18,20
879,2919,2026-07-19,20
879,2919,2026-07-20,20
879,2919,2026-07-21,20
879,2919,2026-07-22,20
879,2919,2026-07-23,17
879,2919,2026-07-24,17
879,2919,2026-07-25,20
879,2919,2026-07-26,20
879,2919,2026-07-27,20
879,2919,2026-07-28,20
879,2919,2026-07-29,20
879,2920,2026-06-29,0
879,2920,2026-06-30,0
879,2920,2026-07-01,0
879,2920,2026-07-02,0
879,2920,2026-07-03,0
879,2920,2026-07-04,0
879,2920,2026-07-05,0
879,2920,2026-07-06,0
879,2920,2026-07-07,0
879,2920,2026-07-08,0
879,2920,2026-07-09,0
879,2920,2026-07-10,0
879,2920,2026-07-11,0
879,2920,2026-07-12,0
879,2920,2026-07-13,0
879,2920,2026-07-14,0
879,2920,2026-07-15,0
879,2920,2026-07-16,0
879,2920,2026-07-17,0
879,2920,2026-07-18,0
879,2920,2026-07-19,0
879,2920,2026-07-20,0
879,2920,2026-07-21,0
879,2920,2026-07-22,0
879,2920,2026-07-23,0
879,2920,2026-07-24,0
879,2920,2026-07-25,0
879,2920,2026-07-26,0
879,2920,2026-07-27,0
879,2920,2026-07-28,0
879,2920,2026-07-29,0
879,2921,2026-06-29,0
879,2921,2026-06-30,0
879,2921,2026-07-01,0
879,2921,2026-07-02,0
879,2921,2026-07-03,0
879,2921,2026-07-04,0
879,2921,2026-07-05,0
879,2921,2026-07-06,0
879,2921,2026-07-07,0
879,2921,2026-07-08,0
879,2921,2026-07-09,0
879,2921,2026-07-10,0
879,2921,2026-07-11,0
879,2921,2026-07-12,0
879,2921,2026-07-13,0
879,2921,2026-07-14,0
879,2921,2026-07-15,0
879,2921,2026-07-16,0
879,2921,2026-07-17,0
879,2921,2026-07-18,0
879,2921,2026-07-19,0
879,2921,2026-07-20,0
879,2921,2026-07-21,0
879,2921,2026-07-22,0
879,2921,2026-07-23,0
879,2921,2026-07-24,0
879,2921,2026-07-25,0
879,2921,2026-07-26,0
879,2921,2026-07-27,0
879,2921,2026-07-28,0
879,2921,2026-07-29,0
879,2922,2026-06-29,12
879,2922,2026-06-30,12
879,2922,2026-07-01,12
879,2922,2026-07-02,12
879,2922,2026-07-03,12
879,2922,2026-07-04,12
879,2922,2026-07-05,12
879,2922,2026-07-06,12
879,2922,2026-07-07,12
879,2922,2026-07-08,12
879,2922,2026-07-09,12
879,2922,2026-07-10,12
879,2922,2026-07-11,12
879,2922,2026-07-12,12
879,2922,2026-07-13,12
879,2922,2026-07-14,12
879,2922,2026-07-15,12
879,2922,2026-07-16,12
879,2922,2026-07-17,12
879,2922,2026-07-18,12
879,2922,2026-07-19,12
879,2922,2026-07-20,12
879,2922,2026-07-21,12
879,2922,2026-07-22,12
879,2922,2026-07-23,12
879,2922,2026-07-24,12
879,2922,2026-07-25,12
879,2922,2026-07-26,12
879,2922,2026-07-27,12
879,2922,2026-07-28,12
879,2922,2026-07-29,12
879,2923,2026-06-29,28
879,2923,2026-06-30,28
879,2923,2026-07-01,28
879,2923,2026-07-02,20
879,2923,2026-07-03,20
879,2923,2026-07-04,26
879,2923,2026-07-05,26
879,2923,2026-07-06,20
879,2923,2026-07-07,23
879,2923,2026-07-08,28
879,2923,2026-07-09,23
879,2923,2026-07-10,16
879,2923,2026-07-11,5
879,2923,2026-07-12,1
879,2923,2026-07-13,6
879,2923,2026-07-14,28
879,2923,2026-07-15,28
879,2923,2026-07-16,28
879,2923,2026-07-17,28
879,2923,2026-07-18,28
879,2923,2026-07-19,28
879,2923,2026-07-20,28
879,2923,2026-07-21,28
879,2923,2026-07-22,28
879,2923,2026-07-23,28
879,2923,2026-07-24,12
879,2923,2026-07-25,7
879,2923,2026-07-26,28
879,2923,2026-07-27,28
879,2923,2026-07-28,28
879,2923,2026-07-29,28
879,2918,2026-09-27,17
879,2918,2026-09-28,17
879,2918,2026-09-29,17
879,2918,2026-09-30,17
879,2918,2026-10-01,17
879,2918,2026-10-02,17
879,2918,2026-10-03,17
879,2918,2026-10-04,17
879,2918,2026-10-05,17
879,2918,2026-10-06,17
879,2918,2026-10-07,17
879,2918,2026-10-08,17
879,2918,2026-10-09,17
879,2918,2026-10-10,15
879,2918,2026-10-11,17
879,2918,2026-10-12,17
879,2918,2026-10-13,17
879,2918,2026-10-14,17
879,2918,2026-10-15,17
879,2918,2026-10-16,17
879,2918,2026-10-17,17
879,2918,2026-10-18,17
879,2918,2026-10-19,17
879,2918,2026-10-20,17
879,2918,2026-10-21,17
879,2918,2026-10-22,17
879,2918,2026-10-23,17
879,2918,2026-10-24,15
879,2918,2026-10-25,17
879,2918,2026-10-26,17
879,2918,2026-10-27,17
879,2919,2026-09-27,20
879,2919,2026-09-28,20
879,2919,2026-09-29,20
879,2919,2026-09-30,20
879,2919,2026-10-01,20
879,2919,2026-10-02,20
879,2919,2026-10-03,20
879,2919,2026-10-04,20
879,2919,2026-10-05,20
879,2919,2026-10-06,18
879,2919,2026-10-07,20
879,2919,2026-10-08,16
879,2919,2026-10-09,20
879,2919,2026-10-10,13
879,2919,2026-10-11,20
879,2919,2026-10-12,20
879,2919,2026-10-13,20
879,2919,2026-10-14,20
879,2919,2026-10-15,20
879,2919,2026-10-16,20
879,2919,2026-10-17,17
879,2919,2026-10-18,20
879,2919,2026-10-19,20
879,2919,2026-10-20,20
879,2919,2026-10-21,20
879,2919,2026-10-22,18
879,2919,2026-10-23,18
879,2919,2026-10-24,0
879,2919,2026-10-25,4
879,2919,2026-10-26,20
879,2919,2026-10-27,19
879,2920,2026-09-27,0
879,2920,2026-09-28,0
879,2920,2026-09-29,0
879,2920,2026-09-30,0
879,2920,2026-10-01,0
879,2920,2026-10-02,0
879,2920,2026-10-03,0
879,2920,2026-10-04,0
879,2920,2026-10-05,0
879,2920,2026-10-06,0
879,2920,2026-10-07,0
879,2920,2026-10-08,0
879,2920,2026-10-09,0
879,2920,2026-10-10,0
879,2920,2026-10-11,0
879,2920,2026-10-12,0
879,2920,2026-10-13,0
879,2920,2026-10-14,0
879,2920,2026-10-15,0
879,2920,2026-10-16,0
879,2920,2026-10-17,0
879,2920,2026-10-18,0
879,2920,2026-10-19,0
879,2920,2026-10-20,0
879,2920,2026-10-21,0
879,2920,2026-10-22,0
879,2920,2026-10-23,12
879,2920,2026-10-24,6
879,2920,2026-10-25,13
879,2920,2026-10-26,14
879,2920,2026-10-27,14
879,2921,2026-09-27,0
879,2921,2026-09-28,0
879,2921,2026-09-29,0
879,2921,2026-09-30,0
879,2921,2026-10-01,0
879,2921,2026-10-02,0
879,2921,2026-10-03,0
879,2921,2026-10-04,0
879,2921,2026-10-05,0
879,2921,2026-10-06,0
879,2921,2026-10-07,0
879,2921,2026-10-08,0
879,2921,2026-10-09,0
879,2921,2026-10-10,0
879,2921,2026-10-11,0
879,2921,2026-10-12,0
879,2921,2026-10-13,0
879,2921,2026-10-14,0
879,2921,2026-10-15,0
879,2921,2026-10-16,0
879,2921,2026-10-17,0
879,2921,2026-10-18,0
879,2921,2026-10-19,0
879,2921,2026-10-20,0
879,2921,2026-10-21,0
879,2921,2026-10-22,0
879,2921,2026-10-23,13
879,2921,2026-10-24,0
879,2921,2026-10-25,8
879,2921,2026-10-26,16
879,2921,2026-10-27,26
879,2922,2026-09-27,12
879,2922,2026-09-28,12
879,2922,2026-09-29,12
879,2922,2026-09-30,12
879,2922,2026-10-01,12
879,2922,2026-10-02,12
879,2922,2026-10-03,12
879,2922,2026-10-04,12
879,2922,2026-10-05,12
879,2922,2026-10-06,12
879,2922,2026-10-07,12
879,2922,2026-10-08,12
879,2922,2026-10-09,12
879,2922,2026-10-10,9
879,2922,2026-10-11,10
879,2922,2026-10-12,12
879,2922,2026-10-13,12
879,2922,2026-10-14,12
879,2922,2026-10-15,12
879,2922,2026-10-16,12
879,2922,2026-10-17,0
879,2922,2026-10-18,12
879,2922,2026-10-19,12
879,2922,2026-10-20,12
879,2922,2026-10-21,12
879,2922,2026-10-22,12
879,2922,2026-10-23,12
879,2922,2026-10-24,3
879,2922,2026-10-25,3
879,2922,2026-10-26,12
879,2922,2026-10-27,12
879,2923,2026-09-27,28
879,2923,2026-09-28,28
879,2923,2026-09-29,15
879,2923,2026-09-30,28
879,2923,2026-10-01,28
879,2923,2026-10-02,22
879,2923,2026-10-03,17
879,2923,2026-10-04,28
879,2923,2026-10-05,10
879,2923,2026-10-06,14
879,2923,2026-10-07,22
879,2923,2026-10-08,22
879,2923,2026-10-09,23
879,2923,2026-10-10,3
879,2923,2026-10-11,28
879,2923,2026-10-12,28
879,2923,2026-10-13,28
879,2923,2026-10-14,28
879,2923,2026-10-15,28
879,2923,2026-10-16,28
879,2923,2026-10-17,0
879,2923,2026-10-18,25
879,2923,2026-10-19,28
879,2923,2026-10-20,28
879,2923,2026-10-21,28
879,2923,2026-10-22,28
879,2923,2026-10-23,21
879,2923,2026-10-24,0
879,2923,2026-10-25,0
879,2923,2026-10-26,21
879,2923,2026-10-27,18
879,2918,2027-01-25,17
879,2918,2027-01-26,17
879,2918,2027-01-27,17
879,2918,2027-01-28,17
879,2918,2027-01-29,17
879,2918,2027-01-30,17
879,2918,2027-01-31,17
879,2918,2027-02-01,15
879,2918,2027-02-02,17
879,2918,2027-02-03,17
879,2918,2027-02-04,17
879,2918,2027-02-05,15
879,2918,2027-02-06,17
879,2918,2027-02-07,17
879,2918,2027-02-08,17
879,2918,2027-02-09,17
879,2918,2027-02-10,17
879,2918,2027-02-11,17
879,2918,2027-02-12,17
879,2918,2027-02-13,17
879,2918,2027-02-14,17
879,2918,2027-02-15,17
879,2918,2027-02-16,17
879,2918,2027-02-17,17
879,2918,2027-02-18,17
879,2918,2027-02-19,14
879,2918,2027-02-20,17
879,2918,2027-02-21,17
879,2918,2027-02-22,17
879,2918,2027-02-23,17
879,2918,2027-02-24,17
879,2919,2027-01-25,17
879,2919,2027-01-26,20
879,2919,2027-01-27,13
879,2919,2027-01-28,20
879,2919,2027-01-29,14
879,2919,2027-01-30,0
879,2919,2027-01-31,18
879,2919,2027-02-01,9
879,2919,2027-02-02,20
879,2919,2027-02-03,6
879,2919,2027-02-04,20
879,2919,2027-02-05,15
879,2919,2027-02-06,0
879,2919,2027-02-07,6
879,2919,2027-02-08,1
879,2919,2027-02-09,18
879,2919,2027-02-10,17
879,2919,2027-02-11,1
879,2919,2027-02-12,12
879,2919,2027-02-13,9
879,2919,2027-02-14,13
879,2919,2027-02-15,14
879,2919,2027-02-16,6
879,2919,2027-02-17,12
879,2919,2027-02-18,14
879,2919,2027-02-19,0
879,2919,2027-02-20,20
879,2919,2027-02-21,10
879,2919,2027-02-22,16
879,2919,2027-02-23,14
879,2919,2027-02-24,5
879,2920,2027-01-25,14
879,2920,2027-01-26,14
879,2920,2027-01-27,14
879,2920,2027-01-28,14
879,2920,2027-01-29,13
879,2920,2027-01-30,10
879,2920,2027-01-31,14
879,2920,2027-02-01,14
879,2920,2027-02-02,12
879,2920,2027-02-03,14
879,2920,2027-02-04,14
879,2920,2027-02-05,13
879,2920,2027-02-06,10
879,2920,2027-02-07,14
879,2920,2027-02-08,8
879,2920,2027-02-09,14
879,2920,2027-02-10,14
879,2920,2027-02-11,14
879,2920,2027-02-12,14
879,2920,2027-02-13,14
879,2920,2027-02-14,14
879,2920,2027-02-15,14
879,2920,2027-02-16,14
879,2920,2027-02-17,14
879,2920,2027-02-18,14
879,2920,2027-02-19,11
879,2920,2027-02-20,13
879,2920,2027-02-21,14
879,2920,2027-02-22,14
879,2920,2027-02-23,14
879,2920,2027-02-24,14
879,2921,2027-01-25,10
879,2921,2027-01-26,21
879,2921,2027-01-27,21
879,2921,2027-01-28,16
879,2921,2027-01-29,4
879,2921,2027-01-30,0
879,2921,2027-01-31,6
879,2921,2027-02-01,22
879,2921,2027-02-02,7
879,2921,2027-02-03,24
879,2921,2027-02-04,12
879,2921,2027-02-05,8
879,2921,2027-02-06,2
879,2921,2027-02-07,0
879,2921,2027-02-08,3
879,2921,2027-02-09,13
879,2921,2027-02-10,16
879,2921,2027-02-11,24
879,2921,2027-02-12,3
879,2921,2027-02-13,2
879,2921,2027-02-14,7
879,2921,2027-02-15,19
879,2921,2027-02-16,23
879,2921,2027-02-17,3
879,2921,2027-02-18,9
879,2921,2027-02-19,18
879,2921,2027-02-20,3
879,2921,2027-02-21,3
879,2921,2027-02-22,16
879,2921,2027-02-23,23
879,2921,2027-02-24,22
879,2922,2027-01-25,11
879,2922,2027-01-26,11
879,2922,2027-01-27,12
879,2922,2027-01-28,12
879,2922,2027-01-29,12
879,2922,2027-01-30,11
879,2922,2027-01-31,12
879,2922,2027-02-01,12
879,2922,2027-02-02,12
879,2922,2027-02-03,12
879,2922,2027-02-04,12
879,2922,2027-02-05,12
879,2922,2027-02-06,10
879,2922,2027-02-07,0
879,2922,2027-02-08,12
879,2922,2027-02-09,12
879,2922,2027-02-10,12
879,2922,2027-02-11,12
879,2922,2027-02-12,12
879,2922,2027-02-13,12
879,2922,2027-02-14,12
879,2922,2027-02-15,12
879,2922,2027-02-16,12
879,2922,2027-02-17,12
879,2922,2027-02-18,12
879,2922,2027-02-19,12
879,2922,2027-02-20,12
879,2922,2027-02-21,10
879,2922,2027-02-22,12
879,2922,2027-02-23,12
879,2922,2027-02-24,12
879,2923,2027-01-25,13
879,2923,2027-01-26,0
879,2923,2027-01-27,26
879,2923,2027-01-28,23
879,2923,2027-01-29,12
879,2923,2027-01-30,0
879,2923,2027-01-31,5
879,2923,2027-02-01,8
879,2923,2027-02-02,21
879,2923,2027-02-03,12
879,2923,2027-02-04,28
879,2923,2027-02-05,11
879,2923,2027-02-06,0
879,2923,2027-02-07,1
879,2923,2027-02-08,14
879,2923,2027-02-09,0
879,2923,2027-02-10,17
879,2923,2027-02-11,15
879,2923,2027-02-12,26
879,2923,2027-02-13,0
879,2923,2027-02-14,2
879,2923,2027-02-15,18
879,2923,2027-02-16,10
879,2923,2027-02-17,19
879,2923,2027-02-18,10
879,2923,2027-02-19,11
879,2923,2027-02-20,2
879,2923,2027-02-21,0
879,2923,2027-02-22,9
879,2923,2027-02-23,9
879,2923,2027-02-24,23
879,2918,2026-11-26,17
879,2918,2026-11-27,17
879,2918,2026-11-28,17
879,2918,2026-11-29,17
879,2918,2026-11-30,17
879,2918,2026-12-01,16
879,2918,2026-12-02,15
879,2918,2026-12-03,15
879,2918,2026-12-04,17
879,2918,2026-12-05,17
879,2918,2026-12-06,17
879,2918,2026-12-07,15
879,2918,2026-12-08,16
879,2918,2026-12-09,17
879,2918,2026-12-10,17
879,2918,2026-12-11,17
879,2918,2026-12-12,17
879,2918,2026-12-13,15
879,2918,2026-12-14,17
879,2918,2026-12-15,17
879,2918,2026-12-16,17
879,2918,2026-12-17,17
879,2918,2026-12-18,16
879,2918,2026-12-19,15
879,2918,2026-12-20,17
879,2918,2026-12-21,17
879,2918,2026-12-22,17
879,2918,2026-12-23,17
879,2918,2026-12-24,17
879,2918,2026-12-25,17
879,2918,2026-12-26,15
879,2919,2026-11-26,17
879,2919,2026-11-27,15
879,2919,2026-11-28,14
879,2919,2026-11-29,16
879,2919,2026-11-30,7
879,2919,2026-12-01,17
879,2919,2026-12-02,20
879,2919,2026-12-03,7
879,2919,2026-12-04,1
879,2919,2026-12-05,0
879,2919,2026-12-06,11
879,2919,2026-12-07,20
879,2919,2026-12-08,18
879,2919,2026-12-09,10
879,2919,2026-12-10,19
879,2919,2026-12-11,12
879,2919,2026-12-12,16
879,2919,2026-12-13,7
879,2919,2026-12-14,12
879,2919,2026-12-15,12
879,2919,2026-12-16,10
879,2919,2026-12-17,13
879,2919,2026-12-18,3
879,2919,2026-12-19,6
879,2919,2026-12-20,4
879,2919,2026-12-21,8
879,2919,2026-12-22,20
879,2919,2026-12-23,11
879,2919,2026-12-24,18
879,2919,2026-12-25,9
879,2919,2026-12-26,4
879,2920,2026-11-26,14
879,2920,2026-11-27,14
879,2920,2026-11-28,10
879,2920,2026-11-29,14
879,2920,2026-11-30,13
879,2920,2026-12-01,14
879,2920,2026-12-02,13
879,2920,2026-12-03,11
879,2920,2026-12-04,11
879,2920,2026-12-05,12
879,2920,2026-12-06,14
879,2920,2026-12-07,14
879,2920,2026-12-08,13
879,2920,2026-12-09,14
879,2920,2026-12-10,14
879,2920,2026-12-11,14
879,2920,2026-12-12,14
879,2920,2026-12-13,14
879,2920,2026-12-14,12
879,2920,2026-12-15,10
879,2920,2026-12-16,14
879,2920,2026-12-17,10
879,2920,2026-12-18,14
879,2920,2026-12-19,12
879,2920,2026-12-20,12
879,2920,2026-12-21,14
879,2920,2026-12-22,14
879,2920,2026-12-23,14
879,2920,2026-12-24,14
879,2920,2026-12-25,14
879,2920,2026-12-26,14
879,2921,2026-11-26,20
879,2921,2026-11-27,0
879,2921,2026-11-28,0
879,2921,2026-11-29,13
879,2921,2026-11-30,10
879,2921,2026-12-01,11
879,2921,2026-12-02,20
879,2921,2026-12-03,21
879,2921,2026-12-04,1
879,2921,2026-12-05,0
879,2921,2026-12-06,1
879,2921,2026-12-07,5
879,2921,2026-12-08,26
879,2921,2026-12-09,14
879,2921,2026-12-10,8
879,2921,2026-12-11,16
879,2921,2026-12-12,0
879,2921,2026-12-13,10
879,2921,2026-12-14,11
879,2921,2026-12-15,9
879,2921,2026-12-16,12
879,2921,2026-12-17,9
879,2921,2026-12-18,0
879,2921,2026-12-19,0
879,2921,2026-12-20,3
879,2921,2026-12-21,1
879,2921,2026-12-22,14
879,2921,2026-12-23,26
879,2921,2026-12-24,19
879,2921,2026-12-25,24
879,2921,2026-12-26,6
879,2922,2026-11-26,12
879,2922,2026-11-27,12
879,2922,2026-11-28,12
879,2922,2026-11-29,6
879,2922,2026-11-30,11
879,2922,2026-12-01,12
879,2922,2026-12-02,12
879,2922,2026-12-03,12
879,2922,2026-12-04,8
879,2922,2026-12-05,12
879,2922,2026-12-06,12
879,2922,2026-12-07,11
879,2922,2026-12-08,11
879,2922,2026-12-09,2
879,2922,2026-12-10,12
879,2922,2026-12-11,11
879,2922,2026-12-12,12
879,2922,2026-12-13,12
879,2922,2026-12-14,10
879,2922,2026-12-15,8
879,2922,2026-12-16,8
879,2922,2026-12-17,12
879,2922,2026-12-18,8
879,2922,2026-12-19,12
879,2922,2026-12-20,11
879,2922,2026-12-21,12
879,2922,2026-12-22,12
879,2922,2026-12-23,12
879,2922,2026-12-24,12
879,2922,2026-12-25,12
879,2922,2026-12-26,12
879,2923,2026-11-26,16
879,2923,2026-11-27,10
879,2923,2026-11-28,4
879,2923,2026-11-29,6
879,2923,2026-11-30,10
879,2923,2026-12-01,12
879,2923,2026-12-02,1
879,2923,2026-12-03,11
879,2923,2026-12-04,24
879,2923,2026-12-05,0
879,2923,2026-12-06,10
879,2923,2026-12-07,3
879,2923,2026-12-08,7
879,2923,2026-12-09,0
879,2923,2026-12-10,7
879,2923,2026-12-11,11
879,2923,2026-12-12,18
879,2923,2026-12-13,11
879,2923,2026-12-14,1
879,2923,2026-12-15,16
879,2923,2026-12-16,17
879,2923,2026-12-17,12
879,2923,2026-12-18,2
879,2923,2026-12-19,1
879,2923,2026-12-20,1
879,2923,2026-12-21,2
879,2923,2026-12-22,5
879,2923,2026-12-23,19
879,2923,2026-12-24,28
879,2923,2026-12-25,17
879,2923,2026-12-26,0
879,2918,2026-10-27,17
879,2918,2026-10-28,17
879,2918,2026-10-29,17
879,2918,2026-10-30,17
879,2918,2026-10-31,17
879,2918,2026-11-01,17
879,2918,2026-11-02,17
879,2918,2026-11-03,17
879,2918,2026-11-04,17
879,2918,2026-11-05,17
879,2918,2026-11-06,17
879,2918,2026-11-07,17
879,2918,2026-11-08,15
879,2918,2026-11-09,17
879,2918,2026-11-10,15
879,2918,2026-11-11,17
879,2918,2026-11-12,17
879,2918,2026-11-13,17
879,2918,2026-11-14,17
879,2918,2026-11-15,17
879,2918,2026-11-16,16
879,2918,2026-11-17,17
879,2918,2026-11-18,17
879,2918,2026-11-19,17
879,2918,2026-11-20,17
879,2918,2026-11-21,17
879,2918,2026-11-22,15
879,2918,2026-11-23,17
879,2918,2026-11-24,17
879,2918,2026-11-25,17
879,2918,2026-11-26,17
879,2919,2026-10-27,19
879,2919,2026-10-28,20
879,2919,2026-10-29,14
879,2919,2026-10-30,8
879,2919,2026-10-31,19
879,2919,2026-11-01,15
879,2919,2026-11-02,16
879,2919,2026-11-03,18
879,2919,2026-11-04,15
879,2919,2026-11-05,17
879,2919,2026-11-06,14
879,2919,2026-11-07,1
879,2919,2026-11-08,11
879,2919,2026-11-09,18
879,2919,2026-11-10,20
879,2919,2026-11-11,8
879,2919,2026-11-12,5
879,2919,2026-11-13,0
879,2919,2026-11-14,1
879,2919,2026-11-15,11
879,2919,2026-11-16,17
879,2919,2026-11-17,4
879,2919,2026-11-18,3
879,2919,2026-11-19,3
879,2919,2026-11-20,3
879,2919,2026-11-21,2
879,2919,2026-11-22,16
879,2919,2026-11-23,8
879,2919,2026-11-24,20
879,2919,2026-11-25,18
879,2919,2026-11-26,17
879,2920,2026-10-27,14
879,2920,2026-10-28,14
879,2920,2026-10-29,14
879,2920,2026-10-30,14
879,2920,2026-10-31,14
879,2920,2026-11-01,14
879,2920,2026-11-02,14
879,2920,2026-11-03,14
879,2920,2026-11-04,14
879,2920,2026-11-05,14
879,2920,2026-11-06,14
879,2920,2026-11-07,14
879,2920,2026-11-08,12
879,2920,2026-11-09,11
879,2920,2026-11-10,14
879,2920,2026-11-11,14
879,2920,2026-11-12,14
879,2920,2026-11-13,14
879,2920,2026-11-14,14
879,2920,2026-11-15,14
879,2920,2026-11-16,14
879,2920,2026-11-17,11
879,2920,2026-11-18,14
879,2920,2026-11-19,14
879,2920,2026-11-20,14
879,2920,2026-11-21,12
879,2920,2026-11-22,12
879,2920,2026-11-23,12
879,2920,2026-11-24,14
879,2920,2026-11-25,14
879,2920,2026-11-26,14
879,2921,2026-10-27,26
879,2921,2026-10-28,25
879,2921,2026-10-29,24
879,2921,2026-10-30,20
879,2921,2026-10-31,4
879,2921,2026-11-01,19
879,2921,2026-11-02,15
879,2921,2026-11-03,20
879,2921,2026-11-04,22
879,2921,2026-11-05,10
879,2921,2026-11-06,14
879,2921,2026-11-07,7
879,2921,2026-11-08,16
879,2921,2026-11-09,1
879,2921,2026-11-10,22
879,2921,2026-11-11,21
879,2921,2026-11-12,16
879,2921,2026-11-13,15
879,2921,2026-11-14,1
879,2921,2026-11-15,21
879,2921,2026-11-16,21
879,2921,2026-11-17,21
879,2921,2026-11-18,6
879,2921,2026-11-19,2
879,2921,2026-11-20,0
879,2921,2026-11-21,6
879,2921,2026-11-22,18
879,2921,2026-11-23,13
879,2921,2026-11-24,2
879,2921,2026-11-25,26
879,2921,2026-11-26,20
879,2922,2026-10-27,12
879,2922,2026-10-28,12
879,2922,2026-10-29,12
879,2922,2026-10-30,12
879,2922,2026-10-31,12
879,2922,2026-11-01,12
879,2922,2026-11-02,10
879,2922,2026-11-03,12
879,2922,2026-11-04,12
879,2922,2026-11-05,12
879,2922,2026-11-06,12
879,2922,2026-11-07,9
879,2922,2026-11-08,7
879,2922,2026-11-09,12
879,2922,2026-11-10,10
879,2922,2026-11-11,10
879,2922,2026-11-12,12
879,2922,2026-11-13,12
879,2922,2026-11-14,12
879,2922,2026-11-15,12
879,2922,2026-11-16,12
879,2922,2026-11-17,12
879,2922,2026-11-18,11
879,2922,2026-11-19,12
879,2922,2026-11-20,12
879,2922,2026-11-21,12
879,2922,2026-11-22,10
879,2922,2026-11-23,10
879,2922,2026-11-24,10
879,2922,2026-11-25,12
879,2922,2026-11-26,12
879,2923,2026-10-27,18
879,2923,2026-10-28,28
879,2923,2026-10-29,27
879,2923,2026-10-30,26
879,2923,2026-10-31,10
879,2923,2026-11-01,6
879,2923,2026-11-02,21
879,2923,2026-11-03,17
879,2923,2026-11-04,22
879,2923,2026-11-05,16
879,2923,2026-11-06,12
879,2923,2026-11-07,0
879,2923,2026-11-08,8
879,2923,2026-11-09,22
879,2923,2026-11-10,12
879,2923,2026-11-11,26
879,2923,2026-11-12,28
879,2923,2026-11-13,6
879,2923,2026-11-14,0
879,2923,2026-11-15,1
879,2923,2026-11-16,23
879,2923,2026-11-17,19
879,2923,2026-11-18,16
879,2923,2026-11-19,12
879,2923,2026-11-20,6
879,2923,2026-11-21,3
879,2923,2026-11-22,1
879,2923,2026-11-23,10
879,2923,2026-11-24,5
879,2923,2026-11-25,5
879,2923,2026-11-26,16
879,2918,2027-02-24,17
879,2918,2027-02-25,17
879,2918,2027-02-26,17
879,2918,2027-02-27,17
879,2918,2027-02-28,17
879,2918,2027-03-01,7
879,2918,2027-03-02,17
879,2918,2027-03-03,17
879,2918,2027-03-04,17
879,2918,2027-03-05,17
879,2918,2027-03-06,15
879,2918,2027-03-07,15
879,2918,2027-03-08,17
879,2918,2027-03-09,16
879,2918,2027-03-10,17
879,2918,2027-03-11,17
879,2918,2027-03-12,15
879,2918,2027-03-13,17
879,2918,2027-03-14,13
879,2918,2027-03-15,15
879,2918,2027-03-16,17
879,2918,2027-03-17,17
879,2918,2027-03-18,17
879,2918,2027-03-19,17
879,2918,2027-03-20,17
879,2918,2027-03-21,17
879,2918,2027-03-22,17
879,2918,2027-03-23,17
879,2918,2027-03-24,14
879,2918,2027-03-25,17
879,2918,2027-03-26,15
879,2919,2027-02-24,5
879,2919,2027-02-25,12
879,2919,2027-02-26,6
879,2919,2027-02-27,1
879,2919,2027-02-28,17
879,2919,2027-03-01,2
879,2919,2027-03-02,14
879,2919,2027-03-03,6
879,2919,2027-03-04,6
879,2919,2027-03-05,0
879,2919,2027-03-06,0
879,2919,2027-03-07,20
879,2919,2027-03-08,18
879,2919,2027-03-09,16
879,2919,2027-03-10,0
879,2919,2027-03-11,13
879,2919,2027-03-12,1
879,2919,2027-03-13,2
879,2919,2027-03-14,12
879,2919,2027-03-15,5
879,2919,2027-03-16,9
879,2919,2027-03-17,0
879,2919,2027-03-18,9
879,2919,2027-03-19,8
879,2919,2027-03-20,9
879,2919,2027-03-21,16
879,2919,2027-03-22,5
879,2919,2027-03-23,14
879,2919,2027-03-24,18
879,2919,2027-03-25,20
879,2919,2027-03-26,0
879,2920,2027-02-24,14
879,2920,2027-02-25,14
879,2920,2027-02-26,14
879,2920,2027-02-27,14
879,2920,2027-02-28,4
879,2920,2027-03-01,12
879,2920,2027-03-02,14
879,2920,2027-03-03,14
879,2920,2027-03-04,14
879,2920,2027-03-05,14
879,2920,2027-03-06,14
879,2920,2027-03-07,14
879,2920,2027-03-08,11
879,2920,2027-03-09,14
879,2920,2027-03-10,14
879,2920,2027-03-11,14
879,2920,2027-03-12,12
879,2920,2027-03-13,12
879,2920,2027-03-14,14
879,2920,2027-03-15,8
879,2920,2027-03-16,10
879,2920,2027-03-17,14
879,2920,2027-03-18,14
879,2920,2027-03-19,14
879,2920,2027-03-20,14
879,2920,2027-03-21,14
879,2920,2027-03-22,14
879,2920,2027-03-23,10
879,2920,2027-03-24,14
879,2920,2027-03-25,11
879,2920,2027-03-26,14
879,2921,2027-02-24,22
879,2921,2027-02-25,9
879,2921,2027-02-26,24
879,2921,2027-02-27,3
879,2921,2027-02-28,9
879,2921,2027-03-01,22
879,2921,2027-03-02,4
879,2921,2027-03-03,13
879,2921,2027-03-04,12
879,2921,2027-03-05,8
879,2921,2027-03-06,2
879,2921,2027-03-07,9
879,2921,2027-03-08,24
879,2921,2027-03-09,24
879,2921,2027-03-10,14
879,2921,2027-03-11,6
879,2921,2027-03-12,17
879,2921,2027-03-13,3
879,2921,2027-03-14,7
879,2921,2027-03-15,15
879,2921,2027-03-16,10
879,2921,2027-03-17,8
879,2921,2027-03-18,4
879,2921,2027-03-19,9
879,2921,2027-03-20,12
879,2921,2027-03-21,18
879,2921,2027-03-22,22
879,2921,2027-03-23,17
879,2921,2027-03-24,18
879,2921,2027-03-25,11
879,2921,2027-03-26,0
879,2922,2027-02-24,12
879,2922,2027-02-25,12
879,2922,2027-02-26,12
879,2922,2027-02-27,3
879,2922,2027-02-28,7
879,2922,2027-03-01,11
879,2922,2027-03-02,9
879,2922,2027-03-03,12
879,2922,2027-03-04,12
879,2922,2027-03-05,12
879,2922,2027-03-06,12
879,2922,2027-03-07,10
879,2922,2027-03-08,12
879,2922,2027-03-09,10
879,2922,2027-03-10,12
879,2922,2027-03-11,12
879,2922,2027-03-12,12
879,2922,2027-03-13,10
879,2922,2027-03-14,10
879,2922,2027-03-15,12
879,2922,2027-03-16,6
879,2922,2027-03-17,12
879,2922,2027-03-18,12
879,2922,2027-03-19,12
879,2922,2027-03-20,12
879,2922,2027-03-21,12
879,2922,2027-03-22,12
879,2922,2027-03-23,12
879,2922,2027-03-24,10
879,2922,2027-03-25,12
879,2922,2027-03-26,9
879,2923,2027-02-24,23
879,2923,2027-02-25,22
879,2923,2027-02-26,3
879,2923,2027-02-27,0
879,2923,2027-02-28,0
879,2923,2027-03-01,12
879,2923,2027-03-02,22
879,2923,2027-03-03,8
879,2923,2027-03-04,15
879,2923,2027-03-05,14
879,2923,2027-03-06,8
879,2923,2027-03-07,3
879,2923,2027-03-08,11
879,2923,2027-03-09,26
879,2923,2027-03-10,26
879,2923,2027-03-11,16
879,2923,2027-03-12,5
879,2923,2027-03-13,2
879,2923,2027-03-14,6
879,2923,2027-03-15,7
879,2923,2027-03-16,19
879,2923,2027-03-17,12
879,2923,2027-03-18,8
879,2923,2027-03-19,6
879,2923,2027-03-20,1
879,2923,2027-03-21,1
879,2923,2027-03-22,28
879,2923,2027-03-23,22
879,2923,2027-03-24,19
879,2923,2027-03-25,18
879,2923,2027-03-26,9
879,2918,2027-05-25,17
879,2918,2027-05-26,17
879,2918,2027-05-27,17
879,2918,2027-05-28,17
879,2918,2027-05-29,17
879,2918,2027-05-30,17
879,2918,2027-05-31,17
879,2918,2027-06-01,17
879,2918,2027-06-02,17
879,2918,2027-06-03,17
879,2918,2027-06-04,17
879,2918,2027-06-05,17
879,2918,2027-06-06,17
879,2918,2027-06-07,17
879,2918,2027-06-08,17
879,2918,2027-06-09,17
879,2918,2027-06-10,17
879,2918,2027-06-11,17
879,2918,2027-06-12,17
879,2918,2027-06-13,17
879,2918,2027-06-14,17
879,2918,2027-06-15,17
879,2918,2027-06-16,17
879,2918,2027-06-17,17
879,2918,2027-06-18,17
879,2918,2027-06-19,17
879,2918,2027-06-20,17
879,2918,2027-06-21,17
879,2918,2027-06-22,17
879,2918,2027-06-23,17
879,2918,2027-06-24,17
879,2919,2027-05-25,20
879,2919,2027-05-26,20
879,2919,2027-05-27,20
879,2919,2027-05-28,20
879,2919,2027-05-29,20
879,2919,2027-05-30,20
879,2919,2027-05-31,20
879,2919,2027-06-01,20
879,2919,2027-06-02,20
879,2919,2027-06-03,20
879,2919,2027-06-04,20
879,2919,2027-06-05,20
879,2919,2027-06-06,20
879,2919,2027-06-07,20
879,2919,2027-06-08,20
879,2919,2027-06-09,20
879,2919,2027-06-10,20
879,2919,2027-06-11,20
879,2919,2027-06-12,20
879,2919,2027-06-13,20
879,2919,2027-06-14,20
879,2919,2027-06-15,20
879,2919,2027-06-16,20
879,2919,2027-06-17,20
879,2919,2027-06-18,20
879,2919,2027-06-19,20
879,2919,2027-06-20,20
879,2919,2027-06-21,20
879,2919,2027-06-22,20
879,2919,2027-06-23,20
879,2919,2027-06-24,20
879,2920,2027-05-25,14
879,2920,2027-05-26,14
879,2920,2027-05-27,14
879,2920,2027-05-28,14
879,2920,2027-05-29,14
879,2920,2027-05-30,14
879,2920,2027-05-31,14
879,2920,2027-06-01,14
879,2920,2027-06-02,14
879,2920,2027-06-03,14
879,2920,2027-06-04,14
879,2920,2027-06-05,14
879,2920,2027-06-06,14
879,2920,2027-06-07,14
879,2920,2027-06-08,14
879,2920,2027-06-09,14
879,2920,2027-06-10,14
879,2920,2027-06-11,14
879,2920,2027-06-12,14
879,2920,2027-06-13,14
879,2920,2027-06-14,14
879,2920,2027-06-15,14
879,2920,2027-06-16,14
879,2920,2027-06-17,14
879,2920,2027-06-18,14
879,2920,2027-06-19,14
879,2920,2027-06-20,14
879,2920,2027-06-21,14
879,2920,2027-06-22,14
879,2920,2027-06-23,14
879,2920,2027-06-24,14
879,2921,2027-05-25,26
879,2921,2027-05-26,26
879,2921,2027-05-27,26
879,2921,2027-05-28,26
879,2921,2027-05-29,26
879,2921,2027-05-30,26
879,2921,2027-05-31,26
879,2921,2027-06-01,26
879,2921,2027-06-02,26
879,2921,2027-06-03,26
879,2921,2027-06-04,26
879,2921,2027-06-05,26
879,2921,2027-06-06,26
879,2921,2027-06-07,26
879,2921,2027-06-08,26
879,2921,2027-06-09,26
879,2921,2027-06-10,26
879,2921,2027-06-11,26
879,2921,2027-06-12,26
879,2921,2027-06-13,26
879,2921,2027-06-14,26
879,2921,2027-06-15,26
879,2921,2027-06-16,26
879,2921,2027-06-17,26
879,2921,2027-06-18,26
879,2921,2027-06-19,26
879,2921,2027-06-20,26
879,2921,2027-06-21,26
879,2921,2027-06-22,26
879,2921,2027-06-23,26
879,2921,2027-06-24,26
879,2922,2027-05-25,12
879,2922,2027-05-26,12
879,2922,2027-05-27,12
879,2922,2027-05-28,12
879,2922,2027-05-29,12
879,2922,2027-05-30,12
879,2922,2027-05-31,12
879,2922,2027-06-01,12
879,2922,2027-06-02,12
879,2922,2027-06-03,12
879,2922,2027-06-04,12
879,2922,2027-06-05,12
879,2922,2027-06-06,12
879,2922,2027-06-07,12
879,2922,2027-06-08,12
879,2922,2027-06-09,12
879,2922,2027-06-10,12
879,2922,2027-06-11,12
879,2922,2027-06-12,12
879,2922,2027-06-13,12
879,2922,2027-06-14,12
879,2922,2027-06-15,12
879,2922,2027-06-16,12
879,2922,2027-06-17,12
879,2922,2027-06-18,12
879,2922,2027-06-19,12
879,2922,2027-06-20,12
879,2922,2027-06-21,12
879,2922,2027-06-22,12
879,2922,2027-06-23,12
879,2922,2027-06-24,12
879,2923,2027-05-25,28
879,2923,2027-05-26,28
879,2923,2027-05-27,28
879,2923,2027-05-28,28
879,2923,2027-05-29,28
879,2923,2027-05-30,28
879,2923,2027-05-31,28
879,2923,2027-06-01,28
879,2923,2027-06-02,28
879,2923,2027-06-03,28
879,2923,2027-06-04,28
879,2923,2027-06-05,28
879,2923,2027-06-06,28
879,2923,2027-06-07,28
879,2923,2027-06-08,28
879,2923,2027-06-09,28
879,2923,2027-06-10,28
879,2923,2027-06-11,28
879,2923,2027-06-12,28
879,2923,2027-06-13,28
879,2923,2027-06-14,28
879,2923,2027-06-15,28
879,2923,2027-06-16,28
879,2923,2027-06-17,28
879,2923,2027-06-18,28
879,2923,2027-06-19,28
879,2923,2027-06-20,28
879,2923,2027-06-21,28
879,2923,2027-06-22,28
879,2923,2027-06-23,28
879,2923,2027-06-24,28
879,2918,2027-04-25,17
879,2918,2027-04-26,17
879,2918,2027-04-27,17
879,2918,2027-04-28,17
879,2918,2027-04-29,17
879,2918,2027-04-30,17
879,2918,2027-05-01,17
879,2918,2027-05-02,17
879,2918,2027-05-03,17
879,2918,2027-05-04,17
879,2918,2027-05-05,17
879,2918,2027-05-06,17
879,2918,2027-05-07,17
879,2918,2027-05-08,17
879,2918,2027-05-09,17
879,2918,2027-05-10,17
879,2918,2027-05-11,17
879,2918,2027-05-12,17
879,2918,2027-05-13,17
879,2918,2027-05-14,17
879,2918,2027-05-15,17
879,2918,2027-05-16,17
879,2918,2027-05-17,17
879,2918,2027-05-18,17
879,2918,2027-05-19,17
879,2918,2027-05-20,17
879,2918,2027-05-21,17
879,2918,2027-05-22,17
879,2918,2027-05-23,17
879,2918,2027-05-24,17
879,2918,2027-05-25,17
879,2919,2027-04-25,20
879,2919,2027-04-26,20
879,2919,2027-04-27,20
879,2919,2027-04-28,20
879,2919,2027-04-29,20
879,2919,2027-04-30,17
879,2919,2027-05-01,20
879,2919,2027-05-02,20
879,2919,2027-05-03,20
879,2919,2027-05-04,20
879,2919,2027-05-05,20
879,2919,2027-05-06,20
879,2919,2027-05-07,20
879,2919,2027-05-08,20
879,2919,2027-05-09,20
879,2919,2027-05-10,20
879,2919,2027-05-11,20
879,2919,2027-05-12,17
879,2919,2027-05-13,20
879,2919,2027-05-14,20
879,2919,2027-05-15,20
879,2919,2027-05-16,20
879,2919,2027-05-17,20
879,2919,2027-05-18,20
879,2919,2027-05-19,20
879,2919,2027-05-20,20
879,2919,2027-05-21,20
879,2919,2027-05-22,20
879,2919,2027-05-23,20
879,2919,2027-05-24,20
879,2919,2027-05-25,20
879,2920,2027-04-25,14
879,2920,2027-04-26,14
879,2920,2027-04-27,14
879,2920,2027-04-28,14
879,2920,2027-04-29,14
879,2920,2027-04-30,14
879,2920,2027-05-01,14
879,2920,2027-05-02,14
879,2920,2027-05-03,14
879,2920,2027-05-04,14
879,2920,2027-05-05,14
879,2920,2027-05-06,14
879,2920,2027-05-07,14
879,2920,2027-05-08,14
879,2920,2027-05-09,14
879,2920,2027-05-10,14
879,2920,2027-05-11,14
879,2920,2027-05-12,14
879,2920,2027-05-13,14
879,2920,2027-05-14,14
879,2920,2027-05-15,14
879,2920,2027-05-16,14
879,2920,2027-05-17,14
879,2920,2027-05-18,14
879,2920,2027-05-19,14
879,2920,2027-05-20,14
879,2920,2027-05-21,14
879,2920,2027-05-22,14
879,2920,2027-05-23,14
879,2920,2027-05-24,14
879,2920,2027-05-25,14
879,2921,2027-04-25,6
879,2921,2027-04-26,26
879,2921,2027-04-27,26
879,2921,2027-04-28,26
879,2921,2027-04-29,26
879,2921,2027-04-30,26
879,2921,2027-05-01,26
879,2921,2027-05-02,26
879,2921,2027-05-03,26
879,2921,2027-05-04,26
879,2921,2027-05-05,26
879,2921,2027-05-06,26
879,2921,2027-05-07,26
879,2921,2027-05-08,26
879,2921,2027-05-09,26
879,2921,2027-05-10,26
879,2921,2027-05-11,26
879,2921,2027-05-12,26
879,2921,2027-05-13,23
879,2921,2027-05-14,26
879,2921,2027-05-15,26
879,2921,2027-05-16,26
879,2921,2027-05-17,26
879,2921,2027-05-18,26
879,2921,2027-05-19,26
879,2921,2027-05-20,26
879,2921,2027-05-21,26
879,2921,2027-05-22,26
879,2921,2027-05-23,26
879,2921,2027-05-24,26
879,2921,2027-05-25,26
879,2922,2027-04-25,7
879,2922,2027-04-26,12
879,2922,2027-04-27,12
879,2922,2027-04-28,12
879,2922,2027-04-29,12
879,2922,2027-04-30,12
879,2922,2027-05-01,12
879,2922,2027-05-02,12
879,2922,2027-05-03,12
879,2922,2027-05-04,12
879,2922,2027-05-05,12
879,2922,2027-05-06,12
879,2922,2027-05-07,12
879,2922,2027-05-08,12
879,2922,2027-05-09,12
879,2922,2027-05-10,12
879,2922,2027-05-11,12
879,2922,2027-05-12,12
879,2922,2027-05-13,12
879,2922,2027-05-14,12
879,2922,2027-05-15,12
879,2922,2027-05-16,12
879,2922,2027-05-17,12
879,2922,2027-05-18,12
879,2922,2027-05-19,12
879,2922,2027-05-20,12
879,2922,2027-05-21,12
879,2922,2027-05-22,12
879,2922,2027-05-23,12
879,2922,2027-05-24,12
879,2922,2027-05-25,12
879,2923,2027-04-25,0
879,2923,2027-04-26,24
879,2923,2027-04-27,28
879,2923,2027-04-28,28
879,2923,2027-04-29,28
879,2923,2027-04-30,28
879,2923,2027-05-01,25
879,2923,2027-05-02,28
879,2923,2027-05-03,28
879,2923,2027-05-04,28
879,2923,2027-05-05,28
879,2923,2027-05-06,28
879,2923,2027-05-07,28
879,2923,2027-05-08,28
879,2923,2027-05-09,28
879,2923,2027-05-10,28
879,2923,2027-05-11,28
879,2923,2027-05-12,28
879,2923,2027-05-13,28
879,2923,2027-05-14,25
879,2923,2027-05-15,28
879,2923,2027-05-16,28
879,2923,2027-05-17,28
879,2923,2027-05-18,28
879,2923,2027-05-19,28
879,2923,2027-05-20,28
879,2923,2027-05-21,28
879,2923,2027-05-22,28
879,2923,2027-05-23,28
879,2923,2027-05-24,28
879,2923,2027-05-25,28
879,2918,2027-03-26,15
879,2918,2027-03-27,17
879,2918,2027-03-28,17
879,2918,2027-03-29,17
879,2918,2027-03-30,17
879,2918,2027-03-31,17
879,2918,2027-04-01,15
879,2918,2027-04-02,17
879,2918,2027-04-03,17
879,2918,2027-04-04,17
879,2918,2027-04-05,17
879,2918,2027-04-06,17
879,2918,2027-04-07,17
879,2918,2027-04-08,15
879,2918,2027-04-09,17
879,2918,2027-04-10,17
879,2918,2027-04-11,17
879,2918,2027-04-12,17
879,2918,2027-04-13,17
879,2918,2027-04-14,17
879,2918,2027-04-15,17
879,2918,2027-04-16,17
879,2918,2027-04-17,17
879,2918,2027-04-18,17
879,2918,2027-04-19,17
879,2918,2027-04-20,17
879,2918,2027-04-21,17
879,2918,2027-04-22,17
879,2918,2027-04-23,17
879,2918,2027-04-24,17
879,2918,2027-04-25,17
879,2919,2027-03-26,0
879,2919,2027-03-27,4
879,2919,2027-03-28,0
879,2919,2027-03-29,5
879,2919,2027-03-30,20
879,2919,2027-03-31,14
879,2919,2027-04-01,18
879,2919,2027-04-02,1
879,2919,2027-04-03,8
879,2919,2027-04-04,14
879,2919,2027-04-05,11
879,2919,2027-04-06,18
879,2919,2027-04-07,20
879,2919,2027-04-08,18
879,2919,2027-04-09,16
879,2919,2027-04-10,9
879,2919,2027-04-11,16
879,2919,2027-04-12,6
879,2919,2027-04-13,14
879,2919,2027-04-14,16
879,2919,2027-04-15,20
879,2919,2027-04-16,13
879,2919,2027-04-17,0
879,2919,2027-04-18,8
879,2919,2027-04-19,20
879,2919,2027-04-20,20
879,2919,2027-04-21,20
879,2919,2027-04-22,20
879,2919,2027-04-23,8
879,2919,2027-04-24,5
879,2919,2027-04-25,20
879,2920,2027-03-26,14
879,2920,2027-03-27,2
879,2920,2027-03-28,5
879,2920,2027-03-29,14
879,2920,2027-03-30,14
879,2920,2027-03-31,14
879,2920,2027-04-01,14
879,2920,2027-04-02,12
879,2920,2027-04-03,14
879,2920,2027-04-04,14
879,2920,2027-04-05,14
879,2920,2027-04-06,14
879,2920,2027-04-07,14
879,2920,2027-04-08,14
879,2920,2027-04-09,13
879,2920,2027-04-10,14
879,2920,2027-04-11,13
879,2920,2027-04-12,14
879,2920,2027-04-13,14
879,2920,2027-04-14,14
879,2920,2027-04-15,14
879,2920,2027-04-16,14
879,2920,2027-04-17,14
879,2920,2027-04-18,14
879,2920,2027-04-19,14
879,2920,2027-04-20,14
879,2920,2027-04-21,14
879,2920,2027-04-22,14
879,2920,2027-04-23,14
879,2920,2027-04-24,12
879,2920,2027-04-25,14
879,2921,2027-03-26,0
879,2921,2027-03-27,0
879,2921,2027-03-28,1
879,2921,2027-03-29,6
879,2921,2027-03-30,11
879,2921,2027-03-31,25
879,2921,2027-04-01,20
879,2921,2027-04-02,13
879,2921,2027-04-03,2
879,2921,2027-04-04,15
879,2921,2027-04-05,17
879,2921,2027-04-06,24
879,2921,2027-04-07,24
879,2921,2027-04-08,26
879,2921,2027-04-09,22
879,2921,2027-04-10,2
879,2921,2027-04-11,0
879,2921,2027-04-12,5
879,2921,2027-04-13,13
879,2921,2027-04-14,15
879,2921,2027-04-15,26
879,2921,2027-04-16,22
879,2921,2027-04-17,18
879,2921,2027-04-18,6
879,2921,2027-04-19,14
879,2921,2027-04-20,26
879,2921,2027-04-21,26
879,2921,2027-04-22,26
879,2921,2027-04-23,14
879,2921,2027-04-24,0
879,2921,2027-04-25,6
879,2922,2027-03-26,9
879,2922,2027-03-27,3
879,2922,2027-03-28,3
879,2922,2027-03-29,12
879,2922,2027-03-30,12
879,2922,2027-03-31,12
879,2922,2027-04-01,12
879,2922,2027-04-02,12
879,2922,2027-04-03,8
879,2922,2027-04-04,12
879,2922,2027-04-05,12
879,2922,2027-04-06,12
879,2922,2027-04-07,12
879,2922,2027-04-08,12
879,2922,2027-04-09,10
879,2922,2027-04-10,11
879,2922,2027-04-11,12
879,2922,2027-04-12,12
879,2922,2027-04-13,12
879,2922,2027-04-14,12
879,2922,2027-04-15,12
879,2922,2027-04-16,12
879,2922,2027-04-17,10
879,2922,2027-04-18,12
879,2922,2027-04-19,12
879,2922,2027-04-20,12
879,2922,2027-04-21,12
879,2922,2027-04-22,12
879,2922,2027-04-23,12
879,2922,2027-04-24,12
879,2922,2027-04-25,7
879,2923,2027-03-26,9
879,2923,2027-03-27,4
879,2923,2027-03-28,5
879,2923,2027-03-29,3
879,2923,2027-03-30,8
879,2923,2027-03-31,17
879,2923,2027-04-01,19
879,2923,2027-04-02,11
879,2923,2027-04-03,1
879,2923,2027-04-04,1
879,2923,2027-04-05,20
879,2923,2027-04-06,19
879,2923,2027-04-07,26
879,2923,2027-04-08,26
879,2923,2027-04-09,28
879,2923,2027-04-10,23
879,2923,2027-04-11,0
879,2923,2027-04-12,2
879,2923,2027-04-13,9
879,2923,2027-04-14,15
879,2923,2027-04-15,20
879,2923,2027-04-16,28
879,2923,2027-04-17,0
879,2923,2027-04-18,20
879,2923,2027-04-19,8
879,2923,2027-04-20,16
879,2923,2027-04-21,28
879,2923,2027-04-22,28
879,2923,2027-04-23,25
879,2923,2027-04-24,4
879,2923,2027-04-25,0
879,2918,2026-12-26,15
879,2918,2026-12-27,17
879,2918,2026-12-28,17
879,2918,2026-12-29,15
879,2918,2026-12-30,17
879,2918,2026-12-31,17
879,2918,2027-01-01,17
879,2918,2027-01-02,17
879,2918,2027-01-03,15
879,2918,2027-01-04,17
879,2918,2027-01-05,17
879,2918,2027-01-06,17
879,2918,2027-01-07,17
879,2918,2027-01-08,17
879,2918,2027-01-09,11
879,2918,2027-01-10,17
879,2918,2027-01-11,15
879,2918,2027-01-12,17
879,2918,2027-01-13,12
879,2918,2027-01-14,17
879,2918,2027-01-15,17
879,2918,2027-01-16,17
879,2918,2027-01-17,17
879,2918,2027-01-18,17
879,2918,2027-01-19,17
879,2918,2027-01-20,17
879,2918,2027-01-21,15
879,2918,2027-01-22,17
879,2918,2027-01-23,17
879,2918,2027-01-24,16
879,2918,2027-01-25,17
879,2919,2026-12-26,4
879,2919,2026-12-27,0
879,2919,2026-12-28,0
879,2919,2026-12-29,1
879,2919,2026-12-30,5
879,2919,2026-12-31,1
879,2919,2027-01-01,0
879,2919,2027-01-02,2
879,2919,2027-01-03,9
879,2919,2027-01-04,7
879,2919,2027-01-05,10
879,2919,2027-01-06,0
879,2919,2027-01-07,6
879,2919,2027-01-08,6
879,2919,2027-01-09,11
879,2919,2027-01-10,1
879,2919,2027-01-11,5
879,2919,2027-01-12,8
879,2919,2027-01-13,0
879,2919,2027-01-14,20
879,2919,2027-01-15,2
879,2919,2027-01-16,0
879,2919,2027-01-17,4
879,2919,2027-01-18,0
879,2919,2027-01-19,2
879,2919,2027-01-20,1
879,2919,2027-01-21,2
879,2919,2027-01-22,11
879,2919,2027-01-23,11
879,2919,2027-01-24,11
879,2919,2027-01-25,17
879,2920,2026-12-26,14
879,2920,2026-12-27,2
879,2920,2026-12-28,13
879,2920,2026-12-29,14
879,2920,2026-12-30,10
879,2920,2026-12-31,14
879,2920,2027-01-01,14
879,2920,2027-01-02,14
879,2920,2027-01-03,14
879,2920,2027-01-04,12
879,2920,2027-01-05,11
879,2920,2027-01-06,9
879,2920,2027-01-07,11
879,2920,2027-01-08,14
879,2920,2027-01-09,12
879,2920,2027-01-10,8
879,2920,2027-01-11,8
879,2920,2027-01-12,14
879,2920,2027-01-13,14
879,2920,2027-01-14,9
879,2920,2027-01-15,14
879,2920,2027-01-16,14
879,2920,2027-01-17,14
879,2920,2027-01-18,11
879,2920,2027-01-19,14
879,2920,2027-01-20,14
879,2920,2027-01-21,14
879,2920,2027-01-22,14
879,2920,2027-01-23,14
879,2920,2027-01-24,14
879,2920,2027-01-25,14
879,2921,2026-12-26,6
879,2921,2026-12-27,0
879,2921,2026-12-28,0
879,2921,2026-12-29,0
879,2921,2026-12-30,2
879,2921,2026-12-31,11
879,2921,2027-01-01,2
879,2921,2027-01-02,1
879,2921,2027-01-03,10
879,2921,2027-01-04,0
879,2921,2027-01-05,0
879,2921,2027-01-06,0
879,2921,2027-01-07,1
879,2921,2027-01-08,2
879,2921,2027-01-09,0
879,2921,2027-01-10,11
879,2921,2027-01-11,0
879,2921,2027-01-12,7
879,2921,2027-01-13,15
879,2921,2027-01-14,2
879,2921,2027-01-15,2
879,2921,2027-01-16,1
879,2921,2027-01-17,0
879,2921,2027-01-18,3
879,2921,2027-01-19,10
879,2921,2027-01-20,4
879,2921,2027-01-21,9
879,2921,2027-01-22,3
879,2921,2027-01-23,0
879,2921,2027-01-24,0
879,2921,2027-01-25,10
879,2922,2026-12-26,12
879,2922,2026-12-27,2
879,2922,2026-12-28,10
879,2922,2026-12-29,11
879,2922,2026-12-30,12
879,2922,2026-12-31,8
879,2922,2027-01-01,12
879,2922,2027-01-02,12
879,2922,2027-01-03,12
879,2922,2027-01-04,12
879,2922,2027-01-05,10
879,2922,2027-01-06,12
879,2922,2027-01-07,4
879,2922,2027-01-08,12
879,2922,2027-01-09,12
879,2922,2027-01-10,4
879,2922,2027-01-11,3
879,2922,2027-01-12,12
879,2922,2027-01-13,12
879,2922,2027-01-14,12
879,2922,2027-01-15,12
879,2922,2027-01-16,12
879,2922,2027-01-17,12
879,2922,2027-01-18,12
879,2922,2027-01-19,11
879,2922,2027-01-20,12
879,2922,2027-01-21,12
879,2922,2027-01-22,12
879,2922,2027-01-23,12
879,2922,2027-01-24,12
879,2922,2027-01-25,11
879,2923,2026-12-26,0
879,2923,2026-12-27,1
879,2923,2026-12-28,1
879,2923,2026-12-29,0
879,2923,2026-12-30,6
879,2923,2026-12-31,4
879,2923,2027-01-01,1
879,2923,2027-01-02,1
879,2923,2027-01-03,0
879,2923,2027-01-04,1
879,2923,2027-01-05,4
879,2923,2027-01-06,3
879,2923,2027-01-07,0
879,2923,2027-01-08,2
879,2923,2027-01-09,0
879,2923,2027-01-10,3
879,2923,2027-01-11,0
879,2923,2027-01-12,7
879,2923,2027-01-13,1
879,2923,2027-01-14,1
879,2923,2027-01-15,7
879,2923,2027-01-16,5
879,2923,2027-01-17,13
879,2923,2027-01-18,8
879,2923,2027-01-19,5
879,2923,2027-01-20,2
879,2923,2027-01-21,0
879,2923,2027-01-22,6
879,2923,2027-01-23,3
879,2923,2027-01-24,7
879,2923,2027-01-25,13
875,2865,2026-08-28,6
875,2865,2026-08-29,6
875,2865,2026-08-30,6
875,2865,2026-08-31,6
875,2865,2026-09-01,6
875,2865,2026-09-02,6
875,2865,2026-09-03,6
875,2865,2026-09-04,6
875,2865,2026-09-05,6
875,2865,2026-09-06,6
875,2865,2026-09-07,6
875,2865,2026-09-08,6
875,2865,2026-09-09,6
875,2865,2026-09-10,6
875,2865,2026-09-11,6
875,2865,2026-09-12,6
875,2865,2026-09-13,6
875,2865,2026-09-14,6
875,2865,2026-09-15,6
875,2865,2026-09-16,6
875,2865,2026-09-17,6
875,2865,2026-09-18,6
875,2865,2026-09-19,6
875,2865,2026-09-20,6
875,2865,2026-09-21,6
875,2865,2026-09-22,6
875,2865,2026-09-23,6
875,2865,2026-09-24,6
875,2865,2026-09-25,6
875,2865,2026-09-26,6
875,2865,2026-09-27,6
875,2866,2026-08-28,12
875,2866,2026-08-29,12
875,2866,2026-08-30,12
875,2866,2026-08-31,12
875,2866,2026-09-01,12
875,2866,2026-09-02,12
875,2866,2026-09-03,12
875,2866,2026-09-04,12
875,2866,2026-09-05,12
875,2866,2026-09-06,12
875,2866,2026-09-07,12
875,2866,2026-09-08,12
875,2866,2026-09-09,12
875,2866,2026-09-10,9
875,2866,2026-09-11,12
875,2866,2026-09-12,12
875,2866,2026-09-13,12
875,2866,2026-09-14,12
875,2866,2026-09-15,12
875,2866,2026-09-16,12
875,2866,2026-09-17,12
875,2866,2026-09-18,12
875,2866,2026-09-19,12
875,2866,2026-09-20,12
875,2866,2026-09-21,12
875,2866,2026-09-22,12
875,2866,2026-09-23,12
875,2866,2026-09-24,12
875,2866,2026-09-25,12
875,2866,2026-09-26,12
875,2866,2026-09-27,12
875,2867,2026-08-28,100
875,2867,2026-08-29,100
875,2867,2026-08-30,100
875,2867,2026-08-31,100
875,2867,2026-09-01,100
875,2867,2026-09-02,100
875,2867,2026-09-03,100
875,2867,2026-09-04,100
875,2867,2026-09-05,100
875,2867,2026-09-06,100
875,2867,2026-09-07,98
875,2867,2026-09-08,100
875,2867,2026-09-09,100
875,2867,2026-09-10,100
875,2867,2026-09-11,100
875,2867,2026-09-12,100
875,2867,2026-09-13,100
875,2867,2026-09-14,100
875,2867,2026-09-15,100
875,2867,2026-09-16,100
875,2867,2026-09-17,100
875,2867,2026-09-18,100
875,2867,2026-09-19,100
875,2867,2026-09-20,100
875,2867,2026-09-21,100
875,2867,2026-09-22,100
875,2867,2026-09-23,100
875,2867,2026-09-24,100
875,2867,2026-09-25,100
875,2867,2026-09-26,100
875,2867,2026-09-27,98
875,2868,2026-08-28,34
875,2868,2026-08-29,30
875,2868,2026-08-30,34
875,2868,2026-08-31,34
875,2868,2026-09-01,32
875,2868,2026-09-02,32
875,2868,2026-09-03,32
875,2868,2026-09-04,30
875,2868,2026-09-05,34
875,2868,2026-09-06,34
875,2868,2026-09-07,32
875,2868,2026-09-08,34
875,2868,2026-09-09,32
875,2868,2026-09-10,34
875,2868,2026-09-11,34
875,2868,2026-09-12,34
875,2868,2026-09-13,32
875,2868,2026-09-14,32
875,2868,2026-09-15,26
875,2868,2026-09-16,28
875,2868,2026-09-17,34
875,2868,2026-09-18,32
875,2868,2026-09-19,34
875,2868,2026-09-20,34
875,2868,2026-09-21,32
875,2868,2026-09-22,34
875,2868,2026-09-23,28
875,2868,2026-09-24,34
875,2868,2026-09-25,32
875,2868,2026-09-26,16
875,2868,2026-09-27,0
875,2869,2026-08-28,30
875,2869,2026-08-29,30
875,2869,2026-08-30,30
875,2869,2026-08-31,30
875,2869,2026-09-01,30
875,2869,2026-09-02,30
875,2869,2026-09-03,30
875,2869,2026-09-04,30
875,2869,2026-09-05,30
875,2869,2026-09-06,30
875,2869,2026-09-07,30
875,2869,2026-09-08,30
875,2869,2026-09-09,30
875,2869,2026-09-10,30
875,2869,2026-09-11,30
875,2869,2026-09-12,30
875,2869,2026-09-13,30
875,2869,2026-09-14,30
875,2869,2026-09-15,30
875,2869,2026-09-16,30
875,2869,2026-09-17,30
875,2869,2026-09-18,30
875,2869,2026-09-19,30
875,2869,2026-09-20,30
875,2869,2026-09-21,30
875,2869,2026-09-22,30
875,2869,2026-09-23,30
875,2869,2026-09-24,30
875,2869,2026-09-25,30
875,2869,2026-09-26,30
875,2869,2026-09-27,30
875,2870,2026-08-28,36
875,2870,2026-08-29,36
875,2870,2026-08-30,36
875,2870,2026-08-31,36
875,2870,2026-09-01,36
875,2870,2026-09-02,36
875,2870,2026-09-03,36
875,2870,2026-09-04,36
875,2870,2026-09-05,36
875,2870,2026-09-06,36
875,2870,2026-09-07,36
875,2870,2026-09-08,36
875,2870,2026-09-09,36
875,2870,2026-09-10,36
875,2870,2026-09-11,36
875,2870,2026-09-12,36
875,2870,2026-09-13,36
875,2870,2026-09-14,36
875,2870,2026-09-15,36
875,2870,2026-09-16,36
875,2870,2026-09-17,36
875,2870,2026-09-18,36
875,2870,2026-09-19,36
875,2870,2026-09-20,36
875,2870,2026-09-21,36
875,2870,2026-09-22,36
875,2870,2026-09-23,36
875,2870,2026-09-24,36
875,2870,2026-09-25,36
875,2870,2026-09-26,36
875,2870,2026-09-27,36
875,2871,2026-08-28,26
875,2871,2026-08-29,24
875,2871,2026-08-30,26
875,2871,2026-08-31,26
875,2871,2026-09-01,24
875,2871,2026-09-02,25
875,2871,2026-09-03,24
875,2871,2026-09-04,24
875,2871,2026-09-05,26
875,2871,2026-09-06,23
875,2871,2026-09-07,26
875,2871,2026-09-08,26
875,2871,2026-09-09,17
875,2871,2026-09-10,26
875,2871,2026-09-11,21
875,2871,2026-09-12,24
875,2871,2026-09-13,26
875,2871,2026-09-14,26
875,2871,2026-09-15,22
875,2871,2026-09-16,25
875,2871,2026-09-17,13
875,2871,2026-09-18,26
875,2871,2026-09-19,20
875,2871,2026-09-20,20
875,2871,2026-09-21,26
875,2871,2026-09-22,26
875,2871,2026-09-23,24
875,2871,2026-09-24,26
875,2871,2026-09-25,26
875,2871,2026-09-26,16
875,2871,2026-09-27,8
875,2872,2026-08-28,80
875,2872,2026-08-29,80
875,2872,2026-08-30,80
875,2872,2026-08-31,80
875,2872,2026-09-01,80
875,2872,2026-09-02,80
875,2872,2026-09-03,80
875,2872,2026-09-04,80
875,2872,2026-09-05,80
875,2872,2026-09-06,80
875,2872,2026-09-07,80
875,2872,2026-09-08,78
875,2872,2026-09-09,80
875,2872,2026-09-10,80
875,2872,2026-09-11,80
875,2872,2026-09-12,80
875,2872,2026-09-13,80
875,2872,2026-09-14,80
875,2872,2026-09-15,80
875,2872,2026-09-16,80
875,2872,2026-09-17,80
875,2872,2026-09-18,80
875,2872,2026-09-19,80
875,2872,2026-09-20,80
875,2872,2026-09-21,80
875,2872,2026-09-22,80
875,2872,2026-09-23,80
875,2872,2026-09-24,80
875,2872,2026-09-25,80
875,2872,2026-09-26,80
875,2872,2026-09-27,80
875,2873,2026-08-28,32
875,2873,2026-08-29,34
875,2873,2026-08-30,34
875,2873,2026-08-31,34
875,2873,2026-09-01,34
875,2873,2026-09-02,30
875,2873,2026-09-03,31
875,2873,2026-09-04,34
875,2873,2026-09-05,31
875,2873,2026-09-06,34
875,2873,2026-09-07,34
875,2873,2026-09-08,32
875,2873,2026-09-09,34
875,2873,2026-09-10,25
875,2873,2026-09-11,34
875,2873,2026-09-12,34
875,2873,2026-09-13,29
875,2873,2026-09-14,32
875,2873,2026-09-15,34
875,2873,2026-09-16,24
875,2873,2026-09-17,34
875,2873,2026-09-18,34
875,2873,2026-09-19,32
875,2873,2026-09-20,32
875,2873,2026-09-21,34
875,2873,2026-09-22,34
875,2873,2026-09-23,34
875,2873,2026-09-24,32
875,2873,2026-09-25,34
875,2873,2026-09-26,28
875,2873,2026-09-27,12
875,2874,2026-08-28,12
875,2874,2026-08-29,12
875,2874,2026-08-30,12
875,2874,2026-08-31,12
875,2874,2026-09-01,12
875,2874,2026-09-02,12
875,2874,2026-09-03,12
875,2874,2026-09-04,12
875,2874,2026-09-05,12
875,2874,2026-09-06,12
875,2874,2026-09-07,12
875,2874,2026-09-08,12
875,2874,2026-09-09,12
875,2874,2026-09-10,12
875,2874,2026-09-11,12
875,2874,2026-09-12,12
875,2874,2026-09-13,12
875,2874,2026-09-14,12
875,2874,2026-09-15,12
875,2874,2026-09-16,12
875,2874,2026-09-17,12
875,2874,2026-09-18,12
875,2874,2026-09-19,12
875,2874,2026-09-20,12
875,2874,2026-09-21,12
875,2874,2026-09-22,12
875,2874,2026-09-23,12
875,2874,2026-09-24,12
875,2874,2026-09-25,12
875,2874,2026-09-26,12
875,2874,2026-09-27,12
875,2876,2026-08-28,20
875,2876,2026-08-29,20
875,2876,2026-08-30,20
875,2876,2026-08-31,20
875,2876,2026-09-01,20
875,2876,2026-09-02,20
875,2876,2026-09-03,20
875,2876,2026-09-04,20
875,2876,2026-09-05,20
875,2876,2026-09-06,20
875,2876,2026-09-07,20
875,2876,2026-09-08,20
875,2876,2026-09-09,20
875,2876,2026-09-10,20
875,2876,2026-09-11,20
875,2876,2026-09-12,20
875,2876,2026-09-13,20
875,2876,2026-09-14,20
875,2876,2026-09-15,20
875,2876,2026-09-16,20
875,2876,2026-09-17,20
875,2876,2026-09-18,20
875,2876,2026-09-19,20
875,2876,2026-09-20,20
875,2876,2026-09-21,20
875,2876,2026-09-22,20
875,2876,2026-09-23,20
875,2876,2026-09-24,20
875,2876,2026-09-25,20
875,2876,2026-09-26,20
875,2876,2026-09-27,20
875,2877,2026-08-28,40
875,2877,2026-08-29,40
875,2877,2026-08-30,40
875,2877,2026-08-31,40
875,2877,2026-09-01,40
875,2877,2026-09-02,40
875,2877,2026-09-03,40
875,2877,2026-09-04,40
875,2877,2026-09-05,40
875,2877,2026-09-06,40
875,2877,2026-09-07,40
875,2877,2026-09-08,40
875,2877,2026-09-09,40
875,2877,2026-09-10,40
875,2877,2026-09-11,40
875,2877,2026-09-12,40
875,2877,2026-09-13,40
875,2877,2026-09-14,40
875,2877,2026-09-15,40
875,2877,2026-09-16,40
875,2877,2026-09-17,40
875,2877,2026-09-18,40
875,2877,2026-09-19,40
875,2877,2026-09-20,40
875,2877,2026-09-21,40
875,2877,2026-09-22,40
875,2877,2026-09-23,40
875,2877,2026-09-24,40
875,2877,2026-09-25,40
875,2877,2026-09-26,40
875,2877,2026-09-27,40
875,2878,2026-08-28,12
875,2878,2026-08-29,12
875,2878,2026-08-30,12
875,2878,2026-08-31,12
875,2878,2026-09-01,12
875,2878,2026-09-02,12
875,2878,2026-09-03,12
875,2878,2026-09-04,12
875,2878,2026-09-05,12
875,2878,2026-09-06,12
875,2878,2026-09-07,12
875,2878,2026-09-08,12
875,2878,2026-09-09,12
875,2878,2026-09-10,12
875,2878,2026-09-11,12
875,2878,2026-09-12,12
875,2878,2026-09-13,12
875,2878,2026-09-14,12
875,2878,2026-09-15,12
875,2878,2026-09-16,10
875,2878,2026-09-17,12
875,2878,2026-09-18,12
875,2878,2026-09-19,12
875,2878,2026-09-20,12
875,2878,2026-09-21,12
875,2878,2026-09-22,12
875,2878,2026-09-23,12
875,2878,2026-09-24,12
875,2878,2026-09-25,12
875,2878,2026-09-26,12
875,2878,2026-09-27,12
875,2879,2026-08-28,40
875,2879,2026-08-29,40
875,2879,2026-08-30,40
875,2879,2026-08-31,40
875,2879,2026-09-01,40
875,2879,2026-09-02,40
875,2879,2026-09-03,40
875,2879,2026-09-04,40
875,2879,2026-09-05,40
875,2879,2026-09-06,40
875,2879,2026-09-07,40
875,2879,2026-09-08,40
875,2879,2026-09-09,40
875,2879,2026-09-10,40
875,2879,2026-09-11,40
875,2879,2026-09-12,37
875,2879,2026-09-13,40
875,2879,2026-09-14,38
875,2879,2026-09-15,40
875,2879,2026-09-16,40
875,2879,2026-09-17,40
875,2879,2026-09-18,40
875,2879,2026-09-19,40
875,2879,2026-09-20,40
875,2879,2026-09-21,40
875,2879,2026-09-22,40
875,2879,2026-09-23,40
875,2879,2026-09-24,40
875,2879,2026-09-25,40
875,2879,2026-09-26,40
875,2879,2026-09-27,40
875,2880,2026-08-28,14
875,2880,2026-08-29,14
875,2880,2026-08-30,14
875,2880,2026-08-31,14
875,2880,2026-09-01,14
875,2880,2026-09-02,14
875,2880,2026-09-03,14
875,2880,2026-09-04,14
875,2880,2026-09-05,14
875,2880,2026-09-06,14
875,2880,2026-09-07,14
875,2880,2026-09-08,14
875,2880,2026-09-09,14
875,2880,2026-09-10,14
875,2880,2026-09-11,14
875,2880,2026-09-12,14
875,2880,2026-09-13,14
875,2880,2026-09-14,14
875,2880,2026-09-15,14
875,2880,2026-09-16,14
875,2880,2026-09-17,14
875,2880,2026-09-18,14
875,2880,2026-09-19,14
875,2880,2026-09-20,14
875,2880,2026-09-21,14
875,2880,2026-09-22,14
875,2880,2026-09-23,14
875,2880,2026-09-24,14
875,2880,2026-09-25,14
875,2880,2026-09-26,14
875,2880,2026-09-27,14
875,2881,2026-08-28,30
875,2881,2026-08-29,30
875,2881,2026-08-30,30
875,2881,2026-08-31,30
875,2881,2026-09-01,30
875,2881,2026-09-02,30
875,2881,2026-09-03,30
875,2881,2026-09-04,30
875,2881,2026-09-05,30
875,2881,2026-09-06,30
875,2881,2026-09-07,30
875,2881,2026-09-08,30
875,2881,2026-09-09,30
875,2881,2026-09-10,30
875,2881,2026-09-11,30
875,2881,2026-09-12,30
875,2881,2026-09-13,30
875,2881,2026-09-14,30
875,2881,2026-09-15,30
875,2881,2026-09-16,30
875,2881,2026-09-17,30
875,2881,2026-09-18,30
875,2881,2026-09-19,30
875,2881,2026-09-20,30
875,2881,2026-09-21,30
875,2881,2026-09-22,30
875,2881,2026-09-23,30
875,2881,2026-09-24,30
875,2881,2026-09-25,30
875,2881,2026-09-26,30
875,2881,2026-09-27,30
875,2882,2026-08-28,20
875,2882,2026-08-29,20
875,2882,2026-08-30,20
875,2882,2026-08-31,20
875,2882,2026-09-01,20
875,2882,2026-09-02,20
875,2882,2026-09-03,20
875,2882,2026-09-04,20
875,2882,2026-09-05,20
875,2882,2026-09-06,20
875,2882,2026-09-07,20
875,2882,2026-09-08,20
875,2882,2026-09-09,20
875,2882,2026-09-10,20
875,2882,2026-09-11,20
875,2882,2026-09-12,20
875,2882,2026-09-13,20
875,2882,2026-09-14,17
875,2882,2026-09-15,18
875,2882,2026-09-16,20
875,2882,2026-09-17,20
875,2882,2026-09-18,20
875,2882,2026-09-19,20
875,2882,2026-09-20,20
875,2882,2026-09-21,20
875,2882,2026-09-22,20
875,2882,2026-09-23,20
875,2882,2026-09-24,20
875,2882,2026-09-25,20
875,2882,2026-09-26,20
875,2882,2026-09-27,20
875,2883,2026-08-28,40
875,2883,2026-08-29,40
875,2883,2026-08-30,40
875,2883,2026-08-31,40
875,2883,2026-09-01,40
875,2883,2026-09-02,40
875,2883,2026-09-03,40
875,2883,2026-09-04,40
875,2883,2026-09-05,40
875,2883,2026-09-06,40
875,2883,2026-09-07,40
875,2883,2026-09-08,40
875,2883,2026-09-09,38
875,2883,2026-09-10,40
875,2883,2026-09-11,40
875,2883,2026-09-12,40
875,2883,2026-09-13,40
875,2883,2026-09-14,40
875,2883,2026-09-15,40
875,2883,2026-09-16,40
875,2883,2026-09-17,40
875,2883,2026-09-18,40
875,2883,2026-09-19,40
875,2883,2026-09-20,40
875,2883,2026-09-21,40
875,2883,2026-09-22,40
875,2883,2026-09-23,40
875,2883,2026-09-24,40
875,2883,2026-09-25,40
875,2883,2026-09-26,40
875,2883,2026-09-27,40
875,2884,2026-08-28,20
875,2884,2026-08-29,20
875,2884,2026-08-30,20
875,2884,2026-08-31,20
875,2884,2026-09-01,20
875,2884,2026-09-02,20
875,2884,2026-09-03,20
875,2884,2026-09-04,20
875,2884,2026-09-05,20
875,2884,2026-09-06,20
875,2884,2026-09-07,20
875,2884,2026-09-08,20
875,2884,2026-09-09,20
875,2884,2026-09-10,20
875,2884,2026-09-11,20
875,2884,2026-09-12,20
875,2884,2026-09-13,20
875,2884,2026-09-14,20
875,2884,2026-09-15,20
875,2884,2026-09-16,20
875,2884,2026-09-17,20
875,2884,2026-09-18,20
875,2884,2026-09-19,20
875,2884,2026-09-20,20
875,2884,2026-09-21,20
875,2884,2026-09-22,20
875,2884,2026-09-23,20
875,2884,2026-09-24,20
875,2884,2026-09-25,20
875,2884,2026-09-26,20
875,2884,2026-09-27,20
875,2885,2026-08-28,10
875,2885,2026-08-29,10
875,2885,2026-08-30,10
875,2885,2026-08-31,10
875,2885,2026-09-01,10
875,2885,2026-09-02,10
875,2885,2026-09-03,10
875,2885,2026-09-04,10
875,2885,2026-09-05,10
875,2885,2026-09-06,10
875,2885,2026-09-07,10
875,2885,2026-09-08,10
875,2885,2026-09-09,10
875,2885,2026-09-10,10
875,2885,2026-09-11,10
875,2885,2026-09-12,10
875,2885,2026-09-13,10
875,2885,2026-09-14,10
875,2885,2026-09-15,10
875,2885,2026-09-16,10
875,2885,2026-09-17,10
875,2885,2026-09-18,10
875,2885,2026-09-19,10
875,2885,2026-09-20,10
875,2885,2026-09-21,10
875,2885,2026-09-22,10
875,2885,2026-09-23,10
875,2885,2026-09-24,10
875,2885,2026-09-25,10
875,2885,2026-09-26,10
875,2885,2026-09-27,10
875,2886,2026-08-28,40
875,2886,2026-08-29,40
875,2886,2026-08-30,40
875,2886,2026-08-31,40
875,2886,2026-09-01,40
875,2886,2026-09-02,40
875,2886,2026-09-03,40
875,2886,2026-09-04,40
875,2886,2026-09-05,40
875,2886,2026-09-06,40
875,2886,2026-09-07,40
875,2886,2026-09-08,40
875,2886,2026-09-09,40
875,2886,2026-09-10,40
875,2886,2026-09-11,40
875,2886,2026-09-12,40
875,2886,2026-09-13,40
875,2886,2026-09-14,40
875,2886,2026-09-15,40
875,2886,2026-09-16,40
875,2886,2026-09-17,40
875,2886,2026-09-18,40
875,2886,2026-09-19,40
875,2886,2026-09-20,40
875,2886,2026-09-21,40
875,2886,2026-09-22,40
875,2886,2026-09-23,40
875,2886,2026-09-24,40
875,2886,2026-09-25,40
875,2886,2026-09-26,40
875,2886,2026-09-27,40
875,2887,2026-08-28,20
875,2887,2026-08-29,20
875,2887,2026-08-30,20
875,2887,2026-08-31,18
875,2887,2026-09-01,19
875,2887,2026-09-02,20
875,2887,2026-09-03,20
875,2887,2026-09-04,18
875,2887,2026-09-05,18
875,2887,2026-09-06,20
875,2887,2026-09-07,20
875,2887,2026-09-08,20
875,2887,2026-09-09,20
875,2887,2026-09-10,18
875,2887,2026-09-11,18
875,2887,2026-09-12,18
875,2887,2026-09-13,20
875,2887,2026-09-14,18
875,2887,2026-09-15,20
875,2887,2026-09-16,18
875,2887,2026-09-17,19
875,2887,2026-09-18,5
875,2887,2026-09-19,20
875,2887,2026-09-20,20
875,2887,2026-09-21,18
875,2887,2026-09-22,18
875,2887,2026-09-23,20
875,2887,2026-09-24,20
875,2887,2026-09-25,15
875,2887,2026-09-26,18
875,2887,2026-09-27,10
875,2865,2026-07-29,6
875,2865,2026-07-30,6
875,2865,2026-07-31,6
875,2865,2026-08-01,6
875,2865,2026-08-02,6
875,2865,2026-08-03,6
875,2865,2026-08-04,6
875,2865,2026-08-05,6
875,2865,2026-08-06,6
875,2865,2026-08-07,6
875,2865,2026-08-08,6
875,2865,2026-08-09,6
875,2865,2026-08-10,6
875,2865,2026-08-11,6
875,2865,2026-08-12,6
875,2865,2026-08-13,6
875,2865,2026-08-14,6
875,2865,2026-08-15,6
875,2865,2026-08-16,6
875,2865,2026-08-17,6
875,2865,2026-08-18,6
875,2865,2026-08-19,6
875,2865,2026-08-20,6
875,2865,2026-08-21,6
875,2865,2026-08-22,6
875,2865,2026-08-23,6
875,2865,2026-08-24,6
875,2865,2026-08-25,6
875,2865,2026-08-26,6
875,2865,2026-08-27,6
875,2865,2026-08-28,6
875,2866,2026-07-29,12
875,2866,2026-07-30,12
875,2866,2026-07-31,12
875,2866,2026-08-01,12
875,2866,2026-08-02,12
875,2866,2026-08-03,12
875,2866,2026-08-04,12
875,2866,2026-08-05,12
875,2866,2026-08-06,12
875,2866,2026-08-07,12
875,2866,2026-08-08,12
875,2866,2026-08-09,12
875,2866,2026-08-10,12
875,2866,2026-08-11,12
875,2866,2026-08-12,12
875,2866,2026-08-13,12
875,2866,2026-08-14,12
875,2866,2026-08-15,12
875,2866,2026-08-16,12
875,2866,2026-08-17,12
875,2866,2026-08-18,12
875,2866,2026-08-19,12
875,2866,2026-08-20,12
875,2866,2026-08-21,12
875,2866,2026-08-22,12
875,2866,2026-08-23,12
875,2866,2026-08-24,12
875,2866,2026-08-25,12
875,2866,2026-08-26,12
875,2866,2026-08-27,12
875,2866,2026-08-28,12
875,2867,2026-07-29,100
875,2867,2026-07-30,100
875,2867,2026-07-31,100
875,2867,2026-08-01,100
875,2867,2026-08-02,100
875,2867,2026-08-03,100
875,2867,2026-08-04,100
875,2867,2026-08-05,100
875,2867,2026-08-06,100
875,2867,2026-08-07,100
875,2867,2026-08-08,100
875,2867,2026-08-09,100
875,2867,2026-08-10,100
875,2867,2026-08-11,100
875,2867,2026-08-12,100
875,2867,2026-08-13,100
875,2867,2026-08-14,100
875,2867,2026-08-15,100
875,2867,2026-08-16,100
875,2867,2026-08-17,100
875,2867,2026-08-18,100
875,2867,2026-08-19,100
875,2867,2026-08-20,100
875,2867,2026-08-21,100
875,2867,2026-08-22,100
875,2867,2026-08-23,100
875,2867,2026-08-24,100
875,2867,2026-08-25,100
875,2867,2026-08-26,100
875,2867,2026-08-27,100
875,2867,2026-08-28,100
875,2868,2026-07-29,34
875,2868,2026-07-30,34
875,2868,2026-07-31,30
875,2868,2026-08-01,29
875,2868,2026-08-02,32
875,2868,2026-08-03,32
875,2868,2026-08-04,34
875,2868,2026-08-05,34
875,2868,2026-08-06,34
875,2868,2026-08-07,34
875,2868,2026-08-08,34
875,2868,2026-08-09,34
875,2868,2026-08-10,34
875,2868,2026-08-11,34
875,2868,2026-08-12,34
875,2868,2026-08-13,34
875,2868,2026-08-14,34
875,2868,2026-08-15,34
875,2868,2026-08-16,29
875,2868,2026-08-17,34
875,2868,2026-08-18,34
875,2868,2026-08-19,34
875,2868,2026-08-20,34
875,2868,2026-08-21,34
875,2868,2026-08-22,34
875,2868,2026-08-23,34
875,2868,2026-08-24,34
875,2868,2026-08-25,34
875,2868,2026-08-26,34
875,2868,2026-08-27,32
875,2868,2026-08-28,34
875,2869,2026-07-29,30
875,2869,2026-07-30,30
875,2869,2026-07-31,30
875,2869,2026-08-01,30
875,2869,2026-08-02,30
875,2869,2026-08-03,30
875,2869,2026-08-04,30
875,2869,2026-08-05,30
875,2869,2026-08-06,30
875,2869,2026-08-07,30
875,2869,2026-08-08,30
875,2869,2026-08-09,30
875,2869,2026-08-10,30
875,2869,2026-08-11,30
875,2869,2026-08-12,30
875,2869,2026-08-13,30
875,2869,2026-08-14,30
875,2869,2026-08-15,30
875,2869,2026-08-16,30
875,2869,2026-08-17,30
875,2869,2026-08-18,30
875,2869,2026-08-19,30
875,2869,2026-08-20,30
875,2869,2026-08-21,30
875,2869,2026-08-22,30
875,2869,2026-08-23,30
875,2869,2026-08-24,30
875,2869,2026-08-25,30
875,2869,2026-08-26,30
875,2869,2026-08-27,30
875,2869,2026-08-28,30
875,2870,2026-07-29,36
875,2870,2026-07-30,36
875,2870,2026-07-31,36
875,2870,2026-08-01,36
875,2870,2026-08-02,36
875,2870,2026-08-03,36
875,2870,2026-08-04,36
875,2870,2026-08-05,36
875,2870,2026-08-06,36
875,2870,2026-08-07,36
875,2870,2026-08-08,36
875,2870,2026-08-09,36
875,2870,2026-08-10,36
875,2870,2026-08-11,36
875,2870,2026-08-12,36
875,2870,2026-08-13,36
875,2870,2026-08-14,36
875,2870,2026-08-15,36
875,2870,2026-08-16,36
875,2870,2026-08-17,36
875,2870,2026-08-18,36
875,2870,2026-08-19,36
875,2870,2026-08-20,36
875,2870,2026-08-21,36
875,2870,2026-08-22,36
875,2870,2026-08-23,36
875,2870,2026-08-24,36
875,2870,2026-08-25,36
875,2870,2026-08-26,36
875,2870,2026-08-27,36
875,2870,2026-08-28,36
875,2871,2026-07-29,20
875,2871,2026-07-30,21
875,2871,2026-07-31,0
875,2871,2026-08-01,0
875,2871,2026-08-02,26
875,2871,2026-08-03,26
875,2871,2026-08-04,22
875,2871,2026-08-05,26
875,2871,2026-08-06,26
875,2871,2026-08-07,26
875,2871,2026-08-08,22
875,2871,2026-08-09,26
875,2871,2026-08-10,26
875,2871,2026-08-11,26
875,2871,2026-08-12,26
875,2871,2026-08-13,26
875,2871,2026-08-14,26
875,2871,2026-08-15,26
875,2871,2026-08-16,26
875,2871,2026-08-17,26
875,2871,2026-08-18,21
875,2871,2026-08-19,26
875,2871,2026-08-20,26
875,2871,2026-08-21,26
875,2871,2026-08-22,26
875,2871,2026-08-23,26
875,2871,2026-08-24,26
875,2871,2026-08-25,26
875,2871,2026-08-26,26
875,2871,2026-08-27,26
875,2871,2026-08-28,26
875,2872,2026-07-29,80
875,2872,2026-07-30,80
875,2872,2026-07-31,80
875,2872,2026-08-01,80
875,2872,2026-08-02,80
875,2872,2026-08-03,80
875,2872,2026-08-04,80
875,2872,2026-08-05,80
875,2872,2026-08-06,80
875,2872,2026-08-07,80
875,2872,2026-08-08,80
875,2872,2026-08-09,80
875,2872,2026-08-10,80
875,2872,2026-08-11,80
875,2872,2026-08-12,80
875,2872,2026-08-13,80
875,2872,2026-08-14,80
875,2872,2026-08-15,80
875,2872,2026-08-16,80
875,2872,2026-08-17,80
875,2872,2026-08-18,80
875,2872,2026-08-19,80
875,2872,2026-08-20,80
875,2872,2026-08-21,80
875,2872,2026-08-22,80
875,2872,2026-08-23,80
875,2872,2026-08-24,80
875,2872,2026-08-25,80
875,2872,2026-08-26,80
875,2872,2026-08-27,80
875,2872,2026-08-28,80
875,2873,2026-07-29,34
875,2873,2026-07-30,30
875,2873,2026-07-31,29
875,2873,2026-08-01,34
875,2873,2026-08-02,34
875,2873,2026-08-03,32
875,2873,2026-08-04,34
875,2873,2026-08-05,34
875,2873,2026-08-06,34
875,2873,2026-08-07,34
875,2873,2026-08-08,34
875,2873,2026-08-09,34
875,2873,2026-08-10,34
875,2873,2026-08-11,34
875,2873,2026-08-12,34
875,2873,2026-08-13,34
875,2873,2026-08-14,34
875,2873,2026-08-15,34
875,2873,2026-08-16,34
875,2873,2026-08-17,29
875,2873,2026-08-18,34
875,2873,2026-08-19,34
875,2873,2026-08-20,34
875,2873,2026-08-21,34
875,2873,2026-08-22,34
875,2873,2026-08-23,34
875,2873,2026-08-24,34
875,2873,2026-08-25,34
875,2873,2026-08-26,34
875,2873,2026-08-27,34
875,2873,2026-08-28,32
875,2874,2026-07-29,12
875,2874,2026-07-30,12
875,2874,2026-07-31,12
875,2874,2026-08-01,12
875,2874,2026-08-02,12
875,2874,2026-08-03,12
875,2874,2026-08-04,12
875,2874,2026-08-05,12
875,2874,2026-08-06,12
875,2874,2026-08-07,12
875,2874,2026-08-08,12
875,2874,2026-08-09,12
875,2874,2026-08-10,12
875,2874,2026-08-11,12
875,2874,2026-08-12,12
875,2874,2026-08-13,12
875,2874,2026-08-14,12
875,2874,2026-08-15,12
875,2874,2026-08-16,12
875,2874,2026-08-17,12
875,2874,2026-08-18,12
875,2874,2026-08-19,12
875,2874,2026-08-20,12
875,2874,2026-08-21,12
875,2874,2026-08-22,12
875,2874,2026-08-23,12
875,2874,2026-08-24,12
875,2874,2026-08-25,12
875,2874,2026-08-26,12
875,2874,2026-08-27,12
875,2874,2026-08-28,12
875,2876,2026-07-29,20
875,2876,2026-07-30,20
875,2876,2026-07-31,20
875,2876,2026-08-01,20
875,2876,2026-08-02,20
875,2876,2026-08-03,20
875,2876,2026-08-04,20
875,2876,2026-08-05,20
875,2876,2026-08-06,20
875,2876,2026-08-07,20
875,2876,2026-08-08,20
875,2876,2026-08-09,20
875,2876,2026-08-10,20
875,2876,2026-08-11,20
875,2876,2026-08-12,20
875,2876,2026-08-13,20
875,2876,2026-08-14,20
875,2876,2026-08-15,20
875,2876,2026-08-16,20
875,2876,2026-08-17,20
875,2876,2026-08-18,20
875,2876,2026-08-19,20
875,2876,2026-08-20,20
875,2876,2026-08-21,20
875,2876,2026-08-22,20
875,2876,2026-08-23,20
875,2876,2026-08-24,20
875,2876,2026-08-25,20
875,2876,2026-08-26,20
875,2876,2026-08-27,20
875,2876,2026-08-28,20
875,2877,2026-07-29,40
875,2877,2026-07-30,40
875,2877,2026-07-31,40
875,2877,2026-08-01,40
875,2877,2026-08-02,40
875,2877,2026-08-03,40
875,2877,2026-08-04,40
875,2877,2026-08-05,40
875,2877,2026-08-06,40
875,2877,2026-08-07,40
875,2877,2026-08-08,40
875,2877,2026-08-09,40
875,2877,2026-08-10,40
875,2877,2026-08-11,40
875,2877,2026-08-12,40
875,2877,2026-08-13,40
875,2877,2026-08-14,40
875,2877,2026-08-15,40
875,2877,2026-08-16,40
875,2877,2026-08-17,40
875,2877,2026-08-18,40
875,2877,2026-08-19,40
875,2877,2026-08-20,40
875,2877,2026-08-21,40
875,2877,2026-08-22,40
875,2877,2026-08-23,40
875,2877,2026-08-24,40
875,2877,2026-08-25,40
875,2877,2026-08-26,40
875,2877,2026-08-27,40
875,2877,2026-08-28,40
875,2878,2026-07-29,12
875,2878,2026-07-30,12
875,2878,2026-07-31,12
875,2878,2026-08-01,12
875,2878,2026-08-02,12
875,2878,2026-08-03,12
875,2878,2026-08-04,12
875,2878,2026-08-05,12
875,2878,2026-08-06,12
875,2878,2026-08-07,12
875,2878,2026-08-08,12
875,2878,2026-08-09,12
875,2878,2026-08-10,12
875,2878,2026-08-11,12
875,2878,2026-08-12,12
875,2878,2026-08-13,12
875,2878,2026-08-14,12
875,2878,2026-08-15,12
875,2878,2026-08-16,12
875,2878,2026-08-17,12
875,2878,2026-08-18,12
875,2878,2026-08-19,12
875,2878,2026-08-20,12
875,2878,2026-08-21,12
875,2878,2026-08-22,12
875,2878,2026-08-23,12
875,2878,2026-08-24,12
875,2878,2026-08-25,12
875,2878,2026-08-26,12
875,2878,2026-08-27,12
875,2878,2026-08-28,12
875,2879,2026-07-29,40
875,2879,2026-07-30,40
875,2879,2026-07-31,40
875,2879,2026-08-01,40
875,2879,2026-08-02,40
875,2879,2026-08-03,40
875,2879,2026-08-04,40
875,2879,2026-08-05,40
875,2879,2026-08-06,40
875,2879,2026-08-07,40
875,2879,2026-08-08,40
875,2879,2026-08-09,40
875,2879,2026-08-10,40
875,2879,2026-08-11,40
875,2879,2026-08-12,40
875,2879,2026-08-13,40
875,2879,2026-08-14,40
875,2879,2026-08-15,40
875,2879,2026-08-16,40
875,2879,2026-08-17,40
875,2879,2026-08-18,40
875,2879,2026-08-19,40
875,2879,2026-08-20,40
875,2879,2026-08-21,40
875,2879,2026-08-22,40
875,2879,2026-08-23,40
875,2879,2026-08-24,40
875,2879,2026-08-25,40
875,2879,2026-08-26,40
875,2879,2026-08-27,40
875,2879,2026-08-28,40
875,2880,2026-07-29,14
875,2880,2026-07-30,14
875,2880,2026-07-31,14
875,2880,2026-08-01,14
875,2880,2026-08-02,14
875,2880,2026-08-03,14
875,2880,2026-08-04,14
875,2880,2026-08-05,14
875,2880,2026-08-06,14
875,2880,2026-08-07,14
875,2880,2026-08-08,14
875,2880,2026-08-09,14
875,2880,2026-08-10,14
875,2880,2026-08-11,14
875,2880,2026-08-12,14
875,2880,2026-08-13,14
875,2880,2026-08-14,14
875,2880,2026-08-15,14
875,2880,2026-08-16,14
875,2880,2026-08-17,14
875,2880,2026-08-18,14
875,2880,2026-08-19,14
875,2880,2026-08-20,14
875,2880,2026-08-21,14
875,2880,2026-08-22,14
875,2880,2026-08-23,14
875,2880,2026-08-24,14
875,2880,2026-08-25,14
875,2880,2026-08-26,14
875,2880,2026-08-27,14
875,2880,2026-08-28,14
875,2881,2026-07-29,30
875,2881,2026-07-30,30
875,2881,2026-07-31,30
875,2881,2026-08-01,30
875,2881,2026-08-02,30
875,2881,2026-08-03,30
875,2881,2026-08-04,30
875,2881,2026-08-05,30
875,2881,2026-08-06,30
875,2881,2026-08-07,30
875,2881,2026-08-08,30
875,2881,2026-08-09,30
875,2881,2026-08-10,30
875,2881,2026-08-11,30
875,2881,2026-08-12,30
875,2881,2026-08-13,30
875,2881,2026-08-14,30
875,2881,2026-08-15,30
875,2881,2026-08-16,30
875,2881,2026-08-17,30
875,2881,2026-08-18,30
875,2881,2026-08-19,30
875,2881,2026-08-20,30
875,2881,2026-08-21,30
875,2881,2026-08-22,30
875,2881,2026-08-23,30
875,2881,2026-08-24,30
875,2881,2026-08-25,30
875,2881,2026-08-26,30
875,2881,2026-08-27,30
875,2881,2026-08-28,30
875,2882,2026-07-29,20
875,2882,2026-07-30,20
875,2882,2026-07-31,20
875,2882,2026-08-01,20
875,2882,2026-08-02,20
875,2882,2026-08-03,20
875,2882,2026-08-04,20
875,2882,2026-08-05,20
875,2882,2026-08-06,20
875,2882,2026-08-07,20
875,2882,2026-08-08,20
875,2882,2026-08-09,20
875,2882,2026-08-10,20
875,2882,2026-08-11,20
875,2882,2026-08-12,20
875,2882,2026-08-13,20
875,2882,2026-08-14,20
875,2882,2026-08-15,20
875,2882,2026-08-16,20
875,2882,2026-08-17,20
875,2882,2026-08-18,20
875,2882,2026-08-19,20
875,2882,2026-08-20,20
875,2882,2026-08-21,20
875,2882,2026-08-22,20
875,2882,2026-08-23,20
875,2882,2026-08-24,20
875,2882,2026-08-25,20
875,2882,2026-08-26,20
875,2882,2026-08-27,20
875,2882,2026-08-28,20
875,2883,2026-07-29,40
875,2883,2026-07-30,40
875,2883,2026-07-31,40
875,2883,2026-08-01,40
875,2883,2026-08-02,40
875,2883,2026-08-03,40
875,2883,2026-08-04,40
875,2883,2026-08-05,40
875,2883,2026-08-06,40
875,2883,2026-08-07,40
875,2883,2026-08-08,40
875,2883,2026-08-09,40
875,2883,2026-08-10,40
875,2883,2026-08-11,40
875,2883,2026-08-12,40
875,2883,2026-08-13,40
875,2883,2026-08-14,40
875,2883,2026-08-15,40
875,2883,2026-08-16,40
875,2883,2026-08-17,40
875,2883,2026-08-18,40
875,2883,2026-08-19,40
875,2883,2026-08-20,40
875,2883,2026-08-21,40
875,2883,2026-08-22,40
875,2883,2026-08-23,40
875,2883,2026-08-24,40
875,2883,2026-08-25,40
875,2883,2026-08-26,40
875,2883,2026-08-27,40
875,2883,2026-08-28,40
875,2884,2026-07-29,20
875,2884,2026-07-30,20
875,2884,2026-07-31,20
875,2884,2026-08-01,20
875,2884,2026-08-02,20
875,2884,2026-08-03,20
875,2884,2026-08-04,20
875,2884,2026-08-05,20
875,2884,2026-08-06,20
875,2884,2026-08-07,20
875,2884,2026-08-08,20
875,2884,2026-08-09,20
875,2884,2026-08-10,20
875,2884,2026-08-11,20
875,2884,2026-08-12,20
875,2884,2026-08-13,20
875,2884,2026-08-14,20
875,2884,2026-08-15,20
875,2884,2026-08-16,20
875,2884,2026-08-17,20
875,2884,2026-08-18,20
875,2884,2026-08-19,20
875,2884,2026-08-20,20
875,2884,2026-08-21,20
875,2884,2026-08-22,20
875,2884,2026-08-23,20
875,2884,2026-08-24,20
875,2884,2026-08-25,20
875,2884,2026-08-26,20
875,2884,2026-08-27,20
875,2884,2026-08-28,20
875,2885,2026-07-29,10
875,2885,2026-07-30,10
875,2885,2026-07-31,10
875,2885,2026-08-01,10
875,2885,2026-08-02,10
875,2885,2026-08-03,10
875,2885,2026-08-04,10
875,2885,2026-08-05,10
875,2885,2026-08-06,10
875,2885,2026-08-07,10
875,2885,2026-08-08,10
875,2885,2026-08-09,10
875,2885,2026-08-10,8
875,2885,2026-08-11,10
875,2885,2026-08-12,10
875,2885,2026-08-13,10
875,2885,2026-08-14,10
875,2885,2026-08-15,10
875,2885,2026-08-16,10
875,2885,2026-08-17,10
875,2885,2026-08-18,10
875,2885,2026-08-19,10
875,2885,2026-08-20,10
875,2885,2026-08-21,10
875,2885,2026-08-22,10
875,2885,2026-08-23,10
875,2885,2026-08-24,10
875,2885,2026-08-25,10
875,2885,2026-08-26,10
875,2885,2026-08-27,10
875,2885,2026-08-28,10
875,2886,2026-07-29,40
875,2886,2026-07-30,40
875,2886,2026-07-31,40
875,2886,2026-08-01,40
875,2886,2026-08-02,40
875,2886,2026-08-03,40
875,2886,2026-08-04,40
875,2886,2026-08-05,40
875,2886,2026-08-06,40
875,2886,2026-08-07,40
875,2886,2026-08-08,40
875,2886,2026-08-09,40
875,2886,2026-08-10,40
875,2886,2026-08-11,40
875,2886,2026-08-12,40
875,2886,2026-08-13,40
875,2886,2026-08-14,40
875,2886,2026-08-15,40
875,2886,2026-08-16,40
875,2886,2026-08-17,40
875,2886,2026-08-18,40
875,2886,2026-08-19,40
875,2886,2026-08-20,40
875,2886,2026-08-21,40
875,2886,2026-08-22,40
875,2886,2026-08-23,40
875,2886,2026-08-24,40
875,2886,2026-08-25,40
875,2886,2026-08-26,40
875,2886,2026-08-27,40
875,2886,2026-08-28,40
875,2887,2026-07-29,18
875,2887,2026-07-30,18
875,2887,2026-07-31,20
875,2887,2026-08-01,20
875,2887,2026-08-02,20
875,2887,2026-08-03,20
875,2887,2026-08-04,20
875,2887,2026-08-05,18
875,2887,2026-08-06,20
875,2887,2026-08-07,20
875,2887,2026-08-08,20
875,2887,2026-08-09,20
875,2887,2026-08-10,20
875,2887,2026-08-11,20
875,2887,2026-08-12,20
875,2887,2026-08-13,20
875,2887,2026-08-14,20
875,2887,2026-08-15,20
875,2887,2026-08-16,20
875,2887,2026-08-17,20
875,2887,2026-08-18,20
875,2887,2026-08-19,15
875,2887,2026-08-20,20
875,2887,2026-08-21,20
875,2887,2026-08-22,20
875,2887,2026-08-23,20
875,2887,2026-08-24,20
875,2887,2026-08-25,20
875,2887,2026-08-26,20
875,2887,2026-08-27,20
875,2887,2026-08-28,20
875,2865,2026-09-27,6
875,2865,2026-09-28,6
875,2865,2026-09-29,6
875,2865,2026-09-30,6
875,2865,2026-10-01,6
875,2865,2026-10-02,6
875,2865,2026-10-03,6
875,2865,2026-10-04,6
875,2865,2026-10-05,6
875,2865,2026-10-06,6
875,2865,2026-10-07,6
875,2865,2026-10-08,6
875,2865,2026-10-09,6
875,2865,2026-10-10,6
875,2865,2026-10-11,6
875,2865,2026-10-12,6
875,2865,2026-10-13,6
875,2865,2026-10-14,6
875,2865,2026-10-15,6
875,2865,2026-10-16,6
875,2865,2026-10-17,6
875,2865,2026-10-18,6
875,2865,2026-10-19,6
875,2865,2026-10-20,6
875,2865,2026-10-21,6
875,2865,2026-10-22,6
875,2865,2026-10-23,6
875,2865,2026-10-24,6
875,2865,2026-10-25,6
875,2865,2026-10-26,6
875,2865,2026-10-27,6
875,2866,2026-09-27,12
875,2866,2026-09-28,12
875,2866,2026-09-29,12
875,2866,2026-09-30,4
875,2866,2026-10-01,12
875,2866,2026-10-02,12
875,2866,2026-10-03,12
875,2866,2026-10-04,10
875,2866,2026-10-05,12
875,2866,2026-10-06,12
875,2866,2026-10-07,12
875,2866,2026-10-08,12
875,2866,2026-10-09,12
875,2866,2026-10-10,12
875,2866,2026-10-11,12
875,2866,2026-10-12,12
875,2866,2026-10-13,12
875,2866,2026-10-14,12
875,2866,2026-10-15,12
875,2866,2026-10-16,12
875,2866,2026-10-17,12
875,2866,2026-10-18,10
875,2866,2026-10-19,12
875,2866,2026-10-20,12
875,2866,2026-10-21,12
875,2866,2026-10-22,12
875,2866,2026-10-23,12
875,2866,2026-10-24,12
875,2866,2026-10-25,10
875,2866,2026-10-26,12
875,2866,2026-10-27,12
875,2867,2026-09-27,98
875,2867,2026-09-28,100
875,2867,2026-09-29,99
875,2867,2026-09-30,100
875,2867,2026-10-01,92
875,2867,2026-10-02,100
875,2867,2026-10-03,99
875,2867,2026-10-04,100
875,2867,2026-10-05,100
875,2867,2026-10-06,100
875,2867,2026-10-07,98
875,2867,2026-10-08,98
875,2867,2026-10-09,100
875,2867,2026-10-10,100
875,2867,2026-10-11,98
875,2867,2026-10-12,100
875,2867,2026-10-13,97
875,2867,2026-10-14,82
875,2867,2026-10-15,99
875,2867,2026-10-16,100
875,2867,2026-10-17,100
875,2867,2026-10-18,82
875,2867,2026-10-19,82
875,2867,2026-10-20,99
875,2867,2026-10-21,100
875,2867,2026-10-22,100
875,2867,2026-10-23,95
875,2867,2026-10-24,99
875,2867,2026-10-25,94
875,2867,2026-10-26,100
875,2867,2026-10-27,99
875,2868,2026-09-27,0
875,2868,2026-09-28,4
875,2868,2026-09-29,1
875,2868,2026-09-30,15
875,2868,2026-10-01,0
875,2868,2026-10-02,15
875,2868,2026-10-03,5
875,2868,2026-10-04,4
875,2868,2026-10-05,27
875,2868,2026-10-06,13
875,2868,2026-10-07,16
875,2868,2026-10-08,25
875,2868,2026-10-09,30
875,2868,2026-10-10,29
875,2868,2026-10-11,31
875,2868,2026-10-12,31
875,2868,2026-10-13,27
875,2868,2026-10-14,29
875,2868,2026-10-15,31
875,2868,2026-10-16,34
875,2868,2026-10-17,34
875,2868,2026-10-18,34
875,2868,2026-10-19,30
875,2868,2026-10-20,34
875,2868,2026-10-21,34
875,2868,2026-10-22,26
875,2868,2026-10-23,6
875,2868,2026-10-24,0
875,2868,2026-10-25,5
875,2868,2026-10-26,20
875,2868,2026-10-27,32
875,2869,2026-09-27,30
875,2869,2026-09-28,30
875,2869,2026-09-29,30
875,2869,2026-09-30,30
875,2869,2026-10-01,30
875,2869,2026-10-02,30
875,2869,2026-10-03,30
875,2869,2026-10-04,30
875,2869,2026-10-05,30
875,2869,2026-10-06,30
875,2869,2026-10-07,30
875,2869,2026-10-08,30
875,2869,2026-10-09,30
875,2869,2026-10-10,30
875,2869,2026-10-11,30
875,2869,2026-10-12,30
875,2869,2026-10-13,30
875,2869,2026-10-14,30
875,2869,2026-10-15,30
875,2869,2026-10-16,30
875,2869,2026-10-17,30
875,2869,2026-10-18,30
875,2869,2026-10-19,30
875,2869,2026-10-20,30
875,2869,2026-10-21,30
875,2869,2026-10-22,30
875,2869,2026-10-23,30
875,2869,2026-10-24,30
875,2869,2026-10-25,30
875,2869,2026-10-26,30
875,2869,2026-10-27,30
875,2870,2026-09-27,36
875,2870,2026-09-28,36
875,2870,2026-09-29,34
875,2870,2026-09-30,36
875,2870,2026-10-01,34
875,2870,2026-10-02,32
875,2870,2026-10-03,36
875,2870,2026-10-04,36
875,2870,2026-10-05,36
875,2870,2026-10-06,29
875,2870,2026-10-07,36
875,2870,2026-10-08,36
875,2870,2026-10-09,36
875,2870,2026-10-10,34
875,2870,2026-10-11,36
875,2870,2026-10-12,36
875,2870,2026-10-13,36
875,2870,2026-10-14,36
875,2870,2026-10-15,33
875,2870,2026-10-16,36
875,2870,2026-10-17,33
875,2870,2026-10-18,36
875,2870,2026-10-19,36
875,2870,2026-10-20,36
875,2870,2026-10-21,34
875,2870,2026-10-22,36
875,2870,2026-10-23,36
875,2870,2026-10-24,28
875,2870,2026-10-25,34
875,2870,2026-10-26,33
875,2870,2026-10-27,36
875,2871,2026-09-27,8
875,2871,2026-09-28,1
875,2871,2026-09-29,0
875,2871,2026-09-30,6
875,2871,2026-10-01,2
875,2871,2026-10-02,10
875,2871,2026-10-03,12
875,2871,2026-10-04,14
875,2871,2026-10-05,3
875,2871,2026-10-06,0
875,2871,2026-10-07,17
875,2871,2026-10-08,22
875,2871,2026-10-09,23
875,2871,2026-10-10,26
875,2871,2026-10-11,26
875,2871,2026-10-12,26
875,2871,2026-10-13,24
875,2871,2026-10-14,23
875,2871,2026-10-15,21
875,2871,2026-10-16,25
875,2871,2026-10-17,25
875,2871,2026-10-18,26
875,2871,2026-10-19,24
875,2871,2026-10-20,26
875,2871,2026-10-21,25
875,2871,2026-10-22,16
875,2871,2026-10-23,11
875,2871,2026-10-24,0
875,2871,2026-10-25,2
875,2871,2026-10-26,19
875,2871,2026-10-27,22
875,2872,2026-09-27,80
875,2872,2026-09-28,78
875,2872,2026-09-29,80
875,2872,2026-09-30,74
875,2872,2026-10-01,75
875,2872,2026-10-02,75
875,2872,2026-10-03,77
875,2872,2026-10-04,80
875,2872,2026-10-05,80
875,2872,2026-10-06,78
875,2872,2026-10-07,78
875,2872,2026-10-08,80
875,2872,2026-10-09,78
875,2872,2026-10-10,78
875,2872,2026-10-11,80
875,2872,2026-10-12,62
875,2872,2026-10-13,80
875,2872,2026-10-14,77
875,2872,2026-10-15,80
875,2872,2026-10-16,77
875,2872,2026-10-17,80
875,2872,2026-10-18,80
875,2872,2026-10-19,80
875,2872,2026-10-20,78
875,2872,2026-10-21,80
875,2872,2026-10-22,80
875,2872,2026-10-23,74
875,2872,2026-10-24,71
875,2872,2026-10-25,77
875,2872,2026-10-26,78
875,2872,2026-10-27,80
875,2873,2026-09-27,12
875,2873,2026-09-28,0
875,2873,2026-09-29,6
875,2873,2026-09-30,12
875,2873,2026-10-01,17
875,2873,2026-10-02,2
875,2873,2026-10-03,24
875,2873,2026-10-04,16
875,2873,2026-10-05,1
875,2873,2026-10-06,24
875,2873,2026-10-07,17
875,2873,2026-10-08,9
875,2873,2026-10-09,29
875,2873,2026-10-10,31
875,2873,2026-10-11,34
875,2873,2026-10-12,34
875,2873,2026-10-13,31
875,2873,2026-10-14,25
875,2873,2026-10-15,31
875,2873,2026-10-16,33
875,2873,2026-10-17,34
875,2873,2026-10-18,32
875,2873,2026-10-19,28
875,2873,2026-10-20,28
875,2873,2026-10-21,34
875,2873,2026-10-22,34
875,2873,2026-10-23,14
875,2873,2026-10-24,0
875,2873,2026-10-25,8
875,2873,2026-10-26,29
875,2873,2026-10-27,26
875,2874,2026-09-27,12
875,2874,2026-09-28,12
875,2874,2026-09-29,12
875,2874,2026-09-30,12
875,2874,2026-10-01,12
875,2874,2026-10-02,12
875,2874,2026-10-03,12
875,2874,2026-10-04,12
875,2874,2026-10-05,12
875,2874,2026-10-06,12
875,2874,2026-10-07,12
875,2874,2026-10-08,12
875,2874,2026-10-09,12
875,2874,2026-10-10,12
875,2874,2026-10-11,12
875,2874,2026-10-12,12
875,2874,2026-10-13,12
875,2874,2026-10-14,12
875,2874,2026-10-15,12
875,2874,2026-10-16,12
875,2874,2026-10-17,12
875,2874,2026-10-18,12
875,2874,2026-10-19,12
875,2874,2026-10-20,12
875,2874,2026-10-21,12
875,2874,2026-10-22,12
875,2874,2026-10-23,12
875,2874,2026-10-24,12
875,2874,2026-10-25,12
875,2874,2026-10-26,12
875,2874,2026-10-27,12
875,2876,2026-09-27,20
875,2876,2026-09-28,20
875,2876,2026-09-29,20
875,2876,2026-09-30,20
875,2876,2026-10-01,20
875,2876,2026-10-02,20
875,2876,2026-10-03,20
875,2876,2026-10-04,20
875,2876,2026-10-05,20
875,2876,2026-10-06,20
875,2876,2026-10-07,20
875,2876,2026-10-08,20
875,2876,2026-10-09,20
875,2876,2026-10-10,20
875,2876,2026-10-11,20
875,2876,2026-10-12,20
875,2876,2026-10-13,20
875,2876,2026-10-14,20
875,2876,2026-10-15,20
875,2876,2026-10-16,20
875,2876,2026-10-17,20
875,2876,2026-10-18,20
875,2876,2026-10-19,20
875,2876,2026-10-20,20
875,2876,2026-10-21,20
875,2876,2026-10-22,20
875,2876,2026-10-23,20
875,2876,2026-10-24,20
875,2876,2026-10-25,20
875,2876,2026-10-26,20
875,2876,2026-10-27,20
875,2877,2026-09-27,40
875,2877,2026-09-28,40
875,2877,2026-09-29,40
875,2877,2026-09-30,40
875,2877,2026-10-01,40
875,2877,2026-10-02,40
875,2877,2026-10-03,40
875,2877,2026-10-04,40
875,2877,2026-10-05,40
875,2877,2026-10-06,40
875,2877,2026-10-07,40
875,2877,2026-10-08,40
875,2877,2026-10-09,40
875,2877,2026-10-10,40
875,2877,2026-10-11,40
875,2877,2026-10-12,40
875,2877,2026-10-13,40
875,2877,2026-10-14,40
875,2877,2026-10-15,40
875,2877,2026-10-16,40
875,2877,2026-10-17,40
875,2877,2026-10-18,40
875,2877,2026-10-19,40
875,2877,2026-10-20,40
875,2877,2026-10-21,40
875,2877,2026-10-22,40
875,2877,2026-10-23,40
875,2877,2026-10-24,40
875,2877,2026-10-25,40
875,2877,2026-10-26,40
875,2877,2026-10-27,40
875,2878,2026-09-27,12
875,2878,2026-09-28,12
875,2878,2026-09-29,12
875,2878,2026-09-30,12
875,2878,2026-10-01,12
875,2878,2026-10-02,12
875,2878,2026-10-03,12
875,2878,2026-10-04,12
875,2878,2026-10-05,12
875,2878,2026-10-06,12
875,2878,2026-10-07,12
875,2878,2026-10-08,7
875,2878,2026-10-09,12
875,2878,2026-10-10,12
875,2878,2026-10-11,12
875,2878,2026-10-12,12
875,2878,2026-10-13,12
875,2878,2026-10-14,12
875,2878,2026-10-15,12
875,2878,2026-10-16,12
875,2878,2026-10-17,12
875,2878,2026-10-18,12
875,2878,2026-10-19,12
875,2878,2026-10-20,12
875,2878,2026-10-21,12
875,2878,2026-10-22,12
875,2878,2026-10-23,12
875,2878,2026-10-24,12
875,2878,2026-10-25,12
875,2878,2026-10-26,12
875,2878,2026-10-27,12
875,2879,2026-09-27,40
875,2879,2026-09-28,40
875,2879,2026-09-29,32
875,2879,2026-09-30,40
875,2879,2026-10-01,40
875,2879,2026-10-02,40
875,2879,2026-10-03,40
875,2879,2026-10-04,40
875,2879,2026-10-05,40
875,2879,2026-10-06,35
875,2879,2026-10-07,40
875,2879,2026-10-08,40
875,2879,2026-10-09,40
875,2879,2026-10-10,40
875,2879,2026-10-11,40
875,2879,2026-10-12,40
875,2879,2026-10-13,22
875,2879,2026-10-14,40
875,2879,2026-10-15,40
875,2879,2026-10-16,40
875,2879,2026-10-17,40
875,2879,2026-10-18,40
875,2879,2026-10-19,40
875,2879,2026-10-20,38
875,2879,2026-10-21,38
875,2879,2026-10-22,40
875,2879,2026-10-23,40
875,2879,2026-10-24,32
875,2879,2026-10-25,40
875,2879,2026-10-26,40
875,2879,2026-10-27,38
875,2880,2026-09-27,14
875,2880,2026-09-28,6
875,2880,2026-09-29,14
875,2880,2026-09-30,14
875,2880,2026-10-01,14
875,2880,2026-10-02,14
875,2880,2026-10-03,14
875,2880,2026-10-04,14
875,2880,2026-10-05,14
875,2880,2026-10-06,14
875,2880,2026-10-07,14
875,2880,2026-10-08,14
875,2880,2026-10-09,14
875,2880,2026-10-10,11
875,2880,2026-10-11,14
875,2880,2026-10-12,14
875,2880,2026-10-13,14
875,2880,2026-10-14,14
875,2880,2026-10-15,14
875,2880,2026-10-16,14
875,2880,2026-10-17,14
875,2880,2026-10-18,14
875,2880,2026-10-19,12
875,2880,2026-10-20,14
875,2880,2026-10-21,12
875,2880,2026-10-22,12
875,2880,2026-10-23,12
875,2880,2026-10-24,11
875,2880,2026-10-25,14
875,2880,2026-10-26,14
875,2880,2026-10-27,14
875,2881,2026-09-27,30
875,2881,2026-09-28,30
875,2881,2026-09-29,30
875,2881,2026-09-30,30
875,2881,2026-10-01,30
875,2881,2026-10-02,30
875,2881,2026-10-03,30
875,2881,2026-10-04,30
875,2881,2026-10-05,30
875,2881,2026-10-06,30
875,2881,2026-10-07,30
875,2881,2026-10-08,30
875,2881,2026-10-09,30
875,2881,2026-10-10,30
875,2881,2026-10-11,12
875,2881,2026-10-12,30
875,2881,2026-10-13,30
875,2881,2026-10-14,30
875,2881,2026-10-15,12
875,2881,2026-10-16,30
875,2881,2026-10-17,30
875,2881,2026-10-18,30
875,2881,2026-10-19,30
875,2881,2026-10-20,30
875,2881,2026-10-21,30
875,2881,2026-10-22,30
875,2881,2026-10-23,30
875,2881,2026-10-24,30
875,2881,2026-10-25,30
875,2881,2026-10-26,30
875,2881,2026-10-27,30
875,2882,2026-09-27,20
875,2882,2026-09-28,20
875,2882,2026-09-29,20
875,2882,2026-09-30,20
875,2882,2026-10-01,20
875,2882,2026-10-02,20
875,2882,2026-10-03,20
875,2882,2026-10-04,17
875,2882,2026-10-05,20
875,2882,2026-10-06,20
875,2882,2026-10-07,15
875,2882,2026-10-08,20
875,2882,2026-10-09,20
875,2882,2026-10-10,20
875,2882,2026-10-11,20
875,2882,2026-10-12,20
875,2882,2026-10-13,20
875,2882,2026-10-14,20
875,2882,2026-10-15,20
875,2882,2026-10-16,20
875,2882,2026-10-17,20
875,2882,2026-10-18,20
875,2882,2026-10-19,20
875,2882,2026-10-20,18
875,2882,2026-10-21,18
875,2882,2026-10-22,20
875,2882,2026-10-23,20
875,2882,2026-10-24,20
875,2882,2026-10-25,20
875,2882,2026-10-26,20
875,2882,2026-10-27,20
875,2883,2026-09-27,40
875,2883,2026-09-28,40
875,2883,2026-09-29,40
875,2883,2026-09-30,39
875,2883,2026-10-01,32
875,2883,2026-10-02,36
875,2883,2026-10-03,40
875,2883,2026-10-04,36
875,2883,2026-10-05,35
875,2883,2026-10-06,40
875,2883,2026-10-07,40
875,2883,2026-10-08,40
875,2883,2026-10-09,40
875,2883,2026-10-10,40
875,2883,2026-10-11,40
875,2883,2026-10-12,40
875,2883,2026-10-13,40
875,2883,2026-10-14,40
875,2883,2026-10-15,40
875,2883,2026-10-16,40
875,2883,2026-10-17,39
875,2883,2026-10-18,39
875,2883,2026-10-19,40
875,2883,2026-10-20,40
875,2883,2026-10-21,40
875,2883,2026-10-22,40
875,2883,2026-10-23,40
875,2883,2026-10-24,40
875,2883,2026-10-25,30
875,2883,2026-10-26,38
875,2883,2026-10-27,38
875,2884,2026-09-27,20
875,2884,2026-09-28,20
875,2884,2026-09-29,20
875,2884,2026-09-30,20
875,2884,2026-10-01,20
875,2884,2026-10-02,20
875,2884,2026-10-03,16
875,2884,2026-10-04,20
875,2884,2026-10-05,18
875,2884,2026-10-06,20
875,2884,2026-10-07,20
875,2884,2026-10-08,20
875,2884,2026-10-09,20
875,2884,2026-10-10,20
875,2884,2026-10-11,20
875,2884,2026-10-12,20
875,2884,2026-10-13,20
875,2884,2026-10-14,20
875,2884,2026-10-15,20
875,2884,2026-10-16,20
875,2884,2026-10-17,20
875,2884,2026-10-18,20
875,2884,2026-10-19,18
875,2884,2026-10-20,20
875,2884,2026-10-21,20
875,2884,2026-10-22,20
875,2884,2026-10-23,20
875,2884,2026-10-24,20
875,2884,2026-10-25,20
875,2884,2026-10-26,20
875,2884,2026-10-27,20
875,2885,2026-09-27,10
875,2885,2026-09-28,10
875,2885,2026-09-29,10
875,2885,2026-09-30,10
875,2885,2026-10-01,10
875,2885,2026-10-02,10
875,2885,2026-10-03,10
875,2885,2026-10-04,10
875,2885,2026-10-05,10
875,2885,2026-10-06,10
875,2885,2026-10-07,10
875,2885,2026-10-08,10
875,2885,2026-10-09,10
875,2885,2026-10-10,10
875,2885,2026-10-11,10
875,2885,2026-10-12,10
875,2885,2026-10-13,10
875,2885,2026-10-14,10
875,2885,2026-10-15,10
875,2885,2026-10-16,10
875,2885,2026-10-17,10
875,2885,2026-10-18,10
875,2885,2026-10-19,10
875,2885,2026-10-20,10
875,2885,2026-10-21,10
875,2885,2026-10-22,10
875,2885,2026-10-23,8
875,2885,2026-10-24,10
875,2885,2026-10-25,10
875,2885,2026-10-26,10
875,2885,2026-10-27,10
875,2886,2026-09-27,40
875,2886,2026-09-28,40
875,2886,2026-09-29,40
875,2886,2026-09-30,40
875,2886,2026-10-01,40
875,2886,2026-10-02,40
875,2886,2026-10-03,39
875,2886,2026-10-04,40
875,2886,2026-10-05,38
875,2886,2026-10-06,40
875,2886,2026-10-07,40
875,2886,2026-10-08,40
875,2886,2026-10-09,38
875,2886,2026-10-10,40
875,2886,2026-10-11,40
875,2886,2026-10-12,40
875,2886,2026-10-13,40
875,2886,2026-10-14,40
875,2886,2026-10-15,40
875,2886,2026-10-16,40
875,2886,2026-10-17,38
875,2886,2026-10-18,40
875,2886,2026-10-19,40
875,2886,2026-10-20,40
875,2886,2026-10-21,40
875,2886,2026-10-22,40
875,2886,2026-10-23,40
875,2886,2026-10-24,40
875,2886,2026-10-25,38
875,2886,2026-10-26,40
875,2886,2026-10-27,40
875,2887,2026-09-27,10
875,2887,2026-09-28,12
875,2887,2026-09-29,14
875,2887,2026-09-30,12
875,2887,2026-10-01,14
875,2887,2026-10-02,9
875,2887,2026-10-03,18
875,2887,2026-10-04,16
875,2887,2026-10-05,5
875,2887,2026-10-06,16
875,2887,2026-10-07,4
875,2887,2026-10-08,19
875,2887,2026-10-09,17
875,2887,2026-10-10,20
875,2887,2026-10-11,18
875,2887,2026-10-12,20
875,2887,2026-10-13,20
875,2887,2026-10-14,20
875,2887,2026-10-15,17
875,2887,2026-10-16,15
875,2887,2026-10-17,0
875,2887,2026-10-18,20
875,2887,2026-10-19,19
875,2887,2026-10-20,20
875,2887,2026-10-21,18
875,2887,2026-10-22,18
875,2887,2026-10-23,16
875,2887,2026-10-24,20
875,2887,2026-10-25,12
875,2887,2026-10-26,7
875,2887,2026-10-27,20
875,2865,2026-06-29,0
875,2865,2026-06-30,2
875,2865,2026-07-01,6
875,2865,2026-07-02,6
875,2865,2026-07-03,6
875,2865,2026-07-04,6
875,2865,2026-07-05,6
875,2865,2026-07-06,6
875,2865,2026-07-07,6
875,2865,2026-07-08,6
875,2865,2026-07-09,6
875,2865,2026-07-10,6
875,2865,2026-07-11,6
875,2865,2026-07-12,6
875,2865,2026-07-13,6
875,2865,2026-07-14,6
875,2865,2026-07-15,6
875,2865,2026-07-16,6
875,2865,2026-07-17,6
875,2865,2026-07-18,6
875,2865,2026-07-19,6
875,2865,2026-07-20,6
875,2865,2026-07-21,6
875,2865,2026-07-22,6
875,2865,2026-07-23,6
875,2865,2026-07-24,6
875,2865,2026-07-25,6
875,2865,2026-07-26,6
875,2865,2026-07-27,6
875,2865,2026-07-28,6
875,2865,2026-07-29,6
875,2866,2026-06-29,12
875,2866,2026-06-30,12
875,2866,2026-07-01,12
875,2866,2026-07-02,12
875,2866,2026-07-03,12
875,2866,2026-07-04,12
875,2866,2026-07-05,12
875,2866,2026-07-06,12
875,2866,2026-07-07,12
875,2866,2026-07-08,12
875,2866,2026-07-09,12
875,2866,2026-07-10,12
875,2866,2026-07-11,12
875,2866,2026-07-12,12
875,2866,2026-07-13,12
875,2866,2026-07-14,12
875,2866,2026-07-15,8
875,2866,2026-07-16,12
875,2866,2026-07-17,12
875,2866,2026-07-18,12
875,2866,2026-07-19,12
875,2866,2026-07-20,12
875,2866,2026-07-21,12
875,2866,2026-07-22,12
875,2866,2026-07-23,12
875,2866,2026-07-24,12
875,2866,2026-07-25,12
875,2866,2026-07-26,12
875,2866,2026-07-27,12
875,2866,2026-07-28,12
875,2866,2026-07-29,12
875,2867,2026-06-29,100
875,2867,2026-06-30,100
875,2867,2026-07-01,100
875,2867,2026-07-02,100
875,2867,2026-07-03,100
875,2867,2026-07-04,100
875,2867,2026-07-05,100
875,2867,2026-07-06,100
875,2867,2026-07-07,100
875,2867,2026-07-08,100
875,2867,2026-07-09,100
875,2867,2026-07-10,100
875,2867,2026-07-11,100
875,2867,2026-07-12,100
875,2867,2026-07-13,100
875,2867,2026-07-14,100
875,2867,2026-07-15,100
875,2867,2026-07-16,100
875,2867,2026-07-17,100
875,2867,2026-07-18,100
875,2867,2026-07-19,100
875,2867,2026-07-20,100
875,2867,2026-07-21,100
875,2867,2026-07-22,100
875,2867,2026-07-23,100
875,2867,2026-07-24,100
875,2867,2026-07-25,100
875,2867,2026-07-26,100
875,2867,2026-07-27,100
875,2867,2026-07-28,100
875,2867,2026-07-29,100
875,2868,2026-06-29,34
875,2868,2026-06-30,32
875,2868,2026-07-01,30
875,2868,2026-07-02,34
875,2868,2026-07-03,30
875,2868,2026-07-04,34
875,2868,2026-07-05,22
875,2868,2026-07-06,30
875,2868,2026-07-07,27
875,2868,2026-07-08,27
875,2868,2026-07-09,25
875,2868,2026-07-10,0
875,2868,2026-07-11,10
875,2868,2026-07-12,34
875,2868,2026-07-13,23
875,2868,2026-07-14,34
875,2868,2026-07-15,34
875,2868,2026-07-16,34
875,2868,2026-07-17,33
875,2868,2026-07-18,34
875,2868,2026-07-19,32
875,2868,2026-07-20,32
875,2868,2026-07-21,34
875,2868,2026-07-22,34
875,2868,2026-07-23,34
875,2868,2026-07-24,32
875,2868,2026-07-25,34
875,2868,2026-07-26,32
875,2868,2026-07-27,32
875,2868,2026-07-28,34
875,2868,2026-07-29,34
875,2869,2026-06-29,30
875,2869,2026-06-30,30
875,2869,2026-07-01,30
875,2869,2026-07-02,30
875,2869,2026-07-03,30
875,2869,2026-07-04,30
875,2869,2026-07-05,30
875,2869,2026-07-06,30
875,2869,2026-07-07,30
875,2869,2026-07-08,30
875,2869,2026-07-09,30
875,2869,2026-07-10,30
875,2869,2026-07-11,30
875,2869,2026-07-12,30
875,2869,2026-07-13,30
875,2869,2026-07-14,30
875,2869,2026-07-15,30
875,2869,2026-07-16,30
875,2869,2026-07-17,30
875,2869,2026-07-18,30
875,2869,2026-07-19,30
875,2869,2026-07-20,30
875,2869,2026-07-21,30
875,2869,2026-07-22,30
875,2869,2026-07-23,30
875,2869,2026-07-24,30
875,2869,2026-07-25,30
875,2869,2026-07-26,30
875,2869,2026-07-27,30
875,2869,2026-07-28,30
875,2869,2026-07-29,30
875,2870,2026-06-29,36
875,2870,2026-06-30,36
875,2870,2026-07-01,36
875,2870,2026-07-02,36
875,2870,2026-07-03,36
875,2870,2026-07-04,36
875,2870,2026-07-05,36
875,2870,2026-07-06,36
875,2870,2026-07-07,36
875,2870,2026-07-08,36
875,2870,2026-07-09,36
875,2870,2026-07-10,36
875,2870,2026-07-11,36
875,2870,2026-07-12,36
875,2870,2026-07-13,36
875,2870,2026-07-14,36
875,2870,2026-07-15,36
875,2870,2026-07-16,36
875,2870,2026-07-17,36
875,2870,2026-07-18,36
875,2870,2026-07-19,36
875,2870,2026-07-20,36
875,2870,2026-07-21,36
875,2870,2026-07-22,36
875,2870,2026-07-23,36
875,2870,2026-07-24,36
875,2870,2026-07-25,36
875,2870,2026-07-26,36
875,2870,2026-07-27,36
875,2870,2026-07-28,36
875,2870,2026-07-29,36
875,2871,2026-06-29,24
875,2871,2026-06-30,26
875,2871,2026-07-01,26
875,2871,2026-07-02,26
875,2871,2026-07-03,20
875,2871,2026-07-04,26
875,2871,2026-07-05,22
875,2871,2026-07-06,20
875,2871,2026-07-07,23
875,2871,2026-07-08,23
875,2871,2026-07-09,26
875,2871,2026-07-10,26
875,2871,2026-07-11,21
875,2871,2026-07-12,16
875,2871,2026-07-13,26
875,2871,2026-07-14,26
875,2871,2026-07-15,15
875,2871,2026-07-16,26
875,2871,2026-07-17,26
875,2871,2026-07-18,25
875,2871,2026-07-19,26
875,2871,2026-07-20,24
875,2871,2026-07-21,26
875,2871,2026-07-22,24
875,2871,2026-07-23,26
875,2871,2026-07-24,26
875,2871,2026-07-25,26
875,2871,2026-07-26,24
875,2871,2026-07-27,26
875,2871,2026-07-28,24
875,2871,2026-07-29,20
875,2872,2026-06-29,80
875,2872,2026-06-30,80
875,2872,2026-07-01,80
875,2872,2026-07-02,80
875,2872,2026-07-03,80
875,2872,2026-07-04,80
875,2872,2026-07-05,80
875,2872,2026-07-06,80
875,2872,2026-07-07,80
875,2872,2026-07-08,80
875,2872,2026-07-09,80
875,2872,2026-07-10,80
875,2872,2026-07-11,80
875,2872,2026-07-12,80
875,2872,2026-07-13,76
875,2872,2026-07-14,80
875,2872,2026-07-15,80
875,2872,2026-07-16,80
875,2872,2026-07-17,80
875,2872,2026-07-18,80
875,2872,2026-07-19,80
875,2872,2026-07-20,80
875,2872,2026-07-21,80
875,2872,2026-07-22,80
875,2872,2026-07-23,80
875,2872,2026-07-24,80
875,2872,2026-07-25,80
875,2872,2026-07-26,80
875,2872,2026-07-27,80
875,2872,2026-07-28,80
875,2872,2026-07-29,80
875,2873,2026-06-29,31
875,2873,2026-06-30,32
875,2873,2026-07-01,34
875,2873,2026-07-02,32
875,2873,2026-07-03,34
875,2873,2026-07-04,26
875,2873,2026-07-05,34
875,2873,2026-07-06,23
875,2873,2026-07-07,24
875,2873,2026-07-08,34
875,2873,2026-07-09,34
875,2873,2026-07-10,29
875,2873,2026-07-11,24
875,2873,2026-07-12,12
875,2873,2026-07-13,34
875,2873,2026-07-14,23
875,2873,2026-07-15,34
875,2873,2026-07-16,34
875,2873,2026-07-17,34
875,2873,2026-07-18,34
875,2873,2026-07-19,34
875,2873,2026-07-20,33
875,2873,2026-07-21,32
875,2873,2026-07-22,34
875,2873,2026-07-23,34
875,2873,2026-07-24,34
875,2873,2026-07-25,32
875,2873,2026-07-26,34
875,2873,2026-07-27,30
875,2873,2026-07-28,32
875,2873,2026-07-29,34
875,2874,2026-06-29,12
875,2874,2026-06-30,12
875,2874,2026-07-01,12
875,2874,2026-07-02,12
875,2874,2026-07-03,12
875,2874,2026-07-04,12
875,2874,2026-07-05,12
875,2874,2026-07-06,12
875,2874,2026-07-07,12
875,2874,2026-07-08,12
875,2874,2026-07-09,12
875,2874,2026-07-10,12
875,2874,2026-07-11,12
875,2874,2026-07-12,12
875,2874,2026-07-13,12
875,2874,2026-07-14,12
875,2874,2026-07-15,12
875,2874,2026-07-16,12
875,2874,2026-07-17,12
875,2874,2026-07-18,12
875,2874,2026-07-19,12
875,2874,2026-07-20,12
875,2874,2026-07-21,12
875,2874,2026-07-22,12
875,2874,2026-07-23,12
875,2874,2026-07-24,12
875,2874,2026-07-25,12
875,2874,2026-07-26,12
875,2874,2026-07-27,12
875,2874,2026-07-28,12
875,2874,2026-07-29,12
875,2876,2026-06-29,20
875,2876,2026-06-30,20
875,2876,2026-07-01,20
875,2876,2026-07-02,20
875,2876,2026-07-03,20
875,2876,2026-07-04,20
875,2876,2026-07-05,20
875,2876,2026-07-06,20
875,2876,2026-07-07,20
875,2876,2026-07-08,20
875,2876,2026-07-09,20
875,2876,2026-07-10,20
875,2876,2026-07-11,20
875,2876,2026-07-12,20
875,2876,2026-07-13,20
875,2876,2026-07-14,20
875,2876,2026-07-15,20
875,2876,2026-07-16,20
875,2876,2026-07-17,20
875,2876,2026-07-18,20
875,2876,2026-07-19,20
875,2876,2026-07-20,20
875,2876,2026-07-21,20
875,2876,2026-07-22,20
875,2876,2026-07-23,20
875,2876,2026-07-24,20
875,2876,2026-07-25,20
875,2876,2026-07-26,20
875,2876,2026-07-27,20
875,2876,2026-07-28,20
875,2876,2026-07-29,20
875,2877,2026-06-29,39
875,2877,2026-06-30,40
875,2877,2026-07-01,40
875,2877,2026-07-02,40
875,2877,2026-07-03,40
875,2877,2026-07-04,40
875,2877,2026-07-05,40
875,2877,2026-07-06,40
875,2877,2026-07-07,40
875,2877,2026-07-08,40
875,2877,2026-07-09,40
875,2877,2026-07-10,40
875,2877,2026-07-11,40
875,2877,2026-07-12,40
875,2877,2026-07-13,40
875,2877,2026-07-14,40
875,2877,2026-07-15,40
875,2877,2026-07-16,40
875,2877,2026-07-17,40
875,2877,2026-07-18,40
875,2877,2026-07-19,40
875,2877,2026-07-20,40
875,2877,2026-07-21,40
875,2877,2026-07-22,40
875,2877,2026-07-23,40
875,2877,2026-07-24,40
875,2877,2026-07-25,40
875,2877,2026-07-26,40
875,2877,2026-07-27,40
875,2877,2026-07-28,40
875,2877,2026-07-29,40
875,2878,2026-06-29,12
875,2878,2026-06-30,12
875,2878,2026-07-01,12
875,2878,2026-07-02,12
875,2878,2026-07-03,12
875,2878,2026-07-04,12
875,2878,2026-07-05,12
875,2878,2026-07-06,12
875,2878,2026-07-07,12
875,2878,2026-07-08,12
875,2878,2026-07-09,12
875,2878,2026-07-10,12
875,2878,2026-07-11,12
875,2878,2026-07-12,12
875,2878,2026-07-13,12
875,2878,2026-07-14,12
875,2878,2026-07-15,12
875,2878,2026-07-16,12
875,2878,2026-07-17,12
875,2878,2026-07-18,12
875,2878,2026-07-19,12
875,2878,2026-07-20,12
875,2878,2026-07-21,12
875,2878,2026-07-22,12
875,2878,2026-07-23,12
875,2878,2026-07-24,12
875,2878,2026-07-25,12
875,2878,2026-07-26,12
875,2878,2026-07-27,12
875,2878,2026-07-28,12
875,2878,2026-07-29,12
875,2879,2026-06-29,40
875,2879,2026-06-30,40
875,2879,2026-07-01,40
875,2879,2026-07-02,40
875,2879,2026-07-03,40
875,2879,2026-07-04,40
875,2879,2026-07-05,40
875,2879,2026-07-06,40
875,2879,2026-07-07,40
875,2879,2026-07-08,40
875,2879,2026-07-09,40
875,2879,2026-07-10,40
875,2879,2026-07-11,40
875,2879,2026-07-12,40
875,2879,2026-07-13,40
875,2879,2026-07-14,36
875,2879,2026-07-15,40
875,2879,2026-07-16,40
875,2879,2026-07-17,40
875,2879,2026-07-18,40
875,2879,2026-07-19,40
875,2879,2026-07-20,40
875,2879,2026-07-21,40
875,2879,2026-07-22,40
875,2879,2026-07-23,40
875,2879,2026-07-24,40
875,2879,2026-07-25,40
875,2879,2026-07-26,40
875,2879,2026-07-27,40
875,2879,2026-07-28,40
875,2879,2026-07-29,40
875,2880,2026-06-29,14
875,2880,2026-06-30,14
875,2880,2026-07-01,14
875,2880,2026-07-02,14
875,2880,2026-07-03,14
875,2880,2026-07-04,14
875,2880,2026-07-05,14
875,2880,2026-07-06,14
875,2880,2026-07-07,14
875,2880,2026-07-08,14
875,2880,2026-07-09,14
875,2880,2026-07-10,14
875,2880,2026-07-11,14
875,2880,2026-07-12,10
875,2880,2026-07-13,14
875,2880,2026-07-14,14
875,2880,2026-07-15,14
875,2880,2026-07-16,14
875,2880,2026-07-17,14
875,2880,2026-07-18,14
875,2880,2026-07-19,14
875,2880,2026-07-20,14
875,2880,2026-07-21,14
875,2880,2026-07-22,14
875,2880,2026-07-23,14
875,2880,2026-07-24,14
875,2880,2026-07-25,14
875,2880,2026-07-26,14
875,2880,2026-07-27,14
875,2880,2026-07-28,14
875,2880,2026-07-29,14
875,2881,2026-06-29,30
875,2881,2026-06-30,29
875,2881,2026-07-01,29
875,2881,2026-07-02,30
875,2881,2026-07-03,30
875,2881,2026-07-04,30
875,2881,2026-07-05,30
875,2881,2026-07-06,30
875,2881,2026-07-07,30
875,2881,2026-07-08,30
875,2881,2026-07-09,30
875,2881,2026-07-10,30
875,2881,2026-07-11,30
875,2881,2026-07-12,30
875,2881,2026-07-13,30
875,2881,2026-07-14,30
875,2881,2026-07-15,30
875,2881,2026-07-16,30
875,2881,2026-07-17,30
875,2881,2026-07-18,30
875,2881,2026-07-19,30
875,2881,2026-07-20,30
875,2881,2026-07-21,30
875,2881,2026-07-22,30
875,2881,2026-07-23,30
875,2881,2026-07-24,30
875,2881,2026-07-25,30
875,2881,2026-07-26,30
875,2881,2026-07-27,30
875,2881,2026-07-28,30
875,2881,2026-07-29,30
875,2882,2026-06-29,20
875,2882,2026-06-30,20
875,2882,2026-07-01,20
875,2882,2026-07-02,20
875,2882,2026-07-03,20
875,2882,2026-07-04,20
875,2882,2026-07-05,20
875,2882,2026-07-06,20
875,2882,2026-07-07,20
875,2882,2026-07-08,20
875,2882,2026-07-09,20
875,2882,2026-07-10,20
875,2882,2026-07-11,20
875,2882,2026-07-12,20
875,2882,2026-07-13,20
875,2882,2026-07-14,20
875,2882,2026-07-15,20
875,2882,2026-07-16,20
875,2882,2026-07-17,20
875,2882,2026-07-18,20
875,2882,2026-07-19,20
875,2882,2026-07-20,20
875,2882,2026-07-21,20
875,2882,2026-07-22,20
875,2882,2026-07-23,20
875,2882,2026-07-24,20
875,2882,2026-07-25,20
875,2882,2026-07-26,20
875,2882,2026-07-27,20
875,2882,2026-07-28,20
875,2882,2026-07-29,20
875,2883,2026-06-29,40
875,2883,2026-06-30,40
875,2883,2026-07-01,40
875,2883,2026-07-02,40
875,2883,2026-07-03,40
875,2883,2026-07-04,40
875,2883,2026-07-05,40
875,2883,2026-07-06,40
875,2883,2026-07-07,38
875,2883,2026-07-08,40
875,2883,2026-07-09,40
875,2883,2026-07-10,40
875,2883,2026-07-11,40
875,2883,2026-07-12,40
875,2883,2026-07-13,40
875,2883,2026-07-14,40
875,2883,2026-07-15,40
875,2883,2026-07-16,40
875,2883,2026-07-17,40
875,2883,2026-07-18,40
875,2883,2026-07-19,40
875,2883,2026-07-20,40
875,2883,2026-07-21,40
875,2883,2026-07-22,40
875,2883,2026-07-23,40
875,2883,2026-07-24,40
875,2883,2026-07-25,40
875,2883,2026-07-26,40
875,2883,2026-07-27,40
875,2883,2026-07-28,40
875,2883,2026-07-29,40
875,2884,2026-06-29,20
875,2884,2026-06-30,20
875,2884,2026-07-01,20
875,2884,2026-07-02,20
875,2884,2026-07-03,20
875,2884,2026-07-04,20
875,2884,2026-07-05,20
875,2884,2026-07-06,20
875,2884,2026-07-07,20
875,2884,2026-07-08,20
875,2884,2026-07-09,20
875,2884,2026-07-10,20
875,2884,2026-07-11,20
875,2884,2026-07-12,20
875,2884,2026-07-13,20
875,2884,2026-07-14,20
875,2884,2026-07-15,20
875,2884,2026-07-16,20
875,2884,2026-07-17,20
875,2884,2026-07-18,20
875,2884,2026-07-19,20
875,2884,2026-07-20,20
875,2884,2026-07-21,20
875,2884,2026-07-22,20
875,2884,2026-07-23,20
875,2884,2026-07-24,20
875,2884,2026-07-25,20
875,2884,2026-07-26,20
875,2884,2026-07-27,20
875,2884,2026-07-28,20
875,2884,2026-07-29,20
875,2885,2026-06-29,10
875,2885,2026-06-30,10
875,2885,2026-07-01,10
875,2885,2026-07-02,10
875,2885,2026-07-03,10
875,2885,2026-07-04,10
875,2885,2026-07-05,10
875,2885,2026-07-06,10
875,2885,2026-07-07,10
875,2885,2026-07-08,10
875,2885,2026-07-09,10
875,2885,2026-07-10,10
875,2885,2026-07-11,10
875,2885,2026-07-12,10
875,2885,2026-07-13,10
875,2885,2026-07-14,10
875,2885,2026-07-15,10
875,2885,2026-07-16,10
875,2885,2026-07-17,10
875,2885,2026-07-18,10
875,2885,2026-07-19,10
875,2885,2026-07-20,10
875,2885,2026-07-21,10
875,2885,2026-07-22,10
875,2885,2026-07-23,10
875,2885,2026-07-24,10
875,2885,2026-07-25,10
875,2885,2026-07-26,10
875,2885,2026-07-27,10
875,2885,2026-07-28,10
875,2885,2026-07-29,10
875,2886,2026-06-29,40
875,2886,2026-06-30,40
875,2886,2026-07-01,40
875,2886,2026-07-02,40
875,2886,2026-07-03,40
875,2886,2026-07-04,40
875,2886,2026-07-05,40
875,2886,2026-07-06,40
875,2886,2026-07-07,40
875,2886,2026-07-08,40
875,2886,2026-07-09,40
875,2886,2026-07-10,40
875,2886,2026-07-11,40
875,2886,2026-07-12,40
875,2886,2026-07-13,40
875,2886,2026-07-14,40
875,2886,2026-07-15,40
875,2886,2026-07-16,40
875,2886,2026-07-17,40
875,2886,2026-07-18,40
875,2886,2026-07-19,40
875,2886,2026-07-20,40
875,2886,2026-07-21,40
875,2886,2026-07-22,40
875,2886,2026-07-23,40
875,2886,2026-07-24,40
875,2886,2026-07-25,40
875,2886,2026-07-26,40
875,2886,2026-07-27,40
875,2886,2026-07-28,40
875,2886,2026-07-29,40
875,2887,2026-06-29,20
875,2887,2026-06-30,20
875,2887,2026-07-01,20
875,2887,2026-07-02,16
875,2887,2026-07-03,20
875,2887,2026-07-04,18
875,2887,2026-07-05,20
875,2887,2026-07-06,16
875,2887,2026-07-07,14
875,2887,2026-07-08,18
875,2887,2026-07-09,16
875,2887,2026-07-10,13
875,2887,2026-07-11,20
875,2887,2026-07-12,20
875,2887,2026-07-13,18
875,2887,2026-07-14,20
875,2887,2026-07-15,20
875,2887,2026-07-16,13
875,2887,2026-07-17,20
875,2887,2026-07-18,20
875,2887,2026-07-19,19
875,2887,2026-07-20,20
875,2887,2026-07-21,18
875,2887,2026-07-22,20
875,2887,2026-07-23,18
875,2887,2026-07-24,20
875,2887,2026-07-25,20
875,2887,2026-07-26,20
875,2887,2026-07-27,20
875,2887,2026-07-28,20
875,2887,2026-07-29,18
875,2865,2026-05-30,6
875,2865,2026-05-31,6
875,2865,2026-06-01,6
875,2865,2026-06-02,6
875,2865,2026-06-03,6
875,2865,2026-06-04,6
875,2865,2026-06-05,6
875,2865,2026-06-06,6
875,2865,2026-06-07,6
875,2865,2026-06-08,6
875,2865,2026-06-09,6
875,2865,2026-06-10,6
875,2865,2026-06-11,6
875,2865,2026-06-12,6
875,2865,2026-06-13,6
875,2865,2026-06-14,6
875,2865,2026-06-15,6
875,2865,2026-06-16,6
875,2865,2026-06-17,6
875,2865,2026-06-18,6
875,2865,2026-06-19,6
875,2865,2026-06-20,4
875,2865,2026-06-21,4
875,2865,2026-06-22,6
875,2865,2026-06-23,6
875,2865,2026-06-24,6
875,2865,2026-06-25,6
875,2865,2026-06-26,6
875,2865,2026-06-27,0
875,2865,2026-06-28,0
875,2865,2026-06-29,0
875,2866,2026-05-30,10
875,2866,2026-05-31,12
875,2866,2026-06-01,12
875,2866,2026-06-02,12
875,2866,2026-06-03,12
875,2866,2026-06-04,12
875,2866,2026-06-05,12
875,2866,2026-06-06,12
875,2866,2026-06-07,12
875,2866,2026-06-08,12
875,2866,2026-06-09,12
875,2866,2026-06-10,12
875,2866,2026-06-11,12
875,2866,2026-06-12,12
875,2866,2026-06-13,12
875,2866,2026-06-14,12
875,2866,2026-06-15,12
875,2866,2026-06-16,12
875,2866,2026-06-17,12
875,2866,2026-06-18,12
875,2866,2026-06-19,12
875,2866,2026-06-20,12
875,2866,2026-06-21,12
875,2866,2026-06-22,12
875,2866,2026-06-23,12
875,2866,2026-06-24,12
875,2866,2026-06-25,12
875,2866,2026-06-26,12
875,2866,2026-06-27,11
875,2866,2026-06-28,12
875,2866,2026-06-29,12
875,2867,2026-05-30,100
875,2867,2026-05-31,98
875,2867,2026-06-01,100
875,2867,2026-06-02,100
875,2867,2026-06-03,79
875,2867,2026-06-04,100
875,2867,2026-06-05,100
875,2867,2026-06-06,98
875,2867,2026-06-07,100
875,2867,2026-06-08,100
875,2867,2026-06-09,100
875,2867,2026-06-10,100
875,2867,2026-06-11,100
875,2867,2026-06-12,100
875,2867,2026-06-13,100
875,2867,2026-06-14,100
875,2867,2026-06-15,100
875,2867,2026-06-16,84
875,2867,2026-06-17,71
875,2867,2026-06-18,87
875,2867,2026-06-19,100
875,2867,2026-06-20,100
875,2867,2026-06-21,100
875,2867,2026-06-22,100
875,2867,2026-06-23,100
875,2867,2026-06-24,82
875,2867,2026-06-25,84
875,2867,2026-06-26,100
875,2867,2026-06-27,100
875,2867,2026-06-28,100
875,2867,2026-06-29,100
875,2868,2026-05-30,10
875,2868,2026-05-31,7
875,2868,2026-06-01,23
875,2868,2026-06-02,31
875,2868,2026-06-03,32
875,2868,2026-06-04,34
875,2868,2026-06-05,34
875,2868,2026-06-06,34
875,2868,2026-06-07,34
875,2868,2026-06-08,34
875,2868,2026-06-09,34
875,2868,2026-06-10,32
875,2868,2026-06-11,34
875,2868,2026-06-12,30
875,2868,2026-06-13,34
875,2868,2026-06-14,34
875,2868,2026-06-15,34
875,2868,2026-06-16,33
875,2868,2026-06-17,33
875,2868,2026-06-18,34
875,2868,2026-06-19,34
875,2868,2026-06-20,29
875,2868,2026-06-21,32
875,2868,2026-06-22,31
875,2868,2026-06-23,34
875,2868,2026-06-24,34
875,2868,2026-06-25,34
875,2868,2026-06-26,33
875,2868,2026-06-27,34
875,2868,2026-06-28,34
875,2868,2026-06-29,34
875,2869,2026-05-30,30
875,2869,2026-05-31,30
875,2869,2026-06-01,30
875,2869,2026-06-02,30
875,2869,2026-06-03,30
875,2869,2026-06-04,30
875,2869,2026-06-05,30
875,2869,2026-06-06,30
875,2869,2026-06-07,30
875,2869,2026-06-08,30
875,2869,2026-06-09,30
875,2869,2026-06-10,30
875,2869,2026-06-11,30
875,2869,2026-06-12,30
875,2869,2026-06-13,30
875,2869,2026-06-14,30
875,2869,2026-06-15,30
875,2869,2026-06-16,30
875,2869,2026-06-17,30
875,2869,2026-06-18,30
875,2869,2026-06-19,30
875,2869,2026-06-20,30
875,2869,2026-06-21,30
875,2869,2026-06-22,30
875,2869,2026-06-23,30
875,2869,2026-06-24,30
875,2869,2026-06-25,30
875,2869,2026-06-26,30
875,2869,2026-06-27,30
875,2869,2026-06-28,30
875,2869,2026-06-29,30
875,2870,2026-05-30,36
875,2870,2026-05-31,36
875,2870,2026-06-01,36
875,2870,2026-06-02,36
875,2870,2026-06-03,36
875,2870,2026-06-04,36
875,2870,2026-06-05,36
875,2870,2026-06-06,36
875,2870,2026-06-07,36
875,2870,2026-06-08,36
875,2870,2026-06-09,36
875,2870,2026-06-10,36
875,2870,2026-06-11,36
875,2870,2026-06-12,36
875,2870,2026-06-13,36
875,2870,2026-06-14,36
875,2870,2026-06-15,36
875,2870,2026-06-16,36
875,2870,2026-06-17,36
875,2870,2026-06-18,36
875,2870,2026-06-19,36
875,2870,2026-06-20,36
875,2870,2026-06-21,36
875,2870,2026-06-22,36
875,2870,2026-06-23,36
875,2870,2026-06-24,36
875,2870,2026-06-25,36
875,2870,2026-06-26,36
875,2870,2026-06-27,36
875,2870,2026-06-28,36
875,2870,2026-06-29,36
875,2871,2026-05-30,11
875,2871,2026-05-31,13
875,2871,2026-06-01,26
875,2871,2026-06-02,22
875,2871,2026-06-03,16
875,2871,2026-06-04,15
875,2871,2026-06-05,26
875,2871,2026-06-06,26
875,2871,2026-06-07,21
875,2871,2026-06-08,21
875,2871,2026-06-09,26
875,2871,2026-06-10,26
875,2871,2026-06-11,26
875,2871,2026-06-12,26
875,2871,2026-06-13,26
875,2871,2026-06-14,26
875,2871,2026-06-15,26
875,2871,2026-06-16,25
875,2871,2026-06-17,26
875,2871,2026-06-18,21
875,2871,2026-06-19,26
875,2871,2026-06-20,26
875,2871,2026-06-21,26
875,2871,2026-06-22,26
875,2871,2026-06-23,24
875,2871,2026-06-24,26
875,2871,2026-06-25,26
875,2871,2026-06-26,24
875,2871,2026-06-27,26
875,2871,2026-06-28,23
875,2871,2026-06-29,24
875,2872,2026-05-30,75
875,2872,2026-05-31,80
875,2872,2026-06-01,80
875,2872,2026-06-02,59
875,2872,2026-06-03,80
875,2872,2026-06-04,80
875,2872,2026-06-05,80
875,2872,2026-06-06,80
875,2872,2026-06-07,80
875,2872,2026-06-08,80
875,2872,2026-06-09,80
875,2872,2026-06-10,80
875,2872,2026-06-11,80
875,2872,2026-06-12,80
875,2872,2026-06-13,80
875,2872,2026-06-14,80
875,2872,2026-06-15,80
875,2872,2026-06-16,80
875,2872,2026-06-17,80
875,2872,2026-06-18,80
875,2872,2026-06-19,80
875,2872,2026-06-20,80
875,2872,2026-06-21,80
875,2872,2026-06-22,80
875,2872,2026-06-23,78
875,2872,2026-06-24,80
875,2872,2026-06-25,78
875,2872,2026-06-26,80
875,2872,2026-06-27,80
875,2872,2026-06-28,80
875,2872,2026-06-29,80
875,2873,2026-05-30,5
875,2873,2026-05-31,16
875,2873,2026-06-01,34
875,2873,2026-06-02,34
875,2873,2026-06-03,22
875,2873,2026-06-04,24
875,2873,2026-06-05,34
875,2873,2026-06-06,32
875,2873,2026-06-07,34
875,2873,2026-06-08,20
875,2873,2026-06-09,34
875,2873,2026-06-10,34
875,2873,2026-06-11,34
875,2873,2026-06-12,34
875,2873,2026-06-13,34
875,2873,2026-06-14,34
875,2873,2026-06-15,34
875,2873,2026-06-16,34
875,2873,2026-06-17,34
875,2873,2026-06-18,34
875,2873,2026-06-19,29
875,2873,2026-06-20,34
875,2873,2026-06-21,34
875,2873,2026-06-22,32
875,2873,2026-06-23,34
875,2873,2026-06-24,34
875,2873,2026-06-25,34
875,2873,2026-06-26,34
875,2873,2026-06-27,32
875,2873,2026-06-28,34
875,2873,2026-06-29,31
875,2874,2026-05-30,10
875,2874,2026-05-31,12
875,2874,2026-06-01,12
875,2874,2026-06-02,12
875,2874,2026-06-03,12
875,2874,2026-06-04,12
875,2874,2026-06-05,12
875,2874,2026-06-06,8
875,2874,2026-06-07,12
875,2874,2026-06-08,12
875,2874,2026-06-09,12
875,2874,2026-06-10,12
875,2874,2026-06-11,12
875,2874,2026-06-12,12
875,2874,2026-06-13,12
875,2874,2026-06-14,12
875,2874,2026-06-15,12
875,2874,2026-06-16,12
875,2874,2026-06-17,12
875,2874,2026-06-18,12
875,2874,2026-06-19,12
875,2874,2026-06-20,12
875,2874,2026-06-21,12
875,2874,2026-06-22,12
875,2874,2026-06-23,12
875,2874,2026-06-24,12
875,2874,2026-06-25,12
875,2874,2026-06-26,12
875,2874,2026-06-27,12
875,2874,2026-06-28,12
875,2874,2026-06-29,12
875,2876,2026-05-30,20
875,2876,2026-05-31,20
875,2876,2026-06-01,20
875,2876,2026-06-02,20
875,2876,2026-06-03,20
875,2876,2026-06-04,20
875,2876,2026-06-05,20
875,2876,2026-06-06,20
875,2876,2026-06-07,20
875,2876,2026-06-08,20
875,2876,2026-06-09,20
875,2876,2026-06-10,20
875,2876,2026-06-11,20
875,2876,2026-06-12,20
875,2876,2026-06-13,20
875,2876,2026-06-14,20
875,2876,2026-06-15,20
875,2876,2026-06-16,20
875,2876,2026-06-17,20
875,2876,2026-06-18,20
875,2876,2026-06-19,20
875,2876,2026-06-20,20
875,2876,2026-06-21,20
875,2876,2026-06-22,20
875,2876,2026-06-23,20
875,2876,2026-06-24,20
875,2876,2026-06-25,20
875,2876,2026-06-26,20
875,2876,2026-06-27,20
875,2876,2026-06-28,20
875,2876,2026-06-29,20
875,2877,2026-05-30,40
875,2877,2026-05-31,40
875,2877,2026-06-01,40
875,2877,2026-06-02,40
875,2877,2026-06-03,40
875,2877,2026-06-04,40
875,2877,2026-06-05,40
875,2877,2026-06-06,40
875,2877,2026-06-07,40
875,2877,2026-06-08,40
875,2877,2026-06-09,40
875,2877,2026-06-10,40
875,2877,2026-06-11,40
875,2877,2026-06-12,40
875,2877,2026-06-13,40
875,2877,2026-06-14,40
875,2877,2026-06-15,40
875,2877,2026-06-16,40
875,2877,2026-06-17,40
875,2877,2026-06-18,40
875,2877,2026-06-19,40
875,2877,2026-06-20,40
875,2877,2026-06-21,40
875,2877,2026-06-22,40
875,2877,2026-06-23,40
875,2877,2026-06-24,40
875,2877,2026-06-25,40
875,2877,2026-06-26,40
875,2877,2026-06-27,40
875,2877,2026-06-28,40
875,2877,2026-06-29,39
875,2878,2026-05-30,10
875,2878,2026-05-31,12
875,2878,2026-06-01,12
875,2878,2026-06-02,12
875,2878,2026-06-03,12
875,2878,2026-06-04,12
875,2878,2026-06-05,12
875,2878,2026-06-06,12
875,2878,2026-06-07,12
875,2878,2026-06-08,12
875,2878,2026-06-09,12
875,2878,2026-06-10,12
875,2878,2026-06-11,12
875,2878,2026-06-12,12
875,2878,2026-06-13,12
875,2878,2026-06-14,12
875,2878,2026-06-15,12
875,2878,2026-06-16,12
875,2878,2026-06-17,12
875,2878,2026-06-18,12
875,2878,2026-06-19,12
875,2878,2026-06-20,12
875,2878,2026-06-21,12
875,2878,2026-06-22,12
875,2878,2026-06-23,12
875,2878,2026-06-24,12
875,2878,2026-06-25,12
875,2878,2026-06-26,12
875,2878,2026-06-27,12
875,2878,2026-06-28,12
875,2878,2026-06-29,12
875,2879,2026-05-30,40
875,2879,2026-05-31,40
875,2879,2026-06-01,40
875,2879,2026-06-02,40
875,2879,2026-06-03,40
875,2879,2026-06-04,40
875,2879,2026-06-05,40
875,2879,2026-06-06,40
875,2879,2026-06-07,40
875,2879,2026-06-08,40
875,2879,2026-06-09,40
875,2879,2026-06-10,40
875,2879,2026-06-11,40
875,2879,2026-06-12,40
875,2879,2026-06-13,40
875,2879,2026-06-14,40
875,2879,2026-06-15,40
875,2879,2026-06-16,40
875,2879,2026-06-17,40
875,2879,2026-06-18,40
875,2879,2026-06-19,40
875,2879,2026-06-20,40
875,2879,2026-06-21,40
875,2879,2026-06-22,40
875,2879,2026-06-23,40
875,2879,2026-06-24,40
875,2879,2026-06-25,40
875,2879,2026-06-26,40
875,2879,2026-06-27,39
875,2879,2026-06-28,40
875,2879,2026-06-29,40
875,2880,2026-05-30,14
875,2880,2026-05-31,14
875,2880,2026-06-01,14
875,2880,2026-06-02,14
875,2880,2026-06-03,14
875,2880,2026-06-04,14
875,2880,2026-06-05,12
875,2880,2026-06-06,14
875,2880,2026-06-07,14
875,2880,2026-06-08,14
875,2880,2026-06-09,14
875,2880,2026-06-10,14
875,2880,2026-06-11,14
875,2880,2026-06-12,14
875,2880,2026-06-13,14
875,2880,2026-06-14,14
875,2880,2026-06-15,14
875,2880,2026-06-16,14
875,2880,2026-06-17,14
875,2880,2026-06-18,14
875,2880,2026-06-19,14
875,2880,2026-06-20,14
875,2880,2026-06-21,14
875,2880,2026-06-22,14
875,2880,2026-06-23,14
875,2880,2026-06-24,12
875,2880,2026-06-25,14
875,2880,2026-06-26,14
875,2880,2026-06-27,14
875,2880,2026-06-28,14
875,2880,2026-06-29,14
875,2881,2026-05-30,30
875,2881,2026-05-31,30
875,2881,2026-06-01,30
875,2881,2026-06-02,30
875,2881,2026-06-03,30
875,2881,2026-06-04,30
875,2881,2026-06-05,30
875,2881,2026-06-06,30
875,2881,2026-06-07,30
875,2881,2026-06-08,30
875,2881,2026-06-09,30
875,2881,2026-06-10,30
875,2881,2026-06-11,30
875,2881,2026-06-12,30
875,2881,2026-06-13,30
875,2881,2026-06-14,30
875,2881,2026-06-15,30
875,2881,2026-06-16,30
875,2881,2026-06-17,30
875,2881,2026-06-18,30
875,2881,2026-06-19,30
875,2881,2026-06-20,30
875,2881,2026-06-21,30
875,2881,2026-06-22,30
875,2881,2026-06-23,30
875,2881,2026-06-24,30
875,2881,2026-06-25,30
875,2881,2026-06-26,30
875,2881,2026-06-27,30
875,2881,2026-06-28,30
875,2881,2026-06-29,30
875,2882,2026-05-30,20
875,2882,2026-05-31,20
875,2882,2026-06-01,20
875,2882,2026-06-02,20
875,2882,2026-06-03,20
875,2882,2026-06-04,20
875,2882,2026-06-05,20
875,2882,2026-06-06,20
875,2882,2026-06-07,20
875,2882,2026-06-08,20
875,2882,2026-06-09,20
875,2882,2026-06-10,20
875,2882,2026-06-11,20
875,2882,2026-06-12,20
875,2882,2026-06-13,20
875,2882,2026-06-14,20
875,2882,2026-06-15,20
875,2882,2026-06-16,20
875,2882,2026-06-17,20
875,2882,2026-06-18,20
875,2882,2026-06-19,20
875,2882,2026-06-20,20
875,2882,2026-06-21,20
875,2882,2026-06-22,20
875,2882,2026-06-23,20
875,2882,2026-06-24,20
875,2882,2026-06-25,20
875,2882,2026-06-26,20
875,2882,2026-06-27,20
875,2882,2026-06-28,20
875,2882,2026-06-29,20
875,2883,2026-05-30,40
875,2883,2026-05-31,40
875,2883,2026-06-01,40
875,2883,2026-06-02,40
875,2883,2026-06-03,40
875,2883,2026-06-04,40
875,2883,2026-06-05,40
875,2883,2026-06-06,40
875,2883,2026-06-07,40
875,2883,2026-06-08,40
875,2883,2026-06-09,40
875,2883,2026-06-10,40
875,2883,2026-06-11,40
875,2883,2026-06-12,40
875,2883,2026-06-13,40
875,2883,2026-06-14,40
875,2883,2026-06-15,40
875,2883,2026-06-16,40
875,2883,2026-06-17,40
875,2883,2026-06-18,40
875,2883,2026-06-19,40
875,2883,2026-06-20,40
875,2883,2026-06-21,40
875,2883,2026-06-22,38
875,2883,2026-06-23,40
875,2883,2026-06-24,40
875,2883,2026-06-25,40
875,2883,2026-06-26,40
875,2883,2026-06-27,40
875,2883,2026-06-28,39
875,2883,2026-06-29,40
875,2884,2026-05-30,20
875,2884,2026-05-31,20
875,2884,2026-06-01,20
875,2884,2026-06-02,20
875,2884,2026-06-03,20
875,2884,2026-06-04,20
875,2884,2026-06-05,20
875,2884,2026-06-06,20
875,2884,2026-06-07,20
875,2884,2026-06-08,20
875,2884,2026-06-09,20
875,2884,2026-06-10,20
875,2884,2026-06-11,20
875,2884,2026-06-12,20
875,2884,2026-06-13,20
875,2884,2026-06-14,20
875,2884,2026-06-15,20
875,2884,2026-06-16,20
875,2884,2026-06-17,20
875,2884,2026-06-18,20
875,2884,2026-06-19,20
875,2884,2026-06-20,20
875,2884,2026-06-21,20
875,2884,2026-06-22,20
875,2884,2026-06-23,20
875,2884,2026-06-24,20
875,2884,2026-06-25,20
875,2884,2026-06-26,20
875,2884,2026-06-27,20
875,2884,2026-06-28,20
875,2884,2026-06-29,20
875,2885,2026-05-30,10
875,2885,2026-05-31,10
875,2885,2026-06-01,10
875,2885,2026-06-02,10
875,2885,2026-06-03,10
875,2885,2026-06-04,10
875,2885,2026-06-05,10
875,2885,2026-06-06,10
875,2885,2026-06-07,10
875,2885,2026-06-08,10
875,2885,2026-06-09,10
875,2885,2026-06-10,10
875,2885,2026-06-11,10
875,2885,2026-06-12,10
875,2885,2026-06-13,10
875,2885,2026-06-14,10
875,2885,2026-06-15,10
875,2885,2026-06-16,10
875,2885,2026-06-17,10
875,2885,2026-06-18,10
875,2885,2026-06-19,10
875,2885,2026-06-20,10
875,2885,2026-06-21,10
875,2885,2026-06-22,10
875,2885,2026-06-23,10
875,2885,2026-06-24,10
875,2885,2026-06-25,10
875,2885,2026-06-26,10
875,2885,2026-06-27,10
875,2885,2026-06-28,10
875,2885,2026-06-29,10
875,2886,2026-05-30,39
875,2886,2026-05-31,40
875,2886,2026-06-01,40
875,2886,2026-06-02,40
875,2886,2026-06-03,40
875,2886,2026-06-04,40
875,2886,2026-06-05,40
875,2886,2026-06-06,40
875,2886,2026-06-07,40
875,2886,2026-06-08,40
875,2886,2026-06-09,40
875,2886,2026-06-10,40
875,2886,2026-06-11,40
875,2886,2026-06-12,40
875,2886,2026-06-13,40
875,2886,2026-06-14,40
875,2886,2026-06-15,40
875,2886,2026-06-16,40
875,2886,2026-06-17,40
875,2886,2026-06-18,40
875,2886,2026-06-19,40
875,2886,2026-06-20,40
875,2886,2026-06-21,40
875,2886,2026-06-22,40
875,2886,2026-06-23,40
875,2886,2026-06-24,40
875,2886,2026-06-25,40
875,2886,2026-06-26,38
875,2886,2026-06-27,40
875,2886,2026-06-28,40
875,2886,2026-06-29,40
875,2887,2026-05-30,16
875,2887,2026-05-31,20
875,2887,2026-06-01,20
875,2887,2026-06-02,20
875,2887,2026-06-03,19
875,2887,2026-06-04,20
875,2887,2026-06-05,19
875,2887,2026-06-06,20
875,2887,2026-06-07,20
875,2887,2026-06-08,20
875,2887,2026-06-09,20
875,2887,2026-06-10,20
875,2887,2026-06-11,20
875,2887,2026-06-12,20
875,2887,2026-06-13,20
875,2887,2026-06-14,20
875,2887,2026-06-15,20
875,2887,2026-06-16,20
875,2887,2026-06-17,20
875,2887,2026-06-18,20
875,2887,2026-06-19,20
875,2887,2026-06-20,18
875,2887,2026-06-21,20
875,2887,2026-06-22,20
875,2887,2026-06-23,20
875,2887,2026-06-24,20
875,2887,2026-06-25,18
875,2887,2026-06-26,20
875,2887,2026-06-27,17
875,2887,2026-06-28,18
875,2887,2026-06-29,20
875,2865,2026-10-27,6
875,2865,2026-10-28,6
875,2865,2026-10-29,6
875,2865,2026-10-30,6
875,2865,2026-10-31,6
875,2865,2026-11-01,6
875,2865,2026-11-02,6
875,2865,2026-11-03,6
875,2865,2026-11-04,6
875,2865,2026-11-05,6
875,2865,2026-11-06,6
875,2865,2026-11-07,6
875,2865,2026-11-08,6
875,2865,2026-11-09,6
875,2865,2026-11-10,6
875,2865,2026-11-11,6
875,2865,2026-11-12,6
875,2865,2026-11-13,6
875,2865,2026-11-14,6
875,2865,2026-11-15,6
875,2865,2026-11-16,6
875,2865,2026-11-17,6
875,2865,2026-11-18,6
875,2865,2026-11-19,6
875,2865,2026-11-20,6
875,2865,2026-11-21,6
875,2865,2026-11-22,6
875,2865,2026-11-23,6
875,2865,2026-11-24,6
875,2865,2026-11-25,4
875,2865,2026-11-26,6
875,2866,2026-10-27,12
875,2866,2026-10-28,12
875,2866,2026-10-29,12
875,2866,2026-10-30,12
875,2866,2026-10-31,12
875,2866,2026-11-01,12
875,2866,2026-11-02,12
875,2866,2026-11-03,11
875,2866,2026-11-04,6
875,2866,2026-11-05,8
875,2866,2026-11-06,12
875,2866,2026-11-07,12
875,2866,2026-11-08,12
875,2866,2026-11-09,12
875,2866,2026-11-10,12
875,2866,2026-11-11,12
875,2866,2026-11-12,7
875,2866,2026-11-13,11
875,2866,2026-11-14,11
875,2866,2026-11-15,12
875,2866,2026-11-16,11
875,2866,2026-11-17,12
875,2866,2026-11-18,12
875,2866,2026-11-19,12
875,2866,2026-11-20,12
875,2866,2026-11-21,12
875,2866,2026-11-22,12
875,2866,2026-11-23,10
875,2866,2026-11-24,12
875,2866,2026-11-25,12
875,2866,2026-11-26,10
875,2867,2026-10-27,99
875,2867,2026-10-28,94
875,2867,2026-10-29,100
875,2867,2026-10-30,100
875,2867,2026-10-31,98
875,2867,2026-11-01,94
875,2867,2026-11-02,97
875,2867,2026-11-03,96
875,2867,2026-11-04,100
875,2867,2026-11-05,100
875,2867,2026-11-06,99
875,2867,2026-11-07,100
875,2867,2026-11-08,90
875,2867,2026-11-09,100
875,2867,2026-11-10,63
875,2867,2026-11-11,60
875,2867,2026-11-12,62
875,2867,2026-11-13,95
875,2867,2026-11-14,79
875,2867,2026-11-15,100
875,2867,2026-11-16,92
875,2867,2026-11-17,92
875,2867,2026-11-18,100
875,2867,2026-11-19,100
875,2867,2026-11-20,99
875,2867,2026-11-21,87
875,2867,2026-11-22,100
875,2867,2026-11-23,88
875,2867,2026-11-24,31
875,2867,2026-11-25,37
875,2867,2026-11-26,62
875,2868,2026-10-27,32
875,2868,2026-10-28,9
875,2868,2026-10-29,28
875,2868,2026-10-30,23
875,2868,2026-10-31,14
875,2868,2026-11-01,23
875,2868,2026-11-02,20
875,2868,2026-11-03,21
875,2868,2026-11-04,25
875,2868,2026-11-05,30
875,2868,2026-11-06,14
875,2868,2026-11-07,2
875,2868,2026-11-08,21
875,2868,2026-11-09,6
875,2868,2026-11-10,23
875,2868,2026-11-11,3
875,2868,2026-11-12,14
875,2868,2026-11-13,1
875,2868,2026-11-14,0
875,2868,2026-11-15,3
875,2868,2026-11-16,9
875,2868,2026-11-17,7
875,2868,2026-11-18,10
875,2868,2026-11-19,9
875,2868,2026-11-20,9
875,2868,2026-11-21,9
875,2868,2026-11-22,12
875,2868,2026-11-23,0
875,2868,2026-11-24,0
875,2868,2026-11-25,0
875,2868,2026-11-26,0
875,2869,2026-10-27,30
875,2869,2026-10-28,30
875,2869,2026-10-29,30
875,2869,2026-10-30,30
875,2869,2026-10-31,30
875,2869,2026-11-01,30
875,2869,2026-11-02,30
875,2869,2026-11-03,30
875,2869,2026-11-04,30
875,2869,2026-11-05,30
875,2869,2026-11-06,30
875,2869,2026-11-07,30
875,2869,2026-11-08,30
875,2869,2026-11-09,30
875,2869,2026-11-10,30
875,2869,2026-11-11,30
875,2869,2026-11-12,30
875,2869,2026-11-13,30
875,2869,2026-11-14,30
875,2869,2026-11-15,30
875,2869,2026-11-16,30
875,2869,2026-11-17,30
875,2869,2026-11-18,30
875,2869,2026-11-19,30
875,2869,2026-11-20,30
875,2869,2026-11-21,30
875,2869,2026-11-22,30
875,2869,2026-11-23,30
875,2869,2026-11-24,30
875,2869,2026-11-25,30
875,2869,2026-11-26,30
875,2870,2026-10-27,36
875,2870,2026-10-28,36
875,2870,2026-10-29,35
875,2870,2026-10-30,35
875,2870,2026-10-31,36
875,2870,2026-11-01,36
875,2870,2026-11-02,36
875,2870,2026-11-03,36
875,2870,2026-11-04,33
875,2870,2026-11-05,36
875,2870,2026-11-06,36
875,2870,2026-11-07,32
875,2870,2026-11-08,35
875,2870,2026-11-09,36
875,2870,2026-11-10,0
875,2870,2026-11-11,34
875,2870,2026-11-12,8
875,2870,2026-11-13,32
875,2870,2026-11-14,25
875,2870,2026-11-15,32
875,2870,2026-11-16,31
875,2870,2026-11-17,36
875,2870,2026-11-18,28
875,2870,2026-11-19,28
875,2870,2026-11-20,34
875,2870,2026-11-21,26
875,2870,2026-11-22,32
875,2870,2026-11-23,29
875,2870,2026-11-24,0
875,2870,2026-11-25,27
875,2870,2026-11-26,36
875,2871,2026-10-27,22
875,2871,2026-10-28,16
875,2871,2026-10-29,19
875,2871,2026-10-30,2
875,2871,2026-10-31,17
875,2871,2026-11-01,18
875,2871,2026-11-02,24
875,2871,2026-11-03,19
875,2871,2026-11-04,18
875,2871,2026-11-05,24
875,2871,2026-11-06,16
875,2871,2026-11-07,5
875,2871,2026-11-08,0
875,2871,2026-11-09,2
875,2871,2026-11-10,14
875,2871,2026-11-11,7
875,2871,2026-11-12,0
875,2871,2026-11-13,1
875,2871,2026-11-14,0
875,2871,2026-11-15,4
875,2871,2026-11-16,11
875,2871,2026-11-17,0
875,2871,2026-11-18,1
875,2871,2026-11-19,1
875,2871,2026-11-20,1
875,2871,2026-11-21,0
875,2871,2026-11-22,12
875,2871,2026-11-23,5
875,2871,2026-11-24,0
875,2871,2026-11-25,1
875,2871,2026-11-26,0
875,2872,2026-10-27,80
875,2872,2026-10-28,79
875,2872,2026-10-29,74
875,2872,2026-10-30,80
875,2872,2026-10-31,80
875,2872,2026-11-01,80
875,2872,2026-11-02,76
875,2872,2026-11-03,77
875,2872,2026-11-04,80
875,2872,2026-11-05,78
875,2872,2026-11-06,76
875,2872,2026-11-07,79
875,2872,2026-11-08,78
875,2872,2026-11-09,70
875,2872,2026-11-10,80
875,2872,2026-11-11,24
875,2872,2026-11-12,65
875,2872,2026-11-13,57
875,2872,2026-11-14,79
875,2872,2026-11-15,76
875,2872,2026-11-16,76
875,2872,2026-11-17,71
875,2872,2026-11-18,72
875,2872,2026-11-19,78
875,2872,2026-11-20,80
875,2872,2026-11-21,77
875,2872,2026-11-22,68
875,2872,2026-11-23,39
875,2872,2026-11-24,71
875,2872,2026-11-25,42
875,2872,2026-11-26,76
875,2873,2026-10-27,26
875,2873,2026-10-28,32
875,2873,2026-10-29,7
875,2873,2026-10-30,28
875,2873,2026-10-31,27
875,2873,2026-11-01,13
875,2873,2026-11-02,21
875,2873,2026-11-03,24
875,2873,2026-11-04,29
875,2873,2026-11-05,25
875,2873,2026-11-06,13
875,2873,2026-11-07,13
875,2873,2026-11-08,8
875,2873,2026-11-09,25
875,2873,2026-11-10,12
875,2873,2026-11-11,23
875,2873,2026-11-12,5
875,2873,2026-11-13,1
875,2873,2026-11-14,5
875,2873,2026-11-15,19
875,2873,2026-11-16,3
875,2873,2026-11-17,5
875,2873,2026-11-18,2
875,2873,2026-11-19,13
875,2873,2026-11-20,10
875,2873,2026-11-21,1
875,2873,2026-11-22,1
875,2873,2026-11-23,12
875,2873,2026-11-24,13
875,2873,2026-11-25,10
875,2873,2026-11-26,8
875,2874,2026-10-27,12
875,2874,2026-10-28,12
875,2874,2026-10-29,12
875,2874,2026-10-30,12
875,2874,2026-10-31,12
875,2874,2026-11-01,12
875,2874,2026-11-02,12
875,2874,2026-11-03,12
875,2874,2026-11-04,12
875,2874,2026-11-05,12
875,2874,2026-11-06,12
875,2874,2026-11-07,12
875,2874,2026-11-08,12
875,2874,2026-11-09,12
875,2874,2026-11-10,12
875,2874,2026-11-11,12
875,2874,2026-11-12,12
875,2874,2026-11-13,12
875,2874,2026-11-14,12
875,2874,2026-11-15,12
875,2874,2026-11-16,12
875,2874,2026-11-17,12
875,2874,2026-11-18,12
875,2874,2026-11-19,12
875,2874,2026-11-20,12
875,2874,2026-11-21,12
875,2874,2026-11-22,12
875,2874,2026-11-23,12
875,2874,2026-11-24,12
875,2874,2026-11-25,12
875,2874,2026-11-26,12
875,2876,2026-10-27,20
875,2876,2026-10-28,20
875,2876,2026-10-29,20
875,2876,2026-10-30,20
875,2876,2026-10-31,18
875,2876,2026-11-01,18
875,2876,2026-11-02,20
875,2876,2026-11-03,20
875,2876,2026-11-04,20
875,2876,2026-11-05,20
875,2876,2026-11-06,20
875,2876,2026-11-07,20
875,2876,2026-11-08,20
875,2876,2026-11-09,20
875,2876,2026-11-10,20
875,2876,2026-11-11,20
875,2876,2026-11-12,20
875,2876,2026-11-13,20
875,2876,2026-11-14,20
875,2876,2026-11-15,20
875,2876,2026-11-16,20
875,2876,2026-11-17,20
875,2876,2026-11-18,20
875,2876,2026-11-19,20
875,2876,2026-11-20,20
875,2876,2026-11-21,20
875,2876,2026-11-22,20
875,2876,2026-11-23,20
875,2876,2026-11-24,20
875,2876,2026-11-25,20
875,2876,2026-11-26,20
875,2877,2026-10-27,40
875,2877,2026-10-28,40
875,2877,2026-10-29,40
875,2877,2026-10-30,40
875,2877,2026-10-31,40
875,2877,2026-11-01,40
875,2877,2026-11-02,40
875,2877,2026-11-03,38
875,2877,2026-11-04,40
875,2877,2026-11-05,40
875,2877,2026-11-06,36
875,2877,2026-11-07,40
875,2877,2026-11-08,40
875,2877,2026-11-09,38
875,2877,2026-11-10,40
875,2877,2026-11-11,40
875,2877,2026-11-12,36
875,2877,2026-11-13,40
875,2877,2026-11-14,40
875,2877,2026-11-15,40
875,2877,2026-11-16,40
875,2877,2026-11-17,40
875,2877,2026-11-18,40
875,2877,2026-11-19,40
875,2877,2026-11-20,40
875,2877,2026-11-21,38
875,2877,2026-11-22,40
875,2877,2026-11-23,40
875,2877,2026-11-24,40
875,2877,2026-11-25,38
875,2877,2026-11-26,40
875,2878,2026-10-27,12
875,2878,2026-10-28,12
875,2878,2026-10-29,12
875,2878,2026-10-30,12
875,2878,2026-10-31,12
875,2878,2026-11-01,12
875,2878,2026-11-02,12
875,2878,2026-11-03,12
875,2878,2026-11-04,12
875,2878,2026-11-05,12
875,2878,2026-11-06,12
875,2878,2026-11-07,12
875,2878,2026-11-08,12
875,2878,2026-11-09,12
875,2878,2026-11-10,12
875,2878,2026-11-11,12
875,2878,2026-11-12,12
875,2878,2026-11-13,12
875,2878,2026-11-14,12
875,2878,2026-11-15,12
875,2878,2026-11-16,12
875,2878,2026-11-17,8
875,2878,2026-11-18,12
875,2878,2026-11-19,12
875,2878,2026-11-20,12
875,2878,2026-11-21,0
875,2878,2026-11-22,12
875,2878,2026-11-23,12
875,2878,2026-11-24,12
875,2878,2026-11-25,12
875,2878,2026-11-26,12
875,2879,2026-10-27,38
875,2879,2026-10-28,40
875,2879,2026-10-29,40
875,2879,2026-10-30,40
875,2879,2026-10-31,40
875,2879,2026-11-01,40
875,2879,2026-11-02,36
875,2879,2026-11-03,30
875,2879,2026-11-04,36
875,2879,2026-11-05,40
875,2879,2026-11-06,38
875,2879,2026-11-07,40
875,2879,2026-11-08,38
875,2879,2026-11-09,36
875,2879,2026-11-10,40
875,2879,2026-11-11,27
875,2879,2026-11-12,11
875,2879,2026-11-13,35
875,2879,2026-11-14,33
875,2879,2026-11-15,35
875,2879,2026-11-16,38
875,2879,2026-11-17,40
875,2879,2026-11-18,40
875,2879,2026-11-19,38
875,2879,2026-11-20,40
875,2879,2026-11-21,40
875,2879,2026-11-22,36
875,2879,2026-11-23,38
875,2879,2026-11-24,38
875,2879,2026-11-25,36
875,2879,2026-11-26,40
875,2880,2026-10-27,14
875,2880,2026-10-28,14
875,2880,2026-10-29,14
875,2880,2026-10-30,12
875,2880,2026-10-31,14
875,2880,2026-11-01,14
875,2880,2026-11-02,6
875,2880,2026-11-03,11
875,2880,2026-11-04,12
875,2880,2026-11-05,6
875,2880,2026-11-06,14
875,2880,2026-11-07,10
875,2880,2026-11-08,14
875,2880,2026-11-09,14
875,2880,2026-11-10,12
875,2880,2026-11-11,10
875,2880,2026-11-12,12
875,2880,2026-11-13,14
875,2880,2026-11-14,14
875,2880,2026-11-15,12
875,2880,2026-11-16,14
875,2880,2026-11-17,12
875,2880,2026-11-18,12
875,2880,2026-11-19,14
875,2880,2026-11-20,14
875,2880,2026-11-21,14
875,2880,2026-11-22,14
875,2880,2026-11-23,11
875,2880,2026-11-24,12
875,2880,2026-11-25,14
875,2880,2026-11-26,14
875,2881,2026-10-27,30
875,2881,2026-10-28,30
875,2881,2026-10-29,30
875,2881,2026-10-30,30
875,2881,2026-10-31,30
875,2881,2026-11-01,30
875,2881,2026-11-02,30
875,2881,2026-11-03,30
875,2881,2026-11-04,30
875,2881,2026-11-05,30
875,2881,2026-11-06,30
875,2881,2026-11-07,30
875,2881,2026-11-08,30
875,2881,2026-11-09,30
875,2881,2026-11-10,30
875,2881,2026-11-11,30
875,2881,2026-11-12,30
875,2881,2026-11-13,30
875,2881,2026-11-14,30
875,2881,2026-11-15,30
875,2881,2026-11-16,30
875,2881,2026-11-17,30
875,2881,2026-11-18,30
875,2881,2026-11-19,30
875,2881,2026-11-20,30
875,2881,2026-11-21,30
875,2881,2026-11-22,30
875,2881,2026-11-23,30
875,2881,2026-11-24,30
875,2881,2026-11-25,30
875,2881,2026-11-26,30
875,2882,2026-10-27,20
875,2882,2026-10-28,20
875,2882,2026-10-29,20
875,2882,2026-10-30,20
875,2882,2026-10-31,20
875,2882,2026-11-01,20
875,2882,2026-11-02,20
875,2882,2026-11-03,18
875,2882,2026-11-04,20
875,2882,2026-11-05,20
875,2882,2026-11-06,20
875,2882,2026-11-07,20
875,2882,2026-11-08,20
875,2882,2026-11-09,20
875,2882,2026-11-10,18
875,2882,2026-11-11,20
875,2882,2026-11-12,18
875,2882,2026-11-13,20
875,2882,2026-11-14,20
875,2882,2026-11-15,19
875,2882,2026-11-16,20
875,2882,2026-11-17,20
875,2882,2026-11-18,20
875,2882,2026-11-19,20
875,2882,2026-11-20,20
875,2882,2026-11-21,18
875,2882,2026-11-22,20
875,2882,2026-11-23,20
875,2882,2026-11-24,18
875,2882,2026-11-25,20
875,2882,2026-11-26,20
875,2883,2026-10-27,38
875,2883,2026-10-28,40
875,2883,2026-10-29,40
875,2883,2026-10-30,40
875,2883,2026-10-31,40
875,2883,2026-11-01,40
875,2883,2026-11-02,40
875,2883,2026-11-03,40
875,2883,2026-11-04,36
875,2883,2026-11-05,36
875,2883,2026-11-06,40
875,2883,2026-11-07,40
875,2883,2026-11-08,34
875,2883,2026-11-09,38
875,2883,2026-11-10,40
875,2883,2026-11-11,40
875,2883,2026-11-12,38
875,2883,2026-11-13,0
875,2883,2026-11-14,40
875,2883,2026-11-15,40
875,2883,2026-11-16,36
875,2883,2026-11-17,38
875,2883,2026-11-18,40
875,2883,2026-11-19,40
875,2883,2026-11-20,40
875,2883,2026-11-21,40
875,2883,2026-11-22,34
875,2883,2026-11-23,34
875,2883,2026-11-24,40
875,2883,2026-11-25,40
875,2883,2026-11-26,35
875,2884,2026-10-27,20
875,2884,2026-10-28,20
875,2884,2026-10-29,20
875,2884,2026-10-30,20
875,2884,2026-10-31,20
875,2884,2026-11-01,20
875,2884,2026-11-02,18
875,2884,2026-11-03,20
875,2884,2026-11-04,20
875,2884,2026-11-05,20
875,2884,2026-11-06,20
875,2884,2026-11-07,18
875,2884,2026-11-08,20
875,2884,2026-11-09,20
875,2884,2026-11-10,16
875,2884,2026-11-11,20
875,2884,2026-11-12,20
875,2884,2026-11-13,16
875,2884,2026-11-14,20
875,2884,2026-11-15,20
875,2884,2026-11-16,20
875,2884,2026-11-17,20
875,2884,2026-11-18,20
875,2884,2026-11-19,20
875,2884,2026-11-20,20
875,2884,2026-11-21,20
875,2884,2026-11-22,20
875,2884,2026-11-23,20
875,2884,2026-11-24,18
875,2884,2026-11-25,16
875,2884,2026-11-26,20
875,2885,2026-10-27,10
875,2885,2026-10-28,10
875,2885,2026-10-29,10
875,2885,2026-10-30,10
875,2885,2026-10-31,10
875,2885,2026-11-01,10
875,2885,2026-11-02,10
875,2885,2026-11-03,10
875,2885,2026-11-04,10
875,2885,2026-11-05,9
875,2885,2026-11-06,10
875,2885,2026-11-07,10
875,2885,2026-11-08,10
875,2885,2026-11-09,10
875,2885,2026-11-10,10
875,2885,2026-11-11,10
875,2885,2026-11-12,10
875,2885,2026-11-13,10
875,2885,2026-11-14,10
875,2885,2026-11-15,10
875,2885,2026-11-16,10
875,2885,2026-11-17,10
875,2885,2026-11-18,9
875,2885,2026-11-19,10
875,2885,2026-11-20,10
875,2885,2026-11-21,0
875,2885,2026-11-22,10
875,2885,2026-11-23,10
875,2885,2026-11-24,10
875,2885,2026-11-25,10
875,2885,2026-11-26,10
875,2886,2026-10-27,40
875,2886,2026-10-28,40
875,2886,2026-10-29,40
875,2886,2026-10-30,40
875,2886,2026-10-31,40
875,2886,2026-11-01,40
875,2886,2026-11-02,40
875,2886,2026-11-03,40
875,2886,2026-11-04,40
875,2886,2026-11-05,40
875,2886,2026-11-06,40
875,2886,2026-11-07,40
875,2886,2026-11-08,40
875,2886,2026-11-09,40
875,2886,2026-11-10,40
875,2886,2026-11-11,40
875,2886,2026-11-12,40
875,2886,2026-11-13,38
875,2886,2026-11-14,40
875,2886,2026-11-15,40
875,2886,2026-11-16,39
875,2886,2026-11-17,37
875,2886,2026-11-18,40
875,2886,2026-11-19,40
875,2886,2026-11-20,40
875,2886,2026-11-21,40
875,2886,2026-11-22,40
875,2886,2026-11-23,38
875,2886,2026-11-24,40
875,2886,2026-11-25,40
875,2886,2026-11-26,40
875,2887,2026-10-27,20
875,2887,2026-10-28,11
875,2887,2026-10-29,12
875,2887,2026-10-30,18
875,2887,2026-10-31,20
875,2887,2026-11-01,14
875,2887,2026-11-02,17
875,2887,2026-11-03,20
875,2887,2026-11-04,16
875,2887,2026-11-05,18
875,2887,2026-11-06,20
875,2887,2026-11-07,14
875,2887,2026-11-08,12
875,2887,2026-11-09,12
875,2887,2026-11-10,15
875,2887,2026-11-11,11
875,2887,2026-11-12,13
875,2887,2026-11-13,5
875,2887,2026-11-14,10
875,2887,2026-11-15,10
875,2887,2026-11-16,16
875,2887,2026-11-17,13
875,2887,2026-11-18,12
875,2887,2026-11-19,12
875,2887,2026-11-20,1
875,2887,2026-11-21,5
875,2887,2026-11-22,5
875,2887,2026-11-23,9
875,2887,2026-11-24,1
875,2887,2026-11-25,0
875,2887,2026-11-26,9
875,2865,2027-01-25,6
875,2865,2027-01-26,6
875,2865,2027-01-27,6
875,2865,2027-01-28,6
875,2865,2027-01-29,6
875,2865,2027-01-30,6
875,2865,2027-01-31,6
875,2865,2027-02-01,6
875,2865,2027-02-02,6
875,2865,2027-02-03,6
875,2865,2027-02-04,4
875,2865,2027-02-05,6
875,2865,2027-02-06,6
875,2865,2027-02-07,6
875,2865,2027-02-08,6
875,2865,2027-02-09,6
875,2865,2027-02-10,6
875,2865,2027-02-11,6
875,2865,2027-02-12,4
875,2865,2027-02-13,4
875,2865,2027-02-14,6
875,2865,2027-02-15,6
875,2865,2027-02-16,6
875,2865,2027-02-17,6
875,2865,2027-02-18,6
875,2865,2027-02-19,6
875,2865,2027-02-20,6
875,2865,2027-02-21,6
875,2865,2027-02-22,2
875,2865,2027-02-23,6
875,2865,2027-02-24,6
875,2866,2027-01-25,12
875,2866,2027-01-26,12
875,2866,2027-01-27,11
875,2866,2027-01-28,5
875,2866,2027-01-29,7
875,2866,2027-01-30,12
875,2866,2027-01-31,10
875,2866,2027-02-01,12
875,2866,2027-02-02,12
875,2866,2027-02-03,12
875,2866,2027-02-04,12
875,2866,2027-02-05,12
875,2866,2027-02-06,8
875,2866,2027-02-07,10
875,2866,2027-02-08,12
875,2866,2027-02-09,12
875,2866,2027-02-10,11
875,2866,2027-02-11,12
875,2866,2027-02-12,12
875,2866,2027-02-13,8
875,2866,2027-02-14,8
875,2866,2027-02-15,10
875,2866,2027-02-16,12
875,2866,2027-02-17,11
875,2866,2027-02-18,12
875,2866,2027-02-19,8
875,2866,2027-02-20,12
875,2866,2027-02-21,12
875,2866,2027-02-22,12
875,2866,2027-02-23,12
875,2866,2027-02-24,10
875,2867,2027-01-25,95
875,2867,2027-01-26,93
875,2867,2027-01-27,89
875,2867,2027-01-28,98
875,2867,2027-01-29,72
875,2867,2027-01-30,98
875,2867,2027-01-31,91
875,2867,2027-02-01,98
875,2867,2027-02-02,90
875,2867,2027-02-03,74
875,2867,2027-02-04,85
875,2867,2027-02-05,63
875,2867,2027-02-06,63
875,2867,2027-02-07,59
875,2867,2027-02-08,83
875,2867,2027-02-09,75
875,2867,2027-02-10,81
875,2867,2027-02-11,98
875,2867,2027-02-12,96
875,2867,2027-02-13,78
875,2867,2027-02-14,89
875,2867,2027-02-15,61
875,2867,2027-02-16,50
875,2867,2027-02-17,45
875,2867,2027-02-18,98
875,2867,2027-02-19,89
875,2867,2027-02-20,78
875,2867,2027-02-21,78
875,2867,2027-02-22,100
875,2867,2027-02-23,75
875,2867,2027-02-24,46
875,2868,2027-01-25,0
875,2868,2027-01-26,0
875,2868,2027-01-27,1
875,2868,2027-01-28,1
875,2868,2027-01-29,0
875,2868,2027-01-30,1
875,2868,2027-01-31,1
875,2868,2027-02-01,1
875,2868,2027-02-02,0
875,2868,2027-02-03,1
875,2868,2027-02-04,1
875,2868,2027-02-05,1
875,2868,2027-02-06,1
875,2868,2027-02-07,0
875,2868,2027-02-08,0
875,2868,2027-02-09,0
875,2868,2027-02-10,3
875,2868,2027-02-11,4
875,2868,2027-02-12,4
875,2868,2027-02-13,0
875,2868,2027-02-14,1
875,2868,2027-02-15,0
875,2868,2027-02-16,7
875,2868,2027-02-17,0
875,2868,2027-02-18,2
875,2868,2027-02-19,0
875,2868,2027-02-20,0
875,2868,2027-02-21,1
875,2868,2027-02-22,0
875,2868,2027-02-23,0
875,2868,2027-02-24,0
875,2869,2027-01-25,30
875,2869,2027-01-26,30
875,2869,2027-01-27,30
875,2869,2027-01-28,30
875,2869,2027-01-29,30
875,2869,2027-01-30,30
875,2869,2027-01-31,30
875,2869,2027-02-01,30
875,2869,2027-02-02,30
875,2869,2027-02-03,30
875,2869,2027-02-04,30
875,2869,2027-02-05,30
875,2869,2027-02-06,30
875,2869,2027-02-07,30
875,2869,2027-02-08,30
875,2869,2027-02-09,30
875,2869,2027-02-10,30
875,2869,2027-02-11,30
875,2869,2027-02-12,30
875,2869,2027-02-13,30
875,2869,2027-02-14,30
875,2869,2027-02-15,30
875,2869,2027-02-16,29
875,2869,2027-02-17,30
875,2869,2027-02-18,29
875,2869,2027-02-19,30
875,2869,2027-02-20,30
875,2869,2027-02-21,30
875,2869,2027-02-22,5
875,2869,2027-02-23,30
875,2869,2027-02-24,30
875,2870,2027-01-25,3
875,2870,2027-01-26,34
875,2870,2027-01-27,29
875,2870,2027-01-28,28
875,2870,2027-01-29,34
875,2870,2027-01-30,17
875,2870,2027-01-31,15
875,2870,2027-02-01,7
875,2870,2027-02-02,34
875,2870,2027-02-03,28
875,2870,2027-02-04,36
875,2870,2027-02-05,17
875,2870,2027-02-06,25
875,2870,2027-02-07,1
875,2870,2027-02-08,20
875,2870,2027-02-09,30
875,2870,2027-02-10,36
875,2870,2027-02-11,11
875,2870,2027-02-12,32
875,2870,2027-02-13,30
875,2870,2027-02-14,34
875,2870,2027-02-15,33
875,2870,2027-02-16,33
875,2870,2027-02-17,13
875,2870,2027-02-18,34
875,2870,2027-02-19,30
875,2870,2027-02-20,30
875,2870,2027-02-21,36
875,2870,2027-02-22,32
875,2870,2027-02-23,13
875,2870,2027-02-24,4
875,2871,2027-01-25,1
875,2871,2027-01-26,0
875,2871,2027-01-27,0
875,2871,2027-01-28,0
875,2871,2027-01-29,0
875,2871,2027-01-30,0
875,2871,2027-01-31,1
875,2871,2027-02-01,0
875,2871,2027-02-02,1
875,2871,2027-02-03,1
875,2871,2027-02-04,1
875,2871,2027-02-05,1
875,2871,2027-02-06,0
875,2871,2027-02-07,0
875,2871,2027-02-08,0
875,2871,2027-02-09,0
875,2871,2027-02-10,0
875,2871,2027-02-11,0
875,2871,2027-02-12,1
875,2871,2027-02-13,0
875,2871,2027-02-14,0
875,2871,2027-02-15,0
875,2871,2027-02-16,0
875,2871,2027-02-17,0
875,2871,2027-02-18,0
875,2871,2027-02-19,0
875,2871,2027-02-20,1
875,2871,2027-02-21,1
875,2871,2027-02-22,1
875,2871,2027-02-23,1
875,2871,2027-02-24,0
875,2872,2027-01-25,75
875,2872,2027-01-26,68
875,2872,2027-01-27,64
875,2872,2027-01-28,74
875,2872,2027-01-29,73
875,2872,2027-01-30,63
875,2872,2027-01-31,76
875,2872,2027-02-01,72
875,2872,2027-02-02,55
875,2872,2027-02-03,80
875,2872,2027-02-04,73
875,2872,2027-02-05,63
875,2872,2027-02-06,17
875,2872,2027-02-07,61
875,2872,2027-02-08,71
875,2872,2027-02-09,72
875,2872,2027-02-10,55
875,2872,2027-02-11,78
875,2872,2027-02-12,64
875,2872,2027-02-13,76
875,2872,2027-02-14,72
875,2872,2027-02-15,77
875,2872,2027-02-16,60
875,2872,2027-02-17,80
875,2872,2027-02-18,76
875,2872,2027-02-19,78
875,2872,2027-02-20,80
875,2872,2027-02-21,80
875,2872,2027-02-22,38
875,2872,2027-02-23,51
875,2872,2027-02-24,33
875,2873,2027-01-25,0
875,2873,2027-01-26,0
875,2873,2027-01-27,0
875,2873,2027-01-28,0
875,2873,2027-01-29,0
875,2873,2027-01-30,0
875,2873,2027-01-31,0
875,2873,2027-02-01,0
875,2873,2027-02-02,1
875,2873,2027-02-03,1
875,2873,2027-02-04,2
875,2873,2027-02-05,7
875,2873,2027-02-06,1
875,2873,2027-02-07,1
875,2873,2027-02-08,1
875,2873,2027-02-09,3
875,2873,2027-02-10,0
875,2873,2027-02-11,1
875,2873,2027-02-12,0
875,2873,2027-02-13,0
875,2873,2027-02-14,1
875,2873,2027-02-15,1
875,2873,2027-02-16,0
875,2873,2027-02-17,0
875,2873,2027-02-18,10
875,2873,2027-02-19,4
875,2873,2027-02-20,0
875,2873,2027-02-21,2
875,2873,2027-02-22,1
875,2873,2027-02-23,4
875,2873,2027-02-24,0
875,2874,2027-01-25,11
875,2874,2027-01-26,12
875,2874,2027-01-27,12
875,2874,2027-01-28,12
875,2874,2027-01-29,12
875,2874,2027-01-30,12
875,2874,2027-01-31,12
875,2874,2027-02-01,12
875,2874,2027-02-02,12
875,2874,2027-02-03,12
875,2874,2027-02-04,12
875,2874,2027-02-05,12
875,2874,2027-02-06,12
875,2874,2027-02-07,12
875,2874,2027-02-08,12
875,2874,2027-02-09,12
875,2874,2027-02-10,12
875,2874,2027-02-11,12
875,2874,2027-02-12,12
875,2874,2027-02-13,12
875,2874,2027-02-14,12
875,2874,2027-02-15,12
875,2874,2027-02-16,12
875,2874,2027-02-17,12
875,2874,2027-02-18,12
875,2874,2027-02-19,12
875,2874,2027-02-20,12
875,2874,2027-02-21,12
875,2874,2027-02-22,12
875,2874,2027-02-23,12
875,2874,2027-02-24,12
875,2876,2027-01-25,20
875,2876,2027-01-26,20
875,2876,2027-01-27,20
875,2876,2027-01-28,20
875,2876,2027-01-29,20
875,2876,2027-01-30,20
875,2876,2027-01-31,20
875,2876,2027-02-01,20
875,2876,2027-02-02,20
875,2876,2027-02-03,20
875,2876,2027-02-04,20
875,2876,2027-02-05,20
875,2876,2027-02-06,20
875,2876,2027-02-07,20
875,2876,2027-02-08,20
875,2876,2027-02-09,20
875,2876,2027-02-10,20
875,2876,2027-02-11,18
875,2876,2027-02-12,20
875,2876,2027-02-13,20
875,2876,2027-02-14,20
875,2876,2027-02-15,20
875,2876,2027-02-16,20
875,2876,2027-02-17,20
875,2876,2027-02-18,12
875,2876,2027-02-19,20
875,2876,2027-02-20,20
875,2876,2027-02-21,20
875,2876,2027-02-22,20
875,2876,2027-02-23,20
875,2876,2027-02-24,20
875,2877,2027-01-25,40
875,2877,2027-01-26,40
875,2877,2027-01-27,40
875,2877,2027-01-28,39
875,2877,2027-01-29,33
875,2877,2027-01-30,38
875,2877,2027-01-31,40
875,2877,2027-02-01,36
875,2877,2027-02-02,40
875,2877,2027-02-03,40
875,2877,2027-02-04,22
875,2877,2027-02-05,40
875,2877,2027-02-06,40
875,2877,2027-02-07,24
875,2877,2027-02-08,37
875,2877,2027-02-09,40
875,2877,2027-02-10,40
875,2877,2027-02-11,38
875,2877,2027-02-12,40
875,2877,2027-02-13,40
875,2877,2027-02-14,40
875,2877,2027-02-15,40
875,2877,2027-02-16,32
875,2877,2027-02-17,40
875,2877,2027-02-18,32
875,2877,2027-02-19,40
875,2877,2027-02-20,38
875,2877,2027-02-21,38
875,2877,2027-02-22,39
875,2877,2027-02-23,35
875,2877,2027-02-24,36
875,2878,2027-01-25,12
875,2878,2027-01-26,12
875,2878,2027-01-27,12
875,2878,2027-01-28,12
875,2878,2027-01-29,12
875,2878,2027-01-30,12
875,2878,2027-01-31,12
875,2878,2027-02-01,12
875,2878,2027-02-02,12
875,2878,2027-02-03,12
875,2878,2027-02-04,12
875,2878,2027-02-05,4
875,2878,2027-02-06,12
875,2878,2027-02-07,12
875,2878,2027-02-08,12
875,2878,2027-02-09,12
875,2878,2027-02-10,12
875,2878,2027-02-11,12
875,2878,2027-02-12,12
875,2878,2027-02-13,12
875,2878,2027-02-14,12
875,2878,2027-02-15,12
875,2878,2027-02-16,12
875,2878,2027-02-17,12
875,2878,2027-02-18,12
875,2878,2027-02-19,12
875,2878,2027-02-20,11
875,2878,2027-02-21,12
875,2878,2027-02-22,12
875,2878,2027-02-23,12
875,2878,2027-02-24,12
875,2879,2027-01-25,38
875,2879,2027-01-26,25
875,2879,2027-01-27,28
875,2879,2027-01-28,40
875,2879,2027-01-29,38
875,2879,2027-01-30,31
875,2879,2027-01-31,34
875,2879,2027-02-01,40
875,2879,2027-02-02,29
875,2879,2027-02-03,34
875,2879,2027-02-04,36
875,2879,2027-02-05,39
875,2879,2027-02-06,27
875,2879,2027-02-07,24
875,2879,2027-02-08,38
875,2879,2027-02-09,30
875,2879,2027-02-10,33
875,2879,2027-02-11,40
875,2879,2027-02-12,36
875,2879,2027-02-13,24
875,2879,2027-02-14,36
875,2879,2027-02-15,34
875,2879,2027-02-16,40
875,2879,2027-02-17,36
875,2879,2027-02-18,40
875,2879,2027-02-19,24
875,2879,2027-02-20,26
875,2879,2027-02-21,37
875,2879,2027-02-22,39
875,2879,2027-02-23,29
875,2879,2027-02-24,38
875,2880,2027-01-25,12
875,2880,2027-01-26,8
875,2880,2027-01-27,14
875,2880,2027-01-28,12
875,2880,2027-01-29,14
875,2880,2027-01-30,10
875,2880,2027-01-31,14
875,2880,2027-02-01,8
875,2880,2027-02-02,14
875,2880,2027-02-03,14
875,2880,2027-02-04,11
875,2880,2027-02-05,7
875,2880,2027-02-06,7
875,2880,2027-02-07,14
875,2880,2027-02-08,12
875,2880,2027-02-09,14
875,2880,2027-02-10,14
875,2880,2027-02-11,12
875,2880,2027-02-12,12
875,2880,2027-02-13,14
875,2880,2027-02-14,13
875,2880,2027-02-15,14
875,2880,2027-02-16,10
875,2880,2027-02-17,11
875,2880,2027-02-18,14
875,2880,2027-02-19,6
875,2880,2027-02-20,10
875,2880,2027-02-21,1
875,2880,2027-02-22,10
875,2880,2027-02-23,12
875,2880,2027-02-24,14
875,2881,2027-01-25,30
875,2881,2027-01-26,30
875,2881,2027-01-27,30
875,2881,2027-01-28,30
875,2881,2027-01-29,30
875,2881,2027-01-30,30
875,2881,2027-01-31,30
875,2881,2027-02-01,30
875,2881,2027-02-02,30
875,2881,2027-02-03,30
875,2881,2027-02-04,30
875,2881,2027-02-05,28
875,2881,2027-02-06,30
875,2881,2027-02-07,30
875,2881,2027-02-08,30
875,2881,2027-02-09,30
875,2881,2027-02-10,30
875,2881,2027-02-11,30
875,2881,2027-02-12,30
875,2881,2027-02-13,30
875,2881,2027-02-14,30
875,2881,2027-02-15,30
875,2881,2027-02-16,30
875,2881,2027-02-17,30
875,2881,2027-02-18,30
875,2881,2027-02-19,30
875,2881,2027-02-20,30
875,2881,2027-02-21,30
875,2881,2027-02-22,30
875,2881,2027-02-23,30
875,2881,2027-02-24,30
875,2882,2027-01-25,20
875,2882,2027-01-26,20
875,2882,2027-01-27,20
875,2882,2027-01-28,20
875,2882,2027-01-29,20
875,2882,2027-01-30,18
875,2882,2027-01-31,20
875,2882,2027-02-01,20
875,2882,2027-02-02,20
875,2882,2027-02-03,16
875,2882,2027-02-04,20
875,2882,2027-02-05,18
875,2882,2027-02-06,20
875,2882,2027-02-07,20
875,2882,2027-02-08,20
875,2882,2027-02-09,20
875,2882,2027-02-10,20
875,2882,2027-02-11,20
875,2882,2027-02-12,20
875,2882,2027-02-13,18
875,2882,2027-02-14,18
875,2882,2027-02-15,20
875,2882,2027-02-16,20
875,2882,2027-02-17,20
875,2882,2027-02-18,20
875,2882,2027-02-19,20
875,2882,2027-02-20,16
875,2882,2027-02-21,15
875,2882,2027-02-22,20
875,2882,2027-02-23,18
875,2882,2027-02-24,20
875,2883,2027-01-25,40
875,2883,2027-01-26,32
875,2883,2027-01-27,38
875,2883,2027-01-28,40
875,2883,2027-01-29,38
875,2883,2027-01-30,38
875,2883,2027-01-31,38
875,2883,2027-02-01,40
875,2883,2027-02-02,36
875,2883,2027-02-03,40
875,2883,2027-02-04,37
875,2883,2027-02-05,40
875,2883,2027-02-06,20
875,2883,2027-02-07,33
875,2883,2027-02-08,25
875,2883,2027-02-09,40
875,2883,2027-02-10,38
875,2883,2027-02-11,34
875,2883,2027-02-12,40
875,2883,2027-02-13,38
875,2883,2027-02-14,38
875,2883,2027-02-15,38
875,2883,2027-02-16,38
875,2883,2027-02-17,40
875,2883,2027-02-18,27
875,2883,2027-02-19,37
875,2883,2027-02-20,40
875,2883,2027-02-21,40
875,2883,2027-02-22,39
875,2883,2027-02-23,40
875,2883,2027-02-24,37
875,2884,2027-01-25,20
875,2884,2027-01-26,18
875,2884,2027-01-27,20
875,2884,2027-01-28,14
875,2884,2027-01-29,20
875,2884,2027-01-30,20
875,2884,2027-01-31,20
875,2884,2027-02-01,20
875,2884,2027-02-02,20
875,2884,2027-02-03,20
875,2884,2027-02-04,20
875,2884,2027-02-05,16
875,2884,2027-02-06,14
875,2884,2027-02-07,12
875,2884,2027-02-08,20
875,2884,2027-02-09,20
875,2884,2027-02-10,18
875,2884,2027-02-11,19
875,2884,2027-02-12,20
875,2884,2027-02-13,20
875,2884,2027-02-14,20
875,2884,2027-02-15,20
875,2884,2027-02-16,20
875,2884,2027-02-17,12
875,2884,2027-02-18,20
875,2884,2027-02-19,20
875,2884,2027-02-20,20
875,2884,2027-02-21,20
875,2884,2027-02-22,18
875,2884,2027-02-23,19
875,2884,2027-02-24,20
875,2885,2027-01-25,2
875,2885,2027-01-26,10
875,2885,2027-01-27,6
875,2885,2027-01-28,10
875,2885,2027-01-29,8
875,2885,2027-01-30,10
875,2885,2027-01-31,10
875,2885,2027-02-01,10
875,2885,2027-02-02,10
875,2885,2027-02-03,10
875,2885,2027-02-04,10
875,2885,2027-02-05,10
875,2885,2027-02-06,10
875,2885,2027-02-07,10
875,2885,2027-02-08,10
875,2885,2027-02-09,10
875,2885,2027-02-10,10
875,2885,2027-02-11,10
875,2885,2027-02-12,10
875,2885,2027-02-13,10
875,2885,2027-02-14,10
875,2885,2027-02-15,10
875,2885,2027-02-16,10
875,2885,2027-02-17,10
875,2885,2027-02-18,10
875,2885,2027-02-19,10
875,2885,2027-02-20,10
875,2885,2027-02-21,10
875,2885,2027-02-22,10
875,2885,2027-02-23,10
875,2885,2027-02-24,10
875,2886,2027-01-25,34
875,2886,2027-01-26,40
875,2886,2027-01-27,36
875,2886,2027-01-28,40
875,2886,2027-01-29,38
875,2886,2027-01-30,40
875,2886,2027-01-31,40
875,2886,2027-02-01,40
875,2886,2027-02-02,40
875,2886,2027-02-03,40
875,2886,2027-02-04,37
875,2886,2027-02-05,40
875,2886,2027-02-06,35
875,2886,2027-02-07,40
875,2886,2027-02-08,40
875,2886,2027-02-09,38
875,2886,2027-02-10,40
875,2886,2027-02-11,38
875,2886,2027-02-12,34
875,2886,2027-02-13,40
875,2886,2027-02-14,39
875,2886,2027-02-15,40
875,2886,2027-02-16,40
875,2886,2027-02-17,38
875,2886,2027-02-18,40
875,2886,2027-02-19,31
875,2886,2027-02-20,40
875,2886,2027-02-21,40
875,2886,2027-02-22,40
875,2886,2027-02-23,40
875,2886,2027-02-24,36
875,2887,2027-01-25,16
875,2887,2027-01-26,16
875,2887,2027-01-27,0
875,2887,2027-01-28,0
875,2887,2027-01-29,11
875,2887,2027-01-30,0
875,2887,2027-01-31,4
875,2887,2027-02-01,9
875,2887,2027-02-02,0
875,2887,2027-02-03,9
875,2887,2027-02-04,12
875,2887,2027-02-05,2
875,2887,2027-02-06,7
875,2887,2027-02-07,0
875,2887,2027-02-08,4
875,2887,2027-02-09,13
875,2887,2027-02-10,11
875,2887,2027-02-11,5
875,2887,2027-02-12,4
875,2887,2027-02-13,5
875,2887,2027-02-14,1
875,2887,2027-02-15,5
875,2887,2027-02-16,5
875,2887,2027-02-17,6
875,2887,2027-02-18,3
875,2887,2027-02-19,8
875,2887,2027-02-20,6
875,2887,2027-02-21,11
875,2887,2027-02-22,14
875,2887,2027-02-23,6
875,2887,2027-02-24,3
875,2865,2027-02-24,6
875,2865,2027-02-25,6
875,2865,2027-02-26,6
875,2865,2027-02-27,6
875,2865,2027-02-28,6
875,2865,2027-03-01,6
875,2865,2027-03-02,6
875,2865,2027-03-03,6
875,2865,2027-03-04,4
875,2865,2027-03-05,6
875,2865,2027-03-06,6
875,2865,2027-03-07,6
875,2865,2027-03-08,6
875,2865,2027-03-09,6
875,2865,2027-03-10,6
875,2865,2027-03-11,6
875,2865,2027-03-12,6
875,2865,2027-03-13,6
875,2865,2027-03-14,6
875,2865,2027-03-15,6
875,2865,2027-03-16,6
875,2865,2027-03-17,6
875,2865,2027-03-18,6
875,2865,2027-03-19,6
875,2865,2027-03-20,6
875,2865,2027-03-21,6
875,2865,2027-03-22,6
875,2865,2027-03-23,6
875,2865,2027-03-24,6
875,2865,2027-03-25,6
875,2865,2027-03-26,6
875,2866,2027-02-24,10
875,2866,2027-02-25,10
875,2866,2027-02-26,10
875,2866,2027-02-27,12
875,2866,2027-02-28,12
875,2866,2027-03-01,12
875,2866,2027-03-02,12
875,2866,2027-03-03,12
875,2866,2027-03-04,9
875,2866,2027-03-05,10
875,2866,2027-03-06,12
875,2866,2027-03-07,12
875,2866,2027-03-08,12
875,2866,2027-03-09,12
875,2866,2027-03-10,12
875,2866,2027-03-11,12
875,2866,2027-03-12,12
875,2866,2027-03-13,12
875,2866,2027-03-14,12
875,2866,2027-03-15,12
875,2866,2027-03-16,12
875,2866,2027-03-17,12
875,2866,2027-03-18,12
875,2866,2027-03-19,10
875,2866,2027-03-20,12
875,2866,2027-03-21,10
875,2866,2027-03-22,12
875,2866,2027-03-23,12
875,2866,2027-03-24,12
875,2866,2027-03-25,12
875,2866,2027-03-26,12
875,2867,2027-02-24,46
875,2867,2027-02-25,35
875,2867,2027-02-26,72
875,2867,2027-02-27,66
875,2867,2027-02-28,88
875,2867,2027-03-01,100
875,2867,2027-03-02,100
875,2867,2027-03-03,100
875,2867,2027-03-04,71
875,2867,2027-03-05,74
875,2867,2027-03-06,93
875,2867,2027-03-07,77
875,2867,2027-03-08,76
875,2867,2027-03-09,94
875,2867,2027-03-10,81
875,2867,2027-03-11,79
875,2867,2027-03-12,100
875,2867,2027-03-13,76
875,2867,2027-03-14,82
875,2867,2027-03-15,98
875,2867,2027-03-16,100
875,2867,2027-03-17,80
875,2867,2027-03-18,65
875,2867,2027-03-19,82
875,2867,2027-03-20,100
875,2867,2027-03-21,71
875,2867,2027-03-22,80
875,2867,2027-03-23,96
875,2867,2027-03-24,100
875,2867,2027-03-25,100
875,2867,2027-03-26,58
875,2868,2027-02-24,0
875,2868,2027-02-25,1
875,2868,2027-02-26,1
875,2868,2027-02-27,1
875,2868,2027-02-28,1
875,2868,2027-03-01,0
875,2868,2027-03-02,0
875,2868,2027-03-03,0
875,2868,2027-03-04,0
875,2868,2027-03-05,0
875,2868,2027-03-06,1
875,2868,2027-03-07,1
875,2868,2027-03-08,0
875,2868,2027-03-09,0
875,2868,2027-03-10,1
875,2868,2027-03-11,8
875,2868,2027-03-12,0
875,2868,2027-03-13,1
875,2868,2027-03-14,0
875,2868,2027-03-15,1
875,2868,2027-03-16,4
875,2868,2027-03-17,6
875,2868,2027-03-18,0
875,2868,2027-03-19,0
875,2868,2027-03-20,2
875,2868,2027-03-21,0
875,2868,2027-03-22,1
875,2868,2027-03-23,0
875,2868,2027-03-24,0
875,2868,2027-03-25,0
875,2868,2027-03-26,0
875,2869,2027-02-24,30
875,2869,2027-02-25,30
875,2869,2027-02-26,30
875,2869,2027-02-27,30
875,2869,2027-02-28,30
875,2869,2027-03-01,30
875,2869,2027-03-02,30
875,2869,2027-03-03,30
875,2869,2027-03-04,30
875,2869,2027-03-05,30
875,2869,2027-03-06,30
875,2869,2027-03-07,30
875,2869,2027-03-08,30
875,2869,2027-03-09,30
875,2869,2027-03-10,30
875,2869,2027-03-11,30
875,2869,2027-03-12,30
875,2869,2027-03-13,30
875,2869,2027-03-14,30
875,2869,2027-03-15,30
875,2869,2027-03-16,30
875,2869,2027-03-17,30
875,2869,2027-03-18,30
875,2869,2027-03-19,30
875,2869,2027-03-20,30
875,2869,2027-03-21,27
875,2869,2027-03-22,30
875,2869,2027-03-23,30
875,2869,2027-03-24,30
875,2869,2027-03-25,30
875,2869,2027-03-26,30
875,2870,2027-02-24,4
875,2870,2027-02-25,34
875,2870,2027-02-26,36
875,2870,2027-02-27,20
875,2870,2027-02-28,25
875,2870,2027-03-01,36
875,2870,2027-03-02,30
875,2870,2027-03-03,33
875,2870,2027-03-04,26
875,2870,2027-03-05,29
875,2870,2027-03-06,23
875,2870,2027-03-07,32
875,2870,2027-03-08,31
875,2870,2027-03-09,33
875,2870,2027-03-10,30
875,2870,2027-03-11,26
875,2870,2027-03-12,31
875,2870,2027-03-13,29
875,2870,2027-03-14,36
875,2870,2027-03-15,30
875,2870,2027-03-16,30
875,2870,2027-03-17,34
875,2870,2027-03-18,36
875,2870,2027-03-19,23
875,2870,2027-03-20,32
875,2870,2027-03-21,28
875,2870,2027-03-22,34
875,2870,2027-03-23,22
875,2870,2027-03-24,36
875,2870,2027-03-25,30
875,2870,2027-03-26,8
875,2871,2027-02-24,0
875,2871,2027-02-25,0
875,2871,2027-02-26,1
875,2871,2027-02-27,5
875,2871,2027-02-28,0
875,2871,2027-03-01,0
875,2871,2027-03-02,1
875,2871,2027-03-03,1
875,2871,2027-03-04,0
875,2871,2027-03-05,1
875,2871,2027-03-06,1
875,2871,2027-03-07,0
875,2871,2027-03-08,0
875,2871,2027-03-09,0
875,2871,2027-03-10,1
875,2871,2027-03-11,0
875,2871,2027-03-12,0
875,2871,2027-03-13,1
875,2871,2027-03-14,0
875,2871,2027-03-15,0
875,2871,2027-03-16,1
875,2871,2027-03-17,0
875,2871,2027-03-18,0
875,2871,2027-03-19,0
875,2871,2027-03-20,0
875,2871,2027-03-21,0
875,2871,2027-03-22,0
875,2871,2027-03-23,0
875,2871,2027-03-24,1
875,2871,2027-03-25,0
875,2871,2027-03-26,1
875,2872,2027-02-24,33
875,2872,2027-02-25,35
875,2872,2027-02-26,62
875,2872,2027-02-27,60
875,2872,2027-02-28,80
875,2872,2027-03-01,74
875,2872,2027-03-02,77
875,2872,2027-03-03,75
875,2872,2027-03-04,80
875,2872,2027-03-05,71
875,2872,2027-03-06,71
875,2872,2027-03-07,73
875,2872,2027-03-08,80
875,2872,2027-03-09,72
875,2872,2027-03-10,74
875,2872,2027-03-11,80
875,2872,2027-03-12,75
875,2872,2027-03-13,80
875,2872,2027-03-14,74
875,2872,2027-03-15,80
875,2872,2027-03-16,78
875,2872,2027-03-17,80
875,2872,2027-03-18,74
875,2872,2027-03-19,79
875,2872,2027-03-20,70
875,2872,2027-03-21,80
875,2872,2027-03-22,68
875,2872,2027-03-23,76
875,2872,2027-03-24,80
875,2872,2027-03-25,74
875,2872,2027-03-26,77
875,2873,2027-02-24,0
875,2873,2027-02-25,1
875,2873,2027-02-26,10
875,2873,2027-02-27,1
875,2873,2027-02-28,4
875,2873,2027-03-01,0
875,2873,2027-03-02,5
875,2873,2027-03-03,0
875,2873,2027-03-04,3
875,2873,2027-03-05,4
875,2873,2027-03-06,0
875,2873,2027-03-07,2
875,2873,2027-03-08,3
875,2873,2027-03-09,0
875,2873,2027-03-10,14
875,2873,2027-03-11,1
875,2873,2027-03-12,0
875,2873,2027-03-13,5
875,2873,2027-03-14,10
875,2873,2027-03-15,1
875,2873,2027-03-16,12
875,2873,2027-03-17,6
875,2873,2027-03-18,1
875,2873,2027-03-19,0
875,2873,2027-03-20,0
875,2873,2027-03-21,3
875,2873,2027-03-22,8
875,2873,2027-03-23,4
875,2873,2027-03-24,2
875,2873,2027-03-25,14
875,2873,2027-03-26,0
875,2874,2027-02-24,12
875,2874,2027-02-25,12
875,2874,2027-02-26,12
875,2874,2027-02-27,12
875,2874,2027-02-28,12
875,2874,2027-03-01,12
875,2874,2027-03-02,12
875,2874,2027-03-03,12
875,2874,2027-03-04,12
875,2874,2027-03-05,12
875,2874,2027-03-06,12
875,2874,2027-03-07,12
875,2874,2027-03-08,12
875,2874,2027-03-09,12
875,2874,2027-03-10,12
875,2874,2027-03-11,12
875,2874,2027-03-12,12
875,2874,2027-03-13,12
875,2874,2027-03-14,12
875,2874,2027-03-15,12
875,2874,2027-03-16,12
875,2874,2027-03-17,12
875,2874,2027-03-18,12
875,2874,2027-03-19,12
875,2874,2027-03-20,12
875,2874,2027-03-21,12
875,2874,2027-03-22,12
875,2874,2027-03-23,12
875,2874,2027-03-24,12
875,2874,2027-03-25,12
875,2874,2027-03-26,12
875,2876,2027-02-24,20
875,2876,2027-02-25,20
875,2876,2027-02-26,20
875,2876,2027-02-27,20
875,2876,2027-02-28,20
875,2876,2027-03-01,20
875,2876,2027-03-02,20
875,2876,2027-03-03,20
875,2876,2027-03-04,20
875,2876,2027-03-05,20
875,2876,2027-03-06,20
875,2876,2027-03-07,20
875,2876,2027-03-08,18
875,2876,2027-03-09,20
875,2876,2027-03-10,20
875,2876,2027-03-11,20
875,2876,2027-03-12,20
875,2876,2027-03-13,20
875,2876,2027-03-14,20
875,2876,2027-03-15,20
875,2876,2027-03-16,20
875,2876,2027-03-17,20
875,2876,2027-03-18,20
875,2876,2027-03-19,20
875,2876,2027-03-20,20
875,2876,2027-03-21,20
875,2876,2027-03-22,20
875,2876,2027-03-23,20
875,2876,2027-03-24,20
875,2876,2027-03-25,20
875,2876,2027-03-26,20
875,2877,2027-02-24,36
875,2877,2027-02-25,38
875,2877,2027-02-26,40
875,2877,2027-02-27,40
875,2877,2027-02-28,40
875,2877,2027-03-01,40
875,2877,2027-03-02,40
875,2877,2027-03-03,36
875,2877,2027-03-04,40
875,2877,2027-03-05,40
875,2877,2027-03-06,40
875,2877,2027-03-07,40
875,2877,2027-03-08,40
875,2877,2027-03-09,39
875,2877,2027-03-10,40
875,2877,2027-03-11,40
875,2877,2027-03-12,40
875,2877,2027-03-13,40
875,2877,2027-03-14,34
875,2877,2027-03-15,40
875,2877,2027-03-16,40
875,2877,2027-03-17,40
875,2877,2027-03-18,40
875,2877,2027-03-19,40
875,2877,2027-03-20,38
875,2877,2027-03-21,40
875,2877,2027-03-22,38
875,2877,2027-03-23,40
875,2877,2027-03-24,35
875,2877,2027-03-25,40
875,2877,2027-03-26,38
875,2878,2027-02-24,12
875,2878,2027-02-25,12
875,2878,2027-02-26,12
875,2878,2027-02-27,12
875,2878,2027-02-28,12
875,2878,2027-03-01,12
875,2878,2027-03-02,12
875,2878,2027-03-03,12
875,2878,2027-03-04,12
875,2878,2027-03-05,12
875,2878,2027-03-06,9
875,2878,2027-03-07,12
875,2878,2027-03-08,12
875,2878,2027-03-09,12
875,2878,2027-03-10,12
875,2878,2027-03-11,12
875,2878,2027-03-12,12
875,2878,2027-03-13,12
875,2878,2027-03-14,12
875,2878,2027-03-15,12
875,2878,2027-03-16,12
875,2878,2027-03-17,12
875,2878,2027-03-18,12
875,2878,2027-03-19,12
875,2878,2027-03-20,12
875,2878,2027-03-21,12
875,2878,2027-03-22,12
875,2878,2027-03-23,12
875,2878,2027-03-24,12
875,2878,2027-03-25,12
875,2878,2027-03-26,12
875,2879,2027-02-24,38
875,2879,2027-02-25,36
875,2879,2027-02-26,38
875,2879,2027-02-27,34
875,2879,2027-02-28,33
875,2879,2027-03-01,40
875,2879,2027-03-02,40
875,2879,2027-03-03,38
875,2879,2027-03-04,34
875,2879,2027-03-05,37
875,2879,2027-03-06,38
875,2879,2027-03-07,40
875,2879,2027-03-08,39
875,2879,2027-03-09,39
875,2879,2027-03-10,38
875,2879,2027-03-11,40
875,2879,2027-03-12,36
875,2879,2027-03-13,40
875,2879,2027-03-14,40
875,2879,2027-03-15,40
875,2879,2027-03-16,40
875,2879,2027-03-17,40
875,2879,2027-03-18,40
875,2879,2027-03-19,40
875,2879,2027-03-20,36
875,2879,2027-03-21,40
875,2879,2027-03-22,40
875,2879,2027-03-23,40
875,2879,2027-03-24,36
875,2879,2027-03-25,40
875,2879,2027-03-26,37
875,2880,2027-02-24,14
875,2880,2027-02-25,14
875,2880,2027-02-26,6
875,2880,2027-02-27,14
875,2880,2027-02-28,8
875,2880,2027-03-01,11
875,2880,2027-03-02,10
875,2880,2027-03-03,14
875,2880,2027-03-04,11
875,2880,2027-03-05,7
875,2880,2027-03-06,14
875,2880,2027-03-07,13
875,2880,2027-03-08,10
875,2880,2027-03-09,14
875,2880,2027-03-10,14
875,2880,2027-03-11,10
875,2880,2027-03-12,14
875,2880,2027-03-13,14
875,2880,2027-03-14,14
875,2880,2027-03-15,14
875,2880,2027-03-16,14
875,2880,2027-03-17,14
875,2880,2027-03-18,14
875,2880,2027-03-19,12
875,2880,2027-03-20,14
875,2880,2027-03-21,14
875,2880,2027-03-22,14
875,2880,2027-03-23,14
875,2880,2027-03-24,14
875,2880,2027-03-25,14
875,2880,2027-03-26,9
875,2881,2027-02-24,30
875,2881,2027-02-25,30
875,2881,2027-02-26,30
875,2881,2027-02-27,30
875,2881,2027-02-28,30
875,2881,2027-03-01,30
875,2881,2027-03-02,30
875,2881,2027-03-03,30
875,2881,2027-03-04,30
875,2881,2027-03-05,30
875,2881,2027-03-06,30
875,2881,2027-03-07,30
875,2881,2027-03-08,30
875,2881,2027-03-09,30
875,2881,2027-03-10,30
875,2881,2027-03-11,30
875,2881,2027-03-12,30
875,2881,2027-03-13,30
875,2881,2027-03-14,30
875,2881,2027-03-15,30
875,2881,2027-03-16,30
875,2881,2027-03-17,30
875,2881,2027-03-18,30
875,2881,2027-03-19,30
875,2881,2027-03-20,30
875,2881,2027-03-21,30
875,2881,2027-03-22,30
875,2881,2027-03-23,30
875,2881,2027-03-24,30
875,2881,2027-03-25,30
875,2881,2027-03-26,30
875,2882,2027-02-24,20
875,2882,2027-02-25,17
875,2882,2027-02-26,20
875,2882,2027-02-27,20
875,2882,2027-02-28,20
875,2882,2027-03-01,20
875,2882,2027-03-02,20
875,2882,2027-03-03,20
875,2882,2027-03-04,20
875,2882,2027-03-05,20
875,2882,2027-03-06,20
875,2882,2027-03-07,20
875,2882,2027-03-08,20
875,2882,2027-03-09,20
875,2882,2027-03-10,20
875,2882,2027-03-11,18
875,2882,2027-03-12,20
875,2882,2027-03-13,20
875,2882,2027-03-14,20
875,2882,2027-03-15,20
875,2882,2027-03-16,20
875,2882,2027-03-17,18
875,2882,2027-03-18,20
875,2882,2027-03-19,20
875,2882,2027-03-20,20
875,2882,2027-03-21,18
875,2882,2027-03-22,20
875,2882,2027-03-23,20
875,2882,2027-03-24,20
875,2882,2027-03-25,20
875,2882,2027-03-26,20
875,2883,2027-02-24,37
875,2883,2027-02-25,15
875,2883,2027-02-26,40
875,2883,2027-02-27,40
875,2883,2027-02-28,29
875,2883,2027-03-01,32
875,2883,2027-03-02,40
875,2883,2027-03-03,40
875,2883,2027-03-04,40
875,2883,2027-03-05,40
875,2883,2027-03-06,40
875,2883,2027-03-07,40
875,2883,2027-03-08,38
875,2883,2027-03-09,40
875,2883,2027-03-10,40
875,2883,2027-03-11,38
875,2883,2027-03-12,40
875,2883,2027-03-13,38
875,2883,2027-03-14,39
875,2883,2027-03-15,40
875,2883,2027-03-16,40
875,2883,2027-03-17,40
875,2883,2027-03-18,40
875,2883,2027-03-19,40
875,2883,2027-03-20,34
875,2883,2027-03-21,40
875,2883,2027-03-22,40
875,2883,2027-03-23,40
875,2883,2027-03-24,38
875,2883,2027-03-25,36
875,2883,2027-03-26,40
875,2884,2027-02-24,20
875,2884,2027-02-25,20
875,2884,2027-02-26,20
875,2884,2027-02-27,20
875,2884,2027-02-28,20
875,2884,2027-03-01,20
875,2884,2027-03-02,20
875,2884,2027-03-03,18
875,2884,2027-03-04,18
875,2884,2027-03-05,20
875,2884,2027-03-06,19
875,2884,2027-03-07,20
875,2884,2027-03-08,20
875,2884,2027-03-09,20
875,2884,2027-03-10,20
875,2884,2027-03-11,16
875,2884,2027-03-12,20
875,2884,2027-03-13,20
875,2884,2027-03-14,20
875,2884,2027-03-15,20
875,2884,2027-03-16,20
875,2884,2027-03-17,20
875,2884,2027-03-18,20
875,2884,2027-03-19,20
875,2884,2027-03-20,20
875,2884,2027-03-21,20
875,2884,2027-03-22,20
875,2884,2027-03-23,20
875,2884,2027-03-24,20
875,2884,2027-03-25,16
875,2884,2027-03-26,20
875,2885,2027-02-24,10
875,2885,2027-02-25,10
875,2885,2027-02-26,8
875,2885,2027-02-27,10
875,2885,2027-02-28,10
875,2885,2027-03-01,10
875,2885,2027-03-02,10
875,2885,2027-03-03,10
875,2885,2027-03-04,10
875,2885,2027-03-05,10
875,2885,2027-03-06,10
875,2885,2027-03-07,10
875,2885,2027-03-08,10
875,2885,2027-03-09,10
875,2885,2027-03-10,10
875,2885,2027-03-11,10
875,2885,2027-03-12,10
875,2885,2027-03-13,10
875,2885,2027-03-14,10
875,2885,2027-03-15,10
875,2885,2027-03-16,10
875,2885,2027-03-17,10
875,2885,2027-03-18,10
875,2885,2027-03-19,10
875,2885,2027-03-20,10
875,2885,2027-03-21,10
875,2885,2027-03-22,10
875,2885,2027-03-23,10
875,2885,2027-03-24,10
875,2885,2027-03-25,10
875,2885,2027-03-26,10
875,2886,2027-02-24,36
875,2886,2027-02-25,40
875,2886,2027-02-26,40
875,2886,2027-02-27,40
875,2886,2027-02-28,37
875,2886,2027-03-01,40
875,2886,2027-03-02,40
875,2886,2027-03-03,36
875,2886,2027-03-04,40
875,2886,2027-03-05,40
875,2886,2027-03-06,40
875,2886,2027-03-07,40
875,2886,2027-03-08,39
875,2886,2027-03-09,38
875,2886,2027-03-10,40
875,2886,2027-03-11,40
875,2886,2027-03-12,38
875,2886,2027-03-13,40
875,2886,2027-03-14,40
875,2886,2027-03-15,40
875,2886,2027-03-16,40
875,2886,2027-03-17,40
875,2886,2027-03-18,38
875,2886,2027-03-19,40
875,2886,2027-03-20,38
875,2886,2027-03-21,40
875,2886,2027-03-22,40
875,2886,2027-03-23,40
875,2886,2027-03-24,40
875,2886,2027-03-25,22
875,2886,2027-03-26,40
875,2887,2027-02-24,3
875,2887,2027-02-25,1
875,2887,2027-02-26,2
875,2887,2027-02-27,0
875,2887,2027-02-28,12
875,2887,2027-03-01,2
875,2887,2027-03-02,5
875,2887,2027-03-03,9
875,2887,2027-03-04,1
875,2887,2027-03-05,3
875,2887,2027-03-06,1
875,2887,2027-03-07,6
875,2887,2027-03-08,5
875,2887,2027-03-09,4
875,2887,2027-03-10,7
875,2887,2027-03-11,1
875,2887,2027-03-12,6
875,2887,2027-03-13,0
875,2887,2027-03-14,9
875,2887,2027-03-15,2
875,2887,2027-03-16,10
875,2887,2027-03-17,2
875,2887,2027-03-18,3
875,2887,2027-03-19,1
875,2887,2027-03-20,3
875,2887,2027-03-21,1
875,2887,2027-03-22,8
875,2887,2027-03-23,9
875,2887,2027-03-24,8
875,2887,2027-03-25,4
875,2887,2027-03-26,2
875,2865,2026-11-26,6
875,2865,2026-11-27,6
875,2865,2026-11-28,6
875,2865,2026-11-29,3
875,2865,2026-11-30,6
875,2865,2026-12-01,6
875,2865,2026-12-02,6
875,2865,2026-12-03,6
875,2865,2026-12-04,5
875,2865,2026-12-05,6
875,2865,2026-12-06,6
875,2865,2026-12-07,6
875,2865,2026-12-08,6
875,2865,2026-12-09,6
875,2865,2026-12-10,6
875,2865,2026-12-11,6
875,2865,2026-12-12,6
875,2865,2026-12-13,6
875,2865,2026-12-14,6
875,2865,2026-12-15,6
875,2865,2026-12-16,6
875,2865,2026-12-17,6
875,2865,2026-12-18,6
875,2865,2026-12-19,6
875,2865,2026-12-20,1
875,2865,2026-12-21,2
875,2865,2026-12-22,6
875,2865,2026-12-23,2
875,2865,2026-12-24,6
875,2865,2026-12-25,6
875,2865,2026-12-26,6
875,2866,2026-11-26,10
875,2866,2026-11-27,12
875,2866,2026-11-28,12
875,2866,2026-11-29,12
875,2866,2026-11-30,12
875,2866,2026-12-01,12
875,2866,2026-12-02,10
875,2866,2026-12-03,8
875,2866,2026-12-04,8
875,2866,2026-12-05,12
875,2866,2026-12-06,6
875,2866,2026-12-07,11
875,2866,2026-12-08,11
875,2866,2026-12-09,2
875,2866,2026-12-10,12
875,2866,2026-12-11,12
875,2866,2026-12-12,12
875,2866,2026-12-13,7
875,2866,2026-12-14,12
875,2866,2026-12-15,12
875,2866,2026-12-16,12
875,2866,2026-12-17,12
875,2866,2026-12-18,12
875,2866,2026-12-19,12
875,2866,2026-12-20,12
875,2866,2026-12-21,9
875,2866,2026-12-22,9
875,2866,2026-12-23,10
875,2866,2026-12-24,8
875,2866,2026-12-25,4
875,2866,2026-12-26,10
875,2867,2026-11-26,62
875,2867,2026-11-27,86
875,2867,2026-11-28,88
875,2867,2026-11-29,81
875,2867,2026-11-30,1
875,2867,2026-12-01,16
875,2867,2026-12-02,27
875,2867,2026-12-03,72
875,2867,2026-12-04,72
875,2867,2026-12-05,91
875,2867,2026-12-06,100
875,2867,2026-12-07,39
875,2867,2026-12-08,98
875,2867,2026-12-09,34
875,2867,2026-12-10,75
875,2867,2026-12-11,87
875,2867,2026-12-12,90
875,2867,2026-12-13,100
875,2867,2026-12-14,78
875,2867,2026-12-15,98
875,2867,2026-12-16,86
875,2867,2026-12-17,95
875,2867,2026-12-18,93
875,2867,2026-12-19,84
875,2867,2026-12-20,78
875,2867,2026-12-21,89
875,2867,2026-12-22,73
875,2867,2026-12-23,76
875,2867,2026-12-24,98
875,2867,2026-12-25,98
875,2867,2026-12-26,67
875,2868,2026-11-26,0
875,2868,2026-11-27,0
875,2868,2026-11-28,0
875,2868,2026-11-29,0
875,2868,2026-11-30,0
875,2868,2026-12-01,10
875,2868,2026-12-02,6
875,2868,2026-12-03,1
875,2868,2026-12-04,0
875,2868,2026-12-05,0
875,2868,2026-12-06,0
875,2868,2026-12-07,4
875,2868,2026-12-08,13
875,2868,2026-12-09,7
875,2868,2026-12-10,0
875,2868,2026-12-11,2
875,2868,2026-12-12,1
875,2868,2026-12-13,2
875,2868,2026-12-14,1
875,2868,2026-12-15,1
875,2868,2026-12-16,0
875,2868,2026-12-17,1
875,2868,2026-12-18,1
875,2868,2026-12-19,0
875,2868,2026-12-20,0
875,2868,2026-12-21,1
875,2868,2026-12-22,0
875,2868,2026-12-23,0
875,2868,2026-12-24,0
875,2868,2026-12-25,4
875,2868,2026-12-26,0
875,2869,2026-11-26,30
875,2869,2026-11-27,30
875,2869,2026-11-28,30
875,2869,2026-11-29,26
875,2869,2026-11-30,30
875,2869,2026-12-01,30
875,2869,2026-12-02,30
875,2869,2026-12-03,29
875,2869,2026-12-04,30
875,2869,2026-12-05,30
875,2869,2026-12-06,22
875,2869,2026-12-07,30
875,2869,2026-12-08,30
875,2869,2026-12-09,30
875,2869,2026-12-10,30
875,2869,2026-12-11,30
875,2869,2026-12-12,30
875,2869,2026-12-13,30
875,2869,2026-12-14,30
875,2869,2026-12-15,30
875,2869,2026-12-16,30
875,2869,2026-12-17,30
875,2869,2026-12-18,30
875,2869,2026-12-19,30
875,2869,2026-12-20,25
875,2869,2026-12-21,30
875,2869,2026-12-22,26
875,2869,2026-12-23,30
875,2869,2026-12-24,30
875,2869,2026-12-25,30
875,2869,2026-12-26,30
875,2870,2026-11-26,36
875,2870,2026-11-27,33
875,2870,2026-11-28,36
875,2870,2026-11-29,32
875,2870,2026-11-30,26
875,2870,2026-12-01,6
875,2870,2026-12-02,3
875,2870,2026-12-03,36
875,2870,2026-12-04,30
875,2870,2026-12-05,10
875,2870,2026-12-06,36
875,2870,2026-12-07,35
875,2870,2026-12-08,27
875,2870,2026-12-09,36
875,2870,2026-12-10,34
875,2870,2026-12-11,33
875,2870,2026-12-12,27
875,2870,2026-12-13,21
875,2870,2026-12-14,30
875,2870,2026-12-15,36
875,2870,2026-12-16,14
875,2870,2026-12-17,34
875,2870,2026-12-18,36
875,2870,2026-12-19,30
875,2870,2026-12-20,16
875,2870,2026-12-21,34
875,2870,2026-12-22,30
875,2870,2026-12-23,29
875,2870,2026-12-24,23
875,2870,2026-12-25,23
875,2870,2026-12-26,34
875,2871,2026-11-26,0
875,2871,2026-11-27,1
875,2871,2026-11-28,1
875,2871,2026-11-29,0
875,2871,2026-11-30,1
875,2871,2026-12-01,4
875,2871,2026-12-02,1
875,2871,2026-12-03,1
875,2871,2026-12-04,0
875,2871,2026-12-05,0
875,2871,2026-12-06,0
875,2871,2026-12-07,0
875,2871,2026-12-08,0
875,2871,2026-12-09,0
875,2871,2026-12-10,0
875,2871,2026-12-11,0
875,2871,2026-12-12,0
875,2871,2026-12-13,1
875,2871,2026-12-14,0
875,2871,2026-12-15,2
875,2871,2026-12-16,0
875,2871,2026-12-17,0
875,2871,2026-12-18,0
875,2871,2026-12-19,0
875,2871,2026-12-20,0
875,2871,2026-12-21,0
875,2871,2026-12-22,0
875,2871,2026-12-23,0
875,2871,2026-12-24,0
875,2871,2026-12-25,0
875,2871,2026-12-26,0
875,2872,2026-11-26,76
875,2872,2026-11-27,78
875,2872,2026-11-28,70
875,2872,2026-11-29,76
875,2872,2026-11-30,38
875,2872,2026-12-01,25
875,2872,2026-12-02,24
875,2872,2026-12-03,53
875,2872,2026-12-04,41
875,2872,2026-12-05,79
875,2872,2026-12-06,55
875,2872,2026-12-07,29
875,2872,2026-12-08,0
875,2872,2026-12-09,67
875,2872,2026-12-10,78
875,2872,2026-12-11,79
875,2872,2026-12-12,72
875,2872,2026-12-13,71
875,2872,2026-12-14,80
875,2872,2026-12-15,55
875,2872,2026-12-16,75
875,2872,2026-12-17,80
875,2872,2026-12-18,74
875,2872,2026-12-19,71
875,2872,2026-12-20,68
875,2872,2026-12-21,64
875,2872,2026-12-22,65
875,2872,2026-12-23,76
875,2872,2026-12-24,74
875,2872,2026-12-25,50
875,2872,2026-12-26,70
875,2873,2026-11-26,8
875,2873,2026-11-27,0
875,2873,2026-11-28,1
875,2873,2026-11-29,5
875,2873,2026-11-30,2
875,2873,2026-12-01,2
875,2873,2026-12-02,0
875,2873,2026-12-03,17
875,2873,2026-12-04,1
875,2873,2026-12-05,9
875,2873,2026-12-06,4
875,2873,2026-12-07,2
875,2873,2026-12-08,0
875,2873,2026-12-09,0
875,2873,2026-12-10,0
875,2873,2026-12-11,0
875,2873,2026-12-12,0
875,2873,2026-12-13,0
875,2873,2026-12-14,1
875,2873,2026-12-15,0
875,2873,2026-12-16,1
875,2873,2026-12-17,4
875,2873,2026-12-18,4
875,2873,2026-12-19,4
875,2873,2026-12-20,0
875,2873,2026-12-21,0
875,2873,2026-12-22,0
875,2873,2026-12-23,7
875,2873,2026-12-24,1
875,2873,2026-12-25,0
875,2873,2026-12-26,0
875,2874,2026-11-26,12
875,2874,2026-11-27,12
875,2874,2026-11-28,12
875,2874,2026-11-29,12
875,2874,2026-11-30,12
875,2874,2026-12-01,12
875,2874,2026-12-02,12
875,2874,2026-12-03,12
875,2874,2026-12-04,12
875,2874,2026-12-05,12
875,2874,2026-12-06,12
875,2874,2026-12-07,12
875,2874,2026-12-08,12
875,2874,2026-12-09,12
875,2874,2026-12-10,12
875,2874,2026-12-11,12
875,2874,2026-12-12,12
875,2874,2026-12-13,12
875,2874,2026-12-14,12
875,2874,2026-12-15,7
875,2874,2026-12-16,12
875,2874,2026-12-17,12
875,2874,2026-12-18,12
875,2874,2026-12-19,12
875,2874,2026-12-20,12
875,2874,2026-12-21,12
875,2874,2026-12-22,12
875,2874,2026-12-23,12
875,2874,2026-12-24,12
875,2874,2026-12-25,12
875,2874,2026-12-26,12
875,2876,2026-11-26,20
875,2876,2026-11-27,20
875,2876,2026-11-28,20
875,2876,2026-11-29,20
875,2876,2026-11-30,20
875,2876,2026-12-01,20
875,2876,2026-12-02,20
875,2876,2026-12-03,20
875,2876,2026-12-04,12
875,2876,2026-12-05,18
875,2876,2026-12-06,20
875,2876,2026-12-07,16
875,2876,2026-12-08,20
875,2876,2026-12-09,20
875,2876,2026-12-10,20
875,2876,2026-12-11,20
875,2876,2026-12-12,20
875,2876,2026-12-13,20
875,2876,2026-12-14,20
875,2876,2026-12-15,14
875,2876,2026-12-16,20
875,2876,2026-12-17,15
875,2876,2026-12-18,20
875,2876,2026-12-19,20
875,2876,2026-12-20,20
875,2876,2026-12-21,12
875,2876,2026-12-22,14
875,2876,2026-12-23,5
875,2876,2026-12-24,20
875,2876,2026-12-25,20
875,2876,2026-12-26,20
875,2877,2026-11-26,40
875,2877,2026-11-27,40
875,2877,2026-11-28,40
875,2877,2026-11-29,40
875,2877,2026-11-30,40
875,2877,2026-12-01,38
875,2877,2026-12-02,38
875,2877,2026-12-03,38
875,2877,2026-12-04,40
875,2877,2026-12-05,40
875,2877,2026-12-06,38
875,2877,2026-12-07,40
875,2877,2026-12-08,38
875,2877,2026-12-09,38
875,2877,2026-12-10,40
875,2877,2026-12-11,40
875,2877,2026-12-12,38
875,2877,2026-12-13,40
875,2877,2026-12-14,40
875,2877,2026-12-15,38
875,2877,2026-12-16,40
875,2877,2026-12-17,40
875,2877,2026-12-18,32
875,2877,2026-12-19,40
875,2877,2026-12-20,37
875,2877,2026-12-21,38
875,2877,2026-12-22,40
875,2877,2026-12-23,40
875,2877,2026-12-24,38
875,2877,2026-12-25,32
875,2877,2026-12-26,32
875,2878,2026-11-26,12
875,2878,2026-11-27,12
875,2878,2026-11-28,12
875,2878,2026-11-29,12
875,2878,2026-11-30,12
875,2878,2026-12-01,12
875,2878,2026-12-02,12
875,2878,2026-12-03,12
875,2878,2026-12-04,12
875,2878,2026-12-05,12
875,2878,2026-12-06,12
875,2878,2026-12-07,12
875,2878,2026-12-08,12
875,2878,2026-12-09,12
875,2878,2026-12-10,12
875,2878,2026-12-11,12
875,2878,2026-12-12,12
875,2878,2026-12-13,12
875,2878,2026-12-14,12
875,2878,2026-12-15,12
875,2878,2026-12-16,12
875,2878,2026-12-17,12
875,2878,2026-12-18,12
875,2878,2026-12-19,12
875,2878,2026-12-20,12
875,2878,2026-12-21,12
875,2878,2026-12-22,12
875,2878,2026-12-23,12
875,2878,2026-12-24,12
875,2878,2026-12-25,12
875,2878,2026-12-26,12
875,2879,2026-11-26,40
875,2879,2026-11-27,40
875,2879,2026-11-28,40
875,2879,2026-11-29,37
875,2879,2026-11-30,32
875,2879,2026-12-01,23
875,2879,2026-12-02,32
875,2879,2026-12-03,34
875,2879,2026-12-04,40
875,2879,2026-12-05,34
875,2879,2026-12-06,36
875,2879,2026-12-07,38
875,2879,2026-12-08,34
875,2879,2026-12-09,6
875,2879,2026-12-10,33
875,2879,2026-12-11,39
875,2879,2026-12-12,40
875,2879,2026-12-13,38
875,2879,2026-12-14,40
875,2879,2026-12-15,29
875,2879,2026-12-16,27
875,2879,2026-12-17,40
875,2879,2026-12-18,24
875,2879,2026-12-19,17
875,2879,2026-12-20,36
875,2879,2026-12-21,31
875,2879,2026-12-22,29
875,2879,2026-12-23,35
875,2879,2026-12-24,26
875,2879,2026-12-25,34
875,2879,2026-12-26,32
875,2880,2026-11-26,14
875,2880,2026-11-27,11
875,2880,2026-11-28,12
875,2880,2026-11-29,0
875,2880,2026-11-30,6
875,2880,2026-12-01,12
875,2880,2026-12-02,12
875,2880,2026-12-03,8
875,2880,2026-12-04,11
875,2880,2026-12-05,2
875,2880,2026-12-06,4
875,2880,2026-12-07,14
875,2880,2026-12-08,8
875,2880,2026-12-09,14
875,2880,2026-12-10,14
875,2880,2026-12-11,12
875,2880,2026-12-12,14
875,2880,2026-12-13,14
875,2880,2026-12-14,2
875,2880,2026-12-15,14
875,2880,2026-12-16,9
875,2880,2026-12-17,6
875,2880,2026-12-18,12
875,2880,2026-12-19,9
875,2880,2026-12-20,11
875,2880,2026-12-21,9
875,2880,2026-12-22,0
875,2880,2026-12-23,14
875,2880,2026-12-24,7
875,2880,2026-12-25,14
875,2880,2026-12-26,14
875,2881,2026-11-26,30
875,2881,2026-11-27,30
875,2881,2026-11-28,30
875,2881,2026-11-29,30
875,2881,2026-11-30,30
875,2881,2026-12-01,30
875,2881,2026-12-02,30
875,2881,2026-12-03,30
875,2881,2026-12-04,30
875,2881,2026-12-05,30
875,2881,2026-12-06,30
875,2881,2026-12-07,30
875,2881,2026-12-08,30
875,2881,2026-12-09,30
875,2881,2026-12-10,30
875,2881,2026-12-11,30
875,2881,2026-12-12,30
875,2881,2026-12-13,30
875,2881,2026-12-14,30
875,2881,2026-12-15,30
875,2881,2026-12-16,30
875,2881,2026-12-17,30
875,2881,2026-12-18,30
875,2881,2026-12-19,30
875,2881,2026-12-20,30
875,2881,2026-12-21,30
875,2881,2026-12-22,30
875,2881,2026-12-23,30
875,2881,2026-12-24,30
875,2881,2026-12-25,30
875,2881,2026-12-26,30
875,2882,2026-11-26,20
875,2882,2026-11-27,20
875,2882,2026-11-28,20
875,2882,2026-11-29,18
875,2882,2026-11-30,3
875,2882,2026-12-01,0
875,2882,2026-12-02,20
875,2882,2026-12-03,20
875,2882,2026-12-04,20
875,2882,2026-12-05,19
875,2882,2026-12-06,20
875,2882,2026-12-07,20
875,2882,2026-12-08,20
875,2882,2026-12-09,20
875,2882,2026-12-10,20
875,2882,2026-12-11,20
875,2882,2026-12-12,20
875,2882,2026-12-13,18
875,2882,2026-12-14,10
875,2882,2026-12-15,19
875,2882,2026-12-16,20
875,2882,2026-12-17,20
875,2882,2026-12-18,15
875,2882,2026-12-19,17
875,2882,2026-12-20,18
875,2882,2026-12-21,17
875,2882,2026-12-22,20
875,2882,2026-12-23,20
875,2882,2026-12-24,18
875,2882,2026-12-25,20
875,2882,2026-12-26,20
875,2883,2026-11-26,35
875,2883,2026-11-27,40
875,2883,2026-11-28,38
875,2883,2026-11-29,40
875,2883,2026-11-30,29
875,2883,2026-12-01,38
875,2883,2026-12-02,38
875,2883,2026-12-03,38
875,2883,2026-12-04,40
875,2883,2026-12-05,36
875,2883,2026-12-06,40
875,2883,2026-12-07,40
875,2883,2026-12-08,35
875,2883,2026-12-09,40
875,2883,2026-12-10,38
875,2883,2026-12-11,38
875,2883,2026-12-12,37
875,2883,2026-12-13,40
875,2883,2026-12-14,38
875,2883,2026-12-15,40
875,2883,2026-12-16,40
875,2883,2026-12-17,18
875,2883,2026-12-18,30
875,2883,2026-12-19,34
875,2883,2026-12-20,33
875,2883,2026-12-21,37
875,2883,2026-12-22,36
875,2883,2026-12-23,40
875,2883,2026-12-24,40
875,2883,2026-12-25,40
875,2883,2026-12-26,36
875,2884,2026-11-26,20
875,2884,2026-11-27,20
875,2884,2026-11-28,20
875,2884,2026-11-29,20
875,2884,2026-11-30,20
875,2884,2026-12-01,20
875,2884,2026-12-02,20
875,2884,2026-12-03,8
875,2884,2026-12-04,16
875,2884,2026-12-05,16
875,2884,2026-12-06,20
875,2884,2026-12-07,17
875,2884,2026-12-08,10
875,2884,2026-12-09,20
875,2884,2026-12-10,20
875,2884,2026-12-11,16
875,2884,2026-12-12,19
875,2884,2026-12-13,20
875,2884,2026-12-14,18
875,2884,2026-12-15,20
875,2884,2026-12-16,20
875,2884,2026-12-17,12
875,2884,2026-12-18,20
875,2884,2026-12-19,18
875,2884,2026-12-20,20
875,2884,2026-12-21,14
875,2884,2026-12-22,20
875,2884,2026-12-23,16
875,2884,2026-12-24,8
875,2884,2026-12-25,20
875,2884,2026-12-26,16
875,2885,2026-11-26,10
875,2885,2026-11-27,10
875,2885,2026-11-28,10
875,2885,2026-11-29,10
875,2885,2026-11-30,10
875,2885,2026-12-01,10
875,2885,2026-12-02,10
875,2885,2026-12-03,10
875,2885,2026-12-04,10
875,2885,2026-12-05,10
875,2885,2026-12-06,6
875,2885,2026-12-07,10
875,2885,2026-12-08,10
875,2885,2026-12-09,10
875,2885,2026-12-10,10
875,2885,2026-12-11,10
875,2885,2026-12-12,10
875,2885,2026-12-13,10
875,2885,2026-12-14,10
875,2885,2026-12-15,10
875,2885,2026-12-16,5
875,2885,2026-12-17,10
875,2885,2026-12-18,10
875,2885,2026-12-19,10
875,2885,2026-12-20,10
875,2885,2026-12-21,10
875,2885,2026-12-22,10
875,2885,2026-12-23,10
875,2885,2026-12-24,10
875,2885,2026-12-25,10
875,2885,2026-12-26,10
875,2886,2026-11-26,40
875,2886,2026-11-27,35
875,2886,2026-11-28,40
875,2886,2026-11-29,40
875,2886,2026-11-30,18
875,2886,2026-12-01,40
875,2886,2026-12-02,40
875,2886,2026-12-03,40
875,2886,2026-12-04,36
875,2886,2026-12-05,36
875,2886,2026-12-06,40
875,2886,2026-12-07,31
875,2886,2026-12-08,39
875,2886,2026-12-09,37
875,2886,2026-12-10,40
875,2886,2026-12-11,37
875,2886,2026-12-12,40
875,2886,2026-12-13,40
875,2886,2026-12-14,40
875,2886,2026-12-15,40
875,2886,2026-12-16,40
875,2886,2026-12-17,37
875,2886,2026-12-18,40
875,2886,2026-12-19,38
875,2886,2026-12-20,36
875,2886,2026-12-21,37
875,2886,2026-12-22,38
875,2886,2026-12-23,38
875,2886,2026-12-24,40
875,2886,2026-12-25,40
875,2886,2026-12-26,40
875,2887,2026-11-26,9
875,2887,2026-11-27,5
875,2887,2026-11-28,11
875,2887,2026-11-29,3
875,2887,2026-11-30,15
875,2887,2026-12-01,1
875,2887,2026-12-02,0
875,2887,2026-12-03,1
875,2887,2026-12-04,3
875,2887,2026-12-05,0
875,2887,2026-12-06,10
875,2887,2026-12-07,0
875,2887,2026-12-08,4
875,2887,2026-12-09,7
875,2887,2026-12-10,8
875,2887,2026-12-11,8
875,2887,2026-12-12,1
875,2887,2026-12-13,3
875,2887,2026-12-14,5
875,2887,2026-12-15,2
875,2887,2026-12-16,15
875,2887,2026-12-17,13
875,2887,2026-12-18,6
875,2887,2026-12-19,9
875,2887,2026-12-20,1
875,2887,2026-12-21,1
875,2887,2026-12-22,16
875,2887,2026-12-23,8
875,2887,2026-12-24,16
875,2887,2026-12-25,0
875,2887,2026-12-26,6
875,2865,2027-03-26,6
875,2865,2027-03-27,6
875,2865,2027-03-28,4
875,2865,2027-03-29,6
875,2865,2027-03-30,6
875,2865,2027-03-31,6
875,2865,2027-04-01,6
875,2865,2027-04-02,6
875,2865,2027-04-03,6
875,2865,2027-04-04,6
875,2865,2027-04-05,6
875,2865,2027-04-06,6
875,2865,2027-04-07,6
875,2865,2027-04-08,6
875,2865,2027-04-09,6
875,2865,2027-04-10,6
875,2865,2027-04-11,6
875,2865,2027-04-12,6
875,2865,2027-04-13,6
875,2865,2027-04-14,6
875,2865,2027-04-15,6
875,2865,2027-04-16,6
875,2865,2027-04-17,6
875,2865,2027-04-18,6
875,2865,2027-04-19,6
875,2865,2027-04-20,6
875,2865,2027-04-21,6
875,2865,2027-04-22,6
875,2865,2027-04-23,6
875,2865,2027-04-24,6
875,2865,2027-04-25,6
875,2866,2027-03-26,12
875,2866,2027-03-27,12
875,2866,2027-03-28,12
875,2866,2027-03-29,12
875,2866,2027-03-30,12
875,2866,2027-03-31,12
875,2866,2027-04-01,12
875,2866,2027-04-02,12
875,2866,2027-04-03,12
875,2866,2027-04-04,12
875,2866,2027-04-05,12
875,2866,2027-04-06,12
875,2866,2027-04-07,10
875,2866,2027-04-08,12
875,2866,2027-04-09,12
875,2866,2027-04-10,12
875,2866,2027-04-11,12
875,2866,2027-04-12,12
875,2866,2027-04-13,12
875,2866,2027-04-14,12
875,2866,2027-04-15,12
875,2866,2027-04-16,10
875,2866,2027-04-17,12
875,2866,2027-04-18,12
875,2866,2027-04-19,12
875,2866,2027-04-20,12
875,2866,2027-04-21,12
875,2866,2027-04-22,12
875,2866,2027-04-23,12
875,2866,2027-04-24,12
875,2866,2027-04-25,9
875,2867,2027-03-26,58
875,2867,2027-03-27,70
875,2867,2027-03-28,72
875,2867,2027-03-29,98
875,2867,2027-03-30,98
875,2867,2027-03-31,100
875,2867,2027-04-01,100
875,2867,2027-04-02,99
875,2867,2027-04-03,100
875,2867,2027-04-04,100
875,2867,2027-04-05,100
875,2867,2027-04-06,100
875,2867,2027-04-07,100
875,2867,2027-04-08,100
875,2867,2027-04-09,100
875,2867,2027-04-10,92
875,2867,2027-04-11,100
875,2867,2027-04-12,100
875,2867,2027-04-13,96
875,2867,2027-04-14,90
875,2867,2027-04-15,96
875,2867,2027-04-16,100
875,2867,2027-04-17,100
875,2867,2027-04-18,100
875,2867,2027-04-19,98
875,2867,2027-04-20,100
875,2867,2027-04-21,100
875,2867,2027-04-22,100
875,2867,2027-04-23,100
875,2867,2027-04-24,91
875,2867,2027-04-25,100
875,2868,2027-03-26,0
875,2868,2027-03-27,0
875,2868,2027-03-28,0
875,2868,2027-03-29,0
875,2868,2027-03-30,0
875,2868,2027-03-31,4
875,2868,2027-04-01,14
875,2868,2027-04-02,0
875,2868,2027-04-03,0
875,2868,2027-04-04,1
875,2868,2027-04-05,9
875,2868,2027-04-06,1
875,2868,2027-04-07,1
875,2868,2027-04-08,0
875,2868,2027-04-09,8
875,2868,2027-04-10,2
875,2868,2027-04-11,0
875,2868,2027-04-12,0
875,2868,2027-04-13,0
875,2868,2027-04-14,2
875,2868,2027-04-15,9
875,2868,2027-04-16,1
875,2868,2027-04-17,1
875,2868,2027-04-18,1
875,2868,2027-04-19,0
875,2868,2027-04-20,1
875,2868,2027-04-21,2
875,2868,2027-04-22,1
875,2868,2027-04-23,2
875,2868,2027-04-24,0
875,2868,2027-04-25,2
875,2869,2027-03-26,30
875,2869,2027-03-27,30
875,2869,2027-03-28,30
875,2869,2027-03-29,30
875,2869,2027-03-30,30
875,2869,2027-03-31,30
875,2869,2027-04-01,30
875,2869,2027-04-02,30
875,2869,2027-04-03,30
875,2869,2027-04-04,30
875,2869,2027-04-05,30
875,2869,2027-04-06,30
875,2869,2027-04-07,30
875,2869,2027-04-08,30
875,2869,2027-04-09,30
875,2869,2027-04-10,30
875,2869,2027-04-11,30
875,2869,2027-04-12,30
875,2869,2027-04-13,30
875,2869,2027-04-14,30
875,2869,2027-04-15,30
875,2869,2027-04-16,30
875,2869,2027-04-17,30
875,2869,2027-04-18,30
875,2869,2027-04-19,30
875,2869,2027-04-20,30
875,2869,2027-04-21,30
875,2869,2027-04-22,30
875,2869,2027-04-23,30
875,2869,2027-04-24,30
875,2869,2027-04-25,30
875,2870,2027-03-26,8
875,2870,2027-03-27,36
875,2870,2027-03-28,12
875,2870,2027-03-29,33
875,2870,2027-03-30,36
875,2870,2027-03-31,36
875,2870,2027-04-01,36
875,2870,2027-04-02,36
875,2870,2027-04-03,36
875,2870,2027-04-04,35
875,2870,2027-04-05,36
875,2870,2027-04-06,36
875,2870,2027-04-07,36
875,2870,2027-04-08,34
875,2870,2027-04-09,36
875,2870,2027-04-10,35
875,2870,2027-04-11,34
875,2870,2027-04-12,24
875,2870,2027-04-13,32
875,2870,2027-04-14,32
875,2870,2027-04-15,32
875,2870,2027-04-16,27
875,2870,2027-04-17,36
875,2870,2027-04-18,36
875,2870,2027-04-19,36
875,2870,2027-04-20,36
875,2870,2027-04-21,34
875,2870,2027-04-22,36
875,2870,2027-04-23,36
875,2870,2027-04-24,33
875,2870,2027-04-25,36
875,2871,2027-03-26,1
875,2871,2027-03-27,0
875,2871,2027-03-28,0
875,2871,2027-03-29,0
875,2871,2027-03-30,0
875,2871,2027-03-31,1
875,2871,2027-04-01,0
875,2871,2027-04-02,0
875,2871,2027-04-03,1
875,2871,2027-04-04,0
875,2871,2027-04-05,0
875,2871,2027-04-06,1
875,2871,2027-04-07,3
875,2871,2027-04-08,1
875,2871,2027-04-09,0
875,2871,2027-04-10,1
875,2871,2027-04-11,0
875,2871,2027-04-12,3
875,2871,2027-04-13,1
875,2871,2027-04-14,0
875,2871,2027-04-15,5
875,2871,2027-04-16,2
875,2871,2027-04-17,0
875,2871,2027-04-18,0
875,2871,2027-04-19,0
875,2871,2027-04-20,0
875,2871,2027-04-21,0
875,2871,2027-04-22,2
875,2871,2027-04-23,4
875,2871,2027-04-24,1
875,2871,2027-04-25,1
875,2872,2027-03-26,77
875,2872,2027-03-27,28
875,2872,2027-03-28,78
875,2872,2027-03-29,80
875,2872,2027-03-30,78
875,2872,2027-03-31,76
875,2872,2027-04-01,78
875,2872,2027-04-02,80
875,2872,2027-04-03,80
875,2872,2027-04-04,80
875,2872,2027-04-05,80
875,2872,2027-04-06,80
875,2872,2027-04-07,80
875,2872,2027-04-08,80
875,2872,2027-04-09,77
875,2872,2027-04-10,78
875,2872,2027-04-11,72
875,2872,2027-04-12,80
875,2872,2027-04-13,66
875,2872,2027-04-14,72
875,2872,2027-04-15,71
875,2872,2027-04-16,80
875,2872,2027-04-17,80
875,2872,2027-04-18,76
875,2872,2027-04-19,80
875,2872,2027-04-20,78
875,2872,2027-04-21,80
875,2872,2027-04-22,80
875,2872,2027-04-23,77
875,2872,2027-04-24,80
875,2872,2027-04-25,71
875,2873,2027-03-26,0
875,2873,2027-03-27,0
875,2873,2027-03-28,0
875,2873,2027-03-29,8
875,2873,2027-03-30,0
875,2873,2027-03-31,0
875,2873,2027-04-01,0
875,2873,2027-04-02,14
875,2873,2027-04-03,5
875,2873,2027-04-04,9
875,2873,2027-04-05,0
875,2873,2027-04-06,1
875,2873,2027-04-07,6
875,2873,2027-04-08,13
875,2873,2027-04-09,5
875,2873,2027-04-10,1
875,2873,2027-04-11,1
875,2873,2027-04-12,0
875,2873,2027-04-13,2
875,2873,2027-04-14,1
875,2873,2027-04-15,4
875,2873,2027-04-16,1
875,2873,2027-04-17,7
875,2873,2027-04-18,0
875,2873,2027-04-19,2
875,2873,2027-04-20,1
875,2873,2027-04-21,1
875,2873,2027-04-22,1
875,2873,2027-04-23,2
875,2873,2027-04-24,0
875,2873,2027-04-25,6
875,2874,2027-03-26,12
875,2874,2027-03-27,12
875,2874,2027-03-28,12
875,2874,2027-03-29,12
875,2874,2027-03-30,12
875,2874,2027-03-31,12
875,2874,2027-04-01,12
875,2874,2027-04-02,12
875,2874,2027-04-03,12
875,2874,2027-04-04,12
875,2874,2027-04-05,12
875,2874,2027-04-06,12
875,2874,2027-04-07,12
875,2874,2027-04-08,12
875,2874,2027-04-09,12
875,2874,2027-04-10,12
875,2874,2027-04-11,12
875,2874,2027-04-12,12
875,2874,2027-04-13,12
875,2874,2027-04-14,12
875,2874,2027-04-15,12
875,2874,2027-04-16,12
875,2874,2027-04-17,12
875,2874,2027-04-18,12
875,2874,2027-04-19,12
875,2874,2027-04-20,12
875,2874,2027-04-21,12
875,2874,2027-04-22,12
875,2874,2027-04-23,12
875,2874,2027-04-24,12
875,2874,2027-04-25,12
875,2876,2027-03-26,20
875,2876,2027-03-27,20
875,2876,2027-03-28,20
875,2876,2027-03-29,17
875,2876,2027-03-30,20
875,2876,2027-03-31,20
875,2876,2027-04-01,17
875,2876,2027-04-02,20
875,2876,2027-04-03,17
875,2876,2027-04-04,20
875,2876,2027-04-05,20
875,2876,2027-04-06,17
875,2876,2027-04-07,20
875,2876,2027-04-08,20
875,2876,2027-04-09,20
875,2876,2027-04-10,20
875,2876,2027-04-11,20
875,2876,2027-04-12,20
875,2876,2027-04-13,20
875,2876,2027-04-14,20
875,2876,2027-04-15,20
875,2876,2027-04-16,20
875,2876,2027-04-17,20
875,2876,2027-04-18,20
875,2876,2027-04-19,20
875,2876,2027-04-20,20
875,2876,2027-04-21,20
875,2876,2027-04-22,20
875,2876,2027-04-23,20
875,2876,2027-04-24,20
875,2876,2027-04-25,20
875,2877,2027-03-26,38
875,2877,2027-03-27,40
875,2877,2027-03-28,37
875,2877,2027-03-29,40
875,2877,2027-03-30,40
875,2877,2027-03-31,40
875,2877,2027-04-01,40
875,2877,2027-04-02,40
875,2877,2027-04-03,40
875,2877,2027-04-04,40
875,2877,2027-04-05,40
875,2877,2027-04-06,40
875,2877,2027-04-07,40
875,2877,2027-04-08,40
875,2877,2027-04-09,40
875,2877,2027-04-10,40
875,2877,2027-04-11,39
875,2877,2027-04-12,40
875,2877,2027-04-13,40
875,2877,2027-04-14,40
875,2877,2027-04-15,40
875,2877,2027-04-16,40
875,2877,2027-04-17,36
875,2877,2027-04-18,40
875,2877,2027-04-19,40
875,2877,2027-04-20,40
875,2877,2027-04-21,40
875,2877,2027-04-22,40
875,2877,2027-04-23,40
875,2877,2027-04-24,40
875,2877,2027-04-25,40
875,2878,2027-03-26,12
875,2878,2027-03-27,12
875,2878,2027-03-28,12
875,2878,2027-03-29,12
875,2878,2027-03-30,12
875,2878,2027-03-31,12
875,2878,2027-04-01,12
875,2878,2027-04-02,9
875,2878,2027-04-03,12
875,2878,2027-04-04,12
875,2878,2027-04-05,12
875,2878,2027-04-06,12
875,2878,2027-04-07,9
875,2878,2027-04-08,12
875,2878,2027-04-09,12
875,2878,2027-04-10,12
875,2878,2027-04-11,12
875,2878,2027-04-12,12
875,2878,2027-04-13,12
875,2878,2027-04-14,12
875,2878,2027-04-15,12
875,2878,2027-04-16,12
875,2878,2027-04-17,12
875,2878,2027-04-18,12
875,2878,2027-04-19,12
875,2878,2027-04-20,12
875,2878,2027-04-21,12
875,2878,2027-04-22,12
875,2878,2027-04-23,12
875,2878,2027-04-24,12
875,2878,2027-04-25,12
875,2879,2027-03-26,37
875,2879,2027-03-27,32
875,2879,2027-03-28,40
875,2879,2027-03-29,40
875,2879,2027-03-30,35
875,2879,2027-03-31,37
875,2879,2027-04-01,40
875,2879,2027-04-02,40
875,2879,2027-04-03,40
875,2879,2027-04-04,37
875,2879,2027-04-05,37
875,2879,2027-04-06,40
875,2879,2027-04-07,40
875,2879,2027-04-08,40
875,2879,2027-04-09,40
875,2879,2027-04-10,40
875,2879,2027-04-11,40
875,2879,2027-04-12,36
875,2879,2027-04-13,27
875,2879,2027-04-14,38
875,2879,2027-04-15,38
875,2879,2027-04-16,40
875,2879,2027-04-17,40
875,2879,2027-04-18,35
875,2879,2027-04-19,40
875,2879,2027-04-20,40
875,2879,2027-04-21,40
875,2879,2027-04-22,40
875,2879,2027-04-23,40
875,2879,2027-04-24,40
875,2879,2027-04-25,36
875,2880,2027-03-26,9
875,2880,2027-03-27,14
875,2880,2027-03-28,11
875,2880,2027-03-29,14
875,2880,2027-03-30,14
875,2880,2027-03-31,12
875,2880,2027-04-01,14
875,2880,2027-04-02,11
875,2880,2027-04-03,14
875,2880,2027-04-04,14
875,2880,2027-04-05,14
875,2880,2027-04-06,14
875,2880,2027-04-07,14
875,2880,2027-04-08,13
875,2880,2027-04-09,14
875,2880,2027-04-10,12
875,2880,2027-04-11,14
875,2880,2027-04-12,14
875,2880,2027-04-13,14
875,2880,2027-04-14,14
875,2880,2027-04-15,5
875,2880,2027-04-16,14
875,2880,2027-04-17,14
875,2880,2027-04-18,14
875,2880,2027-04-19,14
875,2880,2027-04-20,14
875,2880,2027-04-21,14
875,2880,2027-04-22,14
875,2880,2027-04-23,14
875,2880,2027-04-24,10
875,2880,2027-04-25,14
875,2881,2027-03-26,30
875,2881,2027-03-27,30
875,2881,2027-03-28,30
875,2881,2027-03-29,30
875,2881,2027-03-30,30
875,2881,2027-03-31,30
875,2881,2027-04-01,30
875,2881,2027-04-02,30
875,2881,2027-04-03,30
875,2881,2027-04-04,30
875,2881,2027-04-05,30
875,2881,2027-04-06,30
875,2881,2027-04-07,30
875,2881,2027-04-08,30
875,2881,2027-04-09,30
875,2881,2027-04-10,30
875,2881,2027-04-11,30
875,2881,2027-04-12,30
875,2881,2027-04-13,30
875,2881,2027-04-14,30
875,2881,2027-04-15,30
875,2881,2027-04-16,30
875,2881,2027-04-17,30
875,2881,2027-04-18,30
875,2881,2027-04-19,30
875,2881,2027-04-20,30
875,2881,2027-04-21,30
875,2881,2027-04-22,30
875,2881,2027-04-23,30
875,2881,2027-04-24,30
875,2881,2027-04-25,30
875,2882,2027-03-26,20
875,2882,2027-03-27,20
875,2882,2027-03-28,20
875,2882,2027-03-29,20
875,2882,2027-03-30,20
875,2882,2027-03-31,20
875,2882,2027-04-01,20
875,2882,2027-04-02,20
875,2882,2027-04-03,20
875,2882,2027-04-04,20
875,2882,2027-04-05,20
875,2882,2027-04-06,20
875,2882,2027-04-07,20
875,2882,2027-04-08,20
875,2882,2027-04-09,20
875,2882,2027-04-10,20
875,2882,2027-04-11,20
875,2882,2027-04-12,18
875,2882,2027-04-13,20
875,2882,2027-04-14,11
875,2882,2027-04-15,20
875,2882,2027-04-16,20
875,2882,2027-04-17,20
875,2882,2027-04-18,20
875,2882,2027-04-19,20
875,2882,2027-04-20,20
875,2882,2027-04-21,20
875,2882,2027-04-22,17
875,2882,2027-04-23,20
875,2882,2027-04-24,20
875,2882,2027-04-25,20
875,2883,2027-03-26,40
875,2883,2027-03-27,40
875,2883,2027-03-28,40
875,2883,2027-03-29,38
875,2883,2027-03-30,40
875,2883,2027-03-31,40
875,2883,2027-04-01,36
875,2883,2027-04-02,40
875,2883,2027-04-03,40
875,2883,2027-04-04,40
875,2883,2027-04-05,40
875,2883,2027-04-06,40
875,2883,2027-04-07,40
875,2883,2027-04-08,40
875,2883,2027-04-09,40
875,2883,2027-04-10,32
875,2883,2027-04-11,40
875,2883,2027-04-12,40
875,2883,2027-04-13,40
875,2883,2027-04-14,36
875,2883,2027-04-15,38
875,2883,2027-04-16,36
875,2883,2027-04-17,40
875,2883,2027-04-18,40
875,2883,2027-04-19,40
875,2883,2027-04-20,35
875,2883,2027-04-21,40
875,2883,2027-04-22,40
875,2883,2027-04-23,40
875,2883,2027-04-24,40
875,2883,2027-04-25,40
875,2884,2027-03-26,20
875,2884,2027-03-27,20
875,2884,2027-03-28,17
875,2884,2027-03-29,18
875,2884,2027-03-30,20
875,2884,2027-03-31,20
875,2884,2027-04-01,20
875,2884,2027-04-02,20
875,2884,2027-04-03,20
875,2884,2027-04-04,20
875,2884,2027-04-05,20
875,2884,2027-04-06,20
875,2884,2027-04-07,20
875,2884,2027-04-08,20
875,2884,2027-04-09,20
875,2884,2027-04-10,20
875,2884,2027-04-11,20
875,2884,2027-04-12,7
875,2884,2027-04-13,20
875,2884,2027-04-14,20
875,2884,2027-04-15,20
875,2884,2027-04-16,20
875,2884,2027-04-17,20
875,2884,2027-04-18,20
875,2884,2027-04-19,20
875,2884,2027-04-20,20
875,2884,2027-04-21,18
875,2884,2027-04-22,20
875,2884,2027-04-23,20
875,2884,2027-04-24,20
875,2884,2027-04-25,20
875,2885,2027-03-26,10
875,2885,2027-03-27,10
875,2885,2027-03-28,10
875,2885,2027-03-29,10
875,2885,2027-03-30,10
875,2885,2027-03-31,10
875,2885,2027-04-01,10
875,2885,2027-04-02,10
875,2885,2027-04-03,10
875,2885,2027-04-04,10
875,2885,2027-04-05,10
875,2885,2027-04-06,10
875,2885,2027-04-07,10
875,2885,2027-04-08,10
875,2885,2027-04-09,10
875,2885,2027-04-10,10
875,2885,2027-04-11,10
875,2885,2027-04-12,10
875,2885,2027-04-13,10
875,2885,2027-04-14,10
875,2885,2027-04-15,10
875,2885,2027-04-16,10
875,2885,2027-04-17,10
875,2885,2027-04-18,10
875,2885,2027-04-19,10
875,2885,2027-04-20,10
875,2885,2027-04-21,10
875,2885,2027-04-22,10
875,2885,2027-04-23,10
875,2885,2027-04-24,10
875,2885,2027-04-25,10
875,2886,2027-03-26,40
875,2886,2027-03-27,34
875,2886,2027-03-28,40
875,2886,2027-03-29,39
875,2886,2027-03-30,38
875,2886,2027-03-31,37
875,2886,2027-04-01,40
875,2886,2027-04-02,40
875,2886,2027-04-03,40
875,2886,2027-04-04,40
875,2886,2027-04-05,40
875,2886,2027-04-06,40
875,2886,2027-04-07,40
875,2886,2027-04-08,40
875,2886,2027-04-09,40
875,2886,2027-04-10,40
875,2886,2027-04-11,40
875,2886,2027-04-12,40
875,2886,2027-04-13,36
875,2886,2027-04-14,40
875,2886,2027-04-15,40
875,2886,2027-04-16,40
875,2886,2027-04-17,40
875,2886,2027-04-18,40
875,2886,2027-04-19,40
875,2886,2027-04-20,40
875,2886,2027-04-21,40
875,2886,2027-04-22,38
875,2886,2027-04-23,40
875,2886,2027-04-24,40
875,2886,2027-04-25,40
875,2887,2027-03-26,2
875,2887,2027-03-27,12
875,2887,2027-03-28,1
875,2887,2027-03-29,0
875,2887,2027-03-30,8
875,2887,2027-03-31,1
875,2887,2027-04-01,6
875,2887,2027-04-02,7
875,2887,2027-04-03,2
875,2887,2027-04-04,18
875,2887,2027-04-05,1
875,2887,2027-04-06,0
875,2887,2027-04-07,6
875,2887,2027-04-08,1
875,2887,2027-04-09,3
875,2887,2027-04-10,12
875,2887,2027-04-11,6
875,2887,2027-04-12,12
875,2887,2027-04-13,1
875,2887,2027-04-14,9
875,2887,2027-04-15,8
875,2887,2027-04-16,14
875,2887,2027-04-17,7
875,2887,2027-04-18,18
875,2887,2027-04-19,11
875,2887,2027-04-20,7
875,2887,2027-04-21,11
875,2887,2027-04-22,4
875,2887,2027-04-23,4
875,2887,2027-04-24,13
875,2887,2027-04-25,8
875,2865,2026-12-26,6
875,2865,2026-12-27,4
875,2865,2026-12-28,6
875,2865,2026-12-29,4
875,2865,2026-12-30,5
875,2865,2026-12-31,6
875,2865,2027-01-01,6
875,2865,2027-01-02,1
875,2865,2027-01-03,4
875,2865,2027-01-04,6
875,2865,2027-01-05,6
875,2865,2027-01-06,6
875,2865,2027-01-07,4
875,2865,2027-01-08,2
875,2865,2027-01-09,6
875,2865,2027-01-10,6
875,2865,2027-01-11,4
875,2865,2027-01-12,2
875,2865,2027-01-13,3
875,2865,2027-01-14,6
875,2865,2027-01-15,6
875,2865,2027-01-16,6
875,2865,2027-01-17,6
875,2865,2027-01-18,6
875,2865,2027-01-19,6
875,2865,2027-01-20,6
875,2865,2027-01-21,6
875,2865,2027-01-22,1
875,2865,2027-01-23,1
875,2865,2027-01-24,6
875,2865,2027-01-25,6
875,2866,2026-12-26,10
875,2866,2026-12-27,11
875,2866,2026-12-28,12
875,2866,2026-12-29,10
875,2866,2026-12-30,2
875,2866,2026-12-31,3
875,2866,2027-01-01,6
875,2866,2027-01-02,0
875,2866,2027-01-03,4
875,2866,2027-01-04,10
875,2866,2027-01-05,6
875,2866,2027-01-06,2
875,2866,2027-01-07,1
875,2866,2027-01-08,8
875,2866,2027-01-09,7
875,2866,2027-01-10,12
875,2866,2027-01-11,11
875,2866,2027-01-12,3
875,2866,2027-01-13,12
875,2866,2027-01-14,3
875,2866,2027-01-15,7
875,2866,2027-01-16,9
875,2866,2027-01-17,10
875,2866,2027-01-18,12
875,2866,2027-01-19,7
875,2866,2027-01-20,12
875,2866,2027-01-21,10
875,2866,2027-01-22,10
875,2866,2027-01-23,12
875,2866,2027-01-24,12
875,2866,2027-01-25,12
875,2867,2026-12-26,67
875,2867,2026-12-27,60
875,2867,2026-12-28,25
875,2867,2026-12-29,40
875,2867,2026-12-30,19
875,2867,2026-12-31,34
875,2867,2027-01-01,51
875,2867,2027-01-02,68
875,2867,2027-01-03,58
875,2867,2027-01-04,20
875,2867,2027-01-05,18
875,2867,2027-01-06,35
875,2867,2027-01-07,60
875,2867,2027-01-08,70
875,2867,2027-01-09,77
875,2867,2027-01-10,68
875,2867,2027-01-11,62
875,2867,2027-01-12,66
875,2867,2027-01-13,91
875,2867,2027-01-14,74
875,2867,2027-01-15,62
875,2867,2027-01-16,77
875,2867,2027-01-17,88
875,2867,2027-01-18,82
875,2867,2027-01-19,83
875,2867,2027-01-20,82
875,2867,2027-01-21,64
875,2867,2027-01-22,79
875,2867,2027-01-23,50
875,2867,2027-01-24,86
875,2867,2027-01-25,95
875,2868,2026-12-26,0
875,2868,2026-12-27,0
875,2868,2026-12-28,0
875,2868,2026-12-29,0
875,2868,2026-12-30,1
875,2868,2026-12-31,0
875,2868,2027-01-01,0
875,2868,2027-01-02,1
875,2868,2027-01-03,0
875,2868,2027-01-04,0
875,2868,2027-01-05,1
875,2868,2027-01-06,0
875,2868,2027-01-07,0
875,2868,2027-01-08,0
875,2868,2027-01-09,0
875,2868,2027-01-10,0
875,2868,2027-01-11,0
875,2868,2027-01-12,0
875,2868,2027-01-13,0
875,2868,2027-01-14,1
875,2868,2027-01-15,0
875,2868,2027-01-16,1
875,2868,2027-01-17,0
875,2868,2027-01-18,0
875,2868,2027-01-19,0
875,2868,2027-01-20,0
875,2868,2027-01-21,0
875,2868,2027-01-22,0
875,2868,2027-01-23,0
875,2868,2027-01-24,0
875,2868,2027-01-25,0
875,2869,2026-12-26,30
875,2869,2026-12-27,9
875,2869,2026-12-28,30
875,2869,2026-12-29,30
875,2869,2026-12-30,30
875,2869,2026-12-31,26
875,2869,2027-01-01,30
875,2869,2027-01-02,28
875,2869,2027-01-03,30
875,2869,2027-01-04,30
875,2869,2027-01-05,30
875,2869,2027-01-06,30
875,2869,2027-01-07,30
875,2869,2027-01-08,30
875,2869,2027-01-09,30
875,2869,2027-01-10,15
875,2869,2027-01-11,30
875,2869,2027-01-12,28
875,2869,2027-01-13,30
875,2869,2027-01-14,30
875,2869,2027-01-15,30
875,2869,2027-01-16,30
875,2869,2027-01-17,30
875,2869,2027-01-18,30
875,2869,2027-01-19,30
875,2869,2027-01-20,22
875,2869,2027-01-21,30
875,2869,2027-01-22,30
875,2869,2027-01-23,21
875,2869,2027-01-24,30
875,2869,2027-01-25,30
875,2870,2026-12-26,34
875,2870,2026-12-27,32
875,2870,2026-12-28,10
875,2870,2026-12-29,1
875,2870,2026-12-30,0
875,2870,2026-12-31,1
875,2870,2027-01-01,0
875,2870,2027-01-02,4
875,2870,2027-01-03,0
875,2870,2027-01-04,0
875,2870,2027-01-05,2
875,2870,2027-01-06,4
875,2870,2027-01-07,8
875,2870,2027-01-08,7
875,2870,2027-01-09,2
875,2870,2027-01-10,19
875,2870,2027-01-11,26
875,2870,2027-01-12,19
875,2870,2027-01-13,13
875,2870,2027-01-14,9
875,2870,2027-01-15,28
875,2870,2027-01-16,17
875,2870,2027-01-17,16
875,2870,2027-01-18,23
875,2870,2027-01-19,19
875,2870,2027-01-20,17
875,2870,2027-01-21,24
875,2870,2027-01-22,20
875,2870,2027-01-23,2
875,2870,2027-01-24,6
875,2870,2027-01-25,3
875,2871,2026-12-26,0
875,2871,2026-12-27,0
875,2871,2026-12-28,0
875,2871,2026-12-29,0
875,2871,2026-12-30,0
875,2871,2026-12-31,0
875,2871,2027-01-01,0
875,2871,2027-01-02,0
875,2871,2027-01-03,0
875,2871,2027-01-04,0
875,2871,2027-01-05,0
875,2871,2027-01-06,0
875,2871,2027-01-07,0
875,2871,2027-01-08,0
875,2871,2027-01-09,0
875,2871,2027-01-10,1
875,2871,2027-01-11,1
875,2871,2027-01-12,0
875,2871,2027-01-13,0
875,2871,2027-01-14,0
875,2871,2027-01-15,0
875,2871,2027-01-16,1
875,2871,2027-01-17,1
875,2871,2027-01-18,0
875,2871,2027-01-19,3
875,2871,2027-01-20,0
875,2871,2027-01-21,2
875,2871,2027-01-22,0
875,2871,2027-01-23,3
875,2871,2027-01-24,0
875,2871,2027-01-25,1
875,2872,2026-12-26,70
875,2872,2026-12-27,70
875,2872,2026-12-28,39
875,2872,2026-12-29,12
875,2872,2026-12-30,11
875,2872,2026-12-31,15
875,2872,2027-01-01,34
875,2872,2027-01-02,39
875,2872,2027-01-03,29
875,2872,2027-01-04,22
875,2872,2027-01-05,4
875,2872,2027-01-06,20
875,2872,2027-01-07,44
875,2872,2027-01-08,34
875,2872,2027-01-09,27
875,2872,2027-01-10,63
875,2872,2027-01-11,46
875,2872,2027-01-12,49
875,2872,2027-01-13,60
875,2872,2027-01-14,73
875,2872,2027-01-15,55
875,2872,2027-01-16,42
875,2872,2027-01-17,63
875,2872,2027-01-18,51
875,2872,2027-01-19,51
875,2872,2027-01-20,59
875,2872,2027-01-21,34
875,2872,2027-01-22,32
875,2872,2027-01-23,61
875,2872,2027-01-24,44
875,2872,2027-01-25,75
875,2873,2026-12-26,0
875,2873,2026-12-27,1
875,2873,2026-12-28,0
875,2873,2026-12-29,0
875,2873,2026-12-30,0
875,2873,2026-12-31,0
875,2873,2027-01-01,0
875,2873,2027-01-02,2
875,2873,2027-01-03,0
875,2873,2027-01-04,0
875,2873,2027-01-05,1
875,2873,2027-01-06,0
875,2873,2027-01-07,0
875,2873,2027-01-08,0
875,2873,2027-01-09,0
875,2873,2027-01-10,1
875,2873,2027-01-11,1
875,2873,2027-01-12,0
875,2873,2027-01-13,0
875,2873,2027-01-14,0
875,2873,2027-01-15,0
875,2873,2027-01-16,0
875,2873,2027-01-17,1
875,2873,2027-01-18,0
875,2873,2027-01-19,1
875,2873,2027-01-20,0
875,2873,2027-01-21,0
875,2873,2027-01-22,0
875,2873,2027-01-23,1
875,2873,2027-01-24,0
875,2873,2027-01-25,0
875,2874,2026-12-26,12
875,2874,2026-12-27,12
875,2874,2026-12-28,12
875,2874,2026-12-29,12
875,2874,2026-12-30,12
875,2874,2026-12-31,12
875,2874,2027-01-01,8
875,2874,2027-01-02,12
875,2874,2027-01-03,12
875,2874,2027-01-04,12
875,2874,2027-01-05,12
875,2874,2027-01-06,12
875,2874,2027-01-07,12
875,2874,2027-01-08,12
875,2874,2027-01-09,12
875,2874,2027-01-10,12
875,2874,2027-01-11,12
875,2874,2027-01-12,12
875,2874,2027-01-13,12
875,2874,2027-01-14,12
875,2874,2027-01-15,12
875,2874,2027-01-16,12
875,2874,2027-01-17,12
875,2874,2027-01-18,4
875,2874,2027-01-19,12
875,2874,2027-01-20,12
875,2874,2027-01-21,12
875,2874,2027-01-22,12
875,2874,2027-01-23,7
875,2874,2027-01-24,10
875,2874,2027-01-25,11
875,2876,2026-12-26,20
875,2876,2026-12-27,16
875,2876,2026-12-28,14
875,2876,2026-12-29,20
875,2876,2026-12-30,20
875,2876,2026-12-31,12
875,2876,2027-01-01,18
875,2876,2027-01-02,20
875,2876,2027-01-03,9
875,2876,2027-01-04,20
875,2876,2027-01-05,20
875,2876,2027-01-06,18
875,2876,2027-01-07,18
875,2876,2027-01-08,20
875,2876,2027-01-09,11
875,2876,2027-01-10,20
875,2876,2027-01-11,18
875,2876,2027-01-12,20
875,2876,2027-01-13,20
875,2876,2027-01-14,20
875,2876,2027-01-15,20
875,2876,2027-01-16,20
875,2876,2027-01-17,20
875,2876,2027-01-18,20
875,2876,2027-01-19,20
875,2876,2027-01-20,20
875,2876,2027-01-21,20
875,2876,2027-01-22,18
875,2876,2027-01-23,20
875,2876,2027-01-24,20
875,2876,2027-01-25,20
875,2877,2026-12-26,32
875,2877,2026-12-27,40
875,2877,2026-12-28,36
875,2877,2026-12-29,34
875,2877,2026-12-30,28
875,2877,2026-12-31,37
875,2877,2027-01-01,35
875,2877,2027-01-02,8
875,2877,2027-01-03,4
875,2877,2027-01-04,35
875,2877,2027-01-05,36
875,2877,2027-01-06,30
875,2877,2027-01-07,30
875,2877,2027-01-08,32
875,2877,2027-01-09,31
875,2877,2027-01-10,38
875,2877,2027-01-11,40
875,2877,2027-01-12,36
875,2877,2027-01-13,37
875,2877,2027-01-14,37
875,2877,2027-01-15,26
875,2877,2027-01-16,38
875,2877,2027-01-17,37
875,2877,2027-01-18,40
875,2877,2027-01-19,40
875,2877,2027-01-20,30
875,2877,2027-01-21,40
875,2877,2027-01-22,40
875,2877,2027-01-23,40
875,2877,2027-01-24,40
875,2877,2027-01-25,40
875,2878,2026-12-26,12
875,2878,2026-12-27,12
875,2878,2026-12-28,8
875,2878,2026-12-29,12
875,2878,2026-12-30,12
875,2878,2026-12-31,12
875,2878,2027-01-01,12
875,2878,2027-01-02,12
875,2878,2027-01-03,12
875,2878,2027-01-04,10
875,2878,2027-01-05,12
875,2878,2027-01-06,6
875,2878,2027-01-07,12
875,2878,2027-01-08,12
875,2878,2027-01-09,12
875,2878,2027-01-10,12
875,2878,2027-01-11,12
875,2878,2027-01-12,12
875,2878,2027-01-13,12
875,2878,2027-01-14,12
875,2878,2027-01-15,12
875,2878,2027-01-16,12
875,2878,2027-01-17,12
875,2878,2027-01-18,12
875,2878,2027-01-19,12
875,2878,2027-01-20,12
875,2878,2027-01-21,12
875,2878,2027-01-22,12
875,2878,2027-01-23,12
875,2878,2027-01-24,12
875,2878,2027-01-25,12
875,2879,2026-12-26,32
875,2879,2026-12-27,27
875,2879,2026-12-28,37
875,2879,2026-12-29,0
875,2879,2026-12-30,22
875,2879,2026-12-31,23
875,2879,2027-01-01,13
875,2879,2027-01-02,14
875,2879,2027-01-03,19
875,2879,2027-01-04,13
875,2879,2027-01-05,1
875,2879,2027-01-06,0
875,2879,2027-01-07,29
875,2879,2027-01-08,35
875,2879,2027-01-09,26
875,2879,2027-01-10,9
875,2879,2027-01-11,32
875,2879,2027-01-12,28
875,2879,2027-01-13,20
875,2879,2027-01-14,36
875,2879,2027-01-15,33
875,2879,2027-01-16,7
875,2879,2027-01-17,31
875,2879,2027-01-18,27
875,2879,2027-01-19,9
875,2879,2027-01-20,3
875,2879,2027-01-21,14
875,2879,2027-01-22,32
875,2879,2027-01-23,3
875,2879,2027-01-24,34
875,2879,2027-01-25,38
875,2880,2026-12-26,14
875,2880,2026-12-27,8
875,2880,2026-12-28,0
875,2880,2026-12-29,2
875,2880,2026-12-30,5
875,2880,2026-12-31,9
875,2880,2027-01-01,10
875,2880,2027-01-02,0
875,2880,2027-01-03,1
875,2880,2027-01-04,4
875,2880,2027-01-05,2
875,2880,2027-01-06,0
875,2880,2027-01-07,1
875,2880,2027-01-08,6
875,2880,2027-01-09,3
875,2880,2027-01-10,13
875,2880,2027-01-11,7
875,2880,2027-01-12,0
875,2880,2027-01-13,8
875,2880,2027-01-14,12
875,2880,2027-01-15,0
875,2880,2027-01-16,10
875,2880,2027-01-17,12
875,2880,2027-01-18,9
875,2880,2027-01-19,2
875,2880,2027-01-20,4
875,2880,2027-01-21,6
875,2880,2027-01-22,0
875,2880,2027-01-23,8
875,2880,2027-01-24,4
875,2880,2027-01-25,12
875,2881,2026-12-26,30
875,2881,2026-12-27,30
875,2881,2026-12-28,30
875,2881,2026-12-29,30
875,2881,2026-12-30,30
875,2881,2026-12-31,28
875,2881,2027-01-01,28
875,2881,2027-01-02,30
875,2881,2027-01-03,29
875,2881,2027-01-04,30
875,2881,2027-01-05,30
875,2881,2027-01-06,30
875,2881,2027-01-07,30
875,2881,2027-01-08,30
875,2881,2027-01-09,30
875,2881,2027-01-10,30
875,2881,2027-01-11,30
875,2881,2027-01-12,30
875,2881,2027-01-13,30
875,2881,2027-01-14,30
875,2881,2027-01-15,30
875,2881,2027-01-16,30
875,2881,2027-01-17,30
875,2881,2027-01-18,30
875,2881,2027-01-19,30
875,2881,2027-01-20,30
875,2881,2027-01-21,30
875,2881,2027-01-22,30
875,2881,2027-01-23,30
875,2881,2027-01-24,30
875,2881,2027-01-25,30
875,2882,2026-12-26,20
875,2882,2026-12-27,11
875,2882,2026-12-28,5
875,2882,2026-12-29,16
875,2882,2026-12-30,12
875,2882,2026-12-31,0
875,2882,2027-01-01,10
875,2882,2027-01-02,14
875,2882,2027-01-03,19
875,2882,2027-01-04,8
875,2882,2027-01-05,18
875,2882,2027-01-06,17
875,2882,2027-01-07,15
875,2882,2027-01-08,7
875,2882,2027-01-09,7
875,2882,2027-01-10,18
875,2882,2027-01-11,15
875,2882,2027-01-12,6
875,2882,2027-01-13,20
875,2882,2027-01-14,17
875,2882,2027-01-15,15
875,2882,2027-01-16,20
875,2882,2027-01-17,20
875,2882,2027-01-18,20
875,2882,2027-01-19,20
875,2882,2027-01-20,16
875,2882,2027-01-21,20
875,2882,2027-01-22,20
875,2882,2027-01-23,20
875,2882,2027-01-24,18
875,2882,2027-01-25,20
875,2883,2026-12-26,36
875,2883,2026-12-27,40
875,2883,2026-12-28,38
875,2883,2026-12-29,38
875,2883,2026-12-30,8
875,2883,2026-12-31,28
875,2883,2027-01-01,26
875,2883,2027-01-02,30
875,2883,2027-01-03,0
875,2883,2027-01-04,26
875,2883,2027-01-05,26
875,2883,2027-01-06,23
875,2883,2027-01-07,22
875,2883,2027-01-08,28
875,2883,2027-01-09,36
875,2883,2027-01-10,34
875,2883,2027-01-11,35
875,2883,2027-01-12,38
875,2883,2027-01-13,37
875,2883,2027-01-14,30
875,2883,2027-01-15,31
875,2883,2027-01-16,32
875,2883,2027-01-17,40
875,2883,2027-01-18,34
875,2883,2027-01-19,37
875,2883,2027-01-20,40
875,2883,2027-01-21,21
875,2883,2027-01-22,32
875,2883,2027-01-23,34
875,2883,2027-01-24,20
875,2883,2027-01-25,40
875,2884,2026-12-26,16
875,2884,2026-12-27,16
875,2884,2026-12-28,20
875,2884,2026-12-29,16
875,2884,2026-12-30,12
875,2884,2026-12-31,14
875,2884,2027-01-01,6
875,2884,2027-01-02,7
875,2884,2027-01-03,7
875,2884,2027-01-04,11
875,2884,2027-01-05,6
875,2884,2027-01-06,0
875,2884,2027-01-07,18
875,2884,2027-01-08,20
875,2884,2027-01-09,18
875,2884,2027-01-10,19
875,2884,2027-01-11,7
875,2884,2027-01-12,20
875,2884,2027-01-13,13
875,2884,2027-01-14,20
875,2884,2027-01-15,20
875,2884,2027-01-16,20
875,2884,2027-01-17,20
875,2884,2027-01-18,20
875,2884,2027-01-19,18
875,2884,2027-01-20,10
875,2884,2027-01-21,8
875,2884,2027-01-22,12
875,2884,2027-01-23,18
875,2884,2027-01-24,20
875,2884,2027-01-25,20
875,2885,2026-12-26,10
875,2885,2026-12-27,10
875,2885,2026-12-28,10
875,2885,2026-12-29,10
875,2885,2026-12-30,10
875,2885,2026-12-31,10
875,2885,2027-01-01,10
875,2885,2027-01-02,5
875,2885,2027-01-03,0
875,2885,2027-01-04,8
875,2885,2027-01-05,10
875,2885,2027-01-06,10
875,2885,2027-01-07,10
875,2885,2027-01-08,10
875,2885,2027-01-09,2
875,2885,2027-01-10,9
875,2885,2027-01-11,10
875,2885,2027-01-12,10
875,2885,2027-01-13,10
875,2885,2027-01-14,10
875,2885,2027-01-15,10
875,2885,2027-01-16,10
875,2885,2027-01-17,10
875,2885,2027-01-18,10
875,2885,2027-01-19,10
875,2885,2027-01-20,10
875,2885,2027-01-21,10
875,2885,2027-01-22,10
875,2885,2027-01-23,10
875,2885,2027-01-24,10
875,2885,2027-01-25,2
875,2886,2026-12-26,40
875,2886,2026-12-27,34
875,2886,2026-12-28,39
875,2886,2026-12-29,28
875,2886,2026-12-30,33
875,2886,2026-12-31,2
875,2886,2027-01-01,12
875,2886,2027-01-02,22
875,2886,2027-01-03,36
875,2886,2027-01-04,32
875,2886,2027-01-05,40
875,2886,2027-01-06,31
875,2886,2027-01-07,33
875,2886,2027-01-08,34
875,2886,2027-01-09,40
875,2886,2027-01-10,32
875,2886,2027-01-11,38
875,2886,2027-01-12,37
875,2886,2027-01-13,28
875,2886,2027-01-14,38
875,2886,2027-01-15,39
875,2886,2027-01-16,36
875,2886,2027-01-17,38
875,2886,2027-01-18,40
875,2886,2027-01-19,40
875,2886,2027-01-20,40
875,2886,2027-01-21,40
875,2886,2027-01-22,38
875,2886,2027-01-23,32
875,2886,2027-01-24,40
875,2886,2027-01-25,34
875,2887,2026-12-26,6
875,2887,2026-12-27,2
875,2887,2026-12-28,16
875,2887,2026-12-29,0
875,2887,2026-12-30,1
875,2887,2026-12-31,0
875,2887,2027-01-01,0
875,2887,2027-01-02,0
875,2887,2027-01-03,2
875,2887,2027-01-04,0
875,2887,2027-01-05,6
875,2887,2027-01-06,4
875,2887,2027-01-07,0
875,2887,2027-01-08,0
875,2887,2027-01-09,8
875,2887,2027-01-10,1
875,2887,2027-01-11,3
875,2887,2027-01-12,8
875,2887,2027-01-13,3
875,2887,2027-01-14,4
875,2887,2027-01-15,3
875,2887,2027-01-16,1
875,2887,2027-01-17,1
875,2887,2027-01-18,14
875,2887,2027-01-19,6
875,2887,2027-01-20,19
875,2887,2027-01-21,1
875,2887,2027-01-22,4
875,2887,2027-01-23,6
875,2887,2027-01-24,2
875,2887,2027-01-25,16
875,2865,2027-04-25,6
875,2865,2027-04-26,6
875,2865,2027-04-27,6
875,2865,2027-04-28,6
875,2865,2027-04-29,6
875,2865,2027-04-30,6
875,2865,2027-05-01,6
875,2865,2027-05-02,6
875,2865,2027-05-03,6
875,2865,2027-05-04,6
875,2865,2027-05-05,6
875,2865,2027-05-06,6
875,2865,2027-05-07,6
875,2865,2027-05-08,6
875,2865,2027-05-09,6
875,2865,2027-05-10,6
875,2865,2027-05-11,6
875,2865,2027-05-12,6
875,2865,2027-05-13,6
875,2865,2027-05-14,6
875,2865,2027-05-15,6
875,2865,2027-05-16,6
875,2865,2027-05-17,6
875,2865,2027-05-18,6
875,2865,2027-05-19,6
875,2865,2027-05-20,6
875,2865,2027-05-21,6
875,2865,2027-05-22,6
875,2865,2027-05-23,6
875,2865,2027-05-24,6
875,2865,2027-05-25,6
875,2866,2027-04-25,9
875,2866,2027-04-26,8
875,2866,2027-04-27,12
875,2866,2027-04-28,12
875,2866,2027-04-29,12
875,2866,2027-04-30,12
875,2866,2027-05-01,12
875,2866,2027-05-02,12
875,2866,2027-05-03,12
875,2866,2027-05-04,12
875,2866,2027-05-05,12
875,2866,2027-05-06,12
875,2866,2027-05-07,12
875,2866,2027-05-08,12
875,2866,2027-05-09,12
875,2866,2027-05-10,12
875,2866,2027-05-11,12
875,2866,2027-05-12,12
875,2866,2027-05-13,12
875,2866,2027-05-14,12
875,2866,2027-05-15,12
875,2866,2027-05-16,12
875,2866,2027-05-17,12
875,2866,2027-05-18,12
875,2866,2027-05-19,12
875,2866,2027-05-20,12
875,2866,2027-05-21,12
875,2866,2027-05-22,12
875,2866,2027-05-23,12
875,2866,2027-05-24,12
875,2866,2027-05-25,12
875,2867,2027-04-25,100
875,2867,2027-04-26,98
875,2867,2027-04-27,100
875,2867,2027-04-28,100
875,2867,2027-04-29,100
875,2867,2027-04-30,100
875,2867,2027-05-01,100
875,2867,2027-05-02,100
875,2867,2027-05-03,100
875,2867,2027-05-04,100
875,2867,2027-05-05,100
875,2867,2027-05-06,100
875,2867,2027-05-07,100
875,2867,2027-05-08,100
875,2867,2027-05-09,100
875,2867,2027-05-10,100
875,2867,2027-05-11,100
875,2867,2027-05-12,100
875,2867,2027-05-13,100
875,2867,2027-05-14,100
875,2867,2027-05-15,100
875,2867,2027-05-16,100
875,2867,2027-05-17,100
875,2867,2027-05-18,100
875,2867,2027-05-19,100
875,2867,2027-05-20,100
875,2867,2027-05-21,100
875,2867,2027-05-22,100
875,2867,2027-05-23,100
875,2867,2027-05-24,100
875,2867,2027-05-25,100
875,2868,2027-04-25,2
875,2868,2027-04-26,1
875,2868,2027-04-27,24
875,2868,2027-04-28,23
875,2868,2027-04-29,34
875,2868,2027-04-30,21
875,2868,2027-05-01,4
875,2868,2027-05-02,21
875,2868,2027-05-03,9
875,2868,2027-05-04,34
875,2868,2027-05-05,34
875,2868,2027-05-06,32
875,2868,2027-05-07,34
875,2868,2027-05-08,34
875,2868,2027-05-09,34
875,2868,2027-05-10,32
875,2868,2027-05-11,34
875,2868,2027-05-12,34
875,2868,2027-05-13,34
875,2868,2027-05-14,34
875,2868,2027-05-15,34
875,2868,2027-05-16,34
875,2868,2027-05-17,26
875,2868,2027-05-18,34
875,2868,2027-05-19,34
875,2868,2027-05-20,34
875,2868,2027-05-21,34
875,2868,2027-05-22,34
875,2868,2027-05-23,34
875,2868,2027-05-24,34
875,2868,2027-05-25,34
875,2869,2027-04-25,30
875,2869,2027-04-26,30
875,2869,2027-04-27,30
875,2869,2027-04-28,30
875,2869,2027-04-29,30
875,2869,2027-04-30,30
875,2869,2027-05-01,30
875,2869,2027-05-02,30
875,2869,2027-05-03,30
875,2869,2027-05-04,30
875,2869,2027-05-05,30
875,2869,2027-05-06,30
875,2869,2027-05-07,30
875,2869,2027-05-08,30
875,2869,2027-05-09,30
875,2869,2027-05-10,30
875,2869,2027-05-11,30
875,2869,2027-05-12,30
875,2869,2027-05-13,30
875,2869,2027-05-14,30
875,2869,2027-05-15,30
875,2869,2027-05-16,30
875,2869,2027-05-17,30
875,2869,2027-05-18,30
875,2869,2027-05-19,30
875,2869,2027-05-20,30
875,2869,2027-05-21,30
875,2869,2027-05-22,30
875,2869,2027-05-23,30
875,2869,2027-05-24,30
875,2869,2027-05-25,30
875,2870,2027-04-25,36
875,2870,2027-04-26,27
875,2870,2027-04-27,34
875,2870,2027-04-28,36
875,2870,2027-04-29,36
875,2870,2027-04-30,36
875,2870,2027-05-01,36
875,2870,2027-05-02,36
875,2870,2027-05-03,36
875,2870,2027-05-04,36
875,2870,2027-05-05,36
875,2870,2027-05-06,36
875,2870,2027-05-07,36
875,2870,2027-05-08,36
875,2870,2027-05-09,36
875,2870,2027-05-10,36
875,2870,2027-05-11,36
875,2870,2027-05-12,36
875,2870,2027-05-13,36
875,2870,2027-05-14,36
875,2870,2027-05-15,36
875,2870,2027-05-16,36
875,2870,2027-05-17,36
875,2870,2027-05-18,36
875,2870,2027-05-19,36
875,2870,2027-05-20,36
875,2870,2027-05-21,36
875,2870,2027-05-22,36
875,2870,2027-05-23,36
875,2870,2027-05-24,36
875,2870,2027-05-25,36
875,2871,2027-04-25,1
875,2871,2027-04-26,2
875,2871,2027-04-27,0
875,2871,2027-04-28,0
875,2871,2027-04-29,2
875,2871,2027-04-30,15
875,2871,2027-05-01,16
875,2871,2027-05-02,13
875,2871,2027-05-03,14
875,2871,2027-05-04,26
875,2871,2027-05-05,22
875,2871,2027-05-06,26
875,2871,2027-05-07,26
875,2871,2027-05-08,26
875,2871,2027-05-09,26
875,2871,2027-05-10,26
875,2871,2027-05-11,26
875,2871,2027-05-12,24
875,2871,2027-05-13,26
875,2871,2027-05-14,26
875,2871,2027-05-15,26
875,2871,2027-05-16,26
875,2871,2027-05-17,26
875,2871,2027-05-18,26
875,2871,2027-05-19,18
875,2871,2027-05-20,26
875,2871,2027-05-21,26
875,2871,2027-05-22,26
875,2871,2027-05-23,26
875,2871,2027-05-24,26
875,2871,2027-05-25,26
875,2872,2027-04-25,71
875,2872,2027-04-26,80
875,2872,2027-04-27,80
875,2872,2027-04-28,80
875,2872,2027-04-29,80
875,2872,2027-04-30,78
875,2872,2027-05-01,80
875,2872,2027-05-02,80
875,2872,2027-05-03,80
875,2872,2027-05-04,80
875,2872,2027-05-05,80
875,2872,2027-05-06,80
875,2872,2027-05-07,80
875,2872,2027-05-08,80
875,2872,2027-05-09,80
875,2872,2027-05-10,80
875,2872,2027-05-11,80
875,2872,2027-05-12,80
875,2872,2027-05-13,80
875,2872,2027-05-14,80
875,2872,2027-05-15,80
875,2872,2027-05-16,80
875,2872,2027-05-17,80
875,2872,2027-05-18,80
875,2872,2027-05-19,80
875,2872,2027-05-20,80
875,2872,2027-05-21,80
875,2872,2027-05-22,80
875,2872,2027-05-23,80
875,2872,2027-05-24,80
875,2872,2027-05-25,80
875,2873,2027-04-25,6
875,2873,2027-04-26,4
875,2873,2027-04-27,8
875,2873,2027-04-28,28
875,2873,2027-04-29,23
875,2873,2027-04-30,16
875,2873,2027-05-01,8
875,2873,2027-05-02,12
875,2873,2027-05-03,34
875,2873,2027-05-04,32
875,2873,2027-05-05,34
875,2873,2027-05-06,34
875,2873,2027-05-07,34
875,2873,2027-05-08,0
875,2873,2027-05-09,34
875,2873,2027-05-10,34
875,2873,2027-05-11,32
875,2873,2027-05-12,34
875,2873,2027-05-13,34
875,2873,2027-05-14,34
875,2873,2027-05-15,34
875,2873,2027-05-16,34
875,2873,2027-05-17,34
875,2873,2027-05-18,26
875,2873,2027-05-19,34
875,2873,2027-05-20,34
875,2873,2027-05-21,34
875,2873,2027-05-22,34
875,2873,2027-05-23,34
875,2873,2027-05-24,34
875,2873,2027-05-25,34
875,2874,2027-04-25,12
875,2874,2027-04-26,12
875,2874,2027-04-27,12
875,2874,2027-04-28,12
875,2874,2027-04-29,12
875,2874,2027-04-30,12
875,2874,2027-05-01,12
875,2874,2027-05-02,12
875,2874,2027-05-03,12
875,2874,2027-05-04,12
875,2874,2027-05-05,12
875,2874,2027-05-06,12
875,2874,2027-05-07,12
875,2874,2027-05-08,12
875,2874,2027-05-09,12
875,2874,2027-05-10,12
875,2874,2027-05-11,12
875,2874,2027-05-12,12
875,2874,2027-05-13,12
875,2874,2027-05-14,12
875,2874,2027-05-15,12
875,2874,2027-05-16,12
875,2874,2027-05-17,12
875,2874,2027-05-18,12
875,2874,2027-05-19,12
875,2874,2027-05-20,12
875,2874,2027-05-21,12
875,2874,2027-05-22,12
875,2874,2027-05-23,12
875,2874,2027-05-24,12
875,2874,2027-05-25,12
875,2876,2027-04-25,20
875,2876,2027-04-26,20
875,2876,2027-04-27,20
875,2876,2027-04-28,20
875,2876,2027-04-29,20
875,2876,2027-04-30,20
875,2876,2027-05-01,20
875,2876,2027-05-02,20
875,2876,2027-05-03,20
875,2876,2027-05-04,20
875,2876,2027-05-05,20
875,2876,2027-05-06,20
875,2876,2027-05-07,20
875,2876,2027-05-08,20
875,2876,2027-05-09,20
875,2876,2027-05-10,20
875,2876,2027-05-11,20
875,2876,2027-05-12,20
875,2876,2027-05-13,20
875,2876,2027-05-14,20
875,2876,2027-05-15,20
875,2876,2027-05-16,20
875,2876,2027-05-17,20
875,2876,2027-05-18,20
875,2876,2027-05-19,20
875,2876,2027-05-20,20
875,2876,2027-05-21,20
875,2876,2027-05-22,20
875,2876,2027-05-23,20
875,2876,2027-05-24,20
875,2876,2027-05-25,20
875,2877,2027-04-25,40
875,2877,2027-04-26,40
875,2877,2027-04-27,40
875,2877,2027-04-28,40
875,2877,2027-04-29,40
875,2877,2027-04-30,40
875,2877,2027-05-01,40
875,2877,2027-05-02,40
875,2877,2027-05-03,40
875,2877,2027-05-04,40
875,2877,2027-05-05,40
875,2877,2027-05-06,40
875,2877,2027-05-07,40
875,2877,2027-05-08,40
875,2877,2027-05-09,40
875,2877,2027-05-10,40
875,2877,2027-05-11,40
875,2877,2027-05-12,40
875,2877,2027-05-13,40
875,2877,2027-05-14,40
875,2877,2027-05-15,40
875,2877,2027-05-16,40
875,2877,2027-05-17,40
875,2877,2027-05-18,40
875,2877,2027-05-19,40
875,2877,2027-05-20,40
875,2877,2027-05-21,40
875,2877,2027-05-22,40
875,2877,2027-05-23,40
875,2877,2027-05-24,40
875,2877,2027-05-25,40
875,2878,2027-04-25,12
875,2878,2027-04-26,12
875,2878,2027-04-27,12
875,2878,2027-04-28,12
875,2878,2027-04-29,12
875,2878,2027-04-30,12
875,2878,2027-05-01,12
875,2878,2027-05-02,12
875,2878,2027-05-03,12
875,2878,2027-05-04,12
875,2878,2027-05-05,12
875,2878,2027-05-06,12
875,2878,2027-05-07,12
875,2878,2027-05-08,12
875,2878,2027-05-09,12
875,2878,2027-05-10,12
875,2878,2027-05-11,12
875,2878,2027-05-12,12
875,2878,2027-05-13,12
875,2878,2027-05-14,12
875,2878,2027-05-15,12
875,2878,2027-05-16,12
875,2878,2027-05-17,12
875,2878,2027-05-18,12
875,2878,2027-05-19,12
875,2878,2027-05-20,12
875,2878,2027-05-21,12
875,2878,2027-05-22,12
875,2878,2027-05-23,12
875,2878,2027-05-24,12
875,2878,2027-05-25,12
875,2879,2027-04-25,36
875,2879,2027-04-26,40
875,2879,2027-04-27,40
875,2879,2027-04-28,40
875,2879,2027-04-29,40
875,2879,2027-04-30,40
875,2879,2027-05-01,40
875,2879,2027-05-02,40
875,2879,2027-05-03,40
875,2879,2027-05-04,40
875,2879,2027-05-05,40
875,2879,2027-05-06,40
875,2879,2027-05-07,40
875,2879,2027-05-08,40
875,2879,2027-05-09,40
875,2879,2027-05-10,40
875,2879,2027-05-11,40
875,2879,2027-05-12,40
875,2879,2027-05-13,40
875,2879,2027-05-14,40
875,2879,2027-05-15,40
875,2879,2027-05-16,40
875,2879,2027-05-17,40
875,2879,2027-05-18,40
875,2879,2027-05-19,40
875,2879,2027-05-20,40
875,2879,2027-05-21,40
875,2879,2027-05-22,40
875,2879,2027-05-23,40
875,2879,2027-05-24,40
875,2879,2027-05-25,40
875,2880,2027-04-25,14
875,2880,2027-04-26,14
875,2880,2027-04-27,14
875,2880,2027-04-28,14
875,2880,2027-04-29,12
875,2880,2027-04-30,14
875,2880,2027-05-01,14
875,2880,2027-05-02,14
875,2880,2027-05-03,14
875,2880,2027-05-04,14
875,2880,2027-05-05,14
875,2880,2027-05-06,14
875,2880,2027-05-07,14
875,2880,2027-05-08,14
875,2880,2027-05-09,14
875,2880,2027-05-10,14
875,2880,2027-05-11,14
875,2880,2027-05-12,14
875,2880,2027-05-13,14
875,2880,2027-05-14,14
875,2880,2027-05-15,14
875,2880,2027-05-16,14
875,2880,2027-05-17,14
875,2880,2027-05-18,14
875,2880,2027-05-19,14
875,2880,2027-05-20,14
875,2880,2027-05-21,14
875,2880,2027-05-22,14
875,2880,2027-05-23,14
875,2880,2027-05-24,14
875,2880,2027-05-25,14
875,2881,2027-04-25,30
875,2881,2027-04-26,30
875,2881,2027-04-27,30
875,2881,2027-04-28,30
875,2881,2027-04-29,30
875,2881,2027-04-30,30
875,2881,2027-05-01,30
875,2881,2027-05-02,30
875,2881,2027-05-03,30
875,2881,2027-05-04,30
875,2881,2027-05-05,30
875,2881,2027-05-06,30
875,2881,2027-05-07,30
875,2881,2027-05-08,30
875,2881,2027-05-09,30
875,2881,2027-05-10,30
875,2881,2027-05-11,30
875,2881,2027-05-12,30
875,2881,2027-05-13,30
875,2881,2027-05-14,30
875,2881,2027-05-15,30
875,2881,2027-05-16,30
875,2881,2027-05-17,30
875,2881,2027-05-18,30
875,2881,2027-05-19,30
875,2881,2027-05-20,30
875,2881,2027-05-21,30
875,2881,2027-05-22,30
875,2881,2027-05-23,30
875,2881,2027-05-24,30
875,2881,2027-05-25,30
875,2882,2027-04-25,20
875,2882,2027-04-26,20
875,2882,2027-04-27,20
875,2882,2027-04-28,20
875,2882,2027-04-29,20
875,2882,2027-04-30,20
875,2882,2027-05-01,20
875,2882,2027-05-02,20
875,2882,2027-05-03,20
875,2882,2027-05-04,20
875,2882,2027-05-05,20
875,2882,2027-05-06,20
875,2882,2027-05-07,20
875,2882,2027-05-08,20
875,2882,2027-05-09,20
875,2882,2027-05-10,20
875,2882,2027-05-11,20
875,2882,2027-05-12,20
875,2882,2027-05-13,20
875,2882,2027-05-14,20
875,2882,2027-05-15,20
875,2882,2027-05-16,20
875,2882,2027-05-17,20
875,2882,2027-05-18,20
875,2882,2027-05-19,20
875,2882,2027-05-20,20
875,2882,2027-05-21,20
875,2882,2027-05-22,20
875,2882,2027-05-23,20
875,2882,2027-05-24,20
875,2882,2027-05-25,20
875,2883,2027-04-25,40
875,2883,2027-04-26,40
875,2883,2027-04-27,40
875,2883,2027-04-28,40
875,2883,2027-04-29,40
875,2883,2027-04-30,40
875,2883,2027-05-01,40
875,2883,2027-05-02,40
875,2883,2027-05-03,40
875,2883,2027-05-04,40
875,2883,2027-05-05,40
875,2883,2027-05-06,40
875,2883,2027-05-07,40
875,2883,2027-05-08,40
875,2883,2027-05-09,40
875,2883,2027-05-10,40
875,2883,2027-05-11,40
875,2883,2027-05-12,40
875,2883,2027-05-13,40
875,2883,2027-05-14,40
875,2883,2027-05-15,40
875,2883,2027-05-16,40
875,2883,2027-05-17,40
875,2883,2027-05-18,40
875,2883,2027-05-19,40
875,2883,2027-05-20,40
875,2883,2027-05-21,40
875,2883,2027-05-22,40
875,2883,2027-05-23,40
875,2883,2027-05-24,40
875,2883,2027-05-25,40
875,2884,2027-04-25,20
875,2884,2027-04-26,20
875,2884,2027-04-27,20
875,2884,2027-04-28,20
875,2884,2027-04-29,20
875,2884,2027-04-30,20
875,2884,2027-05-01,18
875,2884,2027-05-02,20
875,2884,2027-05-03,20
875,2884,2027-05-04,20
875,2884,2027-05-05,20
875,2884,2027-05-06,20
875,2884,2027-05-07,20
875,2884,2027-05-08,20
875,2884,2027-05-09,20
875,2884,2027-05-10,20
875,2884,2027-05-11,20
875,2884,2027-05-12,20
875,2884,2027-05-13,20
875,2884,2027-05-14,20
875,2884,2027-05-15,20
875,2884,2027-05-16,20
875,2884,2027-05-17,20
875,2884,2027-05-18,20
875,2884,2027-05-19,20
875,2884,2027-05-20,20
875,2884,2027-05-21,20
875,2884,2027-05-22,20
875,2884,2027-05-23,20
875,2884,2027-05-24,20
875,2884,2027-05-25,20
875,2885,2027-04-25,10
875,2885,2027-04-26,10
875,2885,2027-04-27,10
875,2885,2027-04-28,10
875,2885,2027-04-29,10
875,2885,2027-04-30,10
875,2885,2027-05-01,10
875,2885,2027-05-02,10
875,2885,2027-05-03,10
875,2885,2027-05-04,10
875,2885,2027-05-05,10
875,2885,2027-05-06,10
875,2885,2027-05-07,10
875,2885,2027-05-08,10
875,2885,2027-05-09,10
875,2885,2027-05-10,10
875,2885,2027-05-11,10
875,2885,2027-05-12,10
875,2885,2027-05-13,10
875,2885,2027-05-14,10
875,2885,2027-05-15,10
875,2885,2027-05-16,10
875,2885,2027-05-17,10
875,2885,2027-05-18,10
875,2885,2027-05-19,10
875,2885,2027-05-20,10
875,2885,2027-05-21,10
875,2885,2027-05-22,10
875,2885,2027-05-23,10
875,2885,2027-05-24,10
875,2885,2027-05-25,10
875,2886,2027-04-25,40
875,2886,2027-04-26,40
875,2886,2027-04-27,40
875,2886,2027-04-28,38
875,2886,2027-04-29,40
875,2886,2027-04-30,40
875,2886,2027-05-01,40
875,2886,2027-05-02,38
875,2886,2027-05-03,40
875,2886,2027-05-04,40
875,2886,2027-05-05,40
875,2886,2027-05-06,40
875,2886,2027-05-07,40
875,2886,2027-05-08,40
875,2886,2027-05-09,40
875,2886,2027-05-10,40
875,2886,2027-05-11,40
875,2886,2027-05-12,40
875,2886,2027-05-13,40
875,2886,2027-05-14,40
875,2886,2027-05-15,40
875,2886,2027-05-16,40
875,2886,2027-05-17,40
875,2886,2027-05-18,40
875,2886,2027-05-19,40
875,2886,2027-05-20,40
875,2886,2027-05-21,40
875,2886,2027-05-22,40
875,2886,2027-05-23,40
875,2886,2027-05-24,40
875,2886,2027-05-25,40
875,2887,2027-04-25,8
875,2887,2027-04-26,6
875,2887,2027-04-27,18
875,2887,2027-04-28,2
875,2887,2027-04-29,7
875,2887,2027-04-30,4
875,2887,2027-05-01,20
875,2887,2027-05-02,20
875,2887,2027-05-03,7
875,2887,2027-05-04,12
875,2887,2027-05-05,20
875,2887,2027-05-06,18
875,2887,2027-05-07,20
875,2887,2027-05-08,20
875,2887,2027-05-09,20
875,2887,2027-05-10,20
875,2887,2027-05-11,20
875,2887,2027-05-12,20
875,2887,2027-05-13,18
875,2887,2027-05-14,20
875,2887,2027-05-15,20
875,2887,2027-05-16,20
875,2887,2027-05-17,20
875,2887,2027-05-18,20
875,2887,2027-05-19,20
875,2887,2027-05-20,12
875,2887,2027-05-21,20
875,2887,2027-05-22,20
875,2887,2027-05-23,20
875,2887,2027-05-24,20
875,2887,2027-05-25,20
875,2865,2027-05-25,6
875,2865,2027-05-26,6
875,2865,2027-05-27,6
875,2865,2027-05-28,6
875,2865,2027-05-29,6
875,2865,2027-05-30,6
875,2865,2027-05-31,6
875,2865,2027-06-01,6
875,2865,2027-06-02,6
875,2865,2027-06-03,6
875,2865,2027-06-04,6
875,2865,2027-06-05,6
875,2865,2027-06-06,6
875,2865,2027-06-07,6
875,2865,2027-06-08,6
875,2865,2027-06-09,6
875,2865,2027-06-10,6
875,2865,2027-06-11,6
875,2865,2027-06-12,6
875,2865,2027-06-13,6
875,2865,2027-06-14,6
875,2865,2027-06-15,6
875,2865,2027-06-16,6
875,2865,2027-06-17,6
875,2865,2027-06-18,6
875,2865,2027-06-19,6
875,2865,2027-06-20,6
875,2865,2027-06-21,6
875,2865,2027-06-22,6
875,2865,2027-06-23,6
875,2865,2027-06-24,6
875,2866,2027-05-25,12
875,2866,2027-05-26,12
875,2866,2027-05-27,12
875,2866,2027-05-28,12
875,2866,2027-05-29,12
875,2866,2027-05-30,12
875,2866,2027-05-31,12
875,2866,2027-06-01,12
875,2866,2027-06-02,12
875,2866,2027-06-03,12
875,2866,2027-06-04,12
875,2866,2027-06-05,12
875,2866,2027-06-06,12
875,2866,2027-06-07,12
875,2866,2027-06-08,12
875,2866,2027-06-09,12
875,2866,2027-06-10,12
875,2866,2027-06-11,12
875,2866,2027-06-12,12
875,2866,2027-06-13,12
875,2866,2027-06-14,12
875,2866,2027-06-15,12
875,2866,2027-06-16,12
875,2866,2027-06-17,12
875,2866,2027-06-18,12
875,2866,2027-06-19,12
875,2866,2027-06-20,12
875,2866,2027-06-21,12
875,2866,2027-06-22,12
875,2866,2027-06-23,12
875,2866,2027-06-24,12
875,2867,2027-05-25,100
875,2867,2027-05-26,100
875,2867,2027-05-27,100
875,2867,2027-05-28,100
875,2867,2027-05-29,100
875,2867,2027-05-30,100
875,2867,2027-05-31,100
875,2867,2027-06-01,100
875,2867,2027-06-02,100
875,2867,2027-06-03,100
875,2867,2027-06-04,100
875,2867,2027-06-05,100
875,2867,2027-06-06,100
875,2867,2027-06-07,100
875,2867,2027-06-08,100
875,2867,2027-06-09,100
875,2867,2027-06-10,100
875,2867,2027-06-11,100
875,2867,2027-06-12,100
875,2867,2027-06-13,100
875,2867,2027-06-14,100
875,2867,2027-06-15,100
875,2867,2027-06-16,100
875,2867,2027-06-17,100
875,2867,2027-06-18,100
875,2867,2027-06-19,100
875,2867,2027-06-20,100
875,2867,2027-06-21,100
875,2867,2027-06-22,100
875,2867,2027-06-23,100
875,2867,2027-06-24,100
875,2868,2027-05-25,34
875,2868,2027-05-26,34
875,2868,2027-05-27,34
875,2868,2027-05-28,34
875,2868,2027-05-29,34
875,2868,2027-05-30,34
875,2868,2027-05-31,34
875,2868,2027-06-01,34
875,2868,2027-06-02,34
875,2868,2027-06-03,34
875,2868,2027-06-04,34
875,2868,2027-06-05,34
875,2868,2027-06-06,34
875,2868,2027-06-07,34
875,2868,2027-06-08,34
875,2868,2027-06-09,34
875,2868,2027-06-10,34
875,2868,2027-06-11,34
875,2868,2027-06-12,34
875,2868,2027-06-13,34
875,2868,2027-06-14,34
875,2868,2027-06-15,34
875,2868,2027-06-16,34
875,2868,2027-06-17,34
875,2868,2027-06-18,34
875,2868,2027-06-19,34
875,2868,2027-06-20,34
875,2868,2027-06-21,32
875,2868,2027-06-22,34
875,2868,2027-06-23,34
875,2868,2027-06-24,34
875,2869,2027-05-25,30
875,2869,2027-05-26,30
875,2869,2027-05-27,30
875,2869,2027-05-28,30
875,2869,2027-05-29,30
875,2869,2027-05-30,30
875,2869,2027-05-31,30
875,2869,2027-06-01,30
875,2869,2027-06-02,30
875,2869,2027-06-03,30
875,2869,2027-06-04,30
875,2869,2027-06-05,30
875,2869,2027-06-06,30
875,2869,2027-06-07,30
875,2869,2027-06-08,30
875,2869,2027-06-09,30
875,2869,2027-06-10,30
875,2869,2027-06-11,30
875,2869,2027-06-12,30
875,2869,2027-06-13,30
875,2869,2027-06-14,30
875,2869,2027-06-15,30
875,2869,2027-06-16,30
875,2869,2027-06-17,30
875,2869,2027-06-18,30
875,2869,2027-06-19,30
875,2869,2027-06-20,30
875,2869,2027-06-21,30
875,2869,2027-06-22,30
875,2869,2027-06-23,30
875,2869,2027-06-24,30
875,2870,2027-05-25,36
875,2870,2027-05-26,36
875,2870,2027-05-27,36
875,2870,2027-05-28,36
875,2870,2027-05-29,36
875,2870,2027-05-30,36
875,2870,2027-05-31,36
875,2870,2027-06-01,36
875,2870,2027-06-02,36
875,2870,2027-06-03,36
875,2870,2027-06-04,36
875,2870,2027-06-05,36
875,2870,2027-06-06,36
875,2870,2027-06-07,36
875,2870,2027-06-08,36
875,2870,2027-06-09,36
875,2870,2027-06-10,36
875,2870,2027-06-11,36
875,2870,2027-06-12,36
875,2870,2027-06-13,36
875,2870,2027-06-14,36
875,2870,2027-06-15,36
875,2870,2027-06-16,36
875,2870,2027-06-17,36
875,2870,2027-06-18,36
875,2870,2027-06-19,36
875,2870,2027-06-20,36
875,2870,2027-06-21,36
875,2870,2027-06-22,36
875,2870,2027-06-23,36
875,2870,2027-06-24,36
875,2871,2027-05-25,26
875,2871,2027-05-26,26
875,2871,2027-05-27,26
875,2871,2027-05-28,26
875,2871,2027-05-29,26
875,2871,2027-05-30,26
875,2871,2027-05-31,26
875,2871,2027-06-01,26
875,2871,2027-06-02,26
875,2871,2027-06-03,26
875,2871,2027-06-04,26
875,2871,2027-06-05,26
875,2871,2027-06-06,26
875,2871,2027-06-07,26
875,2871,2027-06-08,26
875,2871,2027-06-09,26
875,2871,2027-06-10,26
875,2871,2027-06-11,26
875,2871,2027-06-12,26
875,2871,2027-06-13,26
875,2871,2027-06-14,26
875,2871,2027-06-15,26
875,2871,2027-06-16,26
875,2871,2027-06-17,26
875,2871,2027-06-18,26
875,2871,2027-06-19,26
875,2871,2027-06-20,26
875,2871,2027-06-21,26
875,2871,2027-06-22,26
875,2871,2027-06-23,24
875,2871,2027-06-24,26
875,2872,2027-05-25,80
875,2872,2027-05-26,80
875,2872,2027-05-27,80
875,2872,2027-05-28,80
875,2872,2027-05-29,80
875,2872,2027-05-30,80
875,2872,2027-05-31,80
875,2872,2027-06-01,80
875,2872,2027-06-02,80
875,2872,2027-06-03,80
875,2872,2027-06-04,80
875,2872,2027-06-05,80
875,2872,2027-06-06,80
875,2872,2027-06-07,80
875,2872,2027-06-08,80
875,2872,2027-06-09,80
875,2872,2027-06-10,80
875,2872,2027-06-11,80
875,2872,2027-06-12,80
875,2872,2027-06-13,80
875,2872,2027-06-14,80
875,2872,2027-06-15,80
875,2872,2027-06-16,80
875,2872,2027-06-17,80
875,2872,2027-06-18,80
875,2872,2027-06-19,80
875,2872,2027-06-20,80
875,2872,2027-06-21,80
875,2872,2027-06-22,80
875,2872,2027-06-23,80
875,2872,2027-06-24,80
875,2873,2027-05-25,34
875,2873,2027-05-26,34
875,2873,2027-05-27,34
875,2873,2027-05-28,34
875,2873,2027-05-29,34
875,2873,2027-05-30,34
875,2873,2027-05-31,34
875,2873,2027-06-01,34
875,2873,2027-06-02,34
875,2873,2027-06-03,34
875,2873,2027-06-04,34
875,2873,2027-06-05,34
875,2873,2027-06-06,34
875,2873,2027-06-07,34
875,2873,2027-06-08,34
875,2873,2027-06-09,34
875,2873,2027-06-10,34
875,2873,2027-06-11,34
875,2873,2027-06-12,34
875,2873,2027-06-13,34
875,2873,2027-06-14,34
875,2873,2027-06-15,34
875,2873,2027-06-16,34
875,2873,2027-06-17,34
875,2873,2027-06-18,34
875,2873,2027-06-19,34
875,2873,2027-06-20,34
875,2873,2027-06-21,34
875,2873,2027-06-22,32
875,2873,2027-06-23,34
875,2873,2027-06-24,34
875,2874,2027-05-25,12
875,2874,2027-05-26,12
875,2874,2027-05-27,12
875,2874,2027-05-28,12
875,2874,2027-05-29,12
875,2874,2027-05-30,12
875,2874,2027-05-31,12
875,2874,2027-06-01,12
875,2874,2027-06-02,12
875,2874,2027-06-03,12
875,2874,2027-06-04,12
875,2874,2027-06-05,12
875,2874,2027-06-06,12
875,2874,2027-06-07,12
875,2874,2027-06-08,12
875,2874,2027-06-09,12
875,2874,2027-06-10,12
875,2874,2027-06-11,12
875,2874,2027-06-12,12
875,2874,2027-06-13,12
875,2874,2027-06-14,12
875,2874,2027-06-15,12
875,2874,2027-06-16,12
875,2874,2027-06-17,12
875,2874,2027-06-18,12
875,2874,2027-06-19,12
875,2874,2027-06-20,12
875,2874,2027-06-21,12
875,2874,2027-06-22,12
875,2874,2027-06-23,12
875,2874,2027-06-24,12
875,2876,2027-05-25,20
875,2876,2027-05-26,20
875,2876,2027-05-27,20
875,2876,2027-05-28,20
875,2876,2027-05-29,20
875,2876,2027-05-30,20
875,2876,2027-05-31,20
875,2876,2027-06-01,20
875,2876,2027-06-02,20
875,2876,2027-06-03,20
875,2876,2027-06-04,20
875,2876,2027-06-05,20
875,2876,2027-06-06,20
875,2876,2027-06-07,20
875,2876,2027-06-08,20
875,2876,2027-06-09,20
875,2876,2027-06-10,20
875,2876,2027-06-11,20
875,2876,2027-06-12,20
875,2876,2027-06-13,20
875,2876,2027-06-14,20
875,2876,2027-06-15,20
875,2876,2027-06-16,20
875,2876,2027-06-17,20
875,2876,2027-06-18,20
875,2876,2027-06-19,20
875,2876,2027-06-20,20
875,2876,2027-06-21,20
875,2876,2027-06-22,20
875,2876,2027-06-23,20
875,2876,2027-06-24,20
875,2877,2027-05-25,40
875,2877,2027-05-26,40
875,2877,2027-05-27,40
875,2877,2027-05-28,40
875,2877,2027-05-29,40
875,2877,2027-05-30,40
875,2877,2027-05-31,40
875,2877,2027-06-01,40
875,2877,2027-06-02,40
875,2877,2027-06-03,40
875,2877,2027-06-04,40
875,2877,2027-06-05,40
875,2877,2027-06-06,40
875,2877,2027-06-07,40
875,2877,2027-06-08,40
875,2877,2027-06-09,40
875,2877,2027-06-10,40
875,2877,2027-06-11,40
875,2877,2027-06-12,40
875,2877,2027-06-13,40
875,2877,2027-06-14,40
875,2877,2027-06-15,40
875,2877,2027-06-16,40
875,2877,2027-06-17,40
875,2877,2027-06-18,40
875,2877,2027-06-19,40
875,2877,2027-06-20,40
875,2877,2027-06-21,40
875,2877,2027-06-22,40
875,2877,2027-06-23,40
875,2877,2027-06-24,40
875,2878,2027-05-25,12
875,2878,2027-05-26,12
875,2878,2027-05-27,12
875,2878,2027-05-28,12
875,2878,2027-05-29,12
875,2878,2027-05-30,12
875,2878,2027-05-31,12
875,2878,2027-06-01,12
875,2878,2027-06-02,12
875,2878,2027-06-03,12
875,2878,2027-06-04,12
875,2878,2027-06-05,12
875,2878,2027-06-06,12
875,2878,2027-06-07,12
875,2878,2027-06-08,12
875,2878,2027-06-09,12
875,2878,2027-06-10,12
875,2878,2027-06-11,12
875,2878,2027-06-12,12
875,2878,2027-06-13,12
875,2878,2027-06-14,12
875,2878,2027-06-15,12
875,2878,2027-06-16,12
875,2878,2027-06-17,12
875,2878,2027-06-18,12
875,2878,2027-06-19,12
875,2878,2027-06-20,12
875,2878,2027-06-21,12
875,2878,2027-06-22,12
875,2878,2027-06-23,12
875,2878,2027-06-24,12
875,2879,2027-05-25,40
875,2879,2027-05-26,40
875,2879,2027-05-27,40
875,2879,2027-05-28,40
875,2879,2027-05-29,40
875,2879,2027-05-30,40
875,2879,2027-05-31,40
875,2879,2027-06-01,40
875,2879,2027-06-02,40
875,2879,2027-06-03,40
875,2879,2027-06-04,40
875,2879,2027-06-05,40
875,2879,2027-06-06,40
875,2879,2027-06-07,40
875,2879,2027-06-08,40
875,2879,2027-06-09,40
875,2879,2027-06-10,40
875,2879,2027-06-11,40
875,2879,2027-06-12,40
875,2879,2027-06-13,40
875,2879,2027-06-14,40
875,2879,2027-06-15,40
875,2879,2027-06-16,40
875,2879,2027-06-17,40
875,2879,2027-06-18,40
875,2879,2027-06-19,40
875,2879,2027-06-20,40
875,2879,2027-06-21,40
875,2879,2027-06-22,40
875,2879,2027-06-23,40
875,2879,2027-06-24,40
875,2880,2027-05-25,14
875,2880,2027-05-26,14
875,2880,2027-05-27,14
875,2880,2027-05-28,14
875,2880,2027-05-29,14
875,2880,2027-05-30,14
875,2880,2027-05-31,14
875,2880,2027-06-01,14
875,2880,2027-06-02,14
875,2880,2027-06-03,14
875,2880,2027-06-04,14
875,2880,2027-06-05,14
875,2880,2027-06-06,14
875,2880,2027-06-07,14
875,2880,2027-06-08,14
875,2880,2027-06-09,14
875,2880,2027-06-10,14
875,2880,2027-06-11,14
875,2880,2027-06-12,14
875,2880,2027-06-13,14
875,2880,2027-06-14,14
875,2880,2027-06-15,14
875,2880,2027-06-16,14
875,2880,2027-06-17,14
875,2880,2027-06-18,14
875,2880,2027-06-19,14
875,2880,2027-06-20,14
875,2880,2027-06-21,14
875,2880,2027-06-22,14
875,2880,2027-06-23,14
875,2880,2027-06-24,14
875,2881,2027-05-25,30
875,2881,2027-05-26,30
875,2881,2027-05-27,30
875,2881,2027-05-28,30
875,2881,2027-05-29,30
875,2881,2027-05-30,30
875,2881,2027-05-31,30
875,2881,2027-06-01,30
875,2881,2027-06-02,30
875,2881,2027-06-03,30
875,2881,2027-06-04,30
875,2881,2027-06-05,30
875,2881,2027-06-06,30
875,2881,2027-06-07,30
875,2881,2027-06-08,30
875,2881,2027-06-09,30
875,2881,2027-06-10,30
875,2881,2027-06-11,30
875,2881,2027-06-12,30
875,2881,2027-06-13,30
875,2881,2027-06-14,30
875,2881,2027-06-15,30
875,2881,2027-06-16,30
875,2881,2027-06-17,30
875,2881,2027-06-18,30
875,2881,2027-06-19,30
875,2881,2027-06-20,30
875,2881,2027-06-21,30
875,2881,2027-06-22,30
875,2881,2027-06-23,30
875,2881,2027-06-24,30
875,2882,2027-05-25,20
875,2882,2027-05-26,20
875,2882,2027-05-27,20
875,2882,2027-05-28,20
875,2882,2027-05-29,20
875,2882,2027-05-30,20
875,2882,2027-05-31,20
875,2882,2027-06-01,20
875,2882,2027-06-02,20
875,2882,2027-06-03,20
875,2882,2027-06-04,20
875,2882,2027-06-05,20
875,2882,2027-06-06,20
875,2882,2027-06-07,20
875,2882,2027-06-08,20
875,2882,2027-06-09,20
875,2882,2027-06-10,20
875,2882,2027-06-11,20
875,2882,2027-06-12,20
875,2882,2027-06-13,20
875,2882,2027-06-14,20
875,2882,2027-06-15,20
875,2882,2027-06-16,20
875,2882,2027-06-17,20
875,2882,2027-06-18,20
875,2882,2027-06-19,20
875,2882,2027-06-20,20
875,2882,2027-06-21,20
875,2882,2027-06-22,20
875,2882,2027-06-23,20
875,2882,2027-06-24,20
875,2883,2027-05-25,40
875,2883,2027-05-26,40
875,2883,2027-05-27,40
875,2883,2027-05-28,40
875,2883,2027-05-29,40
875,2883,2027-05-30,40
875,2883,2027-05-31,40
875,2883,2027-06-01,40
875,2883,2027-06-02,40
875,2883,2027-06-03,40
875,2883,2027-06-04,40
875,2883,2027-06-05,40
875,2883,2027-06-06,40
875,2883,2027-06-07,40
875,2883,2027-06-08,40
875,2883,2027-06-09,40
875,2883,2027-06-10,40
875,2883,2027-06-11,40
875,2883,2027-06-12,40
875,2883,2027-06-13,40
875,2883,2027-06-14,40
875,2883,2027-06-15,40
875,2883,2027-06-16,40
875,2883,2027-06-17,40
875,2883,2027-06-18,40
875,2883,2027-06-19,40
875,2883,2027-06-20,40
875,2883,2027-06-21,40
875,2883,2027-06-22,40
875,2883,2027-06-23,40
875,2883,2027-06-24,40
875,2884,2027-05-25,20
875,2884,2027-05-26,20
875,2884,2027-05-27,20
875,2884,2027-05-28,20
875,2884,2027-05-29,20
875,2884,2027-05-30,20
875,2884,2027-05-31,20
875,2884,2027-06-01,20
875,2884,2027-06-02,20
875,2884,2027-06-03,20
875,2884,2027-06-04,20
875,2884,2027-06-05,20
875,2884,2027-06-06,20
875,2884,2027-06-07,20
875,2884,2027-06-08,20
875,2884,2027-06-09,20
875,2884,2027-06-10,20
875,2884,2027-06-11,20
875,2884,2027-06-12,20
875,2884,2027-06-13,20
875,2884,2027-06-14,20
875,2884,2027-06-15,20
875,2884,2027-06-16,20
875,2884,2027-06-17,20
875,2884,2027-06-18,20
875,2884,2027-06-19,20
875,2884,2027-06-20,20
875,2884,2027-06-21,20
875,2884,2027-06-22,20
875,2884,2027-06-23,20
875,2884,2027-06-24,20
875,2885,2027-05-25,10
875,2885,2027-05-26,10
875,2885,2027-05-27,10
875,2885,2027-05-28,10
875,2885,2027-05-29,10
875,2885,2027-05-30,10
875,2885,2027-05-31,10
875,2885,2027-06-01,10
875,2885,2027-06-02,10
875,2885,2027-06-03,10
875,2885,2027-06-04,10
875,2885,2027-06-05,10
875,2885,2027-06-06,10
875,2885,2027-06-07,10
875,2885,2027-06-08,10
875,2885,2027-06-09,10
875,2885,2027-06-10,10
875,2885,2027-06-11,10
875,2885,2027-06-12,10
875,2885,2027-06-13,10
875,2885,2027-06-14,10
875,2885,2027-06-15,10
875,2885,2027-06-16,10
875,2885,2027-06-17,10
875,2885,2027-06-18,10
875,2885,2027-06-19,10
875,2885,2027-06-20,10
875,2885,2027-06-21,10
875,2885,2027-06-22,10
875,2885,2027-06-23,10
875,2885,2027-06-24,10
875,2886,2027-05-25,40
875,2886,2027-05-26,40
875,2886,2027-05-27,40
875,2886,2027-05-28,40
875,2886,2027-05-29,40
875,2886,2027-05-30,40
875,2886,2027-05-31,40
875,2886,2027-06-01,40
875,2886,2027-06-02,40
875,2886,2027-06-03,40
875,2886,2027-06-04,40
875,2886,2027-06-05,40
875,2886,2027-06-06,40
875,2886,2027-06-07,40
875,2886,2027-06-08,40
875,2886,2027-06-09,40
875,2886,2027-06-10,40
875,2886,2027-06-11,40
875,2886,2027-06-12,40
875,2886,2027-06-13,40
875,2886,2027-06-14,40
875,2886,2027-06-15,40
875,2886,2027-06-16,40
875,2886,2027-06-17,40
875,2886,2027-06-18,40
875,2886,2027-06-19,40
875,2886,2027-06-20,40
875,2886,2027-06-21,40
875,2886,2027-06-22,40
875,2886,2027-06-23,40
875,2886,2027-06-24,40
875,2887,2027-05-25,20
875,2887,2027-05-26,20
875,2887,2027-05-27,20
875,2887,2027-05-28,20
875,2887,2027-05-29,20
875,2887,2027-05-30,20
875,2887,2027-05-31,20
875,2887,2027-06-01,20
875,2887,2027-06-02,20
875,2887,2027-06-03,20
875,2887,2027-06-04,20
875,2887,2027-06-05,20
875,2887,2027-06-06,20
875,2887,2027-06-07,20
875,2887,2027-06-08,20
875,2887,2027-06-09,20
875,2887,2027-06-10,20
875,2887,2027-06-11,20
875,2887,2027-06-12,20
875,2887,2027-06-13,20
875,2887,2027-06-14,20
875,2887,2027-06-15,20
875,2887,2027-06-16,20
875,2887,2027-06-17,20
875,2887,2027-06-18,20
875,2887,2027-06-19,20
875,2887,2027-06-20,20
875,2887,2027-06-21,20
875,2887,2027-06-22,20
875,2887,2027-06-23,20
875,2887,2027-06-24,18
877,2903,2026-07-29,20
877,2903,2026-07-30,20
877,2903,2026-07-31,20
877,2903,2026-08-01,20
877,2903,2026-08-02,20
877,2903,2026-08-03,20
877,2903,2026-08-04,20
877,2903,2026-08-05,20
877,2903,2026-08-06,20
877,2903,2026-08-07,20
877,2903,2026-08-08,20
877,2903,2026-08-09,20
877,2903,2026-08-10,20
877,2903,2026-08-11,20
877,2903,2026-08-12,20
877,2903,2026-08-13,20
877,2903,2026-08-14,20
877,2903,2026-08-15,20
877,2903,2026-08-16,20
877,2903,2026-08-17,20
877,2903,2026-08-18,20
877,2903,2026-08-19,20
877,2903,2026-08-20,20
877,2903,2026-08-21,20
877,2903,2026-08-22,20
877,2903,2026-08-23,20
877,2903,2026-08-24,20
877,2903,2026-08-25,20
877,2903,2026-08-26,20
877,2903,2026-08-27,20
877,2903,2026-08-28,20
877,2904,2026-07-29,20
877,2904,2026-07-30,20
877,2904,2026-07-31,20
877,2904,2026-08-01,20
877,2904,2026-08-02,20
877,2904,2026-08-03,20
877,2904,2026-08-04,20
877,2904,2026-08-05,20
877,2904,2026-08-06,20
877,2904,2026-08-07,20
877,2904,2026-08-08,20
877,2904,2026-08-09,20
877,2904,2026-08-10,20
877,2904,2026-08-11,20
877,2904,2026-08-12,20
877,2904,2026-08-13,20
877,2904,2026-08-14,20
877,2904,2026-08-15,20
877,2904,2026-08-16,20
877,2904,2026-08-17,20
877,2904,2026-08-18,20
877,2904,2026-08-19,20
877,2904,2026-08-20,20
877,2904,2026-08-21,20
877,2904,2026-08-22,20
877,2904,2026-08-23,20
877,2904,2026-08-24,20
877,2904,2026-08-25,20
877,2904,2026-08-26,20
877,2904,2026-08-27,20
877,2904,2026-08-28,20
877,2905,2026-07-29,24
877,2905,2026-07-30,24
877,2905,2026-07-31,24
877,2905,2026-08-01,24
877,2905,2026-08-02,24
877,2905,2026-08-03,23
877,2905,2026-08-04,24
877,2905,2026-08-05,24
877,2905,2026-08-06,24
877,2905,2026-08-07,24
877,2905,2026-08-08,23
877,2905,2026-08-09,24
877,2905,2026-08-10,24
877,2905,2026-08-11,24
877,2905,2026-08-12,22
877,2905,2026-08-13,24
877,2905,2026-08-14,24
877,2905,2026-08-15,24
877,2905,2026-08-16,24
877,2905,2026-08-17,24
877,2905,2026-08-18,24
877,2905,2026-08-19,24
877,2905,2026-08-20,24
877,2905,2026-08-21,24
877,2905,2026-08-22,24
877,2905,2026-08-23,24
877,2905,2026-08-24,24
877,2905,2026-08-25,24
877,2905,2026-08-26,24
877,2905,2026-08-27,24
877,2905,2026-08-28,24
877,2906,2026-07-29,20
877,2906,2026-07-30,20
877,2906,2026-07-31,20
877,2906,2026-08-01,20
877,2906,2026-08-02,20
877,2906,2026-08-03,20
877,2906,2026-08-04,20
877,2906,2026-08-05,20
877,2906,2026-08-06,20
877,2906,2026-08-07,20
877,2906,2026-08-08,20
877,2906,2026-08-09,20
877,2906,2026-08-10,20
877,2906,2026-08-11,20
877,2906,2026-08-12,20
877,2906,2026-08-13,20
877,2906,2026-08-14,20
877,2906,2026-08-15,20
877,2906,2026-08-16,20
877,2906,2026-08-17,20
877,2906,2026-08-18,20
877,2906,2026-08-19,20
877,2906,2026-08-20,20
877,2906,2026-08-21,20
877,2906,2026-08-22,20
877,2906,2026-08-23,20
877,2906,2026-08-24,20
877,2906,2026-08-25,20
877,2906,2026-08-26,20
877,2906,2026-08-27,20
877,2906,2026-08-28,20
877,2907,2026-07-29,24
877,2907,2026-07-30,24
877,2907,2026-07-31,24
877,2907,2026-08-01,24
877,2907,2026-08-02,24
877,2907,2026-08-03,24
877,2907,2026-08-04,24
877,2907,2026-08-05,24
877,2907,2026-08-06,24
877,2907,2026-08-07,23
877,2907,2026-08-08,24
877,2907,2026-08-09,24
877,2907,2026-08-10,24
877,2907,2026-08-11,22
877,2907,2026-08-12,24
877,2907,2026-08-13,24
877,2907,2026-08-14,24
877,2907,2026-08-15,24
877,2907,2026-08-16,24
877,2907,2026-08-17,24
877,2907,2026-08-18,24
877,2907,2026-08-19,24
877,2907,2026-08-20,24
877,2907,2026-08-21,24
877,2907,2026-08-22,24
877,2907,2026-08-23,24
877,2907,2026-08-24,24
877,2907,2026-08-25,24
877,2907,2026-08-26,24
877,2907,2026-08-27,24
877,2907,2026-08-28,24
877,2903,2026-08-28,20
877,2903,2026-08-29,20
877,2903,2026-08-30,20
877,2903,2026-08-31,20
877,2903,2026-09-01,20
877,2903,2026-09-02,20
877,2903,2026-09-03,20
877,2903,2026-09-04,20
877,2903,2026-09-05,20
877,2903,2026-09-06,20
877,2903,2026-09-07,20
877,2903,2026-09-08,20
877,2903,2026-09-09,20
877,2903,2026-09-10,20
877,2903,2026-09-11,20
877,2903,2026-09-12,20
877,2903,2026-09-13,20
877,2903,2026-09-14,20
877,2903,2026-09-15,20
877,2903,2026-09-16,20
877,2903,2026-09-17,20
877,2903,2026-09-18,20
877,2903,2026-09-19,20
877,2903,2026-09-20,20
877,2903,2026-09-21,20
877,2903,2026-09-22,20
877,2903,2026-09-23,20
877,2903,2026-09-24,20
877,2903,2026-09-25,20
877,2903,2026-09-26,20
877,2903,2026-09-27,20
877,2904,2026-08-28,20
877,2904,2026-08-29,20
877,2904,2026-08-30,20
877,2904,2026-08-31,20
877,2904,2026-09-01,20
877,2904,2026-09-02,20
877,2904,2026-09-03,20
877,2904,2026-09-04,20
877,2904,2026-09-05,20
877,2904,2026-09-06,20
877,2904,2026-09-07,20
877,2904,2026-09-08,20
877,2904,2026-09-09,20
877,2904,2026-09-10,20
877,2904,2026-09-11,20
877,2904,2026-09-12,20
877,2904,2026-09-13,20
877,2904,2026-09-14,20
877,2904,2026-09-15,20
877,2904,2026-09-16,20
877,2904,2026-09-17,20
877,2904,2026-09-18,20
877,2904,2026-09-19,20
877,2904,2026-09-20,20
877,2904,2026-09-21,20
877,2904,2026-09-22,20
877,2904,2026-09-23,20
877,2904,2026-09-24,20
877,2904,2026-09-25,20
877,2904,2026-09-26,20
877,2904,2026-09-27,20
877,2905,2026-08-28,24
877,2905,2026-08-29,24
877,2905,2026-08-30,24
877,2905,2026-08-31,24
877,2905,2026-09-01,24
877,2905,2026-09-02,24
877,2905,2026-09-03,24
877,2905,2026-09-04,24
877,2905,2026-09-05,24
877,2905,2026-09-06,24
877,2905,2026-09-07,24
877,2905,2026-09-08,24
877,2905,2026-09-09,24
877,2905,2026-09-10,24
877,2905,2026-09-11,24
877,2905,2026-09-12,24
877,2905,2026-09-13,24
877,2905,2026-09-14,24
877,2905,2026-09-15,24
877,2905,2026-09-16,24
877,2905,2026-09-17,24
877,2905,2026-09-18,24
877,2905,2026-09-19,24
877,2905,2026-09-20,24
877,2905,2026-09-21,24
877,2905,2026-09-22,24
877,2905,2026-09-23,24
877,2905,2026-09-24,22
877,2905,2026-09-25,24
877,2905,2026-09-26,24
877,2905,2026-09-27,24
877,2906,2026-08-28,20
877,2906,2026-08-29,20
877,2906,2026-08-30,20
877,2906,2026-08-31,20
877,2906,2026-09-01,20
877,2906,2026-09-02,20
877,2906,2026-09-03,20
877,2906,2026-09-04,20
877,2906,2026-09-05,20
877,2906,2026-09-06,20
877,2906,2026-09-07,20
877,2906,2026-09-08,20
877,2906,2026-09-09,20
877,2906,2026-09-10,20
877,2906,2026-09-11,20
877,2906,2026-09-12,20
877,2906,2026-09-13,20
877,2906,2026-09-14,20
877,2906,2026-09-15,20
877,2906,2026-09-16,20
877,2906,2026-09-17,20
877,2906,2026-09-18,20
877,2906,2026-09-19,20
877,2906,2026-09-20,20
877,2906,2026-09-21,20
877,2906,2026-09-22,20
877,2906,2026-09-23,20
877,2906,2026-09-24,20
877,2906,2026-09-25,20
877,2906,2026-09-26,20
877,2906,2026-09-27,20
877,2907,2026-08-28,24
877,2907,2026-08-29,24
877,2907,2026-08-30,24
877,2907,2026-08-31,24
877,2907,2026-09-01,24
877,2907,2026-09-02,24
877,2907,2026-09-03,24
877,2907,2026-09-04,24
877,2907,2026-09-05,24
877,2907,2026-09-06,24
877,2907,2026-09-07,24
877,2907,2026-09-08,24
877,2907,2026-09-09,24
877,2907,2026-09-10,24
877,2907,2026-09-11,24
877,2907,2026-09-12,24
877,2907,2026-09-13,24
877,2907,2026-09-14,24
877,2907,2026-09-15,24
877,2907,2026-09-16,24
877,2907,2026-09-17,24
877,2907,2026-09-18,24
877,2907,2026-09-19,24
877,2907,2026-09-20,24
877,2907,2026-09-21,24
877,2907,2026-09-22,24
877,2907,2026-09-23,24
877,2907,2026-09-24,24
877,2907,2026-09-25,22
877,2907,2026-09-26,24
877,2907,2026-09-27,24
877,2903,2026-06-29,20
877,2903,2026-06-30,20
877,2903,2026-07-01,20
877,2903,2026-07-02,20
877,2903,2026-07-03,20
877,2903,2026-07-04,20
877,2903,2026-07-05,20
877,2903,2026-07-06,20
877,2903,2026-07-07,20
877,2903,2026-07-08,20
877,2903,2026-07-09,20
877,2903,2026-07-10,20
877,2903,2026-07-11,20
877,2903,2026-07-12,20
877,2903,2026-07-13,20
877,2903,2026-07-14,20
877,2903,2026-07-15,20
877,2903,2026-07-16,20
877,2903,2026-07-17,20
877,2903,2026-07-18,20
877,2903,2026-07-19,20
877,2903,2026-07-20,20
877,2903,2026-07-21,20
877,2903,2026-07-22,20
877,2903,2026-07-23,20
877,2903,2026-07-24,20
877,2903,2026-07-25,20
877,2903,2026-07-26,20
877,2903,2026-07-27,20
877,2903,2026-07-28,20
877,2903,2026-07-29,20
877,2904,2026-06-29,20
877,2904,2026-06-30,20
877,2904,2026-07-01,20
877,2904,2026-07-02,20
877,2904,2026-07-03,20
877,2904,2026-07-04,20
877,2904,2026-07-05,20
877,2904,2026-07-06,20
877,2904,2026-07-07,20
877,2904,2026-07-08,20
877,2904,2026-07-09,20
877,2904,2026-07-10,20
877,2904,2026-07-11,20
877,2904,2026-07-12,20
877,2904,2026-07-13,20
877,2904,2026-07-14,20
877,2904,2026-07-15,20
877,2904,2026-07-16,20
877,2904,2026-07-17,20
877,2904,2026-07-18,20
877,2904,2026-07-19,20
877,2904,2026-07-20,20
877,2904,2026-07-21,20
877,2904,2026-07-22,20
877,2904,2026-07-23,20
877,2904,2026-07-24,20
877,2904,2026-07-25,20
877,2904,2026-07-26,20
877,2904,2026-07-27,20
877,2904,2026-07-28,20
877,2904,2026-07-29,20
877,2905,2026-06-29,24
877,2905,2026-06-30,24
877,2905,2026-07-01,24
877,2905,2026-07-02,24
877,2905,2026-07-03,24
877,2905,2026-07-04,24
877,2905,2026-07-05,17
877,2905,2026-07-06,24
877,2905,2026-07-07,24
877,2905,2026-07-08,24
877,2905,2026-07-09,24
877,2905,2026-07-10,24
877,2905,2026-07-11,24
877,2905,2026-07-12,24
877,2905,2026-07-13,24
877,2905,2026-07-14,24
877,2905,2026-07-15,24
877,2905,2026-07-16,21
877,2905,2026-07-17,24
877,2905,2026-07-18,24
877,2905,2026-07-19,24
877,2905,2026-07-20,24
877,2905,2026-07-21,24
877,2905,2026-07-22,24
877,2905,2026-07-23,24
877,2905,2026-07-24,24
877,2905,2026-07-25,24
877,2905,2026-07-26,24
877,2905,2026-07-27,24
877,2905,2026-07-28,24
877,2905,2026-07-29,24
877,2906,2026-06-29,20
877,2906,2026-06-30,20
877,2906,2026-07-01,20
877,2906,2026-07-02,20
877,2906,2026-07-03,20
877,2906,2026-07-04,20
877,2906,2026-07-05,20
877,2906,2026-07-06,20
877,2906,2026-07-07,20
877,2906,2026-07-08,20
877,2906,2026-07-09,20
877,2906,2026-07-10,20
877,2906,2026-07-11,20
877,2906,2026-07-12,20
877,2906,2026-07-13,20
877,2906,2026-07-14,20
877,2906,2026-07-15,20
877,2906,2026-07-16,20
877,2906,2026-07-17,20
877,2906,2026-07-18,20
877,2906,2026-07-19,20
877,2906,2026-07-20,20
877,2906,2026-07-21,20
877,2906,2026-07-22,20
877,2906,2026-07-23,20
877,2906,2026-07-24,20
877,2906,2026-07-25,20
877,2906,2026-07-26,20
877,2906,2026-07-27,20
877,2906,2026-07-28,20
877,2906,2026-07-29,20
877,2907,2026-06-29,24
877,2907,2026-06-30,24
877,2907,2026-07-01,24
877,2907,2026-07-02,24
877,2907,2026-07-03,24
877,2907,2026-07-04,17
877,2907,2026-07-05,24
877,2907,2026-07-06,24
877,2907,2026-07-07,21
877,2907,2026-07-08,24
877,2907,2026-07-09,24
877,2907,2026-07-10,24
877,2907,2026-07-11,24
877,2907,2026-07-12,24
877,2907,2026-07-13,24
877,2907,2026-07-14,24
877,2907,2026-07-15,24
877,2907,2026-07-16,24
877,2907,2026-07-17,24
877,2907,2026-07-18,24
877,2907,2026-07-19,24
877,2907,2026-07-20,24
877,2907,2026-07-21,24
877,2907,2026-07-22,24
877,2907,2026-07-23,24
877,2907,2026-07-24,24
877,2907,2026-07-25,24
877,2907,2026-07-26,24
877,2907,2026-07-27,24
877,2907,2026-07-28,24
877,2907,2026-07-29,24
877,2903,2026-05-30,20
877,2903,2026-05-31,20
877,2903,2026-06-01,20
877,2903,2026-06-02,20
877,2903,2026-06-03,20
877,2903,2026-06-04,20
877,2903,2026-06-05,20
877,2903,2026-06-06,20
877,2903,2026-06-07,20
877,2903,2026-06-08,20
877,2903,2026-06-09,20
877,2903,2026-06-10,20
877,2903,2026-06-11,20
877,2903,2026-06-12,20
877,2903,2026-06-13,20
877,2903,2026-06-14,20
877,2903,2026-06-15,20
877,2903,2026-06-16,20
877,2903,2026-06-17,20
877,2903,2026-06-18,20
877,2903,2026-06-19,20
877,2903,2026-06-20,20
877,2903,2026-06-21,20
877,2903,2026-06-22,20
877,2903,2026-06-23,20
877,2903,2026-06-24,20
877,2903,2026-06-25,20
877,2903,2026-06-26,20
877,2903,2026-06-27,20
877,2903,2026-06-28,20
877,2903,2026-06-29,20
877,2904,2026-05-30,19
877,2904,2026-05-31,20
877,2904,2026-06-01,20
877,2904,2026-06-02,20
877,2904,2026-06-03,20
877,2904,2026-06-04,20
877,2904,2026-06-05,20
877,2904,2026-06-06,20
877,2904,2026-06-07,20
877,2904,2026-06-08,20
877,2904,2026-06-09,20
877,2904,2026-06-10,20
877,2904,2026-06-11,20
877,2904,2026-06-12,20
877,2904,2026-06-13,20
877,2904,2026-06-14,20
877,2904,2026-06-15,20
877,2904,2026-06-16,20
877,2904,2026-06-17,20
877,2904,2026-06-18,20
877,2904,2026-06-19,20
877,2904,2026-06-20,20
877,2904,2026-06-21,20
877,2904,2026-06-22,20
877,2904,2026-06-23,20
877,2904,2026-06-24,20
877,2904,2026-06-25,20
877,2904,2026-06-26,20
877,2904,2026-06-27,20
877,2904,2026-06-28,20
877,2904,2026-06-29,20
877,2905,2026-05-30,12
877,2905,2026-05-31,17
877,2905,2026-06-01,22
877,2905,2026-06-02,24
877,2905,2026-06-03,24
877,2905,2026-06-04,21
877,2905,2026-06-05,22
877,2905,2026-06-06,24
877,2905,2026-06-07,24
877,2905,2026-06-08,22
877,2905,2026-06-09,24
877,2905,2026-06-10,12
877,2905,2026-06-11,11
877,2905,2026-06-12,24
877,2905,2026-06-13,24
877,2905,2026-06-14,24
877,2905,2026-06-15,24
877,2905,2026-06-16,23
877,2905,2026-06-17,24
877,2905,2026-06-18,24
877,2905,2026-06-19,24
877,2905,2026-06-20,24
877,2905,2026-06-21,22
877,2905,2026-06-22,24
877,2905,2026-06-23,24
877,2905,2026-06-24,24
877,2905,2026-06-25,24
877,2905,2026-06-26,24
877,2905,2026-06-27,24
877,2905,2026-06-28,24
877,2905,2026-06-29,24
877,2906,2026-05-30,18
877,2906,2026-05-31,20
877,2906,2026-06-01,20
877,2906,2026-06-02,20
877,2906,2026-06-03,20
877,2906,2026-06-04,20
877,2906,2026-06-05,20
877,2906,2026-06-06,20
877,2906,2026-06-07,20
877,2906,2026-06-08,20
877,2906,2026-06-09,20
877,2906,2026-06-10,20
877,2906,2026-06-11,20
877,2906,2026-06-12,20
877,2906,2026-06-13,20
877,2906,2026-06-14,20
877,2906,2026-06-15,20
877,2906,2026-06-16,20
877,2906,2026-06-17,20
877,2906,2026-06-18,20
877,2906,2026-06-19,20
877,2906,2026-06-20,20
877,2906,2026-06-21,20
877,2906,2026-06-22,20
877,2906,2026-06-23,20
877,2906,2026-06-24,20
877,2906,2026-06-25,20
877,2906,2026-06-26,20
877,2906,2026-06-27,20
877,2906,2026-06-28,20
877,2906,2026-06-29,20
877,2907,2026-05-30,17
877,2907,2026-05-31,19
877,2907,2026-06-01,22
877,2907,2026-06-02,24
877,2907,2026-06-03,22
877,2907,2026-06-04,18
877,2907,2026-06-05,19
877,2907,2026-06-06,20
877,2907,2026-06-07,18
877,2907,2026-06-08,20
877,2907,2026-06-09,20
877,2907,2026-06-10,11
877,2907,2026-06-11,12
877,2907,2026-06-12,24
877,2907,2026-06-13,24
877,2907,2026-06-14,24
877,2907,2026-06-15,23
877,2907,2026-06-16,24
877,2907,2026-06-17,24
877,2907,2026-06-18,24
877,2907,2026-06-19,24
877,2907,2026-06-20,22
877,2907,2026-06-21,24
877,2907,2026-06-22,24
877,2907,2026-06-23,24
877,2907,2026-06-24,24
877,2907,2026-06-25,24
877,2907,2026-06-26,24
877,2907,2026-06-27,24
877,2907,2026-06-28,24
877,2907,2026-06-29,24
877,2903,2026-09-27,20
877,2903,2026-09-28,20
877,2903,2026-09-29,20
877,2903,2026-09-30,20
877,2903,2026-10-01,20
877,2903,2026-10-02,20
877,2903,2026-10-03,20
877,2903,2026-10-04,20
877,2903,2026-10-05,20
877,2903,2026-10-06,20
877,2903,2026-10-07,20
877,2903,2026-10-08,20
877,2903,2026-10-09,20
877,2903,2026-10-10,20
877,2903,2026-10-11,20
877,2903,2026-10-12,20
877,2903,2026-10-13,20
877,2903,2026-10-14,20
877,2903,2026-10-15,18
877,2903,2026-10-16,20
877,2903,2026-10-17,20
877,2903,2026-10-18,20
877,2903,2026-10-19,20
877,2903,2026-10-20,20
877,2903,2026-10-21,20
877,2903,2026-10-22,20
877,2903,2026-10-23,20
877,2903,2026-10-24,20
877,2903,2026-10-25,20
877,2903,2026-10-26,20
877,2903,2026-10-27,20
877,2904,2026-09-27,20
877,2904,2026-09-28,20
877,2904,2026-09-29,20
877,2904,2026-09-30,20
877,2904,2026-10-01,20
877,2904,2026-10-02,20
877,2904,2026-10-03,20
877,2904,2026-10-04,20
877,2904,2026-10-05,20
877,2904,2026-10-06,20
877,2904,2026-10-07,20
877,2904,2026-10-08,20
877,2904,2026-10-09,20
877,2904,2026-10-10,20
877,2904,2026-10-11,20
877,2904,2026-10-12,20
877,2904,2026-10-13,20
877,2904,2026-10-14,20
877,2904,2026-10-15,20
877,2904,2026-10-16,20
877,2904,2026-10-17,18
877,2904,2026-10-18,20
877,2904,2026-10-19,20
877,2904,2026-10-20,20
877,2904,2026-10-21,19
877,2904,2026-10-22,20
877,2904,2026-10-23,20
877,2904,2026-10-24,18
877,2904,2026-10-25,20
877,2904,2026-10-26,20
877,2904,2026-10-27,20
877,2905,2026-09-27,24
877,2905,2026-09-28,24
877,2905,2026-09-29,20
877,2905,2026-09-30,24
877,2905,2026-10-01,22
877,2905,2026-10-02,13
877,2905,2026-10-03,20
877,2905,2026-10-04,20
877,2905,2026-10-05,17
877,2905,2026-10-06,22
877,2905,2026-10-07,24
877,2905,2026-10-08,19
877,2905,2026-10-09,23
877,2905,2026-10-10,24
877,2905,2026-10-11,22
877,2905,2026-10-12,0
877,2905,2026-10-13,24
877,2905,2026-10-14,24
877,2905,2026-10-15,24
877,2905,2026-10-16,24
877,2905,2026-10-17,24
877,2905,2026-10-18,24
877,2905,2026-10-19,22
877,2905,2026-10-20,24
877,2905,2026-10-21,22
877,2905,2026-10-22,24
877,2905,2026-10-23,12
877,2905,2026-10-24,0
877,2905,2026-10-25,16
877,2905,2026-10-26,23
877,2905,2026-10-27,22
877,2906,2026-09-27,20
877,2906,2026-09-28,20
877,2906,2026-09-29,20
877,2906,2026-09-30,20
877,2906,2026-10-01,20
877,2906,2026-10-02,20
877,2906,2026-10-03,20
877,2906,2026-10-04,20
877,2906,2026-10-05,20
877,2906,2026-10-06,20
877,2906,2026-10-07,20
877,2906,2026-10-08,20
877,2906,2026-10-09,20
877,2906,2026-10-10,20
877,2906,2026-10-11,20
877,2906,2026-10-12,20
877,2906,2026-10-13,20
877,2906,2026-10-14,20
877,2906,2026-10-15,20
877,2906,2026-10-16,18
877,2906,2026-10-17,20
877,2906,2026-10-18,20
877,2906,2026-10-19,20
877,2906,2026-10-20,19
877,2906,2026-10-21,20
877,2906,2026-10-22,20
877,2906,2026-10-23,20
877,2906,2026-10-24,20
877,2906,2026-10-25,18
877,2906,2026-10-26,20
877,2906,2026-10-27,20
877,2907,2026-09-27,24
877,2907,2026-09-28,20
877,2907,2026-09-29,24
877,2907,2026-09-30,22
877,2907,2026-10-01,24
877,2907,2026-10-02,10
877,2907,2026-10-03,20
877,2907,2026-10-04,17
877,2907,2026-10-05,22
877,2907,2026-10-06,24
877,2907,2026-10-07,19
877,2907,2026-10-08,23
877,2907,2026-10-09,20
877,2907,2026-10-10,24
877,2907,2026-10-11,24
877,2907,2026-10-12,22
877,2907,2026-10-13,0
877,2907,2026-10-14,24
877,2907,2026-10-15,24
877,2907,2026-10-16,24
877,2907,2026-10-17,24
877,2907,2026-10-18,22
877,2907,2026-10-19,24
877,2907,2026-10-20,22
877,2907,2026-10-21,23
877,2907,2026-10-22,23
877,2907,2026-10-23,6
877,2907,2026-10-24,3
877,2907,2026-10-25,17
877,2907,2026-10-26,22
877,2907,2026-10-27,23
877,2903,2026-10-27,20
877,2903,2026-10-28,20
877,2903,2026-10-29,15
877,2903,2026-10-30,20
877,2903,2026-10-31,20
877,2903,2026-11-01,20
877,2903,2026-11-02,20
877,2903,2026-11-03,20
877,2903,2026-11-04,20
877,2903,2026-11-05,20
877,2903,2026-11-06,20
877,2903,2026-11-07,20
877,2903,2026-11-08,20
877,2903,2026-11-09,20
877,2903,2026-11-10,20
877,2903,2026-11-11,20
877,2903,2026-11-12,20
877,2903,2026-11-13,20
877,2903,2026-11-14,20
877,2903,2026-11-15,20
877,2903,2026-11-16,18
877,2903,2026-11-17,20
877,2903,2026-11-18,20
877,2903,2026-11-19,20
877,2903,2026-11-20,20
877,2903,2026-11-21,20
877,2903,2026-11-22,20
877,2903,2026-11-23,20
877,2903,2026-11-24,20
877,2903,2026-11-25,20
877,2903,2026-11-26,20
877,2904,2026-10-27,20
877,2904,2026-10-28,20
877,2904,2026-10-29,20
877,2904,2026-10-30,20
877,2904,2026-10-31,20
877,2904,2026-11-01,20
877,2904,2026-11-02,20
877,2904,2026-11-03,20
877,2904,2026-11-04,20
877,2904,2026-11-05,20
877,2904,2026-11-06,20
877,2904,2026-11-07,20
877,2904,2026-11-08,20
877,2904,2026-11-09,20
877,2904,2026-11-10,20
877,2904,2026-11-11,20
877,2904,2026-11-12,20
877,2904,2026-11-13,20
877,2904,2026-11-14,18
877,2904,2026-11-15,20
877,2904,2026-11-16,20
877,2904,2026-11-17,20
877,2904,2026-11-18,20
877,2904,2026-11-19,20
877,2904,2026-11-20,20
877,2904,2026-11-21,20
877,2904,2026-11-22,18
877,2904,2026-11-23,20
877,2904,2026-11-24,20
877,2904,2026-11-25,20
877,2904,2026-11-26,20
877,2905,2026-10-27,22
877,2905,2026-10-28,23
877,2905,2026-10-29,19
877,2905,2026-10-30,23
877,2905,2026-10-31,19
877,2905,2026-11-01,24
877,2905,2026-11-02,24
877,2905,2026-11-03,24
877,2905,2026-11-04,23
877,2905,2026-11-05,24
877,2905,2026-11-06,20
877,2905,2026-11-07,24
877,2905,2026-11-08,22
877,2905,2026-11-09,24
877,2905,2026-11-10,24
877,2905,2026-11-11,17
877,2905,2026-11-12,8
877,2905,2026-11-13,17
877,2905,2026-11-14,7
877,2905,2026-11-15,12
877,2905,2026-11-16,9
877,2905,2026-11-17,24
877,2905,2026-11-18,20
877,2905,2026-11-19,20
877,2905,2026-11-20,19
877,2905,2026-11-21,18
877,2905,2026-11-22,19
877,2905,2026-11-23,20
877,2905,2026-11-24,10
877,2905,2026-11-25,24
877,2905,2026-11-26,22
877,2906,2026-10-27,20
877,2906,2026-10-28,20
877,2906,2026-10-29,20
877,2906,2026-10-30,20
877,2906,2026-10-31,15
877,2906,2026-11-01,20
877,2906,2026-11-02,20
877,2906,2026-11-03,20
877,2906,2026-11-04,20
877,2906,2026-11-05,20
877,2906,2026-11-06,20
877,2906,2026-11-07,20
877,2906,2026-11-08,20
877,2906,2026-11-09,20
877,2906,2026-11-10,20
877,2906,2026-11-11,20
877,2906,2026-11-12,20
877,2906,2026-11-13,20
877,2906,2026-11-14,20
877,2906,2026-11-15,18
877,2906,2026-11-16,20
877,2906,2026-11-17,20
877,2906,2026-11-18,20
877,2906,2026-11-19,20
877,2906,2026-11-20,20
877,2906,2026-11-21,18
877,2906,2026-11-22,20
877,2906,2026-11-23,20
877,2906,2026-11-24,20
877,2906,2026-11-25,20
877,2906,2026-11-26,20
877,2907,2026-10-27,23
877,2907,2026-10-28,20
877,2907,2026-10-29,24
877,2907,2026-10-30,15
877,2907,2026-10-31,24
877,2907,2026-11-01,24
877,2907,2026-11-02,24
877,2907,2026-11-03,23
877,2907,2026-11-04,24
877,2907,2026-11-05,20
877,2907,2026-11-06,24
877,2907,2026-11-07,22
877,2907,2026-11-08,24
877,2907,2026-11-09,24
877,2907,2026-11-10,17
877,2907,2026-11-11,12
877,2907,2026-11-12,17
877,2907,2026-11-13,3
877,2907,2026-11-14,14
877,2907,2026-11-15,9
877,2907,2026-11-16,24
877,2907,2026-11-17,20
877,2907,2026-11-18,20
877,2907,2026-11-19,19
877,2907,2026-11-20,11
877,2907,2026-11-21,12
877,2907,2026-11-22,20
877,2907,2026-11-23,12
877,2907,2026-11-24,24
877,2907,2026-11-25,20
877,2907,2026-11-26,24
877,2903,2027-02-24,20
877,2903,2027-02-25,19
877,2903,2027-02-26,20
877,2903,2027-02-27,20
877,2903,2027-02-28,20
877,2903,2027-03-01,20
877,2903,2027-03-02,20
877,2903,2027-03-03,20
877,2903,2027-03-04,20
877,2903,2027-03-05,20
877,2903,2027-03-06,20
877,2903,2027-03-07,20
877,2903,2027-03-08,18
877,2903,2027-03-09,20
877,2903,2027-03-10,20
877,2903,2027-03-11,20
877,2903,2027-03-12,20
877,2903,2027-03-13,20
877,2903,2027-03-14,20
877,2903,2027-03-15,20
877,2903,2027-03-16,20
877,2903,2027-03-17,20
877,2903,2027-03-18,20
877,2903,2027-03-19,20
877,2903,2027-03-20,20
877,2903,2027-03-21,20
877,2903,2027-03-22,20
877,2903,2027-03-23,20
877,2903,2027-03-24,20
877,2903,2027-03-25,20
877,2903,2027-03-26,20
877,2904,2027-02-24,20
877,2904,2027-02-25,20
877,2904,2027-02-26,19
877,2904,2027-02-27,20
877,2904,2027-02-28,20
877,2904,2027-03-01,20
877,2904,2027-03-02,20
877,2904,2027-03-03,18
877,2904,2027-03-04,20
877,2904,2027-03-05,20
877,2904,2027-03-06,20
877,2904,2027-03-07,20
877,2904,2027-03-08,20
877,2904,2027-03-09,20
877,2904,2027-03-10,18
877,2904,2027-03-11,18
877,2904,2027-03-12,20
877,2904,2027-03-13,20
877,2904,2027-03-14,20
877,2904,2027-03-15,20
877,2904,2027-03-16,20
877,2904,2027-03-17,20
877,2904,2027-03-18,20
877,2904,2027-03-19,20
877,2904,2027-03-20,20
877,2904,2027-03-21,20
877,2904,2027-03-22,20
877,2904,2027-03-23,20
877,2904,2027-03-24,20
877,2904,2027-03-25,20
877,2904,2027-03-26,20
877,2905,2027-02-24,0
877,2905,2027-02-25,1
877,2905,2027-02-26,15
877,2905,2027-02-27,9
877,2905,2027-02-28,0
877,2905,2027-03-01,4
877,2905,2027-03-02,8
877,2905,2027-03-03,6
877,2905,2027-03-04,4
877,2905,2027-03-05,3
877,2905,2027-03-06,3
877,2905,2027-03-07,1
877,2905,2027-03-08,7
877,2905,2027-03-09,9
877,2905,2027-03-10,4
877,2905,2027-03-11,3
877,2905,2027-03-12,14
877,2905,2027-03-13,0
877,2905,2027-03-14,14
877,2905,2027-03-15,0
877,2905,2027-03-16,0
877,2905,2027-03-17,0
877,2905,2027-03-18,0
877,2905,2027-03-19,0
877,2905,2027-03-20,0
877,2905,2027-03-21,0
877,2905,2027-03-22,3
877,2905,2027-03-23,1
877,2905,2027-03-24,13
877,2905,2027-03-25,24
877,2905,2027-03-26,10
877,2906,2027-02-24,20
877,2906,2027-02-25,20
877,2906,2027-02-26,20
877,2906,2027-02-27,20
877,2906,2027-02-28,20
877,2906,2027-03-01,20
877,2906,2027-03-02,18
877,2906,2027-03-03,20
877,2906,2027-03-04,20
877,2906,2027-03-05,20
877,2906,2027-03-06,20
877,2906,2027-03-07,20
877,2906,2027-03-08,20
877,2906,2027-03-09,18
877,2906,2027-03-10,18
877,2906,2027-03-11,20
877,2906,2027-03-12,20
877,2906,2027-03-13,20
877,2906,2027-03-14,20
877,2906,2027-03-15,20
877,2906,2027-03-16,20
877,2906,2027-03-17,20
877,2906,2027-03-18,20
877,2906,2027-03-19,20
877,2906,2027-03-20,20
877,2906,2027-03-21,20
877,2906,2027-03-22,20
877,2906,2027-03-23,20
877,2906,2027-03-24,20
877,2906,2027-03-25,20
877,2906,2027-03-26,20
877,2907,2027-02-24,3
877,2907,2027-02-25,15
877,2907,2027-02-26,7
877,2907,2027-02-27,0
877,2907,2027-02-28,4
877,2907,2027-03-01,9
877,2907,2027-03-02,6
877,2907,2027-03-03,4
877,2907,2027-03-04,3
877,2907,2027-03-05,3
877,2907,2027-03-06,1
877,2907,2027-03-07,7
877,2907,2027-03-08,17
877,2907,2027-03-09,11
877,2907,2027-03-10,5
877,2907,2027-03-11,15
877,2907,2027-03-12,2
877,2907,2027-03-13,3
877,2907,2027-03-14,24
877,2907,2027-03-15,0
877,2907,2027-03-16,0
877,2907,2027-03-17,0
877,2907,2027-03-18,0
877,2907,2027-03-19,0
877,2907,2027-03-20,0
877,2907,2027-03-21,3
877,2907,2027-03-22,3
877,2907,2027-03-23,13
877,2907,2027-03-24,22
877,2907,2027-03-25,10
877,2907,2027-03-26,0
877,2903,2027-01-25,20
877,2903,2027-01-26,20
877,2903,2027-01-27,18
877,2903,2027-01-28,20
877,2903,2027-01-29,20
877,2903,2027-01-30,20
877,2903,2027-01-31,20
877,2903,2027-02-01,18
877,2903,2027-02-02,19
877,2903,2027-02-03,20
877,2903,2027-02-04,20
877,2903,2027-02-05,20
877,2903,2027-02-06,18
877,2903,2027-02-07,20
877,2903,2027-02-08,20
877,2903,2027-02-09,20
877,2903,2027-02-10,20
877,2903,2027-02-11,20
877,2903,2027-02-12,20
877,2903,2027-02-13,18
877,2903,2027-02-14,20
877,2903,2027-02-15,20
877,2903,2027-02-16,20
877,2903,2027-02-17,20
877,2903,2027-02-18,20
877,2903,2027-02-19,20
877,2903,2027-02-20,20
877,2903,2027-02-21,20
877,2903,2027-02-22,20
877,2903,2027-02-23,20
877,2903,2027-02-24,20
877,2904,2027-01-25,20
877,2904,2027-01-26,20
877,2904,2027-01-27,20
877,2904,2027-01-28,20
877,2904,2027-01-29,18
877,2904,2027-01-30,18
877,2904,2027-01-31,19
877,2904,2027-02-01,20
877,2904,2027-02-02,13
877,2904,2027-02-03,16
877,2904,2027-02-04,19
877,2904,2027-02-05,20
877,2904,2027-02-06,18
877,2904,2027-02-07,18
877,2904,2027-02-08,18
877,2904,2027-02-09,20
877,2904,2027-02-10,20
877,2904,2027-02-11,18
877,2904,2027-02-12,20
877,2904,2027-02-13,17
877,2904,2027-02-14,18
877,2904,2027-02-15,20
877,2904,2027-02-16,20
877,2904,2027-02-17,20
877,2904,2027-02-18,20
877,2904,2027-02-19,20
877,2904,2027-02-20,20
877,2904,2027-02-21,20
877,2904,2027-02-22,20
877,2904,2027-02-23,20
877,2904,2027-02-24,20
877,2905,2027-01-25,10
877,2905,2027-01-26,13
877,2905,2027-01-27,15
877,2905,2027-01-28,13
877,2905,2027-01-29,6
877,2905,2027-01-30,12
877,2905,2027-01-31,1
877,2905,2027-02-01,3
877,2905,2027-02-02,7
877,2905,2027-02-03,14
877,2905,2027-02-04,21
877,2905,2027-02-05,14
877,2905,2027-02-06,0
877,2905,2027-02-07,1
877,2905,2027-02-08,0
877,2905,2027-02-09,6
877,2905,2027-02-10,3
877,2905,2027-02-11,0
877,2905,2027-02-12,4
877,2905,2027-02-13,15
877,2905,2027-02-14,2
877,2905,2027-02-15,22
877,2905,2027-02-16,15
877,2905,2027-02-17,0
877,2905,2027-02-18,4
877,2905,2027-02-19,15
877,2905,2027-02-20,0
877,2905,2027-02-21,4
877,2905,2027-02-22,21
877,2905,2027-02-23,4
877,2905,2027-02-24,0
877,2906,2027-01-25,20
877,2906,2027-01-26,20
877,2906,2027-01-27,20
877,2906,2027-01-28,18
877,2906,2027-01-29,20
877,2906,2027-01-30,10
877,2906,2027-01-31,20
877,2906,2027-02-01,13
877,2906,2027-02-02,16
877,2906,2027-02-03,19
877,2906,2027-02-04,20
877,2906,2027-02-05,18
877,2906,2027-02-06,20
877,2906,2027-02-07,18
877,2906,2027-02-08,20
877,2906,2027-02-09,20
877,2906,2027-02-10,18
877,2906,2027-02-11,20
877,2906,2027-02-12,17
877,2906,2027-02-13,20
877,2906,2027-02-14,20
877,2906,2027-02-15,20
877,2906,2027-02-16,20
877,2906,2027-02-17,20
877,2906,2027-02-18,20
877,2906,2027-02-19,20
877,2906,2027-02-20,20
877,2906,2027-02-21,20
877,2906,2027-02-22,20
877,2906,2027-02-23,20
877,2906,2027-02-24,20
877,2907,2027-01-25,13
877,2907,2027-01-26,15
877,2907,2027-01-27,13
877,2907,2027-01-28,10
877,2907,2027-01-29,12
877,2907,2027-01-30,3
877,2907,2027-01-31,3
877,2907,2027-02-01,7
877,2907,2027-02-02,14
877,2907,2027-02-03,22
877,2907,2027-02-04,14
877,2907,2027-02-05,0
877,2907,2027-02-06,2
877,2907,2027-02-07,0
877,2907,2027-02-08,5
877,2907,2027-02-09,3
877,2907,2027-02-10,0
877,2907,2027-02-11,6
877,2907,2027-02-12,15
877,2907,2027-02-13,2
877,2907,2027-02-14,22
877,2907,2027-02-15,15
877,2907,2027-02-16,4
877,2907,2027-02-17,5
877,2907,2027-02-18,13
877,2907,2027-02-19,2
877,2907,2027-02-20,4
877,2907,2027-02-21,19
877,2907,2027-02-22,3
877,2907,2027-02-23,0
877,2907,2027-02-24,3
877,2903,2027-03-26,20
877,2903,2027-03-27,20
877,2903,2027-03-28,20
877,2903,2027-03-29,20
877,2903,2027-03-30,20
877,2903,2027-03-31,19
877,2903,2027-04-01,20
877,2903,2027-04-02,20
877,2903,2027-04-03,20
877,2903,2027-04-04,20
877,2903,2027-04-05,20
877,2903,2027-04-06,20
877,2903,2027-04-07,20
877,2903,2027-04-08,20
877,2903,2027-04-09,20
877,2903,2027-04-10,20
877,2903,2027-04-11,20
877,2903,2027-04-12,20
877,2903,2027-04-13,20
877,2903,2027-04-14,20
877,2903,2027-04-15,20
877,2903,2027-04-16,20
877,2903,2027-04-17,20
877,2903,2027-04-18,20
877,2903,2027-04-19,20
877,2903,2027-04-20,20
877,2903,2027-04-21,20
877,2903,2027-04-22,20
877,2903,2027-04-23,20
877,2903,2027-04-24,20
877,2903,2027-04-25,20
877,2904,2027-03-26,20
877,2904,2027-03-27,20
877,2904,2027-03-28,20
877,2904,2027-03-29,20
877,2904,2027-03-30,20
877,2904,2027-03-31,20
877,2904,2027-04-01,19
877,2904,2027-04-02,20
877,2904,2027-04-03,20
877,2904,2027-04-04,20
877,2904,2027-04-05,20
877,2904,2027-04-06,20
877,2904,2027-04-07,18
877,2904,2027-04-08,20
877,2904,2027-04-09,20
877,2904,2027-04-10,20
877,2904,2027-04-11,18
877,2904,2027-04-12,20
877,2904,2027-04-13,18
877,2904,2027-04-14,20
877,2904,2027-04-15,16
877,2904,2027-04-16,20
877,2904,2027-04-17,20
877,2904,2027-04-18,20
877,2904,2027-04-19,20
877,2904,2027-04-20,20
877,2904,2027-04-21,20
877,2904,2027-04-22,20
877,2904,2027-04-23,20
877,2904,2027-04-24,20
877,2904,2027-04-25,20
877,2905,2027-03-26,10
877,2905,2027-03-27,0
877,2905,2027-03-28,0
877,2905,2027-03-29,3
877,2905,2027-03-30,20
877,2905,2027-03-31,0
877,2905,2027-04-01,23
877,2905,2027-04-02,24
877,2905,2027-04-03,10
877,2905,2027-04-04,22
877,2905,2027-04-05,24
877,2905,2027-04-06,24
877,2905,2027-04-07,18
877,2905,2027-04-08,24
877,2905,2027-04-09,8
877,2905,2027-04-10,24
877,2905,2027-04-11,20
877,2905,2027-04-12,1
877,2905,2027-04-13,12
877,2905,2027-04-14,4
877,2905,2027-04-15,5
877,2905,2027-04-16,13
877,2905,2027-04-17,8
877,2905,2027-04-18,14
877,2905,2027-04-19,20
877,2905,2027-04-20,1
877,2905,2027-04-21,24
877,2905,2027-04-22,24
877,2905,2027-04-23,24
877,2905,2027-04-24,24
877,2905,2027-04-25,17
877,2906,2027-03-26,20
877,2906,2027-03-27,20
877,2906,2027-03-28,20
877,2906,2027-03-29,20
877,2906,2027-03-30,20
877,2906,2027-03-31,20
877,2906,2027-04-01,20
877,2906,2027-04-02,20
877,2906,2027-04-03,20
877,2906,2027-04-04,20
877,2906,2027-04-05,20
877,2906,2027-04-06,18
877,2906,2027-04-07,20
877,2906,2027-04-08,20
877,2906,2027-04-09,20
877,2906,2027-04-10,18
877,2906,2027-04-11,20
877,2906,2027-04-12,18
877,2906,2027-04-13,20
877,2906,2027-04-14,16
877,2906,2027-04-15,20
877,2906,2027-04-16,20
877,2906,2027-04-17,20
877,2906,2027-04-18,20
877,2906,2027-04-19,20
877,2906,2027-04-20,20
877,2906,2027-04-21,20
877,2906,2027-04-22,20
877,2906,2027-04-23,20
877,2906,2027-04-24,20
877,2906,2027-04-25,20
877,2907,2027-03-26,0
877,2907,2027-03-27,0
877,2907,2027-03-28,3
877,2907,2027-03-29,20
877,2907,2027-03-30,0
877,2907,2027-03-31,23
877,2907,2027-04-01,24
877,2907,2027-04-02,10
877,2907,2027-04-03,22
877,2907,2027-04-04,24
877,2907,2027-04-05,24
877,2907,2027-04-06,18
877,2907,2027-04-07,24
877,2907,2027-04-08,8
877,2907,2027-04-09,24
877,2907,2027-04-10,20
877,2907,2027-04-11,7
877,2907,2027-04-12,12
877,2907,2027-04-13,3
877,2907,2027-04-14,5
877,2907,2027-04-15,4
877,2907,2027-04-16,8
877,2907,2027-04-17,14
877,2907,2027-04-18,10
877,2907,2027-04-19,1
877,2907,2027-04-20,24
877,2907,2027-04-21,24
877,2907,2027-04-22,24
877,2907,2027-04-23,22
877,2907,2027-04-24,17
877,2907,2027-04-25,24
877,2903,2026-12-26,20
877,2903,2026-12-27,20
877,2903,2026-12-28,20
877,2903,2026-12-29,20
877,2903,2026-12-30,20
877,2903,2026-12-31,20
877,2903,2027-01-01,20
877,2903,2027-01-02,20
877,2903,2027-01-03,20
877,2903,2027-01-04,20
877,2903,2027-01-05,20
877,2903,2027-01-06,20
877,2903,2027-01-07,20
877,2903,2027-01-08,20
877,2903,2027-01-09,16
877,2903,2027-01-10,20
877,2903,2027-01-11,20
877,2903,2027-01-12,20
877,2903,2027-01-13,16
877,2903,2027-01-14,19
877,2903,2027-01-15,20
877,2903,2027-01-16,20
877,2903,2027-01-17,20
877,2903,2027-01-18,20
877,2903,2027-01-19,20
877,2903,2027-01-20,20
877,2903,2027-01-21,20
877,2903,2027-01-22,20
877,2903,2027-01-23,20
877,2903,2027-01-24,20
877,2903,2027-01-25,20
877,2904,2026-12-26,18
877,2904,2026-12-27,20
877,2904,2026-12-28,17
877,2904,2026-12-29,20
877,2904,2026-12-30,20
877,2904,2026-12-31,7
877,2904,2027-01-01,14
877,2904,2027-01-02,20
877,2904,2027-01-03,19
877,2904,2027-01-04,14
877,2904,2027-01-05,10
877,2904,2027-01-06,20
877,2904,2027-01-07,18
877,2904,2027-01-08,20
877,2904,2027-01-09,20
877,2904,2027-01-10,17
877,2904,2027-01-11,20
877,2904,2027-01-12,19
877,2904,2027-01-13,20
877,2904,2027-01-14,20
877,2904,2027-01-15,15
877,2904,2027-01-16,20
877,2904,2027-01-17,20
877,2904,2027-01-18,20
877,2904,2027-01-19,20
877,2904,2027-01-20,16
877,2904,2027-01-21,20
877,2904,2027-01-22,20
877,2904,2027-01-23,20
877,2904,2027-01-24,20
877,2904,2027-01-25,20
877,2905,2026-12-26,17
877,2905,2026-12-27,12
877,2905,2026-12-28,0
877,2905,2026-12-29,0
877,2905,2026-12-30,1
877,2905,2026-12-31,0
877,2905,2027-01-01,1
877,2905,2027-01-02,1
877,2905,2027-01-03,0
877,2905,2027-01-04,1
877,2905,2027-01-05,1
877,2905,2027-01-06,0
877,2905,2027-01-07,0
877,2905,2027-01-08,0
877,2905,2027-01-09,2
877,2905,2027-01-10,0
877,2905,2027-01-11,1
877,2905,2027-01-12,3
877,2905,2027-01-13,4
877,2905,2027-01-14,12
877,2905,2027-01-15,22
877,2905,2027-01-16,11
877,2905,2027-01-17,7
877,2905,2027-01-18,15
877,2905,2027-01-19,24
877,2905,2027-01-20,10
877,2905,2027-01-21,2
877,2905,2027-01-22,20
877,2905,2027-01-23,8
877,2905,2027-01-24,2
877,2905,2027-01-25,10
877,2906,2026-12-26,20
877,2906,2026-12-27,17
877,2906,2026-12-28,20
877,2906,2026-12-29,20
877,2906,2026-12-30,4
877,2906,2026-12-31,12
877,2906,2027-01-01,20
877,2906,2027-01-02,14
877,2906,2027-01-03,14
877,2906,2027-01-04,10
877,2906,2027-01-05,20
877,2906,2027-01-06,18
877,2906,2027-01-07,20
877,2906,2027-01-08,20
877,2906,2027-01-09,17
877,2906,2027-01-10,20
877,2906,2027-01-11,20
877,2906,2027-01-12,20
877,2906,2027-01-13,19
877,2906,2027-01-14,13
877,2906,2027-01-15,20
877,2906,2027-01-16,20
877,2906,2027-01-17,20
877,2906,2027-01-18,20
877,2906,2027-01-19,20
877,2906,2027-01-20,20
877,2906,2027-01-21,16
877,2906,2027-01-22,20
877,2906,2027-01-23,20
877,2906,2027-01-24,20
877,2906,2027-01-25,20
877,2907,2026-12-26,14
877,2907,2026-12-27,6
877,2907,2026-12-28,2
877,2907,2026-12-29,0
877,2907,2026-12-30,0
877,2907,2026-12-31,1
877,2907,2027-01-01,1
877,2907,2027-01-02,0
877,2907,2027-01-03,1
877,2907,2027-01-04,1
877,2907,2027-01-05,0
877,2907,2027-01-06,2
877,2907,2027-01-07,2
877,2907,2027-01-08,1
877,2907,2027-01-09,0
877,2907,2027-01-10,2
877,2907,2027-01-11,6
877,2907,2027-01-12,6
877,2907,2027-01-13,9
877,2907,2027-01-14,24
877,2907,2027-01-15,11
877,2907,2027-01-16,7
877,2907,2027-01-17,15
877,2907,2027-01-18,24
877,2907,2027-01-19,10
877,2907,2027-01-20,2
877,2907,2027-01-21,20
877,2907,2027-01-22,17
877,2907,2027-01-23,2
877,2907,2027-01-24,1
877,2907,2027-01-25,13
877,2903,2026-11-26,20
877,2903,2026-11-27,20
877,2903,2026-11-28,20
877,2903,2026-11-29,20
877,2903,2026-11-30,20
877,2903,2026-12-01,20
877,2903,2026-12-02,20
877,2903,2026-12-03,20
877,2903,2026-12-04,3
877,2903,2026-12-05,20
877,2903,2026-12-06,20
877,2903,2026-12-07,20
877,2903,2026-12-08,20
877,2903,2026-12-09,20
877,2903,2026-12-10,20
877,2903,2026-12-11,20
877,2903,2026-12-12,20
877,2903,2026-12-13,20
877,2903,2026-12-14,20
877,2903,2026-12-15,20
877,2903,2026-12-16,20
877,2903,2026-12-17,20
877,2903,2026-12-18,20
877,2903,2026-12-19,20
877,2903,2026-12-20,20
877,2903,2026-12-21,20
877,2903,2026-12-22,20
877,2903,2026-12-23,20
877,2903,2026-12-24,20
877,2903,2026-12-25,20
877,2903,2026-12-26,20
877,2904,2026-11-26,20
877,2904,2026-11-27,20
877,2904,2026-11-28,20
877,2904,2026-11-29,20
877,2904,2026-11-30,20
877,2904,2026-12-01,20
877,2904,2026-12-02,20
877,2904,2026-12-03,3
877,2904,2026-12-04,20
877,2904,2026-12-05,20
877,2904,2026-12-06,20
877,2904,2026-12-07,20
877,2904,2026-12-08,20
877,2904,2026-12-09,20
877,2904,2026-12-10,20
877,2904,2026-12-11,20
877,2904,2026-12-12,20
877,2904,2026-12-13,20
877,2904,2026-12-14,20
877,2904,2026-12-15,20
877,2904,2026-12-16,20
877,2904,2026-12-17,20
877,2904,2026-12-18,20
877,2904,2026-12-19,0
877,2904,2026-12-20,17
877,2904,2026-12-21,20
877,2904,2026-12-22,19
877,2904,2026-12-23,20
877,2904,2026-12-24,20
877,2904,2026-12-25,20
877,2904,2026-12-26,18
877,2905,2026-11-26,22
877,2905,2026-11-27,24
877,2905,2026-11-28,20
877,2905,2026-11-29,10
877,2905,2026-11-30,22
877,2905,2026-12-01,16
877,2905,2026-12-02,19
877,2905,2026-12-03,0
877,2905,2026-12-04,13
877,2905,2026-12-05,8
877,2905,2026-12-06,4
877,2905,2026-12-07,24
877,2905,2026-12-08,10
877,2905,2026-12-09,13
877,2905,2026-12-10,14
877,2905,2026-12-11,10
877,2905,2026-12-12,14
877,2905,2026-12-13,11
877,2905,2026-12-14,8
877,2905,2026-12-15,2
877,2905,2026-12-16,10
877,2905,2026-12-17,24
877,2905,2026-12-18,12
877,2905,2026-12-19,0
877,2905,2026-12-20,0
877,2905,2026-12-21,17
877,2905,2026-12-22,6
877,2905,2026-12-23,22
877,2905,2026-12-24,20
877,2905,2026-12-25,14
877,2905,2026-12-26,17
877,2906,2026-11-26,20
877,2906,2026-11-27,20
877,2906,2026-11-28,20
877,2906,2026-11-29,20
877,2906,2026-11-30,20
877,2906,2026-12-01,20
877,2906,2026-12-02,20
877,2906,2026-12-03,20
877,2906,2026-12-04,20
877,2906,2026-12-05,20
877,2906,2026-12-06,20
877,2906,2026-12-07,20
877,2906,2026-12-08,20
877,2906,2026-12-09,20
877,2906,2026-12-10,20
877,2906,2026-12-11,20
877,2906,2026-12-12,20
877,2906,2026-12-13,20
877,2906,2026-12-14,20
877,2906,2026-12-15,20
877,2906,2026-12-16,20
877,2906,2026-12-17,20
877,2906,2026-12-18,15
877,2906,2026-12-19,19
877,2906,2026-12-20,5
877,2906,2026-12-21,19
877,2906,2026-12-22,20
877,2906,2026-12-23,20
877,2906,2026-12-24,18
877,2906,2026-12-25,18
877,2906,2026-12-26,20
877,2907,2026-11-26,24
877,2907,2026-11-27,20
877,2907,2026-11-28,10
877,2907,2026-11-29,22
877,2907,2026-11-30,16
877,2907,2026-12-01,21
877,2907,2026-12-02,0
877,2907,2026-12-03,11
877,2907,2026-12-04,9
877,2907,2026-12-05,7
877,2907,2026-12-06,23
877,2907,2026-12-07,7
877,2907,2026-12-08,13
877,2907,2026-12-09,14
877,2907,2026-12-10,12
877,2907,2026-12-11,14
877,2907,2026-12-12,9
877,2907,2026-12-13,13
877,2907,2026-12-14,2
877,2907,2026-12-15,13
877,2907,2026-12-16,24
877,2907,2026-12-17,9
877,2907,2026-12-18,24
877,2907,2026-12-19,2
877,2907,2026-12-20,0
877,2907,2026-12-21,1
877,2907,2026-12-22,18
877,2907,2026-12-23,20
877,2907,2026-12-24,7
877,2907,2026-12-25,17
877,2907,2026-12-26,14
877,2903,2027-04-25,20
877,2903,2027-04-26,20
877,2903,2027-04-27,20
877,2903,2027-04-28,20
877,2903,2027-04-29,20
877,2903,2027-04-30,20
877,2903,2027-05-01,20
877,2903,2027-05-02,20
877,2903,2027-05-03,20
877,2903,2027-05-04,20
877,2903,2027-05-05,20
877,2903,2027-05-06,18
877,2903,2027-05-07,20
877,2903,2027-05-08,20
877,2903,2027-05-09,20
877,2903,2027-05-10,20
877,2903,2027-05-11,20
877,2903,2027-05-12,20
877,2903,2027-05-13,20
877,2903,2027-05-14,20
877,2903,2027-05-15,20
877,2903,2027-05-16,20
877,2903,2027-05-17,20
877,2903,2027-05-18,20
877,2903,2027-05-19,20
877,2903,2027-05-20,20
877,2903,2027-05-21,20
877,2903,2027-05-22,20
877,2903,2027-05-23,20
877,2903,2027-05-24,20
877,2903,2027-05-25,20
877,2904,2027-04-25,20
877,2904,2027-04-26,20
877,2904,2027-04-27,20
877,2904,2027-04-28,20
877,2904,2027-04-29,20
877,2904,2027-04-30,20
877,2904,2027-05-01,20
877,2904,2027-05-02,20
877,2904,2027-05-03,20
877,2904,2027-05-04,20
877,2904,2027-05-05,20
877,2904,2027-05-06,20
877,2904,2027-05-07,20
877,2904,2027-05-08,18
877,2904,2027-05-09,20
877,2904,2027-05-10,20
877,2904,2027-05-11,20
877,2904,2027-05-12,20
877,2904,2027-05-13,20
877,2904,2027-05-14,20
877,2904,2027-05-15,20
877,2904,2027-05-16,20
877,2904,2027-05-17,20
877,2904,2027-05-18,20
877,2904,2027-05-19,20
877,2904,2027-05-20,20
877,2904,2027-05-21,20
877,2904,2027-05-22,20
877,2904,2027-05-23,20
877,2904,2027-05-24,20
877,2904,2027-05-25,20
877,2905,2027-04-25,17
877,2905,2027-04-26,24
877,2905,2027-04-27,24
877,2905,2027-04-28,24
877,2905,2027-04-29,24
877,2905,2027-04-30,18
877,2905,2027-05-01,24
877,2905,2027-05-02,24
877,2905,2027-05-03,24
877,2905,2027-05-04,24
877,2905,2027-05-05,24
877,2905,2027-05-06,24
877,2905,2027-05-07,24
877,2905,2027-05-08,24
877,2905,2027-05-09,24
877,2905,2027-05-10,24
877,2905,2027-05-11,24
877,2905,2027-05-12,24
877,2905,2027-05-13,24
877,2905,2027-05-14,24
877,2905,2027-05-15,24
877,2905,2027-05-16,24
877,2905,2027-05-17,24
877,2905,2027-05-18,24
877,2905,2027-05-19,24
877,2905,2027-05-20,24
877,2905,2027-05-21,24
877,2905,2027-05-22,24
877,2905,2027-05-23,24
877,2905,2027-05-24,24
877,2905,2027-05-25,24
877,2906,2027-04-25,20
877,2906,2027-04-26,20
877,2906,2027-04-27,20
877,2906,2027-04-28,20
877,2906,2027-04-29,20
877,2906,2027-04-30,20
877,2906,2027-05-01,20
877,2906,2027-05-02,20
877,2906,2027-05-03,20
877,2906,2027-05-04,20
877,2906,2027-05-05,20
877,2906,2027-05-06,20
877,2906,2027-05-07,18
877,2906,2027-05-08,20
877,2906,2027-05-09,20
877,2906,2027-05-10,20
877,2906,2027-05-11,20
877,2906,2027-05-12,20
877,2906,2027-05-13,20
877,2906,2027-05-14,20
877,2906,2027-05-15,20
877,2906,2027-05-16,20
877,2906,2027-05-17,20
877,2906,2027-05-18,20
877,2906,2027-05-19,20
877,2906,2027-05-20,20
877,2906,2027-05-21,20
877,2906,2027-05-22,20
877,2906,2027-05-23,20
877,2906,2027-05-24,20
877,2906,2027-05-25,20
877,2907,2027-04-25,24
877,2907,2027-04-26,24
877,2907,2027-04-27,24
877,2907,2027-04-28,24
877,2907,2027-04-29,18
877,2907,2027-04-30,24
877,2907,2027-05-01,24
877,2907,2027-05-02,24
877,2907,2027-05-03,24
877,2907,2027-05-04,24
877,2907,2027-05-05,24
877,2907,2027-05-06,24
877,2907,2027-05-07,24
877,2907,2027-05-08,24
877,2907,2027-05-09,24
877,2907,2027-05-10,24
877,2907,2027-05-11,24
877,2907,2027-05-12,24
877,2907,2027-05-13,24
877,2907,2027-05-14,24
877,2907,2027-05-15,24
877,2907,2027-05-16,24
877,2907,2027-05-17,24
877,2907,2027-05-18,24
877,2907,2027-05-19,24
877,2907,2027-05-20,24
877,2907,2027-05-21,24
877,2907,2027-05-22,24
877,2907,2027-05-23,24
877,2907,2027-05-24,24
877,2907,2027-05-25,24
877,2903,2027-05-25,20
877,2903,2027-05-26,20
877,2903,2027-05-27,20
877,2903,2027-05-28,20
877,2903,2027-05-29,20
877,2903,2027-05-30,20
877,2903,2027-05-31,20
877,2903,2027-06-01,20
877,2903,2027-06-02,20
877,2903,2027-06-03,20
877,2903,2027-06-04,20
877,2903,2027-06-05,20
877,2903,2027-06-06,20
877,2903,2027-06-07,20
877,2903,2027-06-08,20
877,2903,2027-06-09,20
877,2903,2027-06-10,20
877,2903,2027-06-11,20
877,2903,2027-06-12,20
877,2903,2027-06-13,20
877,2903,2027-06-14,20
877,2903,2027-06-15,20
877,2903,2027-06-16,20
877,2903,2027-06-17,20
877,2903,2027-06-18,20
877,2903,2027-06-19,20
877,2903,2027-06-20,20
877,2903,2027-06-21,20
877,2903,2027-06-22,20
877,2903,2027-06-23,20
877,2903,2027-06-24,20
877,2904,2027-05-25,20
877,2904,2027-05-26,20
877,2904,2027-05-27,20
877,2904,2027-05-28,20
877,2904,2027-05-29,20
877,2904,2027-05-30,20
877,2904,2027-05-31,20
877,2904,2027-06-01,20
877,2904,2027-06-02,20
877,2904,2027-06-03,20
877,2904,2027-06-04,20
877,2904,2027-06-05,20
877,2904,2027-06-06,20
877,2904,2027-06-07,20
877,2904,2027-06-08,20
877,2904,2027-06-09,20
877,2904,2027-06-10,20
877,2904,2027-06-11,20
877,2904,2027-06-12,20
877,2904,2027-06-13,20
877,2904,2027-06-14,20
877,2904,2027-06-15,20
877,2904,2027-06-16,20
877,2904,2027-06-17,20
877,2904,2027-06-18,20
877,2904,2027-06-19,20
877,2904,2027-06-20,20
877,2904,2027-06-21,20
877,2904,2027-06-22,20
877,2904,2027-06-23,20
877,2904,2027-06-24,20
877,2905,2027-05-25,24
877,2905,2027-05-26,24
877,2905,2027-05-27,24
877,2905,2027-05-28,24
877,2905,2027-05-29,24
877,2905,2027-05-30,24
877,2905,2027-05-31,24
877,2905,2027-06-01,24
877,2905,2027-06-02,24
877,2905,2027-06-03,24
877,2905,2027-06-04,24
877,2905,2027-06-05,24
877,2905,2027-06-06,24
877,2905,2027-06-07,24
877,2905,2027-06-08,24
877,2905,2027-06-09,24
877,2905,2027-06-10,24
877,2905,2027-06-11,24
877,2905,2027-06-12,24
877,2905,2027-06-13,24
877,2905,2027-06-14,24
877,2905,2027-06-15,24
877,2905,2027-06-16,24
877,2905,2027-06-17,24
877,2905,2027-06-18,24
877,2905,2027-06-19,24
877,2905,2027-06-20,24
877,2905,2027-06-21,24
877,2905,2027-06-22,24
877,2905,2027-06-23,24
877,2905,2027-06-24,24
877,2906,2027-05-25,20
877,2906,2027-05-26,20
877,2906,2027-05-27,20
877,2906,2027-05-28,20
877,2906,2027-05-29,20
877,2906,2027-05-30,20
877,2906,2027-05-31,20
877,2906,2027-06-01,20
877,2906,2027-06-02,20
877,2906,2027-06-03,20
877,2906,2027-06-04,20
877,2906,2027-06-05,20
877,2906,2027-06-06,20
877,2906,2027-06-07,20
877,2906,2027-06-08,20
877,2906,2027-06-09,20
877,2906,2027-06-10,20
877,2906,2027-06-11,20
877,2906,2027-06-12,20
877,2906,2027-06-13,20
877,2906,2027-06-14,20
877,2906,2027-06-15,20
877,2906,2027-06-16,20
877,2906,2027-06-17,20
877,2906,2027-06-18,20
877,2906,2027-06-19,20
877,2906,2027-06-20,20
877,2906,2027-06-21,20
877,2906,2027-06-22,20
877,2906,2027-06-23,20
877,2906,2027-06-24,20
877,2907,2027-05-25,24
877,2907,2027-05-26,24
877,2907,2027-05-27,24
877,2907,2027-05-28,24
877,2907,2027-05-29,24
877,2907,2027-05-30,24
877,2907,2027-05-31,24
877,2907,2027-06-01,24
877,2907,2027-06-02,24
877,2907,2027-06-03,24
877,2907,2027-06-04,24
877,2907,2027-06-05,24
877,2907,2027-06-06,24
877,2907,2027-06-07,24
877,2907,2027-06-08,24
877,2907,2027-06-09,24
877,2907,2027-06-10,24
877,2907,2027-06-11,24
877,2907,2027-06-12,24
877,2907,2027-06-13,24
877,2907,2027-06-14,24
877,2907,2027-06-15,24
877,2907,2027-06-16,24
877,2907,2027-06-17,24
877,2907,2027-06-18,24
877,2907,2027-06-19,24
877,2907,2027-06-20,24
877,2907,2027-06-21,24
877,2907,2027-06-22,24
877,2907,2027-06-23,24
877,2907,2027-06-24,24
878,2908,2026-08-28,20
878,2908,2026-08-29,20
878,2908,2026-08-30,20
878,2908,2026-08-31,20
878,2908,2026-09-01,20
878,2908,2026-09-02,20
878,2908,2026-09-03,20
878,2908,2026-09-04,20
878,2908,2026-09-05,20
878,2908,2026-09-06,20
878,2908,2026-09-07,20
878,2908,2026-09-08,20
878,2908,2026-09-09,20
878,2908,2026-09-10,20
878,2908,2026-09-11,20
878,2908,2026-09-12,20
878,2908,2026-09-13,20
878,2908,2026-09-14,20
878,2908,2026-09-15,20
878,2908,2026-09-16,20
878,2908,2026-09-17,20
878,2908,2026-09-18,20
878,2908,2026-09-19,20
878,2908,2026-09-20,20
878,2908,2026-09-21,20
878,2908,2026-09-22,20
878,2908,2026-09-23,20
878,2908,2026-09-24,20
878,2908,2026-09-25,20
878,2908,2026-09-26,18
878,2908,2026-09-27,20
878,2909,2026-08-28,25
878,2909,2026-08-29,25
878,2909,2026-08-30,25
878,2909,2026-08-31,25
878,2909,2026-09-01,21
878,2909,2026-09-02,25
878,2909,2026-09-03,25
878,2909,2026-09-04,25
878,2909,2026-09-05,25
878,2909,2026-09-06,25
878,2909,2026-09-07,25
878,2909,2026-09-08,25
878,2909,2026-09-09,25
878,2909,2026-09-10,25
878,2909,2026-09-11,25
878,2909,2026-09-12,25
878,2909,2026-09-13,24
878,2909,2026-09-14,25
878,2909,2026-09-15,25
878,2909,2026-09-16,25
878,2909,2026-09-17,25
878,2909,2026-09-18,25
878,2909,2026-09-19,25
878,2909,2026-09-20,25
878,2909,2026-09-21,25
878,2909,2026-09-22,25
878,2909,2026-09-23,25
878,2909,2026-09-24,25
878,2909,2026-09-25,25
878,2909,2026-09-26,25
878,2909,2026-09-27,25
878,2910,2026-08-28,20
878,2910,2026-08-29,20
878,2910,2026-08-30,20
878,2910,2026-08-31,20
878,2910,2026-09-01,20
878,2910,2026-09-02,20
878,2910,2026-09-03,20
878,2910,2026-09-04,20
878,2910,2026-09-05,20
878,2910,2026-09-06,20
878,2910,2026-09-07,20
878,2910,2026-09-08,20
878,2910,2026-09-09,20
878,2910,2026-09-10,20
878,2910,2026-09-11,20
878,2910,2026-09-12,20
878,2910,2026-09-13,20
878,2910,2026-09-14,20
878,2910,2026-09-15,20
878,2910,2026-09-16,20
878,2910,2026-09-17,20
878,2910,2026-09-18,20
878,2910,2026-09-19,20
878,2910,2026-09-20,20
878,2910,2026-09-21,20
878,2910,2026-09-22,20
878,2910,2026-09-23,20
878,2910,2026-09-24,20
878,2910,2026-09-25,20
878,2910,2026-09-26,20
878,2910,2026-09-27,20
878,2911,2026-08-28,36
878,2911,2026-08-29,36
878,2911,2026-08-30,32
878,2911,2026-08-31,36
878,2911,2026-09-01,36
878,2911,2026-09-02,36
878,2911,2026-09-03,36
878,2911,2026-09-04,36
878,2911,2026-09-05,36
878,2911,2026-09-06,36
878,2911,2026-09-07,36
878,2911,2026-09-08,36
878,2911,2026-09-09,36
878,2911,2026-09-10,36
878,2911,2026-09-11,35
878,2911,2026-09-12,36
878,2911,2026-09-13,36
878,2911,2026-09-14,36
878,2911,2026-09-15,36
878,2911,2026-09-16,36
878,2911,2026-09-17,36
878,2911,2026-09-18,36
878,2911,2026-09-19,36
878,2911,2026-09-20,36
878,2911,2026-09-21,36
878,2911,2026-09-22,36
878,2911,2026-09-23,36
878,2911,2026-09-24,36
878,2911,2026-09-25,32
878,2911,2026-09-26,36
878,2911,2026-09-27,36
878,2913,2026-08-28,20
878,2913,2026-08-29,20
878,2913,2026-08-30,20
878,2913,2026-08-31,20
878,2913,2026-09-01,20
878,2913,2026-09-02,20
878,2913,2026-09-03,20
878,2913,2026-09-04,20
878,2913,2026-09-05,20
878,2913,2026-09-06,20
878,2913,2026-09-07,20
878,2913,2026-09-08,20
878,2913,2026-09-09,20
878,2913,2026-09-10,20
878,2913,2026-09-11,20
878,2913,2026-09-12,20
878,2913,2026-09-13,20
878,2913,2026-09-14,20
878,2913,2026-09-15,20
878,2913,2026-09-16,20
878,2913,2026-09-17,20
878,2913,2026-09-18,20
878,2913,2026-09-19,20
878,2913,2026-09-20,20
878,2913,2026-09-21,20
878,2913,2026-09-22,20
878,2913,2026-09-23,20
878,2913,2026-09-24,20
878,2913,2026-09-25,20
878,2913,2026-09-26,20
878,2913,2026-09-27,18
878,2914,2026-08-28,28
878,2914,2026-08-29,28
878,2914,2026-08-30,28
878,2914,2026-08-31,24
878,2914,2026-09-01,28
878,2914,2026-09-02,28
878,2914,2026-09-03,28
878,2914,2026-09-04,28
878,2914,2026-09-05,28
878,2914,2026-09-06,28
878,2914,2026-09-07,28
878,2914,2026-09-08,28
878,2914,2026-09-09,28
878,2914,2026-09-10,28
878,2914,2026-09-11,28
878,2914,2026-09-12,27
878,2914,2026-09-13,28
878,2914,2026-09-14,28
878,2914,2026-09-15,28
878,2914,2026-09-16,28
878,2914,2026-09-17,28
878,2914,2026-09-18,28
878,2914,2026-09-19,28
878,2914,2026-09-20,28
878,2914,2026-09-21,28
878,2914,2026-09-22,28
878,2914,2026-09-23,28
878,2914,2026-09-24,28
878,2914,2026-09-25,28
878,2914,2026-09-26,26
878,2914,2026-09-27,28
878,2916,2026-08-28,40
878,2916,2026-08-29,40
878,2916,2026-08-30,40
878,2916,2026-08-31,40
878,2916,2026-09-01,40
878,2916,2026-09-02,40
878,2916,2026-09-03,40
878,2916,2026-09-04,40
878,2916,2026-09-05,40
878,2916,2026-09-06,40
878,2916,2026-09-07,40
878,2916,2026-09-08,40
878,2916,2026-09-09,40
878,2916,2026-09-10,40
878,2916,2026-09-11,40
878,2916,2026-09-12,40
878,2916,2026-09-13,40
878,2916,2026-09-14,40
878,2916,2026-09-15,40
878,2916,2026-09-16,40
878,2916,2026-09-17,40
878,2916,2026-09-18,40
878,2916,2026-09-19,40
878,2916,2026-09-20,40
878,2916,2026-09-21,40
878,2916,2026-09-22,40
878,2916,2026-09-23,40
878,2916,2026-09-24,40
878,2916,2026-09-25,40
878,2916,2026-09-26,40
878,2916,2026-09-27,38
878,2917,2026-08-28,20
878,2917,2026-08-29,20
878,2917,2026-08-30,20
878,2917,2026-08-31,20
878,2917,2026-09-01,20
878,2917,2026-09-02,20
878,2917,2026-09-03,20
878,2917,2026-09-04,20
878,2917,2026-09-05,20
878,2917,2026-09-06,20
878,2917,2026-09-07,20
878,2917,2026-09-08,20
878,2917,2026-09-09,20
878,2917,2026-09-10,20
878,2917,2026-09-11,20
878,2917,2026-09-12,20
878,2917,2026-09-13,20
878,2917,2026-09-14,20
878,2917,2026-09-15,20
878,2917,2026-09-16,20
878,2917,2026-09-17,20
878,2917,2026-09-18,20
878,2917,2026-09-19,20
878,2917,2026-09-20,20
878,2917,2026-09-21,20
878,2917,2026-09-22,20
878,2917,2026-09-23,20
878,2917,2026-09-24,20
878,2917,2026-09-25,20
878,2917,2026-09-26,20
878,2917,2026-09-27,20
878,2908,2026-07-29,20
878,2908,2026-07-30,20
878,2908,2026-07-31,20
878,2908,2026-08-01,20
878,2908,2026-08-02,20
878,2908,2026-08-03,20
878,2908,2026-08-04,20
878,2908,2026-08-05,20
878,2908,2026-08-06,20
878,2908,2026-08-07,20
878,2908,2026-08-08,20
878,2908,2026-08-09,20
878,2908,2026-08-10,20
878,2908,2026-08-11,20
878,2908,2026-08-12,20
878,2908,2026-08-13,20
878,2908,2026-08-14,20
878,2908,2026-08-15,20
878,2908,2026-08-16,20
878,2908,2026-08-17,20
878,2908,2026-08-18,20
878,2908,2026-08-19,20
878,2908,2026-08-20,20
878,2908,2026-08-21,20
878,2908,2026-08-22,20
878,2908,2026-08-23,20
878,2908,2026-08-24,20
878,2908,2026-08-25,20
878,2908,2026-08-26,20
878,2908,2026-08-27,20
878,2908,2026-08-28,20
878,2909,2026-07-29,25
878,2909,2026-07-30,25
878,2909,2026-07-31,25
878,2909,2026-08-01,25
878,2909,2026-08-02,25
878,2909,2026-08-03,25
878,2909,2026-08-04,25
878,2909,2026-08-05,25
878,2909,2026-08-06,25
878,2909,2026-08-07,25
878,2909,2026-08-08,25
878,2909,2026-08-09,25
878,2909,2026-08-10,23
878,2909,2026-08-11,25
878,2909,2026-08-12,25
878,2909,2026-08-13,25
878,2909,2026-08-14,25
878,2909,2026-08-15,25
878,2909,2026-08-16,25
878,2909,2026-08-17,25
878,2909,2026-08-18,25
878,2909,2026-08-19,23
878,2909,2026-08-20,25
878,2909,2026-08-21,25
878,2909,2026-08-22,25
878,2909,2026-08-23,25
878,2909,2026-08-24,25
878,2909,2026-08-25,25
878,2909,2026-08-26,25
878,2909,2026-08-27,25
878,2909,2026-08-28,25
878,2910,2026-07-29,20
878,2910,2026-07-30,20
878,2910,2026-07-31,20
878,2910,2026-08-01,20
878,2910,2026-08-02,20
878,2910,2026-08-03,20
878,2910,2026-08-04,20
878,2910,2026-08-05,20
878,2910,2026-08-06,20
878,2910,2026-08-07,20
878,2910,2026-08-08,20
878,2910,2026-08-09,20
878,2910,2026-08-10,20
878,2910,2026-08-11,20
878,2910,2026-08-12,20
878,2910,2026-08-13,20
878,2910,2026-08-14,20
878,2910,2026-08-15,20
878,2910,2026-08-16,20
878,2910,2026-08-17,20
878,2910,2026-08-18,20
878,2910,2026-08-19,20
878,2910,2026-08-20,20
878,2910,2026-08-21,20
878,2910,2026-08-22,19
878,2910,2026-08-23,20
878,2910,2026-08-24,20
878,2910,2026-08-25,20
878,2910,2026-08-26,20
878,2910,2026-08-27,20
878,2910,2026-08-28,20
878,2911,2026-07-29,36
878,2911,2026-07-30,36
878,2911,2026-07-31,36
878,2911,2026-08-01,36
878,2911,2026-08-02,36
878,2911,2026-08-03,36
878,2911,2026-08-04,36
878,2911,2026-08-05,36
878,2911,2026-08-06,36
878,2911,2026-08-07,36
878,2911,2026-08-08,34
878,2911,2026-08-09,36
878,2911,2026-08-10,36
878,2911,2026-08-11,36
878,2911,2026-08-12,36
878,2911,2026-08-13,36
878,2911,2026-08-14,36
878,2911,2026-08-15,36
878,2911,2026-08-16,36
878,2911,2026-08-17,34
878,2911,2026-08-18,36
878,2911,2026-08-19,36
878,2911,2026-08-20,35
878,2911,2026-08-21,36
878,2911,2026-08-22,36
878,2911,2026-08-23,36
878,2911,2026-08-24,36
878,2911,2026-08-25,36
878,2911,2026-08-26,36
878,2911,2026-08-27,36
878,2911,2026-08-28,36
878,2913,2026-07-29,20
878,2913,2026-07-30,20
878,2913,2026-07-31,20
878,2913,2026-08-01,20
878,2913,2026-08-02,20
878,2913,2026-08-03,20
878,2913,2026-08-04,20
878,2913,2026-08-05,20
878,2913,2026-08-06,20
878,2913,2026-08-07,20
878,2913,2026-08-08,20
878,2913,2026-08-09,20
878,2913,2026-08-10,20
878,2913,2026-08-11,20
878,2913,2026-08-12,20
878,2913,2026-08-13,20
878,2913,2026-08-14,20
878,2913,2026-08-15,20
878,2913,2026-08-16,20
878,2913,2026-08-17,20
878,2913,2026-08-18,20
878,2913,2026-08-19,20
878,2913,2026-08-20,20
878,2913,2026-08-21,20
878,2913,2026-08-22,20
878,2913,2026-08-23,19
878,2913,2026-08-24,20
878,2913,2026-08-25,20
878,2913,2026-08-26,20
878,2913,2026-08-27,20
878,2913,2026-08-28,20
878,2914,2026-07-29,28
878,2914,2026-07-30,28
878,2914,2026-07-31,28
878,2914,2026-08-01,28
878,2914,2026-08-02,28
878,2914,2026-08-03,28
878,2914,2026-08-04,28
878,2914,2026-08-05,28
878,2914,2026-08-06,28
878,2914,2026-08-07,28
878,2914,2026-08-08,28
878,2914,2026-08-09,26
878,2914,2026-08-10,28
878,2914,2026-08-11,28
878,2914,2026-08-12,28
878,2914,2026-08-13,28
878,2914,2026-08-14,28
878,2914,2026-08-15,28
878,2914,2026-08-16,28
878,2914,2026-08-17,28
878,2914,2026-08-18,26
878,2914,2026-08-19,28
878,2914,2026-08-20,28
878,2914,2026-08-21,28
878,2914,2026-08-22,28
878,2914,2026-08-23,28
878,2914,2026-08-24,28
878,2914,2026-08-25,28
878,2914,2026-08-26,28
878,2914,2026-08-27,28
878,2914,2026-08-28,28
878,2916,2026-07-29,40
878,2916,2026-07-30,40
878,2916,2026-07-31,40
878,2916,2026-08-01,40
878,2916,2026-08-02,40
878,2916,2026-08-03,40
878,2916,2026-08-04,40
878,2916,2026-08-05,40
878,2916,2026-08-06,40
878,2916,2026-08-07,40
878,2916,2026-08-08,40
878,2916,2026-08-09,40
878,2916,2026-08-10,38
878,2916,2026-08-11,40
878,2916,2026-08-12,40
878,2916,2026-08-13,40
878,2916,2026-08-14,40
878,2916,2026-08-15,40
878,2916,2026-08-16,40
878,2916,2026-08-17,40
878,2916,2026-08-18,40
878,2916,2026-08-19,40
878,2916,2026-08-20,40
878,2916,2026-08-21,40
878,2916,2026-08-22,40
878,2916,2026-08-23,40
878,2916,2026-08-24,40
878,2916,2026-08-25,40
878,2916,2026-08-26,40
878,2916,2026-08-27,40
878,2916,2026-08-28,40
878,2917,2026-07-29,20
878,2917,2026-07-30,20
878,2917,2026-07-31,20
878,2917,2026-08-01,20
878,2917,2026-08-02,20
878,2917,2026-08-03,20
878,2917,2026-08-04,20
878,2917,2026-08-05,20
878,2917,2026-08-06,20
878,2917,2026-08-07,20
878,2917,2026-08-08,20
878,2917,2026-08-09,20
878,2917,2026-08-10,20
878,2917,2026-08-11,20
878,2917,2026-08-12,20
878,2917,2026-08-13,20
878,2917,2026-08-14,20
878,2917,2026-08-15,20
878,2917,2026-08-16,20
878,2917,2026-08-17,20
878,2917,2026-08-18,20
878,2917,2026-08-19,20
878,2917,2026-08-20,20
878,2917,2026-08-21,19
878,2917,2026-08-22,20
878,2917,2026-08-23,20
878,2917,2026-08-24,20
878,2917,2026-08-25,20
878,2917,2026-08-26,20
878,2917,2026-08-27,20
878,2917,2026-08-28,20
878,2908,2026-06-29,20
878,2908,2026-06-30,20
878,2908,2026-07-01,20
878,2908,2026-07-02,20
878,2908,2026-07-03,20
878,2908,2026-07-04,20
878,2908,2026-07-05,20
878,2908,2026-07-06,20
878,2908,2026-07-07,20
878,2908,2026-07-08,20
878,2908,2026-07-09,20
878,2908,2026-07-10,20
878,2908,2026-07-11,20
878,2908,2026-07-12,20
878,2908,2026-07-13,20
878,2908,2026-07-14,20
878,2908,2026-07-15,20
878,2908,2026-07-16,20
878,2908,2026-07-17,20
878,2908,2026-07-18,20
878,2908,2026-07-19,20
878,2908,2026-07-20,20
878,2908,2026-07-21,20
878,2908,2026-07-22,20
878,2908,2026-07-23,20
878,2908,2026-07-24,20
878,2908,2026-07-25,20
878,2908,2026-07-26,20
878,2908,2026-07-27,20
878,2908,2026-07-28,20
878,2908,2026-07-29,20
878,2909,2026-06-29,25
878,2909,2026-06-30,25
878,2909,2026-07-01,25
878,2909,2026-07-02,25
878,2909,2026-07-03,25
878,2909,2026-07-04,25
878,2909,2026-07-05,25
878,2909,2026-07-06,25
878,2909,2026-07-07,25
878,2909,2026-07-08,25
878,2909,2026-07-09,25
878,2909,2026-07-10,21
878,2909,2026-07-11,25
878,2909,2026-07-12,25
878,2909,2026-07-13,25
878,2909,2026-07-14,25
878,2909,2026-07-15,25
878,2909,2026-07-16,25
878,2909,2026-07-17,25
878,2909,2026-07-18,25
878,2909,2026-07-19,25
878,2909,2026-07-20,25
878,2909,2026-07-21,25
878,2909,2026-07-22,25
878,2909,2026-07-23,25
878,2909,2026-07-24,25
878,2909,2026-07-25,25
878,2909,2026-07-26,25
878,2909,2026-07-27,25
878,2909,2026-07-28,25
878,2909,2026-07-29,25
878,2910,2026-06-29,20
878,2910,2026-06-30,20
878,2910,2026-07-01,20
878,2910,2026-07-02,20
878,2910,2026-07-03,20
878,2910,2026-07-04,20
878,2910,2026-07-05,19
878,2910,2026-07-06,20
878,2910,2026-07-07,20
878,2910,2026-07-08,20
878,2910,2026-07-09,20
878,2910,2026-07-10,20
878,2910,2026-07-11,20
878,2910,2026-07-12,20
878,2910,2026-07-13,20
878,2910,2026-07-14,20
878,2910,2026-07-15,20
878,2910,2026-07-16,20
878,2910,2026-07-17,20
878,2910,2026-07-18,20
878,2910,2026-07-19,20
878,2910,2026-07-20,20
878,2910,2026-07-21,20
878,2910,2026-07-22,20
878,2910,2026-07-23,20
878,2910,2026-07-24,20
878,2910,2026-07-25,20
878,2910,2026-07-26,20
878,2910,2026-07-27,20
878,2910,2026-07-28,20
878,2910,2026-07-29,20
878,2911,2026-06-29,36
878,2911,2026-06-30,36
878,2911,2026-07-01,36
878,2911,2026-07-02,36
878,2911,2026-07-03,36
878,2911,2026-07-04,35
878,2911,2026-07-05,36
878,2911,2026-07-06,36
878,2911,2026-07-07,36
878,2911,2026-07-08,36
878,2911,2026-07-09,32
878,2911,2026-07-10,36
878,2911,2026-07-11,36
878,2911,2026-07-12,36
878,2911,2026-07-13,36
878,2911,2026-07-14,36
878,2911,2026-07-15,36
878,2911,2026-07-16,36
878,2911,2026-07-17,36
878,2911,2026-07-18,36
878,2911,2026-07-19,36
878,2911,2026-07-20,36
878,2911,2026-07-21,36
878,2911,2026-07-22,36
878,2911,2026-07-23,36
878,2911,2026-07-24,36
878,2911,2026-07-25,36
878,2911,2026-07-26,36
878,2911,2026-07-27,36
878,2911,2026-07-28,36
878,2911,2026-07-29,36
878,2913,2026-06-29,20
878,2913,2026-06-30,20
878,2913,2026-07-01,20
878,2913,2026-07-02,20
878,2913,2026-07-03,20
878,2913,2026-07-04,20
878,2913,2026-07-05,20
878,2913,2026-07-06,20
878,2913,2026-07-07,20
878,2913,2026-07-08,20
878,2913,2026-07-09,20
878,2913,2026-07-10,20
878,2913,2026-07-11,20
878,2913,2026-07-12,20
878,2913,2026-07-13,20
878,2913,2026-07-14,20
878,2913,2026-07-15,20
878,2913,2026-07-16,20
878,2913,2026-07-17,20
878,2913,2026-07-18,20
878,2913,2026-07-19,20
878,2913,2026-07-20,20
878,2913,2026-07-21,20
878,2913,2026-07-22,20
878,2913,2026-07-23,20
878,2913,2026-07-24,20
878,2913,2026-07-25,20
878,2913,2026-07-26,20
878,2913,2026-07-27,20
878,2913,2026-07-28,20
878,2913,2026-07-29,20
878,2914,2026-06-29,28
878,2914,2026-06-30,28
878,2914,2026-07-01,28
878,2914,2026-07-02,28
878,2914,2026-07-03,28
878,2914,2026-07-04,28
878,2914,2026-07-05,28
878,2914,2026-07-06,28
878,2914,2026-07-07,28
878,2914,2026-07-08,28
878,2914,2026-07-09,28
878,2914,2026-07-10,26
878,2914,2026-07-11,28
878,2914,2026-07-12,28
878,2914,2026-07-13,28
878,2914,2026-07-14,28
878,2914,2026-07-15,28
878,2914,2026-07-16,28
878,2914,2026-07-17,28
878,2914,2026-07-18,28
878,2914,2026-07-19,28
878,2914,2026-07-20,28
878,2914,2026-07-21,28
878,2914,2026-07-22,28
878,2914,2026-07-23,28
878,2914,2026-07-24,28
878,2914,2026-07-25,25
878,2914,2026-07-26,28
878,2914,2026-07-27,28
878,2914,2026-07-28,28
878,2914,2026-07-29,28
878,2916,2026-06-29,40
878,2916,2026-06-30,40
878,2916,2026-07-01,40
878,2916,2026-07-02,40
878,2916,2026-07-03,40
878,2916,2026-07-04,40
878,2916,2026-07-05,40
878,2916,2026-07-06,40
878,2916,2026-07-07,40
878,2916,2026-07-08,40
878,2916,2026-07-09,40
878,2916,2026-07-10,40
878,2916,2026-07-11,38
878,2916,2026-07-12,40
878,2916,2026-07-13,40
878,2916,2026-07-14,40
878,2916,2026-07-15,40
878,2916,2026-07-16,40
878,2916,2026-07-17,40
878,2916,2026-07-18,40
878,2916,2026-07-19,40
878,2916,2026-07-20,40
878,2916,2026-07-21,40
878,2916,2026-07-22,40
878,2916,2026-07-23,40
878,2916,2026-07-24,40
878,2916,2026-07-25,40
878,2916,2026-07-26,40
878,2916,2026-07-27,40
878,2916,2026-07-28,40
878,2916,2026-07-29,40
878,2917,2026-06-29,20
878,2917,2026-06-30,20
878,2917,2026-07-01,20
878,2917,2026-07-02,20
878,2917,2026-07-03,20
878,2917,2026-07-04,20
878,2917,2026-07-05,20
878,2917,2026-07-06,20
878,2917,2026-07-07,20
878,2917,2026-07-08,20
878,2917,2026-07-09,20
878,2917,2026-07-10,20
878,2917,2026-07-11,20
878,2917,2026-07-12,20
878,2917,2026-07-13,20
878,2917,2026-07-14,20
878,2917,2026-07-15,20
878,2917,2026-07-16,20
878,2917,2026-07-17,20
878,2917,2026-07-18,20
878,2917,2026-07-19,20
878,2917,2026-07-20,20
878,2917,2026-07-21,20
878,2917,2026-07-22,20
878,2917,2026-07-23,20
878,2917,2026-07-24,20
878,2917,2026-07-25,20
878,2917,2026-07-26,20
878,2917,2026-07-27,20
878,2917,2026-07-28,20
878,2917,2026-07-29,20
878,2908,2026-09-27,20
878,2908,2026-09-28,20
878,2908,2026-09-29,20
878,2908,2026-09-30,20
878,2908,2026-10-01,20
878,2908,2026-10-02,18
878,2908,2026-10-03,20
878,2908,2026-10-04,20
878,2908,2026-10-05,20
878,2908,2026-10-06,20
878,2908,2026-10-07,20
878,2908,2026-10-08,20
878,2908,2026-10-09,20
878,2908,2026-10-10,20
878,2908,2026-10-11,20
878,2908,2026-10-12,18
878,2908,2026-10-13,20
878,2908,2026-10-14,20
878,2908,2026-10-15,20
878,2908,2026-10-16,20
878,2908,2026-10-17,18
878,2908,2026-10-18,20
878,2908,2026-10-19,20
878,2908,2026-10-20,20
878,2908,2026-10-21,20
878,2908,2026-10-22,20
878,2908,2026-10-23,20
878,2908,2026-10-24,14
878,2908,2026-10-25,20
878,2908,2026-10-26,20
878,2908,2026-10-27,20
878,2909,2026-09-27,25
878,2909,2026-09-28,25
878,2909,2026-09-29,25
878,2909,2026-09-30,21
878,2909,2026-10-01,25
878,2909,2026-10-02,25
878,2909,2026-10-03,20
878,2909,2026-10-04,15
878,2909,2026-10-05,23
878,2909,2026-10-06,25
878,2909,2026-10-07,25
878,2909,2026-10-08,11
878,2909,2026-10-09,25
878,2909,2026-10-10,25
878,2909,2026-10-11,25
878,2909,2026-10-12,25
878,2909,2026-10-13,25
878,2909,2026-10-14,25
878,2909,2026-10-15,25
878,2909,2026-10-16,25
878,2909,2026-10-17,25
878,2909,2026-10-18,25
878,2909,2026-10-19,25
878,2909,2026-10-20,25
878,2909,2026-10-21,25
878,2909,2026-10-22,25
878,2909,2026-10-23,21
878,2909,2026-10-24,13
878,2909,2026-10-25,0
878,2909,2026-10-26,9
878,2909,2026-10-27,25
878,2910,2026-09-27,20
878,2910,2026-09-28,20
878,2910,2026-09-29,20
878,2910,2026-09-30,20
878,2910,2026-10-01,20
878,2910,2026-10-02,20
878,2910,2026-10-03,20
878,2910,2026-10-04,20
878,2910,2026-10-05,20
878,2910,2026-10-06,20
878,2910,2026-10-07,20
878,2910,2026-10-08,18
878,2910,2026-10-09,20
878,2910,2026-10-10,20
878,2910,2026-10-11,20
878,2910,2026-10-12,20
878,2910,2026-10-13,20
878,2910,2026-10-14,20
878,2910,2026-10-15,20
878,2910,2026-10-16,20
878,2910,2026-10-17,20
878,2910,2026-10-18,20
878,2910,2026-10-19,20
878,2910,2026-10-20,20
878,2910,2026-10-21,20
878,2910,2026-10-22,20
878,2910,2026-10-23,20
878,2910,2026-10-24,20
878,2910,2026-10-25,16
878,2910,2026-10-26,20
878,2910,2026-10-27,20
878,2911,2026-09-27,36
878,2911,2026-09-28,32
878,2911,2026-09-29,36
878,2911,2026-09-30,36
878,2911,2026-10-01,31
878,2911,2026-10-02,28
878,2911,2026-10-03,32
878,2911,2026-10-04,25
878,2911,2026-10-05,34
878,2911,2026-10-06,36
878,2911,2026-10-07,36
878,2911,2026-10-08,27
878,2911,2026-10-09,33
878,2911,2026-10-10,22
878,2911,2026-10-11,36
878,2911,2026-10-12,36
878,2911,2026-10-13,34
878,2911,2026-10-14,36
878,2911,2026-10-15,36
878,2911,2026-10-16,34
878,2911,2026-10-17,36
878,2911,2026-10-18,35
878,2911,2026-10-19,36
878,2911,2026-10-20,36
878,2911,2026-10-21,36
878,2911,2026-10-22,33
878,2911,2026-10-23,17
878,2911,2026-10-24,12
878,2911,2026-10-25,25
878,2911,2026-10-26,36
878,2911,2026-10-27,34
878,2913,2026-09-27,18
878,2913,2026-09-28,20
878,2913,2026-09-29,20
878,2913,2026-09-30,20
878,2913,2026-10-01,18
878,2913,2026-10-02,20
878,2913,2026-10-03,20
878,2913,2026-10-04,20
878,2913,2026-10-05,20
878,2913,2026-10-06,20
878,2913,2026-10-07,20
878,2913,2026-10-08,20
878,2913,2026-10-09,20
878,2913,2026-10-10,20
878,2913,2026-10-11,18
878,2913,2026-10-12,20
878,2913,2026-10-13,20
878,2913,2026-10-14,20
878,2913,2026-10-15,20
878,2913,2026-10-16,20
878,2913,2026-10-17,20
878,2913,2026-10-18,20
878,2913,2026-10-19,20
878,2913,2026-10-20,20
878,2913,2026-10-21,20
878,2913,2026-10-22,20
878,2913,2026-10-23,20
878,2913,2026-10-24,20
878,2913,2026-10-25,18
878,2913,2026-10-26,16
878,2913,2026-10-27,20
878,2914,2026-09-27,28
878,2914,2026-09-28,28
878,2914,2026-09-29,24
878,2914,2026-09-30,28
878,2914,2026-10-01,28
878,2914,2026-10-02,23
878,2914,2026-10-03,9
878,2914,2026-10-04,26
878,2914,2026-10-05,28
878,2914,2026-10-06,26
878,2914,2026-10-07,28
878,2914,2026-10-08,25
878,2914,2026-10-09,19
878,2914,2026-10-10,28
878,2914,2026-10-11,28
878,2914,2026-10-12,28
878,2914,2026-10-13,28
878,2914,2026-10-14,28
878,2914,2026-10-15,28
878,2914,2026-10-16,18
878,2914,2026-10-17,28
878,2914,2026-10-18,28
878,2914,2026-10-19,27
878,2914,2026-10-20,28
878,2914,2026-10-21,28
878,2914,2026-10-22,28
878,2914,2026-10-23,9
878,2914,2026-10-24,1
878,2914,2026-10-25,2
878,2914,2026-10-26,28
878,2914,2026-10-27,28
878,2916,2026-09-27,38
878,2916,2026-09-28,40
878,2916,2026-09-29,40
878,2916,2026-09-30,40
878,2916,2026-10-01,36
878,2916,2026-10-02,29
878,2916,2026-10-03,40
878,2916,2026-10-04,40
878,2916,2026-10-05,40
878,2916,2026-10-06,40
878,2916,2026-10-07,35
878,2916,2026-10-08,40
878,2916,2026-10-09,40
878,2916,2026-10-10,31
878,2916,2026-10-11,40
878,2916,2026-10-12,40
878,2916,2026-10-13,40
878,2916,2026-10-14,40
878,2916,2026-10-15,40
878,2916,2026-10-16,40
878,2916,2026-10-17,30
878,2916,2026-10-18,38
878,2916,2026-10-19,40
878,2916,2026-10-20,38
878,2916,2026-10-21,40
878,2916,2026-10-22,40
878,2916,2026-10-23,40
878,2916,2026-10-24,23
878,2916,2026-10-25,33
878,2916,2026-10-26,32
878,2916,2026-10-27,40
878,2917,2026-09-27,20
878,2917,2026-09-28,20
878,2917,2026-09-29,20
878,2917,2026-09-30,20
878,2917,2026-10-01,20
878,2917,2026-10-02,20
878,2917,2026-10-03,20
878,2917,2026-10-04,20
878,2917,2026-10-05,20
878,2917,2026-10-06,20
878,2917,2026-10-07,20
878,2917,2026-10-08,20
878,2917,2026-10-09,4
878,2917,2026-10-10,20
878,2917,2026-10-11,20
878,2917,2026-10-12,20
878,2917,2026-10-13,20
878,2917,2026-10-14,20
878,2917,2026-10-15,20
878,2917,2026-10-16,20
878,2917,2026-10-17,20
878,2917,2026-10-18,20
878,2917,2026-10-19,20
878,2917,2026-10-20,20
878,2917,2026-10-21,20
878,2917,2026-10-22,20
878,2917,2026-10-23,20
878,2917,2026-10-24,20
878,2917,2026-10-25,20
878,2917,2026-10-26,20
878,2917,2026-10-27,20
878,2908,2026-05-30,20
878,2908,2026-05-31,20
878,2908,2026-06-01,20
878,2908,2026-06-02,20
878,2908,2026-06-03,20
878,2908,2026-06-04,20
878,2908,2026-06-05,20
878,2908,2026-06-06,20
878,2908,2026-06-07,20
878,2908,2026-06-08,20
878,2908,2026-06-09,20
878,2908,2026-06-10,20
878,2908,2026-06-11,20
878,2908,2026-06-12,20
878,2908,2026-06-13,20
878,2908,2026-06-14,20
878,2908,2026-06-15,20
878,2908,2026-06-16,20
878,2908,2026-06-17,20
878,2908,2026-06-18,20
878,2908,2026-06-19,20
878,2908,2026-06-20,20
878,2908,2026-06-21,20
878,2908,2026-06-22,20
878,2908,2026-06-23,20
878,2908,2026-06-24,20
878,2908,2026-06-25,20
878,2908,2026-06-26,20
878,2908,2026-06-27,20
878,2908,2026-06-28,20
878,2908,2026-06-29,20
878,2909,2026-05-30,25
878,2909,2026-05-31,25
878,2909,2026-06-01,18
878,2909,2026-06-02,18
878,2909,2026-06-03,25
878,2909,2026-06-04,25
878,2909,2026-06-05,23
878,2909,2026-06-06,25
878,2909,2026-06-07,25
878,2909,2026-06-08,25
878,2909,2026-06-09,25
878,2909,2026-06-10,25
878,2909,2026-06-11,25
878,2909,2026-06-12,25
878,2909,2026-06-13,12
878,2909,2026-06-14,25
878,2909,2026-06-15,25
878,2909,2026-06-16,25
878,2909,2026-06-17,21
878,2909,2026-06-18,25
878,2909,2026-06-19,25
878,2909,2026-06-20,25
878,2909,2026-06-21,22
878,2909,2026-06-22,25
878,2909,2026-06-23,25
878,2909,2026-06-24,25
878,2909,2026-06-25,25
878,2909,2026-06-26,25
878,2909,2026-06-27,25
878,2909,2026-06-28,25
878,2909,2026-06-29,25
878,2910,2026-05-30,20
878,2910,2026-05-31,20
878,2910,2026-06-01,20
878,2910,2026-06-02,20
878,2910,2026-06-03,20
878,2910,2026-06-04,20
878,2910,2026-06-05,20
878,2910,2026-06-06,20
878,2910,2026-06-07,20
878,2910,2026-06-08,20
878,2910,2026-06-09,20
878,2910,2026-06-10,20
878,2910,2026-06-11,20
878,2910,2026-06-12,20
878,2910,2026-06-13,20
878,2910,2026-06-14,20
878,2910,2026-06-15,20
878,2910,2026-06-16,20
878,2910,2026-06-17,20
878,2910,2026-06-18,20
878,2910,2026-06-19,20
878,2910,2026-06-20,20
878,2910,2026-06-21,20
878,2910,2026-06-22,20
878,2910,2026-06-23,20
878,2910,2026-06-24,20
878,2910,2026-06-25,20
878,2910,2026-06-26,20
878,2910,2026-06-27,20
878,2910,2026-06-28,20
878,2910,2026-06-29,20
878,2911,2026-05-30,36
878,2911,2026-05-31,36
878,2911,2026-06-01,36
878,2911,2026-06-02,36
878,2911,2026-06-03,36
878,2911,2026-06-04,34
878,2911,2026-06-05,36
878,2911,2026-06-06,36
878,2911,2026-06-07,36
878,2911,2026-06-08,36
878,2911,2026-06-09,36
878,2911,2026-06-10,36
878,2911,2026-06-11,23
878,2911,2026-06-12,36
878,2911,2026-06-13,36
878,2911,2026-06-14,36
878,2911,2026-06-15,36
878,2911,2026-06-16,36
878,2911,2026-06-17,36
878,2911,2026-06-18,36
878,2911,2026-06-19,33
878,2911,2026-06-20,36
878,2911,2026-06-21,36
878,2911,2026-06-22,36
878,2911,2026-06-23,36
878,2911,2026-06-24,36
878,2911,2026-06-25,36
878,2911,2026-06-26,36
878,2911,2026-06-27,36
878,2911,2026-06-28,36
878,2911,2026-06-29,36
878,2913,2026-05-30,20
878,2913,2026-05-31,20
878,2913,2026-06-01,20
878,2913,2026-06-02,20
878,2913,2026-06-03,20
878,2913,2026-06-04,20
878,2913,2026-06-05,20
878,2913,2026-06-06,20
878,2913,2026-06-07,20
878,2913,2026-06-08,20
878,2913,2026-06-09,20
878,2913,2026-06-10,20
878,2913,2026-06-11,20
878,2913,2026-06-12,20
878,2913,2026-06-13,20
878,2913,2026-06-14,20
878,2913,2026-06-15,20
878,2913,2026-06-16,20
878,2913,2026-06-17,20
878,2913,2026-06-18,20
878,2913,2026-06-19,20
878,2913,2026-06-20,20
878,2913,2026-06-21,20
878,2913,2026-06-22,20
878,2913,2026-06-23,20
878,2913,2026-06-24,20
878,2913,2026-06-25,20
878,2913,2026-06-26,20
878,2913,2026-06-27,20
878,2913,2026-06-28,20
878,2913,2026-06-29,20
878,2914,2026-05-30,28
878,2914,2026-05-31,28
878,2914,2026-06-01,28
878,2914,2026-06-02,28
878,2914,2026-06-03,28
878,2914,2026-06-04,28
878,2914,2026-06-05,28
878,2914,2026-06-06,28
878,2914,2026-06-07,28
878,2914,2026-06-08,28
878,2914,2026-06-09,28
878,2914,2026-06-10,28
878,2914,2026-06-11,28
878,2914,2026-06-12,15
878,2914,2026-06-13,28
878,2914,2026-06-14,28
878,2914,2026-06-15,28
878,2914,2026-06-16,28
878,2914,2026-06-17,28
878,2914,2026-06-18,28
878,2914,2026-06-19,28
878,2914,2026-06-20,25
878,2914,2026-06-21,28
878,2914,2026-06-22,28
878,2914,2026-06-23,28
878,2914,2026-06-24,28
878,2914,2026-06-25,28
878,2914,2026-06-26,28
878,2914,2026-06-27,28
878,2914,2026-06-28,28
878,2914,2026-06-29,28
878,2916,2026-05-30,40
878,2916,2026-05-31,40
878,2916,2026-06-01,40
878,2916,2026-06-02,40
878,2916,2026-06-03,40
878,2916,2026-06-04,40
878,2916,2026-06-05,40
878,2916,2026-06-06,38
878,2916,2026-06-07,40
878,2916,2026-06-08,40
878,2916,2026-06-09,40
878,2916,2026-06-10,40
878,2916,2026-06-11,40
878,2916,2026-06-12,40
878,2916,2026-06-13,40
878,2916,2026-06-14,27
878,2916,2026-06-15,40
878,2916,2026-06-16,40
878,2916,2026-06-17,40
878,2916,2026-06-18,36
878,2916,2026-06-19,40
878,2916,2026-06-20,40
878,2916,2026-06-21,40
878,2916,2026-06-22,40
878,2916,2026-06-23,40
878,2916,2026-06-24,40
878,2916,2026-06-25,40
878,2916,2026-06-26,40
878,2916,2026-06-27,40
878,2916,2026-06-28,40
878,2916,2026-06-29,40
878,2917,2026-05-30,20
878,2917,2026-05-31,20
878,2917,2026-06-01,20
878,2917,2026-06-02,20
878,2917,2026-06-03,20
878,2917,2026-06-04,20
878,2917,2026-06-05,20
878,2917,2026-06-06,20
878,2917,2026-06-07,20
878,2917,2026-06-08,20
878,2917,2026-06-09,20
878,2917,2026-06-10,20
878,2917,2026-06-11,20
878,2917,2026-06-12,20
878,2917,2026-06-13,20
878,2917,2026-06-14,20
878,2917,2026-06-15,20
878,2917,2026-06-16,20
878,2917,2026-06-17,20
878,2917,2026-06-18,20
878,2917,2026-06-19,20
878,2917,2026-06-20,20
878,2917,2026-06-21,20
878,2917,2026-06-22,20
878,2917,2026-06-23,20
878,2917,2026-06-24,20
878,2917,2026-06-25,20
878,2917,2026-06-26,20
878,2917,2026-06-27,20
878,2917,2026-06-28,20
878,2917,2026-06-29,20
878,2908,2026-10-27,20
878,2908,2026-10-28,20
878,2908,2026-10-29,20
878,2908,2026-10-30,20
878,2908,2026-10-31,20
878,2908,2026-11-01,20
878,2908,2026-11-02,20
878,2908,2026-11-03,20
878,2908,2026-11-04,20
878,2908,2026-11-05,20
878,2908,2026-11-06,20
878,2908,2026-11-07,20
878,2908,2026-11-08,20
878,2908,2026-11-09,20
878,2908,2026-11-10,20
878,2908,2026-11-11,20
878,2908,2026-11-12,20
878,2908,2026-11-13,20
878,2908,2026-11-14,20
878,2908,2026-11-15,20
878,2908,2026-11-16,20
878,2908,2026-11-17,20
878,2908,2026-11-18,20
878,2908,2026-11-19,20
878,2908,2026-11-20,20
878,2908,2026-11-21,20
878,2908,2026-11-22,20
878,2908,2026-11-23,20
878,2908,2026-11-24,20
878,2908,2026-11-25,20
878,2908,2026-11-26,20
878,2909,2026-10-27,25
878,2909,2026-10-28,25
878,2909,2026-10-29,23
878,2909,2026-10-30,20
878,2909,2026-10-31,16
878,2909,2026-11-01,23
878,2909,2026-11-02,25
878,2909,2026-11-03,25
878,2909,2026-11-04,25
878,2909,2026-11-05,23
878,2909,2026-11-06,12
878,2909,2026-11-07,25
878,2909,2026-11-08,25
878,2909,2026-11-09,20
878,2909,2026-11-10,23
878,2909,2026-11-11,25
878,2909,2026-11-12,25
878,2909,2026-11-13,23
878,2909,2026-11-14,19
878,2909,2026-11-15,8
878,2909,2026-11-16,19
878,2909,2026-11-17,23
878,2909,2026-11-18,25
878,2909,2026-11-19,25
878,2909,2026-11-20,13
878,2909,2026-11-21,8
878,2909,2026-11-22,11
878,2909,2026-11-23,25
878,2909,2026-11-24,25
878,2909,2026-11-25,17
878,2909,2026-11-26,25
878,2910,2026-10-27,20
878,2910,2026-10-28,20
878,2910,2026-10-29,20
878,2910,2026-10-30,20
878,2910,2026-10-31,20
878,2910,2026-11-01,20
878,2910,2026-11-02,20
878,2910,2026-11-03,20
878,2910,2026-11-04,20
878,2910,2026-11-05,20
878,2910,2026-11-06,20
878,2910,2026-11-07,20
878,2910,2026-11-08,20
878,2910,2026-11-09,20
878,2910,2026-11-10,20
878,2910,2026-11-11,20
878,2910,2026-11-12,20
878,2910,2026-11-13,20
878,2910,2026-11-14,20
878,2910,2026-11-15,20
878,2910,2026-11-16,20
878,2910,2026-11-17,20
878,2910,2026-11-18,20
878,2910,2026-11-19,18
878,2910,2026-11-20,20
878,2910,2026-11-21,20
878,2910,2026-11-22,20
878,2910,2026-11-23,20
878,2910,2026-11-24,20
878,2910,2026-11-25,20
878,2910,2026-11-26,11
878,2911,2026-10-27,34
878,2911,2026-10-28,29
878,2911,2026-10-29,36
878,2911,2026-10-30,25
878,2911,2026-10-31,36
878,2911,2026-11-01,31
878,2911,2026-11-02,36
878,2911,2026-11-03,34
878,2911,2026-11-04,34
878,2911,2026-11-05,27
878,2911,2026-11-06,36
878,2911,2026-11-07,28
878,2911,2026-11-08,34
878,2911,2026-11-09,36
878,2911,2026-11-10,36
878,2911,2026-11-11,22
878,2911,2026-11-12,28
878,2911,2026-11-13,13
878,2911,2026-11-14,27
878,2911,2026-11-15,32
878,2911,2026-11-16,32
878,2911,2026-11-17,36
878,2911,2026-11-18,34
878,2911,2026-11-19,13
878,2911,2026-11-20,18
878,2911,2026-11-21,34
878,2911,2026-11-22,36
878,2911,2026-11-23,21
878,2911,2026-11-24,36
878,2911,2026-11-25,23
878,2911,2026-11-26,34
878,2913,2026-10-27,20
878,2913,2026-10-28,20
878,2913,2026-10-29,20
878,2913,2026-10-30,20
878,2913,2026-10-31,20
878,2913,2026-11-01,20
878,2913,2026-11-02,20
878,2913,2026-11-03,20
878,2913,2026-11-04,20
878,2913,2026-11-05,20
878,2913,2026-11-06,20
878,2913,2026-11-07,20
878,2913,2026-11-08,18
878,2913,2026-11-09,20
878,2913,2026-11-10,20
878,2913,2026-11-11,20
878,2913,2026-11-12,18
878,2913,2026-11-13,20
878,2913,2026-11-14,20
878,2913,2026-11-15,20
878,2913,2026-11-16,20
878,2913,2026-11-17,20
878,2913,2026-11-18,20
878,2913,2026-11-19,20
878,2913,2026-11-20,18
878,2913,2026-11-21,20
878,2913,2026-11-22,20
878,2913,2026-11-23,20
878,2913,2026-11-24,20
878,2913,2026-11-25,20
878,2913,2026-11-26,20
878,2914,2026-10-27,28
878,2914,2026-10-28,22
878,2914,2026-10-29,21
878,2914,2026-10-30,28
878,2914,2026-10-31,26
878,2914,2026-11-01,26
878,2914,2026-11-02,23
878,2914,2026-11-03,28
878,2914,2026-11-04,26
878,2914,2026-11-05,26
878,2914,2026-11-06,22
878,2914,2026-11-07,22
878,2914,2026-11-08,28
878,2914,2026-11-09,24
878,2914,2026-11-10,23
878,2914,2026-11-11,28
878,2914,2026-11-12,19
878,2914,2026-11-13,18
878,2914,2026-11-14,1
878,2914,2026-11-15,14
878,2914,2026-11-16,28
878,2914,2026-11-17,26
878,2914,2026-11-18,28
878,2914,2026-11-19,26
878,2914,2026-11-20,9
878,2914,2026-11-21,4
878,2914,2026-11-22,25
878,2914,2026-11-23,28
878,2914,2026-11-24,15
878,2914,2026-11-25,28
878,2914,2026-11-26,15
878,2916,2026-10-27,40
878,2916,2026-10-28,40
878,2916,2026-10-29,36
878,2916,2026-10-30,38
878,2916,2026-10-31,38
878,2916,2026-11-01,40
878,2916,2026-11-02,40
878,2916,2026-11-03,35
878,2916,2026-11-04,40
878,2916,2026-11-05,34
878,2916,2026-11-06,38
878,2916,2026-11-07,40
878,2916,2026-11-08,34
878,2916,2026-11-09,40
878,2916,2026-11-10,38
878,2916,2026-11-11,40
878,2916,2026-11-12,40
878,2916,2026-11-13,27
878,2916,2026-11-14,26
878,2916,2026-11-15,31
878,2916,2026-11-16,40
878,2916,2026-11-17,40
878,2916,2026-11-18,38
878,2916,2026-11-19,40
878,2916,2026-11-20,40
878,2916,2026-11-21,33
878,2916,2026-11-22,34
878,2916,2026-11-23,40
878,2916,2026-11-24,40
878,2916,2026-11-25,35
878,2916,2026-11-26,40
878,2917,2026-10-27,20
878,2917,2026-10-28,20
878,2917,2026-10-29,20
878,2917,2026-10-30,20
878,2917,2026-10-31,20
878,2917,2026-11-01,20
878,2917,2026-11-02,20
878,2917,2026-11-03,20
878,2917,2026-11-04,20
878,2917,2026-11-05,20
878,2917,2026-11-06,20
878,2917,2026-11-07,18
878,2917,2026-11-08,20
878,2917,2026-11-09,20
878,2917,2026-11-10,20
878,2917,2026-11-11,18
878,2917,2026-11-12,20
878,2917,2026-11-13,20
878,2917,2026-11-14,20
878,2917,2026-11-15,20
878,2917,2026-11-16,20
878,2917,2026-11-17,20
878,2917,2026-11-18,18
878,2917,2026-11-19,20
878,2917,2026-11-20,20
878,2917,2026-11-21,20
878,2917,2026-11-22,20
878,2917,2026-11-23,20
878,2917,2026-11-24,20
878,2917,2026-11-25,20
878,2917,2026-11-26,20
878,2908,2027-02-24,20
878,2908,2027-02-25,20
878,2908,2027-02-26,20
878,2908,2027-02-27,20
878,2908,2027-02-28,20
878,2908,2027-03-01,20
878,2908,2027-03-02,20
878,2908,2027-03-03,20
878,2908,2027-03-04,20
878,2908,2027-03-05,20
878,2908,2027-03-06,20
878,2908,2027-03-07,20
878,2908,2027-03-08,20
878,2908,2027-03-09,20
878,2908,2027-03-10,20
878,2908,2027-03-11,20
878,2908,2027-03-12,20
878,2908,2027-03-13,20
878,2908,2027-03-14,20
878,2908,2027-03-15,20
878,2908,2027-03-16,20
878,2908,2027-03-17,20
878,2908,2027-03-18,20
878,2908,2027-03-19,20
878,2908,2027-03-20,20
878,2908,2027-03-21,20
878,2908,2027-03-22,20
878,2908,2027-03-23,20
878,2908,2027-03-24,20
878,2908,2027-03-25,20
878,2908,2027-03-26,20
878,2909,2027-02-24,20
878,2909,2027-02-25,19
878,2909,2027-02-26,13
878,2909,2027-02-27,12
878,2909,2027-02-28,10
878,2909,2027-03-01,25
878,2909,2027-03-02,18
878,2909,2027-03-03,19
878,2909,2027-03-04,17
878,2909,2027-03-05,12
878,2909,2027-03-06,21
878,2909,2027-03-07,13
878,2909,2027-03-08,25
878,2909,2027-03-09,20
878,2909,2027-03-10,25
878,2909,2027-03-11,18
878,2909,2027-03-12,25
878,2909,2027-03-13,17
878,2909,2027-03-14,21
878,2909,2027-03-15,25
878,2909,2027-03-16,25
878,2909,2027-03-17,25
878,2909,2027-03-18,21
878,2909,2027-03-19,25
878,2909,2027-03-20,11
878,2909,2027-03-21,9
878,2909,2027-03-22,25
878,2909,2027-03-23,19
878,2909,2027-03-24,25
878,2909,2027-03-25,13
878,2909,2027-03-26,9
878,2910,2027-02-24,20
878,2910,2027-02-25,20
878,2910,2027-02-26,20
878,2910,2027-02-27,20
878,2910,2027-02-28,20
878,2910,2027-03-01,20
878,2910,2027-03-02,20
878,2910,2027-03-03,20
878,2910,2027-03-04,20
878,2910,2027-03-05,20
878,2910,2027-03-06,20
878,2910,2027-03-07,20
878,2910,2027-03-08,20
878,2910,2027-03-09,20
878,2910,2027-03-10,20
878,2910,2027-03-11,20
878,2910,2027-03-12,20
878,2910,2027-03-13,20
878,2910,2027-03-14,20
878,2910,2027-03-15,20
878,2910,2027-03-16,20
878,2910,2027-03-17,20
878,2910,2027-03-18,20
878,2910,2027-03-19,20
878,2910,2027-03-20,20
878,2910,2027-03-21,20
878,2910,2027-03-22,20
878,2910,2027-03-23,20
878,2910,2027-03-24,20
878,2910,2027-03-25,20
878,2910,2027-03-26,20
878,2911,2027-02-24,18
878,2911,2027-02-25,18
878,2911,2027-02-26,20
878,2911,2027-02-27,32
878,2911,2027-02-28,29
878,2911,2027-03-01,28
878,2911,2027-03-02,6
878,2911,2027-03-03,11
878,2911,2027-03-04,34
878,2911,2027-03-05,19
878,2911,2027-03-06,30
878,2911,2027-03-07,33
878,2911,2027-03-08,34
878,2911,2027-03-09,36
878,2911,2027-03-10,36
878,2911,2027-03-11,32
878,2911,2027-03-12,24
878,2911,2027-03-13,21
878,2911,2027-03-14,24
878,2911,2027-03-15,36
878,2911,2027-03-16,32
878,2911,2027-03-17,36
878,2911,2027-03-18,7
878,2911,2027-03-19,17
878,2911,2027-03-20,30
878,2911,2027-03-21,36
878,2911,2027-03-22,32
878,2911,2027-03-23,27
878,2911,2027-03-24,29
878,2911,2027-03-25,10
878,2911,2027-03-26,10
878,2913,2027-02-24,20
878,2913,2027-02-25,20
878,2913,2027-02-26,20
878,2913,2027-02-27,20
878,2913,2027-02-28,20
878,2913,2027-03-01,20
878,2913,2027-03-02,20
878,2913,2027-03-03,20
878,2913,2027-03-04,20
878,2913,2027-03-05,20
878,2913,2027-03-06,20
878,2913,2027-03-07,20
878,2913,2027-03-08,20
878,2913,2027-03-09,20
878,2913,2027-03-10,20
878,2913,2027-03-11,20
878,2913,2027-03-12,20
878,2913,2027-03-13,20
878,2913,2027-03-14,20
878,2913,2027-03-15,20
878,2913,2027-03-16,20
878,2913,2027-03-17,20
878,2913,2027-03-18,20
878,2913,2027-03-19,20
878,2913,2027-03-20,20
878,2913,2027-03-21,20
878,2913,2027-03-22,20
878,2913,2027-03-23,20
878,2913,2027-03-24,20
878,2913,2027-03-25,20
878,2913,2027-03-26,19
878,2914,2027-02-24,19
878,2914,2027-02-25,13
878,2914,2027-02-26,1
878,2914,2027-02-27,13
878,2914,2027-02-28,24
878,2914,2027-03-01,17
878,2914,2027-03-02,20
878,2914,2027-03-03,2
878,2914,2027-03-04,0
878,2914,2027-03-05,24
878,2914,2027-03-06,14
878,2914,2027-03-07,28
878,2914,2027-03-08,25
878,2914,2027-03-09,28
878,2914,2027-03-10,28
878,2914,2027-03-11,28
878,2914,2027-03-12,6
878,2914,2027-03-13,20
878,2914,2027-03-14,28
878,2914,2027-03-15,16
878,2914,2027-03-16,28
878,2914,2027-03-17,24
878,2914,2027-03-18,28
878,2914,2027-03-19,0
878,2914,2027-03-20,2
878,2914,2027-03-21,22
878,2914,2027-03-22,28
878,2914,2027-03-23,24
878,2914,2027-03-24,13
878,2914,2027-03-25,21
878,2914,2027-03-26,1
878,2916,2027-02-24,37
878,2916,2027-02-25,40
878,2916,2027-02-26,40
878,2916,2027-02-27,22
878,2916,2027-02-28,31
878,2916,2027-03-01,36
878,2916,2027-03-02,40
878,2916,2027-03-03,20
878,2916,2027-03-04,12
878,2916,2027-03-05,28
878,2916,2027-03-06,40
878,2916,2027-03-07,32
878,2916,2027-03-08,40
878,2916,2027-03-09,40
878,2916,2027-03-10,40
878,2916,2027-03-11,32
878,2916,2027-03-12,40
878,2916,2027-03-13,37
878,2916,2027-03-14,36
878,2916,2027-03-15,40
878,2916,2027-03-16,28
878,2916,2027-03-17,40
878,2916,2027-03-18,40
878,2916,2027-03-19,36
878,2916,2027-03-20,25
878,2916,2027-03-21,26
878,2916,2027-03-22,26
878,2916,2027-03-23,40
878,2916,2027-03-24,36
878,2916,2027-03-25,34
878,2916,2027-03-26,17
878,2917,2027-02-24,20
878,2917,2027-02-25,20
878,2917,2027-02-26,20
878,2917,2027-02-27,20
878,2917,2027-02-28,20
878,2917,2027-03-01,20
878,2917,2027-03-02,20
878,2917,2027-03-03,20
878,2917,2027-03-04,20
878,2917,2027-03-05,20
878,2917,2027-03-06,20
878,2917,2027-03-07,20
878,2917,2027-03-08,20
878,2917,2027-03-09,20
878,2917,2027-03-10,20
878,2917,2027-03-11,20
878,2917,2027-03-12,20
878,2917,2027-03-13,20
878,2917,2027-03-14,20
878,2917,2027-03-15,20
878,2917,2027-03-16,20
878,2917,2027-03-17,20
878,2917,2027-03-18,20
878,2917,2027-03-19,19
878,2917,2027-03-20,20
878,2917,2027-03-21,20
878,2917,2027-03-22,20
878,2917,2027-03-23,20
878,2917,2027-03-24,20
878,2917,2027-03-25,19
878,2917,2027-03-26,20
878,2908,2027-01-25,20
878,2908,2027-01-26,20
878,2908,2027-01-27,20
878,2908,2027-01-28,20
878,2908,2027-01-29,20
878,2908,2027-01-30,20
878,2908,2027-01-31,20
878,2908,2027-02-01,20
878,2908,2027-02-02,20
878,2908,2027-02-03,20
878,2908,2027-02-04,20
878,2908,2027-02-05,20
878,2908,2027-02-06,20
878,2908,2027-02-07,20
878,2908,2027-02-08,20
878,2908,2027-02-09,20
878,2908,2027-02-10,20
878,2908,2027-02-11,20
878,2908,2027-02-12,20
878,2908,2027-02-13,20
878,2908,2027-02-14,20
878,2908,2027-02-15,20
878,2908,2027-02-16,20
878,2908,2027-02-17,20
878,2908,2027-02-18,20
878,2908,2027-02-19,20
878,2908,2027-02-20,20
878,2908,2027-02-21,20
878,2908,2027-02-22,20
878,2908,2027-02-23,20
878,2908,2027-02-24,20
878,2909,2027-01-25,25
878,2909,2027-01-26,1
878,2909,2027-01-27,5
878,2909,2027-01-28,4
878,2909,2027-01-29,19
878,2909,2027-01-30,6
878,2909,2027-01-31,3
878,2909,2027-02-01,19
878,2909,2027-02-02,23
878,2909,2027-02-03,14
878,2909,2027-02-04,21
878,2909,2027-02-05,25
878,2909,2027-02-06,0
878,2909,2027-02-07,1
878,2909,2027-02-08,6
878,2909,2027-02-09,17
878,2909,2027-02-10,25
878,2909,2027-02-11,5
878,2909,2027-02-12,17
878,2909,2027-02-13,4
878,2909,2027-02-14,15
878,2909,2027-02-15,13
878,2909,2027-02-16,14
878,2909,2027-02-17,23
878,2909,2027-02-18,25
878,2909,2027-02-19,17
878,2909,2027-02-20,23
878,2909,2027-02-21,11
878,2909,2027-02-22,19
878,2909,2027-02-23,23
878,2909,2027-02-24,20
878,2910,2027-01-25,20
878,2910,2027-01-26,20
878,2910,2027-01-27,20
878,2910,2027-01-28,20
878,2910,2027-01-29,20
878,2910,2027-01-30,20
878,2910,2027-01-31,20
878,2910,2027-02-01,20
878,2910,2027-02-02,20
878,2910,2027-02-03,20
878,2910,2027-02-04,20
878,2910,2027-02-05,20
878,2910,2027-02-06,20
878,2910,2027-02-07,12
878,2910,2027-02-08,20
878,2910,2027-02-09,20
878,2910,2027-02-10,20
878,2910,2027-02-11,20
878,2910,2027-02-12,20
878,2910,2027-02-13,20
878,2910,2027-02-14,20
878,2910,2027-02-15,20
878,2910,2027-02-16,20
878,2910,2027-02-17,20
878,2910,2027-02-18,20
878,2910,2027-02-19,20
878,2910,2027-02-20,20
878,2910,2027-02-21,20
878,2910,2027-02-22,20
878,2910,2027-02-23,20
878,2910,2027-02-24,20
878,2911,2027-01-25,7
878,2911,2027-01-26,15
878,2911,2027-01-27,27
878,2911,2027-01-28,17
878,2911,2027-01-29,17
878,2911,2027-01-30,22
878,2911,2027-01-31,34
878,2911,2027-02-01,25
878,2911,2027-02-02,32
878,2911,2027-02-03,36
878,2911,2027-02-04,24
878,2911,2027-02-05,19
878,2911,2027-02-06,1
878,2911,2027-02-07,17
878,2911,2027-02-08,23
878,2911,2027-02-09,34
878,2911,2027-02-10,28
878,2911,2027-02-11,27
878,2911,2027-02-12,6
878,2911,2027-02-13,16
878,2911,2027-02-14,27
878,2911,2027-02-15,32
878,2911,2027-02-16,28
878,2911,2027-02-17,15
878,2911,2027-02-18,20
878,2911,2027-02-19,22
878,2911,2027-02-20,34
878,2911,2027-02-21,36
878,2911,2027-02-22,31
878,2911,2027-02-23,30
878,2911,2027-02-24,18
878,2913,2027-01-25,20
878,2913,2027-01-26,20
878,2913,2027-01-27,20
878,2913,2027-01-28,20
878,2913,2027-01-29,20
878,2913,2027-01-30,20
878,2913,2027-01-31,20
878,2913,2027-02-01,20
878,2913,2027-02-02,20
878,2913,2027-02-03,20
878,2913,2027-02-04,20
878,2913,2027-02-05,20
878,2913,2027-02-06,20
878,2913,2027-02-07,20
878,2913,2027-02-08,20
878,2913,2027-02-09,20
878,2913,2027-02-10,20
878,2913,2027-02-11,20
878,2913,2027-02-12,20
878,2913,2027-02-13,20
878,2913,2027-02-14,20
878,2913,2027-02-15,20
878,2913,2027-02-16,20
878,2913,2027-02-17,20
878,2913,2027-02-18,20
878,2913,2027-02-19,20
878,2913,2027-02-20,20
878,2913,2027-02-21,20
878,2913,2027-02-22,20
878,2913,2027-02-23,20
878,2913,2027-02-24,20
878,2914,2027-01-25,8
878,2914,2027-01-26,6
878,2914,2027-01-27,7
878,2914,2027-01-28,20
878,2914,2027-01-29,0
878,2914,2027-01-30,0
878,2914,2027-01-31,11
878,2914,2027-02-01,26
878,2914,2027-02-02,17
878,2914,2027-02-03,24
878,2914,2027-02-04,28
878,2914,2027-02-05,16
878,2914,2027-02-06,1
878,2914,2027-02-07,0
878,2914,2027-02-08,12
878,2914,2027-02-09,28
878,2914,2027-02-10,16
878,2914,2027-02-11,20
878,2914,2027-02-12,1
878,2914,2027-02-13,3
878,2914,2027-02-14,18
878,2914,2027-02-15,26
878,2914,2027-02-16,20
878,2914,2027-02-17,11
878,2914,2027-02-18,11
878,2914,2027-02-19,21
878,2914,2027-02-20,14
878,2914,2027-02-21,22
878,2914,2027-02-22,28
878,2914,2027-02-23,14
878,2914,2027-02-24,19
878,2916,2027-01-25,39
878,2916,2027-01-26,40
878,2916,2027-01-27,39
878,2916,2027-01-28,36
878,2916,2027-01-29,28
878,2916,2027-01-30,31
878,2916,2027-01-31,30
878,2916,2027-02-01,35
878,2916,2027-02-02,40
878,2916,2027-02-03,40
878,2916,2027-02-04,29
878,2916,2027-02-05,39
878,2916,2027-02-06,17
878,2916,2027-02-07,3
878,2916,2027-02-08,30
878,2916,2027-02-09,34
878,2916,2027-02-10,40
878,2916,2027-02-11,40
878,2916,2027-02-12,33
878,2916,2027-02-13,29
878,2916,2027-02-14,30
878,2916,2027-02-15,30
878,2916,2027-02-16,40
878,2916,2027-02-17,38
878,2916,2027-02-18,32
878,2916,2027-02-19,31
878,2916,2027-02-20,31
878,2916,2027-02-21,38
878,2916,2027-02-22,35
878,2916,2027-02-23,40
878,2916,2027-02-24,37
878,2917,2027-01-25,20
878,2917,2027-01-26,20
878,2917,2027-01-27,20
878,2917,2027-01-28,20
878,2917,2027-01-29,20
878,2917,2027-01-30,19
878,2917,2027-01-31,20
878,2917,2027-02-01,20
878,2917,2027-02-02,20
878,2917,2027-02-03,20
878,2917,2027-02-04,20
878,2917,2027-02-05,20
878,2917,2027-02-06,12
878,2917,2027-02-07,10
878,2917,2027-02-08,20
878,2917,2027-02-09,20
878,2917,2027-02-10,20
878,2917,2027-02-11,20
878,2917,2027-02-12,20
878,2917,2027-02-13,20
878,2917,2027-02-14,20
878,2917,2027-02-15,20
878,2917,2027-02-16,20
878,2917,2027-02-17,20
878,2917,2027-02-18,20
878,2917,2027-02-19,20
878,2917,2027-02-20,20
878,2917,2027-02-21,20
878,2917,2027-02-22,20
878,2917,2027-02-23,20
878,2917,2027-02-24,20
878,2908,2027-03-26,20
878,2908,2027-03-27,20
878,2908,2027-03-28,20
878,2908,2027-03-29,20
878,2908,2027-03-30,20
878,2908,2027-03-31,20
878,2908,2027-04-01,20
878,2908,2027-04-02,20
878,2908,2027-04-03,20
878,2908,2027-04-04,20
878,2908,2027-04-05,20
878,2908,2027-04-06,20
878,2908,2027-04-07,20
878,2908,2027-04-08,20
878,2908,2027-04-09,20
878,2908,2027-04-10,20
878,2908,2027-04-11,20
878,2908,2027-04-12,20
878,2908,2027-04-13,20
878,2908,2027-04-14,20
878,2908,2027-04-15,20
878,2908,2027-04-16,20
878,2908,2027-04-17,20
878,2908,2027-04-18,20
878,2908,2027-04-19,20
878,2908,2027-04-20,20
878,2908,2027-04-21,20
878,2908,2027-04-22,20
878,2908,2027-04-23,20
878,2908,2027-04-24,20
878,2908,2027-04-25,20
878,2909,2027-03-26,9
878,2909,2027-03-27,0
878,2909,2027-03-28,4
878,2909,2027-03-29,9
878,2909,2027-03-30,17
878,2909,2027-03-31,25
878,2909,2027-04-01,25
878,2909,2027-04-02,19
878,2909,2027-04-03,20
878,2909,2027-04-04,25
878,2909,2027-04-05,18
878,2909,2027-04-06,25
878,2909,2027-04-07,25
878,2909,2027-04-08,25
878,2909,2027-04-09,25
878,2909,2027-04-10,25
878,2909,2027-04-11,21
878,2909,2027-04-12,21
878,2909,2027-04-13,3
878,2909,2027-04-14,9
878,2909,2027-04-15,18
878,2909,2027-04-16,25
878,2909,2027-04-17,21
878,2909,2027-04-18,25
878,2909,2027-04-19,12
878,2909,2027-04-20,25
878,2909,2027-04-21,25
878,2909,2027-04-22,21
878,2909,2027-04-23,25
878,2909,2027-04-24,16
878,2909,2027-04-25,25
878,2910,2027-03-26,20
878,2910,2027-03-27,14
878,2910,2027-03-28,20
878,2910,2027-03-29,20
878,2910,2027-03-30,20
878,2910,2027-03-31,20
878,2910,2027-04-01,20
878,2910,2027-04-02,18
878,2910,2027-04-03,20
878,2910,2027-04-04,20
878,2910,2027-04-05,20
878,2910,2027-04-06,20
878,2910,2027-04-07,20
878,2910,2027-04-08,20
878,2910,2027-04-09,20
878,2910,2027-04-10,20
878,2910,2027-04-11,20
878,2910,2027-04-12,20
878,2910,2027-04-13,20
878,2910,2027-04-14,20
878,2910,2027-04-15,20
878,2910,2027-04-16,20
878,2910,2027-04-17,20
878,2910,2027-04-18,20
878,2910,2027-04-19,20
878,2910,2027-04-20,20
878,2910,2027-04-21,20
878,2910,2027-04-22,20
878,2910,2027-04-23,20
878,2910,2027-04-24,20
878,2910,2027-04-25,20
878,2911,2027-03-26,10
878,2911,2027-03-27,1
878,2911,2027-03-28,11
878,2911,2027-03-29,24
878,2911,2027-03-30,36
878,2911,2027-03-31,34
878,2911,2027-04-01,31
878,2911,2027-04-02,36
878,2911,2027-04-03,20
878,2911,2027-04-04,36
878,2911,2027-04-05,36
878,2911,2027-04-06,36
878,2911,2027-04-07,29
878,2911,2027-04-08,33
878,2911,2027-04-09,32
878,2911,2027-04-10,32
878,2911,2027-04-11,27
878,2911,2027-04-12,10
878,2911,2027-04-13,6
878,2911,2027-04-14,17
878,2911,2027-04-15,23
878,2911,2027-04-16,30
878,2911,2027-04-17,18
878,2911,2027-04-18,21
878,2911,2027-04-19,36
878,2911,2027-04-20,32
878,2911,2027-04-21,34
878,2911,2027-04-22,25
878,2911,2027-04-23,36
878,2911,2027-04-24,36
878,2911,2027-04-25,36
878,2913,2027-03-26,19
878,2913,2027-03-27,20
878,2913,2027-03-28,14
878,2913,2027-03-29,20
878,2913,2027-03-30,20
878,2913,2027-03-31,20
878,2913,2027-04-01,20
878,2913,2027-04-02,20
878,2913,2027-04-03,18
878,2913,2027-04-04,20
878,2913,2027-04-05,20
878,2913,2027-04-06,20
878,2913,2027-04-07,20
878,2913,2027-04-08,20
878,2913,2027-04-09,20
878,2913,2027-04-10,20
878,2913,2027-04-11,20
878,2913,2027-04-12,20
878,2913,2027-04-13,20
878,2913,2027-04-14,20
878,2913,2027-04-15,20
878,2913,2027-04-16,20
878,2913,2027-04-17,20
878,2913,2027-04-18,20
878,2913,2027-04-19,20
878,2913,2027-04-20,20
878,2913,2027-04-21,20
878,2913,2027-04-22,20
878,2913,2027-04-23,20
878,2913,2027-04-24,20
878,2913,2027-04-25,20
878,2914,2027-03-26,1
878,2914,2027-03-27,0
878,2914,2027-03-28,0
878,2914,2027-03-29,20
878,2914,2027-03-30,28
878,2914,2027-03-31,26
878,2914,2027-04-01,22
878,2914,2027-04-02,0
878,2914,2027-04-03,28
878,2914,2027-04-04,12
878,2914,2027-04-05,28
878,2914,2027-04-06,21
878,2914,2027-04-07,28
878,2914,2027-04-08,27
878,2914,2027-04-09,24
878,2914,2027-04-10,11
878,2914,2027-04-11,24
878,2914,2027-04-12,4
878,2914,2027-04-13,2
878,2914,2027-04-14,0
878,2914,2027-04-15,3
878,2914,2027-04-16,24
878,2914,2027-04-17,13
878,2914,2027-04-18,15
878,2914,2027-04-19,28
878,2914,2027-04-20,26
878,2914,2027-04-21,24
878,2914,2027-04-22,28
878,2914,2027-04-23,17
878,2914,2027-04-24,28
878,2914,2027-04-25,28
878,2916,2027-03-26,17
878,2916,2027-03-27,18
878,2916,2027-03-28,28
878,2916,2027-03-29,40
878,2916,2027-03-30,40
878,2916,2027-03-31,38
878,2916,2027-04-01,38
878,2916,2027-04-02,40
878,2916,2027-04-03,11
878,2916,2027-04-04,35
878,2916,2027-04-05,24
878,2916,2027-04-06,40
878,2916,2027-04-07,40
878,2916,2027-04-08,40
878,2916,2027-04-09,40
878,2916,2027-04-10,37
878,2916,2027-04-11,13
878,2916,2027-04-12,40
878,2916,2027-04-13,34
878,2916,2027-04-14,24
878,2916,2027-04-15,32
878,2916,2027-04-16,10
878,2916,2027-04-17,40
878,2916,2027-04-18,36
878,2916,2027-04-19,38
878,2916,2027-04-20,40
878,2916,2027-04-21,40
878,2916,2027-04-22,40
878,2916,2027-04-23,36
878,2916,2027-04-24,38
878,2916,2027-04-25,40
878,2917,2027-03-26,20
878,2917,2027-03-27,20
878,2917,2027-03-28,20
878,2917,2027-03-29,20
878,2917,2027-03-30,20
878,2917,2027-03-31,20
878,2917,2027-04-01,18
878,2917,2027-04-02,20
878,2917,2027-04-03,20
878,2917,2027-04-04,20
878,2917,2027-04-05,20
878,2917,2027-04-06,20
878,2917,2027-04-07,20
878,2917,2027-04-08,20
878,2917,2027-04-09,20
878,2917,2027-04-10,20
878,2917,2027-04-11,20
878,2917,2027-04-12,20
878,2917,2027-04-13,20
878,2917,2027-04-14,20
878,2917,2027-04-15,20
878,2917,2027-04-16,20
878,2917,2027-04-17,20
878,2917,2027-04-18,20
878,2917,2027-04-19,20
878,2917,2027-04-20,20
878,2917,2027-04-21,20
878,2917,2027-04-22,20
878,2917,2027-04-23,20
878,2917,2027-04-24,20
878,2917,2027-04-25,20
878,2908,2026-11-26,20
878,2908,2026-11-27,20
878,2908,2026-11-28,20
878,2908,2026-11-29,20
878,2908,2026-11-30,20
878,2908,2026-12-01,20
878,2908,2026-12-02,20
878,2908,2026-12-03,18
878,2908,2026-12-04,20
878,2908,2026-12-05,20
878,2908,2026-12-06,20
878,2908,2026-12-07,20
878,2908,2026-12-08,20
878,2908,2026-12-09,20
878,2908,2026-12-10,20
878,2908,2026-12-11,20
878,2908,2026-12-12,20
878,2908,2026-12-13,20
878,2908,2026-12-14,20
878,2908,2026-12-15,20
878,2908,2026-12-16,18
878,2908,2026-12-17,20
878,2908,2026-12-18,20
878,2908,2026-12-19,20
878,2908,2026-12-20,20
878,2908,2026-12-21,18
878,2908,2026-12-22,20
878,2908,2026-12-23,20
878,2908,2026-12-24,20
878,2908,2026-12-25,20
878,2908,2026-12-26,20
878,2909,2026-11-26,25
878,2909,2026-11-27,25
878,2909,2026-11-28,25
878,2909,2026-11-29,9
878,2909,2026-11-30,25
878,2909,2026-12-01,19
878,2909,2026-12-02,25
878,2909,2026-12-03,20
878,2909,2026-12-04,17
878,2909,2026-12-05,8
878,2909,2026-12-06,10
878,2909,2026-12-07,19
878,2909,2026-12-08,25
878,2909,2026-12-09,18
878,2909,2026-12-10,24
878,2909,2026-12-11,20
878,2909,2026-12-12,25
878,2909,2026-12-13,13
878,2909,2026-12-14,23
878,2909,2026-12-15,15
878,2909,2026-12-16,6
878,2909,2026-12-17,17
878,2909,2026-12-18,9
878,2909,2026-12-19,0
878,2909,2026-12-20,6
878,2909,2026-12-21,22
878,2909,2026-12-22,17
878,2909,2026-12-23,19
878,2909,2026-12-24,25
878,2909,2026-12-25,21
878,2909,2026-12-26,8
878,2910,2026-11-26,11
878,2910,2026-11-27,20
878,2910,2026-11-28,20
878,2910,2026-11-29,20
878,2910,2026-11-30,20
878,2910,2026-12-01,20
878,2910,2026-12-02,20
878,2910,2026-12-03,20
878,2910,2026-12-04,20
878,2910,2026-12-05,20
878,2910,2026-12-06,20
878,2910,2026-12-07,20
878,2910,2026-12-08,20
878,2910,2026-12-09,20
878,2910,2026-12-10,20
878,2910,2026-12-11,20
878,2910,2026-12-12,20
878,2910,2026-12-13,20
878,2910,2026-12-14,20
878,2910,2026-12-15,20
878,2910,2026-12-16,20
878,2910,2026-12-17,20
878,2910,2026-12-18,20
878,2910,2026-12-19,20
878,2910,2026-12-20,20
878,2910,2026-12-21,17
878,2910,2026-12-22,20
878,2910,2026-12-23,20
878,2910,2026-12-24,20
878,2910,2026-12-25,20
878,2910,2026-12-26,20
878,2911,2026-11-26,34
878,2911,2026-11-27,28
878,2911,2026-11-28,36
878,2911,2026-11-29,30
878,2911,2026-11-30,30
878,2911,2026-12-01,31
878,2911,2026-12-02,30
878,2911,2026-12-03,20
878,2911,2026-12-04,34
878,2911,2026-12-05,14
878,2911,2026-12-06,32
878,2911,2026-12-07,33
878,2911,2026-12-08,33
878,2911,2026-12-09,35
878,2911,2026-12-10,34
878,2911,2026-12-11,14
878,2911,2026-12-12,13
878,2911,2026-12-13,26
878,2911,2026-12-14,24
878,2911,2026-12-15,29
878,2911,2026-12-16,24
878,2911,2026-12-17,28
878,2911,2026-12-18,0
878,2911,2026-12-19,11
878,2911,2026-12-20,9
878,2911,2026-12-21,6
878,2911,2026-12-22,27
878,2911,2026-12-23,36
878,2911,2026-12-24,25
878,2911,2026-12-25,23
878,2911,2026-12-26,24
878,2913,2026-11-26,20
878,2913,2026-11-27,20
878,2913,2026-11-28,18
878,2913,2026-11-29,20
878,2913,2026-11-30,20
878,2913,2026-12-01,20
878,2913,2026-12-02,20
878,2913,2026-12-03,20
878,2913,2026-12-04,18
878,2913,2026-12-05,20
878,2913,2026-12-06,20
878,2913,2026-12-07,20
878,2913,2026-12-08,20
878,2913,2026-12-09,20
878,2913,2026-12-10,20
878,2913,2026-12-11,20
878,2913,2026-12-12,20
878,2913,2026-12-13,20
878,2913,2026-12-14,20
878,2913,2026-12-15,20
878,2913,2026-12-16,20
878,2913,2026-12-17,18
878,2913,2026-12-18,20
878,2913,2026-12-19,20
878,2913,2026-12-20,20
878,2913,2026-12-21,20
878,2913,2026-12-22,15
878,2913,2026-12-23,20
878,2913,2026-12-24,20
878,2913,2026-12-25,20
878,2913,2026-12-26,20
878,2914,2026-11-26,15
878,2914,2026-11-27,21
878,2914,2026-11-28,12
878,2914,2026-11-29,28
878,2914,2026-11-30,22
878,2914,2026-12-01,22
878,2914,2026-12-02,23
878,2914,2026-12-03,24
878,2914,2026-12-04,7
878,2914,2026-12-05,17
878,2914,2026-12-06,22
878,2914,2026-12-07,24
878,2914,2026-12-08,25
878,2914,2026-12-09,25
878,2914,2026-12-10,23
878,2914,2026-12-11,23
878,2914,2026-12-12,0
878,2914,2026-12-13,6
878,2914,2026-12-14,22
878,2914,2026-12-15,20
878,2914,2026-12-16,21
878,2914,2026-12-17,3
878,2914,2026-12-18,10
878,2914,2026-12-19,0
878,2914,2026-12-20,3
878,2914,2026-12-21,1
878,2914,2026-12-22,12
878,2914,2026-12-23,28
878,2914,2026-12-24,28
878,2914,2026-12-25,21
878,2914,2026-12-26,16
878,2916,2026-11-26,40
878,2916,2026-11-27,27
878,2916,2026-11-28,33
878,2916,2026-11-29,40
878,2916,2026-11-30,40
878,2916,2026-12-01,40
878,2916,2026-12-02,34
878,2916,2026-12-03,36
878,2916,2026-12-04,32
878,2916,2026-12-05,40
878,2916,2026-12-06,37
878,2916,2026-12-07,40
878,2916,2026-12-08,36
878,2916,2026-12-09,40
878,2916,2026-12-10,36
878,2916,2026-12-11,40
878,2916,2026-12-12,35
878,2916,2026-12-13,28
878,2916,2026-12-14,22
878,2916,2026-12-15,40
878,2916,2026-12-16,36
878,2916,2026-12-17,31
878,2916,2026-12-18,35
878,2916,2026-12-19,32
878,2916,2026-12-20,31
878,2916,2026-12-21,27
878,2916,2026-12-22,30
878,2916,2026-12-23,28
878,2916,2026-12-24,35
878,2916,2026-12-25,38
878,2916,2026-12-26,40
878,2917,2026-11-26,20
878,2917,2026-11-27,9
878,2917,2026-11-28,20
878,2917,2026-11-29,20
878,2917,2026-11-30,20
878,2917,2026-12-01,20
878,2917,2026-12-02,20
878,2917,2026-12-03,20
878,2917,2026-12-04,20
878,2917,2026-12-05,20
878,2917,2026-12-06,20
878,2917,2026-12-07,20
878,2917,2026-12-08,20
878,2917,2026-12-09,20
878,2917,2026-12-10,20
878,2917,2026-12-11,20
878,2917,2026-12-12,20
878,2917,2026-12-13,20
878,2917,2026-12-14,20
878,2917,2026-12-15,20
878,2917,2026-12-16,20
878,2917,2026-12-17,20
878,2917,2026-12-18,20
878,2917,2026-12-19,20
878,2917,2026-12-20,17
878,2917,2026-12-21,20
878,2917,2026-12-22,20
878,2917,2026-12-23,20
878,2917,2026-12-24,20
878,2917,2026-12-25,20
878,2917,2026-12-26,20
878,2908,2027-04-25,20
878,2908,2027-04-26,20
878,2908,2027-04-27,20
878,2908,2027-04-28,20
878,2908,2027-04-29,20
878,2908,2027-04-30,20
878,2908,2027-05-01,20
878,2908,2027-05-02,20
878,2908,2027-05-03,20
878,2908,2027-05-04,20
878,2908,2027-05-05,20
878,2908,2027-05-06,20
878,2908,2027-05-07,20
878,2908,2027-05-08,20
878,2908,2027-05-09,20
878,2908,2027-05-10,20
878,2908,2027-05-11,20
878,2908,2027-05-12,20
878,2908,2027-05-13,20
878,2908,2027-05-14,20
878,2908,2027-05-15,20
878,2908,2027-05-16,20
878,2908,2027-05-17,20
878,2908,2027-05-18,20
878,2908,2027-05-19,20
878,2908,2027-05-20,20
878,2908,2027-05-21,20
878,2908,2027-05-22,20
878,2908,2027-05-23,20
878,2908,2027-05-24,20
878,2908,2027-05-25,20
878,2909,2027-04-25,25
878,2909,2027-04-26,25
878,2909,2027-04-27,25
878,2909,2027-04-28,25
878,2909,2027-04-29,25
878,2909,2027-04-30,25
878,2909,2027-05-01,25
878,2909,2027-05-02,23
878,2909,2027-05-03,25
878,2909,2027-05-04,25
878,2909,2027-05-05,25
878,2909,2027-05-06,25
878,2909,2027-05-07,25
878,2909,2027-05-08,25
878,2909,2027-05-09,25
878,2909,2027-05-10,25
878,2909,2027-05-11,25
878,2909,2027-05-12,25
878,2909,2027-05-13,25
878,2909,2027-05-14,25
878,2909,2027-05-15,25
878,2909,2027-05-16,25
878,2909,2027-05-17,25
878,2909,2027-05-18,25
878,2909,2027-05-19,25
878,2909,2027-05-20,25
878,2909,2027-05-21,25
878,2909,2027-05-22,25
878,2909,2027-05-23,25
878,2909,2027-05-24,25
878,2909,2027-05-25,25
878,2910,2027-04-25,20
878,2910,2027-04-26,20
878,2910,2027-04-27,20
878,2910,2027-04-28,20
878,2910,2027-04-29,20
878,2910,2027-04-30,20
878,2910,2027-05-01,20
878,2910,2027-05-02,20
878,2910,2027-05-03,20
878,2910,2027-05-04,20
878,2910,2027-05-05,20
878,2910,2027-05-06,20
878,2910,2027-05-07,20
878,2910,2027-05-08,20
878,2910,2027-05-09,20
878,2910,2027-05-10,20
878,2910,2027-05-11,20
878,2910,2027-05-12,20
878,2910,2027-05-13,20
878,2910,2027-05-14,20
878,2910,2027-05-15,20
878,2910,2027-05-16,20
878,2910,2027-05-17,20
878,2910,2027-05-18,20
878,2910,2027-05-19,20
878,2910,2027-05-20,20
878,2910,2027-05-21,20
878,2910,2027-05-22,20
878,2910,2027-05-23,20
878,2910,2027-05-24,20
878,2910,2027-05-25,20
878,2911,2027-04-25,36
878,2911,2027-04-26,36
878,2911,2027-04-27,36
878,2911,2027-04-28,36
878,2911,2027-04-29,36
878,2911,2027-04-30,33
878,2911,2027-05-01,34
878,2911,2027-05-02,36
878,2911,2027-05-03,36
878,2911,2027-05-04,36
878,2911,2027-05-05,36
878,2911,2027-05-06,36
878,2911,2027-05-07,36
878,2911,2027-05-08,36
878,2911,2027-05-09,36
878,2911,2027-05-10,36
878,2911,2027-05-11,36
878,2911,2027-05-12,36
878,2911,2027-05-13,36
878,2911,2027-05-14,36
878,2911,2027-05-15,36
878,2911,2027-05-16,36
878,2911,2027-05-17,36
878,2911,2027-05-18,36
878,2911,2027-05-19,36
878,2911,2027-05-20,36
878,2911,2027-05-21,36
878,2911,2027-05-22,36
878,2911,2027-05-23,36
878,2911,2027-05-24,36
878,2911,2027-05-25,36
878,2913,2027-04-25,20
878,2913,2027-04-26,20
878,2913,2027-04-27,20
878,2913,2027-04-28,20
878,2913,2027-04-29,20
878,2913,2027-04-30,20
878,2913,2027-05-01,20
878,2913,2027-05-02,20
878,2913,2027-05-03,20
878,2913,2027-05-04,20
878,2913,2027-05-05,20
878,2913,2027-05-06,20
878,2913,2027-05-07,20
878,2913,2027-05-08,20
878,2913,2027-05-09,20
878,2913,2027-05-10,20
878,2913,2027-05-11,20
878,2913,2027-05-12,20
878,2913,2027-05-13,20
878,2913,2027-05-14,20
878,2913,2027-05-15,20
878,2913,2027-05-16,20
878,2913,2027-05-17,20
878,2913,2027-05-18,20
878,2913,2027-05-19,20
878,2913,2027-05-20,20
878,2913,2027-05-21,20
878,2913,2027-05-22,20
878,2913,2027-05-23,20
878,2913,2027-05-24,20
878,2913,2027-05-25,20
878,2914,2027-04-25,28
878,2914,2027-04-26,28
878,2914,2027-04-27,28
878,2914,2027-04-28,28
878,2914,2027-04-29,28
878,2914,2027-04-30,28
878,2914,2027-05-01,25
878,2914,2027-05-02,28
878,2914,2027-05-03,28
878,2914,2027-05-04,28
878,2914,2027-05-05,28
878,2914,2027-05-06,28
878,2914,2027-05-07,28
878,2914,2027-05-08,28
878,2914,2027-05-09,28
878,2914,2027-05-10,28
878,2914,2027-05-11,28
878,2914,2027-05-12,28
878,2914,2027-05-13,28
878,2914,2027-05-14,28
878,2914,2027-05-15,28
878,2914,2027-05-16,28
878,2914,2027-05-17,28
878,2914,2027-05-18,28
878,2914,2027-05-19,28
878,2914,2027-05-20,28
878,2914,2027-05-21,28
878,2914,2027-05-22,28
878,2914,2027-05-23,28
878,2914,2027-05-24,28
878,2914,2027-05-25,28
878,2916,2027-04-25,40
878,2916,2027-04-26,40
878,2916,2027-04-27,40
878,2916,2027-04-28,40
878,2916,2027-04-29,40
878,2916,2027-04-30,40
878,2916,2027-05-01,40
878,2916,2027-05-02,37
878,2916,2027-05-03,40
878,2916,2027-05-04,40
878,2916,2027-05-05,40
878,2916,2027-05-06,40
878,2916,2027-05-07,40
878,2916,2027-05-08,40
878,2916,2027-05-09,40
878,2916,2027-05-10,40
878,2916,2027-05-11,40
878,2916,2027-05-12,40
878,2916,2027-05-13,40
878,2916,2027-05-14,40
878,2916,2027-05-15,40
878,2916,2027-05-16,40
878,2916,2027-05-17,40
878,2916,2027-05-18,40
878,2916,2027-05-19,40
878,2916,2027-05-20,40
878,2916,2027-05-21,40
878,2916,2027-05-22,40
878,2916,2027-05-23,40
878,2916,2027-05-24,40
878,2916,2027-05-25,40
878,2917,2027-04-25,20
878,2917,2027-04-26,20
878,2917,2027-04-27,20
878,2917,2027-04-28,20
878,2917,2027-04-29,20
878,2917,2027-04-30,20
878,2917,2027-05-01,20
878,2917,2027-05-02,20
878,2917,2027-05-03,20
878,2917,2027-05-04,20
878,2917,2027-05-05,20
878,2917,2027-05-06,20
878,2917,2027-05-07,20
878,2917,2027-05-08,20
878,2917,2027-05-09,20
878,2917,2027-05-10,20
878,2917,2027-05-11,20
878,2917,2027-05-12,20
878,2917,2027-05-13,20
878,2917,2027-05-14,20
878,2917,2027-05-15,20
878,2917,2027-05-16,20
878,2917,2027-05-17,20
878,2917,2027-05-18,20
878,2917,2027-05-19,20
878,2917,2027-05-20,20
878,2917,2027-05-21,20
878,2917,2027-05-22,20
878,2917,2027-05-23,20
878,2917,2027-05-24,20
878,2917,2027-05-25,20
878,2908,2027-05-25,20
878,2908,2027-05-26,20
878,2908,2027-05-27,20
878,2908,2027-05-28,20
878,2908,2027-05-29,20
878,2908,2027-05-30,20
878,2908,2027-05-31,20
878,2908,2027-06-01,20
878,2908,2027-06-02,20
878,2908,2027-06-03,20
878,2908,2027-06-04,20
878,2908,2027-06-05,20
878,2908,2027-06-06,20
878,2908,2027-06-07,20
878,2908,2027-06-08,20
878,2908,2027-06-09,20
878,2908,2027-06-10,20
878,2908,2027-06-11,20
878,2908,2027-06-12,20
878,2908,2027-06-13,20
878,2908,2027-06-14,20
878,2908,2027-06-15,20
878,2908,2027-06-16,20
878,2908,2027-06-17,20
878,2908,2027-06-18,20
878,2908,2027-06-19,20
878,2908,2027-06-20,20
878,2908,2027-06-21,20
878,2908,2027-06-22,20
878,2908,2027-06-23,20
878,2908,2027-06-24,20
878,2909,2027-05-25,25
878,2909,2027-05-26,25
878,2909,2027-05-27,25
878,2909,2027-05-28,25
878,2909,2027-05-29,25
878,2909,2027-05-30,25
878,2909,2027-05-31,25
878,2909,2027-06-01,25
878,2909,2027-06-02,25
878,2909,2027-06-03,25
878,2909,2027-06-04,25
878,2909,2027-06-05,25
878,2909,2027-06-06,25
878,2909,2027-06-07,25
878,2909,2027-06-08,25
878,2909,2027-06-09,25
878,2909,2027-06-10,25
878,2909,2027-06-11,25
878,2909,2027-06-12,25
878,2909,2027-06-13,25
878,2909,2027-06-14,25
878,2909,2027-06-15,25
878,2909,2027-06-16,25
878,2909,2027-06-17,25
878,2909,2027-06-18,25
878,2909,2027-06-19,25
878,2909,2027-06-20,25
878,2909,2027-06-21,25
878,2909,2027-06-22,25
878,2909,2027-06-23,25
878,2909,2027-06-24,25
878,2910,2027-05-25,20
878,2910,2027-05-26,20
878,2910,2027-05-27,20
878,2910,2027-05-28,20
878,2910,2027-05-29,20
878,2910,2027-05-30,20
878,2910,2027-05-31,20
878,2910,2027-06-01,20
878,2910,2027-06-02,20
878,2910,2027-06-03,20
878,2910,2027-06-04,20
878,2910,2027-06-05,20
878,2910,2027-06-06,20
878,2910,2027-06-07,20
878,2910,2027-06-08,20
878,2910,2027-06-09,20
878,2910,2027-06-10,20
878,2910,2027-06-11,20
878,2910,2027-06-12,20
878,2910,2027-06-13,20
878,2910,2027-06-14,20
878,2910,2027-06-15,20
878,2910,2027-06-16,20
878,2910,2027-06-17,20
878,2910,2027-06-18,20
878,2910,2027-06-19,20
878,2910,2027-06-20,20
878,2910,2027-06-21,20
878,2910,2027-06-22,20
878,2910,2027-06-23,20
878,2910,2027-06-24,20
878,2911,2027-05-25,36
878,2911,2027-05-26,36
878,2911,2027-05-27,36
878,2911,2027-05-28,36
878,2911,2027-05-29,36
878,2911,2027-05-30,36
878,2911,2027-05-31,36
878,2911,2027-06-01,36
878,2911,2027-06-02,36
878,2911,2027-06-03,36
878,2911,2027-06-04,36
878,2911,2027-06-05,36
878,2911,2027-06-06,36
878,2911,2027-06-07,36
878,2911,2027-06-08,36
878,2911,2027-06-09,36
878,2911,2027-06-10,36
878,2911,2027-06-11,36
878,2911,2027-06-12,36
878,2911,2027-06-13,36
878,2911,2027-06-14,36
878,2911,2027-06-15,36
878,2911,2027-06-16,36
878,2911,2027-06-17,36
878,2911,2027-06-18,36
878,2911,2027-06-19,36
878,2911,2027-06-20,36
878,2911,2027-06-21,36
878,2911,2027-06-22,36
878,2911,2027-06-23,36
878,2911,2027-06-24,36
878,2913,2027-05-25,20
878,2913,2027-05-26,20
878,2913,2027-05-27,20
878,2913,2027-05-28,20
878,2913,2027-05-29,20
878,2913,2027-05-30,20
878,2913,2027-05-31,20
878,2913,2027-06-01,20
878,2913,2027-06-02,20
878,2913,2027-06-03,20
878,2913,2027-06-04,20
878,2913,2027-06-05,20
878,2913,2027-06-06,20
878,2913,2027-06-07,20
878,2913,2027-06-08,20
878,2913,2027-06-09,20
878,2913,2027-06-10,20
878,2913,2027-06-11,20
878,2913,2027-06-12,20
878,2913,2027-06-13,20
878,2913,2027-06-14,20
878,2913,2027-06-15,20
878,2913,2027-06-16,20
878,2913,2027-06-17,20
878,2913,2027-06-18,20
878,2913,2027-06-19,20
878,2913,2027-06-20,20
878,2913,2027-06-21,20
878,2913,2027-06-22,20
878,2913,2027-06-23,20
878,2913,2027-06-24,20
878,2914,2027-05-25,28
878,2914,2027-05-26,28
878,2914,2027-05-27,28
878,2914,2027-05-28,28
878,2914,2027-05-29,28
878,2914,2027-05-30,28
878,2914,2027-05-31,28
878,2914,2027-06-01,28
878,2914,2027-06-02,28
878,2914,2027-06-03,28
878,2914,2027-06-04,28
878,2914,2027-06-05,28
878,2914,2027-06-06,28
878,2914,2027-06-07,28
878,2914,2027-06-08,28
878,2914,2027-06-09,28
878,2914,2027-06-10,28
878,2914,2027-06-11,28
878,2914,2027-06-12,28
878,2914,2027-06-13,28
878,2914,2027-06-14,28
878,2914,2027-06-15,28
878,2914,2027-06-16,28
878,2914,2027-06-17,28
878,2914,2027-06-18,28
878,2914,2027-06-19,28
878,2914,2027-06-20,28
878,2914,2027-06-21,28
878,2914,2027-06-22,28
878,2914,2027-06-23,28
878,2914,2027-06-24,28
878,2916,2027-05-25,40
878,2916,2027-05-26,40
878,2916,2027-05-27,40
878,2916,2027-05-28,40
878,2916,2027-05-29,40
878,2916,2027-05-30,40
878,2916,2027-05-31,40
878,2916,2027-06-01,40
878,2916,2027-06-02,40
878,2916,2027-06-03,40
878,2916,2027-06-04,40
878,2916,2027-06-05,40
878,2916,2027-06-06,40
878,2916,2027-06-07,40
878,2916,2027-06-08,40
878,2916,2027-06-09,40
878,2916,2027-06-10,40
878,2916,2027-06-11,40
878,2916,2027-06-12,40
878,2916,2027-06-13,40
878,2916,2027-06-14,40
878,2916,2027-06-15,40
878,2916,2027-06-16,40
878,2916,2027-06-17,40
878,2916,2027-06-18,40
878,2916,2027-06-19,40
878,2916,2027-06-20,40
878,2916,2027-06-21,40
878,2916,2027-06-22,40
878,2916,2027-06-23,40
878,2916,2027-06-24,40
878,2917,2027-05-25,20
878,2917,2027-05-26,20
878,2917,2027-05-27,20
878,2917,2027-05-28,20
878,2917,2027-05-29,20
878,2917,2027-05-30,20
878,2917,2027-05-31,20
878,2917,2027-06-01,20
878,2917,2027-06-02,20
878,2917,2027-06-03,20
878,2917,2027-06-04,20
878,2917,2027-06-05,20
878,2917,2027-06-06,20
878,2917,2027-06-07,20
878,2917,2027-06-08,20
878,2917,2027-06-09,20
878,2917,2027-06-10,20
878,2917,2027-06-11,20
878,2917,2027-06-12,20
878,2917,2027-06-13,20
878,2917,2027-06-14,20
878,2917,2027-06-15,20
878,2917,2027-06-16,20
878,2917,2027-06-17,20
878,2917,2027-06-18,20
878,2917,2027-06-19,20
878,2917,2027-06-20,20
878,2917,2027-06-21,20
878,2917,2027-06-22,20
878,2917,2027-06-23,20
878,2917,2027-06-24,20
878,2908,2026-12-26,20
878,2908,2026-12-27,20
878,2908,2026-12-28,20
878,2908,2026-12-29,10
878,2908,2026-12-30,18
878,2908,2026-12-31,20
878,2908,2027-01-01,20
878,2908,2027-01-02,20
878,2908,2027-01-03,20
878,2908,2027-01-04,20
878,2908,2027-01-05,18
878,2908,2027-01-06,20
878,2908,2027-01-07,20
878,2908,2027-01-08,20
878,2908,2027-01-09,20
878,2908,2027-01-10,20
878,2908,2027-01-11,18
878,2908,2027-01-12,20
878,2908,2027-01-13,20
878,2908,2027-01-14,20
878,2908,2027-01-15,20
878,2908,2027-01-16,20
878,2908,2027-01-17,18
878,2908,2027-01-18,14
878,2908,2027-01-19,20
878,2908,2027-01-20,20
878,2908,2027-01-21,20
878,2908,2027-01-22,16
878,2908,2027-01-23,20
878,2908,2027-01-24,20
878,2908,2027-01-25,20
878,2909,2026-12-26,8
878,2909,2026-12-27,13
878,2909,2026-12-28,13
878,2909,2026-12-29,0
878,2909,2026-12-30,3
878,2909,2026-12-31,6
878,2909,2027-01-01,2
878,2909,2027-01-02,20
878,2909,2027-01-03,13
878,2909,2027-01-04,1
878,2909,2027-01-05,0
878,2909,2027-01-06,3
878,2909,2027-01-07,9
878,2909,2027-01-08,1
878,2909,2027-01-09,2
878,2909,2027-01-10,18
878,2909,2027-01-11,20
878,2909,2027-01-12,23
878,2909,2027-01-13,7
878,2909,2027-01-14,12
878,2909,2027-01-15,25
878,2909,2027-01-16,3
878,2909,2027-01-17,6
878,2909,2027-01-18,0
878,2909,2027-01-19,14
878,2909,2027-01-20,15
878,2909,2027-01-21,10
878,2909,2027-01-22,22
878,2909,2027-01-23,8
878,2909,2027-01-24,6
878,2909,2027-01-25,25
878,2910,2026-12-26,20
878,2910,2026-12-27,20
878,2910,2026-12-28,15
878,2910,2026-12-29,16
878,2910,2026-12-30,20
878,2910,2026-12-31,20
878,2910,2027-01-01,20
878,2910,2027-01-02,20
878,2910,2027-01-03,20
878,2910,2027-01-04,20
878,2910,2027-01-05,18
878,2910,2027-01-06,20
878,2910,2027-01-07,20
878,2910,2027-01-08,20
878,2910,2027-01-09,20
878,2910,2027-01-10,20
878,2910,2027-01-11,18
878,2910,2027-01-12,18
878,2910,2027-01-13,20
878,2910,2027-01-14,20
878,2910,2027-01-15,20
878,2910,2027-01-16,20
878,2910,2027-01-17,14
878,2910,2027-01-18,20
878,2910,2027-01-19,20
878,2910,2027-01-20,20
878,2910,2027-01-21,20
878,2910,2027-01-22,20
878,2910,2027-01-23,20
878,2910,2027-01-24,20
878,2910,2027-01-25,20
878,2911,2026-12-26,24
878,2911,2026-12-27,6
878,2911,2026-12-28,0
878,2911,2026-12-29,18
878,2911,2026-12-30,4
878,2911,2026-12-31,1
878,2911,2027-01-01,0
878,2911,2027-01-02,7
878,2911,2027-01-03,0
878,2911,2027-01-04,10
878,2911,2027-01-05,25
878,2911,2027-01-06,3
878,2911,2027-01-07,4
878,2911,2027-01-08,21
878,2911,2027-01-09,23
878,2911,2027-01-10,34
878,2911,2027-01-11,14
878,2911,2027-01-12,30
878,2911,2027-01-13,29
878,2911,2027-01-14,30
878,2911,2027-01-15,15
878,2911,2027-01-16,29
878,2911,2027-01-17,14
878,2911,2027-01-18,13
878,2911,2027-01-19,1
878,2911,2027-01-20,9
878,2911,2027-01-21,18
878,2911,2027-01-22,7
878,2911,2027-01-23,26
878,2911,2027-01-24,14
878,2911,2027-01-25,7
878,2913,2026-12-26,20
878,2913,2026-12-27,20
878,2913,2026-12-28,20
878,2913,2026-12-29,20
878,2913,2026-12-30,15
878,2913,2026-12-31,18
878,2913,2027-01-01,20
878,2913,2027-01-02,20
878,2913,2027-01-03,20
878,2913,2027-01-04,18
878,2913,2027-01-05,20
878,2913,2027-01-06,16
878,2913,2027-01-07,20
878,2913,2027-01-08,20
878,2913,2027-01-09,20
878,2913,2027-01-10,20
878,2913,2027-01-11,20
878,2913,2027-01-12,20
878,2913,2027-01-13,16
878,2913,2027-01-14,20
878,2913,2027-01-15,20
878,2913,2027-01-16,20
878,2913,2027-01-17,14
878,2913,2027-01-18,18
878,2913,2027-01-19,18
878,2913,2027-01-20,20
878,2913,2027-01-21,20
878,2913,2027-01-22,15
878,2913,2027-01-23,20
878,2913,2027-01-24,20
878,2913,2027-01-25,20
878,2914,2026-12-26,16
878,2914,2026-12-27,1
878,2914,2026-12-28,0
878,2914,2026-12-29,0
878,2914,2026-12-30,6
878,2914,2026-12-31,0
878,2914,2027-01-01,2
878,2914,2027-01-02,0
878,2914,2027-01-03,0
878,2914,2027-01-04,1
878,2914,2027-01-05,0
878,2914,2027-01-06,2
878,2914,2027-01-07,2
878,2914,2027-01-08,4
878,2914,2027-01-09,17
878,2914,2027-01-10,23
878,2914,2027-01-11,26
878,2914,2027-01-12,3
878,2914,2027-01-13,22
878,2914,2027-01-14,24
878,2914,2027-01-15,13
878,2914,2027-01-16,9
878,2914,2027-01-17,6
878,2914,2027-01-18,0
878,2914,2027-01-19,2
878,2914,2027-01-20,6
878,2914,2027-01-21,5
878,2914,2027-01-22,0
878,2914,2027-01-23,0
878,2914,2027-01-24,24
878,2914,2027-01-25,8
878,2916,2026-12-26,40
878,2916,2026-12-27,40
878,2916,2026-12-28,4
878,2916,2026-12-29,11
878,2916,2026-12-30,21
878,2916,2026-12-31,36
878,2916,2027-01-01,27
878,2916,2027-01-02,27
878,2916,2027-01-03,13
878,2916,2027-01-04,27
878,2916,2027-01-05,25
878,2916,2027-01-06,30
878,2916,2027-01-07,17
878,2916,2027-01-08,36
878,2916,2027-01-09,28
878,2916,2027-01-10,38
878,2916,2027-01-11,37
878,2916,2027-01-12,40
878,2916,2027-01-13,34
878,2916,2027-01-14,36
878,2916,2027-01-15,22
878,2916,2027-01-16,35
878,2916,2027-01-17,12
878,2916,2027-01-18,40
878,2916,2027-01-19,29
878,2916,2027-01-20,40
878,2916,2027-01-21,25
878,2916,2027-01-22,19
878,2916,2027-01-23,23
878,2916,2027-01-24,25
878,2916,2027-01-25,39
878,2917,2026-12-26,20
878,2917,2026-12-27,20
878,2917,2026-12-28,12
878,2917,2026-12-29,15
878,2917,2026-12-30,20
878,2917,2026-12-31,16
878,2917,2027-01-01,20
878,2917,2027-01-02,20
878,2917,2027-01-03,20
878,2917,2027-01-04,20
878,2917,2027-01-05,16
878,2917,2027-01-06,14
878,2917,2027-01-07,20
878,2917,2027-01-08,20
878,2917,2027-01-09,20
878,2917,2027-01-10,16
878,2917,2027-01-11,20
878,2917,2027-01-12,18
878,2917,2027-01-13,20
878,2917,2027-01-14,20
878,2917,2027-01-15,20
878,2917,2027-01-16,14
878,2917,2027-01-17,20
878,2917,2027-01-18,18
878,2917,2027-01-19,20
878,2917,2027-01-20,20
878,2917,2027-01-21,11
878,2917,2027-01-22,20
878,2917,2027-01-23,16
878,2917,2027-01-24,20
878,2917,2027-01-25,20
881,2927,2026-08-28,0
881,2927,2026-08-29,0
881,2927,2026-08-30,0
881,2927,2026-08-31,0
881,2927,2026-09-01,0
881,2927,2026-09-02,0
881,2927,2026-09-03,0
881,2927,2026-09-04,0
881,2927,2026-09-05,0
881,2927,2026-09-06,0
881,2927,2026-09-07,0
881,2927,2026-09-08,0
881,2927,2026-09-09,0
881,2927,2026-09-10,0
881,2927,2026-09-11,0
881,2927,2026-09-12,0
881,2927,2026-09-13,0
881,2927,2026-09-14,0
881,2927,2026-09-15,0
881,2927,2026-09-16,0
881,2927,2026-09-17,0
881,2927,2026-09-18,0
881,2927,2026-09-19,0
881,2927,2026-09-20,0
881,2927,2026-09-21,0
881,2927,2026-09-22,0
881,2927,2026-09-23,0
881,2927,2026-09-24,0
881,2927,2026-09-25,0
881,2927,2026-09-26,0
881,2927,2026-09-27,0
881,2928,2026-08-28,0
881,2928,2026-08-29,0
881,2928,2026-08-30,0
881,2928,2026-08-31,0
881,2928,2026-09-01,0
881,2928,2026-09-02,0
881,2928,2026-09-03,0
881,2928,2026-09-04,0
881,2928,2026-09-05,0
881,2928,2026-09-06,0
881,2928,2026-09-07,0
881,2928,2026-09-08,0
881,2928,2026-09-09,0
881,2928,2026-09-10,0
881,2928,2026-09-11,0
881,2928,2026-09-12,0
881,2928,2026-09-13,0
881,2928,2026-09-14,0
881,2928,2026-09-15,0
881,2928,2026-09-16,0
881,2928,2026-09-17,0
881,2928,2026-09-18,0
881,2928,2026-09-19,0
881,2928,2026-09-20,0
881,2928,2026-09-21,0
881,2928,2026-09-22,0
881,2928,2026-09-23,0
881,2928,2026-09-24,0
881,2928,2026-09-25,0
881,2928,2026-09-26,0
881,2928,2026-09-27,0
881,2929,2026-08-28,0
881,2929,2026-08-29,0
881,2929,2026-08-30,0
881,2929,2026-08-31,0
881,2929,2026-09-01,0
881,2929,2026-09-02,0
881,2929,2026-09-03,0
881,2929,2026-09-04,0
881,2929,2026-09-05,0
881,2929,2026-09-06,0
881,2929,2026-09-07,0
881,2929,2026-09-08,0
881,2929,2026-09-09,0
881,2929,2026-09-10,0
881,2929,2026-09-11,0
881,2929,2026-09-12,0
881,2929,2026-09-13,0
881,2929,2026-09-14,0
881,2929,2026-09-15,0
881,2929,2026-09-16,0
881,2929,2026-09-17,0
881,2929,2026-09-18,0
881,2929,2026-09-19,0
881,2929,2026-09-20,0
881,2929,2026-09-21,0
881,2929,2026-09-22,0
881,2929,2026-09-23,0
881,2929,2026-09-24,0
881,2929,2026-09-25,0
881,2929,2026-09-26,0
881,2929,2026-09-27,0
881,2930,2026-08-28,0
881,2930,2026-08-29,0
881,2930,2026-08-30,0
881,2930,2026-08-31,0
881,2930,2026-09-01,0
881,2930,2026-09-02,0
881,2930,2026-09-03,0
881,2930,2026-09-04,0
881,2930,2026-09-05,0
881,2930,2026-09-06,0
881,2930,2026-09-07,0
881,2930,2026-09-08,0
881,2930,2026-09-09,0
881,2930,2026-09-10,0
881,2930,2026-09-11,0
881,2930,2026-09-12,0
881,2930,2026-09-13,0
881,2930,2026-09-14,0
881,2930,2026-09-15,0
881,2930,2026-09-16,0
881,2930,2026-09-17,0
881,2930,2026-09-18,0
881,2930,2026-09-19,0
881,2930,2026-09-20,0
881,2930,2026-09-21,0
881,2930,2026-09-22,0
881,2930,2026-09-23,0
881,2930,2026-09-24,0
881,2930,2026-09-25,0
881,2930,2026-09-26,0
881,2930,2026-09-27,0
881,2931,2026-08-28,0
881,2931,2026-08-29,0
881,2931,2026-08-30,0
881,2931,2026-08-31,0
881,2931,2026-09-01,0
881,2931,2026-09-02,0
881,2931,2026-09-03,0
881,2931,2026-09-04,0
881,2931,2026-09-05,0
881,2931,2026-09-06,0
881,2931,2026-09-07,0
881,2931,2026-09-08,0
881,2931,2026-09-09,0
881,2931,2026-09-10,0
881,2931,2026-09-11,0
881,2931,2026-09-12,0
881,2931,2026-09-13,0
881,2931,2026-09-14,0
881,2931,2026-09-15,0
881,2931,2026-09-16,0
881,2931,2026-09-17,0
881,2931,2026-09-18,0
881,2931,2026-09-19,0
881,2931,2026-09-20,0
881,2931,2026-09-21,0
881,2931,2026-09-22,0
881,2931,2026-09-23,0
881,2931,2026-09-24,0
881,2931,2026-09-25,0
881,2931,2026-09-26,0
881,2931,2026-09-27,0
881,2932,2026-08-28,0
881,2932,2026-08-29,0
881,2932,2026-08-30,0
881,2932,2026-08-31,0
881,2932,2026-09-01,0
881,2932,2026-09-02,0
881,2932,2026-09-03,0
881,2932,2026-09-04,0
881,2932,2026-09-05,0
881,2932,2026-09-06,0
881,2932,2026-09-07,0
881,2932,2026-09-08,0
881,2932,2026-09-09,0
881,2932,2026-09-10,0
881,2932,2026-09-11,0
881,2932,2026-09-12,0
881,2932,2026-09-13,0
881,2932,2026-09-14,0
881,2932,2026-09-15,0
881,2932,2026-09-16,0
881,2932,2026-09-17,0
881,2932,2026-09-18,0
881,2932,2026-09-19,0
881,2932,2026-09-20,0
881,2932,2026-09-21,0
881,2932,2026-09-22,0
881,2932,2026-09-23,0
881,2932,2026-09-24,0
881,2932,2026-09-25,0
881,2932,2026-09-26,0
881,2932,2026-09-27,0
881,2933,2026-08-28,0
881,2933,2026-08-29,0
881,2933,2026-08-30,0
881,2933,2026-08-31,0
881,2933,2026-09-01,0
881,2933,2026-09-02,0
881,2933,2026-09-03,0
881,2933,2026-09-04,0
881,2933,2026-09-05,0
881,2933,2026-09-06,0
881,2933,2026-09-07,0
881,2933,2026-09-08,0
881,2933,2026-09-09,0
881,2933,2026-09-10,0
881,2933,2026-09-11,0
881,2933,2026-09-12,0
881,2933,2026-09-13,0
881,2933,2026-09-14,0
881,2933,2026-09-15,0
881,2933,2026-09-16,0
881,2933,2026-09-17,0
881,2933,2026-09-18,0
881,2933,2026-09-19,0
881,2933,2026-09-20,0
881,2933,2026-09-21,0
881,2933,2026-09-22,0
881,2933,2026-09-23,0
881,2933,2026-09-24,0
881,2933,2026-09-25,0
881,2933,2026-09-26,0
881,2933,2026-09-27,0
881,2934,2026-08-28,0
881,2934,2026-08-29,0
881,2934,2026-08-30,0
881,2934,2026-08-31,0
881,2934,2026-09-01,0
881,2934,2026-09-02,0
881,2934,2026-09-03,0
881,2934,2026-09-04,0
881,2934,2026-09-05,0
881,2934,2026-09-06,0
881,2934,2026-09-07,0
881,2934,2026-09-08,0
881,2934,2026-09-09,0
881,2934,2026-09-10,0
881,2934,2026-09-11,0
881,2934,2026-09-12,0
881,2934,2026-09-13,0
881,2934,2026-09-14,0
881,2934,2026-09-15,0
881,2934,2026-09-16,0
881,2934,2026-09-17,0
881,2934,2026-09-18,0
881,2934,2026-09-19,0
881,2934,2026-09-20,0
881,2934,2026-09-21,0
881,2934,2026-09-22,0
881,2934,2026-09-23,0
881,2934,2026-09-24,0
881,2934,2026-09-25,0
881,2934,2026-09-26,0
881,2934,2026-09-27,0
881,2935,2026-08-28,0
881,2935,2026-08-29,0
881,2935,2026-08-30,0
881,2935,2026-08-31,0
881,2935,2026-09-01,0
881,2935,2026-09-02,0
881,2935,2026-09-03,0
881,2935,2026-09-04,0
881,2935,2026-09-05,0
881,2935,2026-09-06,0
881,2935,2026-09-07,0
881,2935,2026-09-08,0
881,2935,2026-09-09,0
881,2935,2026-09-10,0
881,2935,2026-09-11,0
881,2935,2026-09-12,0
881,2935,2026-09-13,0
881,2935,2026-09-14,0
881,2935,2026-09-15,0
881,2935,2026-09-16,0
881,2935,2026-09-17,0
881,2935,2026-09-18,0
881,2935,2026-09-19,0
881,2935,2026-09-20,0
881,2935,2026-09-21,0
881,2935,2026-09-22,0
881,2935,2026-09-23,0
881,2935,2026-09-24,0
881,2935,2026-09-25,0
881,2935,2026-09-26,0
881,2935,2026-09-27,0
881,2936,2026-08-28,0
881,2936,2026-08-29,0
881,2936,2026-08-30,0
881,2936,2026-08-31,0
881,2936,2026-09-01,0
881,2936,2026-09-02,0
881,2936,2026-09-03,0
881,2936,2026-09-04,0
881,2936,2026-09-05,0
881,2936,2026-09-06,0
881,2936,2026-09-07,0
881,2936,2026-09-08,0
881,2936,2026-09-09,0
881,2936,2026-09-10,0
881,2936,2026-09-11,0
881,2936,2026-09-12,0
881,2936,2026-09-13,0
881,2936,2026-09-14,0
881,2936,2026-09-15,0
881,2936,2026-09-16,0
881,2936,2026-09-17,0
881,2936,2026-09-18,0
881,2936,2026-09-19,0
881,2936,2026-09-20,0
881,2936,2026-09-21,0
881,2936,2026-09-22,0
881,2936,2026-09-23,0
881,2936,2026-09-24,0
881,2936,2026-09-25,0
881,2936,2026-09-26,0
881,2936,2026-09-27,0
881,2937,2026-08-28,0
881,2937,2026-08-29,0
881,2937,2026-08-30,0
881,2937,2026-08-31,0
881,2937,2026-09-01,0
881,2937,2026-09-02,0
881,2937,2026-09-03,0
881,2937,2026-09-04,0
881,2937,2026-09-05,0
881,2937,2026-09-06,0
881,2937,2026-09-07,0
881,2937,2026-09-08,0
881,2937,2026-09-09,0
881,2937,2026-09-10,0
881,2937,2026-09-11,0
881,2937,2026-09-12,0
881,2937,2026-09-13,0
881,2937,2026-09-14,0
881,2937,2026-09-15,0
881,2937,2026-09-16,0
881,2937,2026-09-17,0
881,2937,2026-09-18,0
881,2937,2026-09-19,0
881,2937,2026-09-20,0
881,2937,2026-09-21,0
881,2937,2026-09-22,0
881,2937,2026-09-23,0
881,2937,2026-09-24,0
881,2937,2026-09-25,0
881,2937,2026-09-26,0
881,2937,2026-09-27,0
881,2938,2026-08-28,0
881,2938,2026-08-29,0
881,2938,2026-08-30,0
881,2938,2026-08-31,0
881,2938,2026-09-01,0
881,2938,2026-09-02,0
881,2938,2026-09-03,0
881,2938,2026-09-04,0
881,2938,2026-09-05,0
881,2938,2026-09-06,0
881,2938,2026-09-07,0
881,2938,2026-09-08,0
881,2938,2026-09-09,0
881,2938,2026-09-10,0
881,2938,2026-09-11,0
881,2938,2026-09-12,0
881,2938,2026-09-13,0
881,2938,2026-09-14,0
881,2938,2026-09-15,0
881,2938,2026-09-16,0
881,2938,2026-09-17,0
881,2938,2026-09-18,0
881,2938,2026-09-19,0
881,2938,2026-09-20,0
881,2938,2026-09-21,0
881,2938,2026-09-22,0
881,2938,2026-09-23,0
881,2938,2026-09-24,0
881,2938,2026-09-25,0
881,2938,2026-09-26,0
881,2938,2026-09-27,0
881,2939,2026-08-28,0
881,2939,2026-08-29,0
881,2939,2026-08-30,0
881,2939,2026-08-31,0
881,2939,2026-09-01,0
881,2939,2026-09-02,0
881,2939,2026-09-03,0
881,2939,2026-09-04,0
881,2939,2026-09-05,0
881,2939,2026-09-06,0
881,2939,2026-09-07,0
881,2939,2026-09-08,0
881,2939,2026-09-09,0
881,2939,2026-09-10,0
881,2939,2026-09-11,0
881,2939,2026-09-12,0
881,2939,2026-09-13,0
881,2939,2026-09-14,0
881,2939,2026-09-15,0
881,2939,2026-09-16,0
881,2939,2026-09-17,0
881,2939,2026-09-18,0
881,2939,2026-09-19,0
881,2939,2026-09-20,0
881,2939,2026-09-21,0
881,2939,2026-09-22,0
881,2939,2026-09-23,0
881,2939,2026-09-24,0
881,2939,2026-09-25,0
881,2939,2026-09-26,0
881,2939,2026-09-27,0
881,2940,2026-08-28,0
881,2940,2026-08-29,0
881,2940,2026-08-30,0
881,2940,2026-08-31,0
881,2940,2026-09-01,0
881,2940,2026-09-02,0
881,2940,2026-09-03,0
881,2940,2026-09-04,0
881,2940,2026-09-05,0
881,2940,2026-09-06,0
881,2940,2026-09-07,0
881,2940,2026-09-08,0
881,2940,2026-09-09,0
881,2940,2026-09-10,0
881,2940,2026-09-11,0
881,2940,2026-09-12,0
881,2940,2026-09-13,0
881,2940,2026-09-14,0
881,2940,2026-09-15,0
881,2940,2026-09-16,0
881,2940,2026-09-17,0
881,2940,2026-09-18,0
881,2940,2026-09-19,0
881,2940,2026-09-20,0
881,2940,2026-09-21,0
881,2940,2026-09-22,0
881,2940,2026-09-23,0
881,2940,2026-09-24,0
881,2940,2026-09-25,0
881,2940,2026-09-26,0
881,2940,2026-09-27,0
881,2927,2026-07-29,0
881,2927,2026-07-30,0
881,2927,2026-07-31,0
881,2927,2026-08-01,0
881,2927,2026-08-02,0
881,2927,2026-08-03,0
881,2927,2026-08-04,0
881,2927,2026-08-05,0
881,2927,2026-08-06,0
881,2927,2026-08-07,0
881,2927,2026-08-08,0
881,2927,2026-08-09,0
881,2927,2026-08-10,0
881,2927,2026-08-11,0
881,2927,2026-08-12,0
881,2927,2026-08-13,0
881,2927,2026-08-14,0
881,2927,2026-08-15,0
881,2927,2026-08-16,0
881,2927,2026-08-17,0
881,2927,2026-08-18,0
881,2927,2026-08-19,0
881,2927,2026-08-20,0
881,2927,2026-08-21,0
881,2927,2026-08-22,0
881,2927,2026-08-23,0
881,2927,2026-08-24,0
881,2927,2026-08-25,0
881,2927,2026-08-26,0
881,2927,2026-08-27,0
881,2927,2026-08-28,0
881,2928,2026-07-29,0
881,2928,2026-07-30,0
881,2928,2026-07-31,0
881,2928,2026-08-01,0
881,2928,2026-08-02,0
881,2928,2026-08-03,0
881,2928,2026-08-04,0
881,2928,2026-08-05,0
881,2928,2026-08-06,0
881,2928,2026-08-07,0
881,2928,2026-08-08,0
881,2928,2026-08-09,0
881,2928,2026-08-10,0
881,2928,2026-08-11,0
881,2928,2026-08-12,0
881,2928,2026-08-13,0
881,2928,2026-08-14,0
881,2928,2026-08-15,0
881,2928,2026-08-16,0
881,2928,2026-08-17,0
881,2928,2026-08-18,0
881,2928,2026-08-19,0
881,2928,2026-08-20,0
881,2928,2026-08-21,0
881,2928,2026-08-22,0
881,2928,2026-08-23,0
881,2928,2026-08-24,0
881,2928,2026-08-25,0
881,2928,2026-08-26,0
881,2928,2026-08-27,0
881,2928,2026-08-28,0
881,2929,2026-07-29,0
881,2929,2026-07-30,0
881,2929,2026-07-31,0
881,2929,2026-08-01,0
881,2929,2026-08-02,0
881,2929,2026-08-03,0
881,2929,2026-08-04,0
881,2929,2026-08-05,0
881,2929,2026-08-06,0
881,2929,2026-08-07,0
881,2929,2026-08-08,0
881,2929,2026-08-09,0
881,2929,2026-08-10,0
881,2929,2026-08-11,0
881,2929,2026-08-12,0
881,2929,2026-08-13,0
881,2929,2026-08-14,0
881,2929,2026-08-15,0
881,2929,2026-08-16,0
881,2929,2026-08-17,0
881,2929,2026-08-18,0
881,2929,2026-08-19,0
881,2929,2026-08-20,0
881,2929,2026-08-21,0
881,2929,2026-08-22,0
881,2929,2026-08-23,0
881,2929,2026-08-24,0
881,2929,2026-08-25,0
881,2929,2026-08-26,0
881,2929,2026-08-27,0
881,2929,2026-08-28,0
881,2930,2026-07-29,0
881,2930,2026-07-30,0
881,2930,2026-07-31,0
881,2930,2026-08-01,0
881,2930,2026-08-02,0
881,2930,2026-08-03,0
881,2930,2026-08-04,0
881,2930,2026-08-05,0
881,2930,2026-08-06,0
881,2930,2026-08-07,0
881,2930,2026-08-08,0
881,2930,2026-08-09,0
881,2930,2026-08-10,0
881,2930,2026-08-11,0
881,2930,2026-08-12,0
881,2930,2026-08-13,0
881,2930,2026-08-14,0
881,2930,2026-08-15,0
881,2930,2026-08-16,0
881,2930,2026-08-17,0
881,2930,2026-08-18,0
881,2930,2026-08-19,0
881,2930,2026-08-20,0
881,2930,2026-08-21,0
881,2930,2026-08-22,0
881,2930,2026-08-23,0
881,2930,2026-08-24,0
881,2930,2026-08-25,0
881,2930,2026-08-26,0
881,2930,2026-08-27,0
881,2930,2026-08-28,0
881,2931,2026-07-29,0
881,2931,2026-07-30,0
881,2931,2026-07-31,0
881,2931,2026-08-01,0
881,2931,2026-08-02,0
881,2931,2026-08-03,0
881,2931,2026-08-04,0
881,2931,2026-08-05,0
881,2931,2026-08-06,0
881,2931,2026-08-07,0
881,2931,2026-08-08,0
881,2931,2026-08-09,0
881,2931,2026-08-10,0
881,2931,2026-08-11,0
881,2931,2026-08-12,0
881,2931,2026-08-13,0
881,2931,2026-08-14,0
881,2931,2026-08-15,0
881,2931,2026-08-16,0
881,2931,2026-08-17,0
881,2931,2026-08-18,0
881,2931,2026-08-19,0
881,2931,2026-08-20,0
881,2931,2026-08-21,0
881,2931,2026-08-22,0
881,2931,2026-08-23,0
881,2931,2026-08-24,0
881,2931,2026-08-25,0
881,2931,2026-08-26,0
881,2931,2026-08-27,0
881,2931,2026-08-28,0
881,2932,2026-07-29,0
881,2932,2026-07-30,0
881,2932,2026-07-31,0
881,2932,2026-08-01,0
881,2932,2026-08-02,0
881,2932,2026-08-03,0
881,2932,2026-08-04,0
881,2932,2026-08-05,0
881,2932,2026-08-06,0
881,2932,2026-08-07,0
881,2932,2026-08-08,0
881,2932,2026-08-09,0
881,2932,2026-08-10,0
881,2932,2026-08-11,0
881,2932,2026-08-12,0
881,2932,2026-08-13,0
881,2932,2026-08-14,0
881,2932,2026-08-15,0
881,2932,2026-08-16,0
881,2932,2026-08-17,0
881,2932,2026-08-18,0
881,2932,2026-08-19,0
881,2932,2026-08-20,0
881,2932,2026-08-21,0
881,2932,2026-08-22,0
881,2932,2026-08-23,0
881,2932,2026-08-24,0
881,2932,2026-08-25,0
881,2932,2026-08-26,0
881,2932,2026-08-27,0
881,2932,2026-08-28,0
881,2933,2026-07-29,0
881,2933,2026-07-30,0
881,2933,2026-07-31,0
881,2933,2026-08-01,0
881,2933,2026-08-02,0
881,2933,2026-08-03,0
881,2933,2026-08-04,0
881,2933,2026-08-05,0
881,2933,2026-08-06,0
881,2933,2026-08-07,0
881,2933,2026-08-08,0
881,2933,2026-08-09,0
881,2933,2026-08-10,0
881,2933,2026-08-11,0
881,2933,2026-08-12,0
881,2933,2026-08-13,0
881,2933,2026-08-14,0
881,2933,2026-08-15,0
881,2933,2026-08-16,0
881,2933,2026-08-17,0
881,2933,2026-08-18,0
881,2933,2026-08-19,0
881,2933,2026-08-20,0
881,2933,2026-08-21,0
881,2933,2026-08-22,0
881,2933,2026-08-23,0
881,2933,2026-08-24,0
881,2933,2026-08-25,0
881,2933,2026-08-26,0
881,2933,2026-08-27,0
881,2933,2026-08-28,0
881,2934,2026-07-29,0
881,2934,2026-07-30,0
881,2934,2026-07-31,0
881,2934,2026-08-01,0
881,2934,2026-08-02,0
881,2934,2026-08-03,0
881,2934,2026-08-04,0
881,2934,2026-08-05,0
881,2934,2026-08-06,0
881,2934,2026-08-07,0
881,2934,2026-08-08,0
881,2934,2026-08-09,0
881,2934,2026-08-10,0
881,2934,2026-08-11,0
881,2934,2026-08-12,0
881,2934,2026-08-13,0
881,2934,2026-08-14,0
881,2934,2026-08-15,0
881,2934,2026-08-16,0
881,2934,2026-08-17,0
881,2934,2026-08-18,0
881,2934,2026-08-19,0
881,2934,2026-08-20,0
881,2934,2026-08-21,0
881,2934,2026-08-22,0
881,2934,2026-08-23,0
881,2934,2026-08-24,0
881,2934,2026-08-25,0
881,2934,2026-08-26,0
881,2934,2026-08-27,0
881,2934,2026-08-28,0
881,2935,2026-07-29,0
881,2935,2026-07-30,0
881,2935,2026-07-31,0
881,2935,2026-08-01,0
881,2935,2026-08-02,0
881,2935,2026-08-03,0
881,2935,2026-08-04,0
881,2935,2026-08-05,0
881,2935,2026-08-06,0
881,2935,2026-08-07,0
881,2935,2026-08-08,0
881,2935,2026-08-09,0
881,2935,2026-08-10,0
881,2935,2026-08-11,0
881,2935,2026-08-12,0
881,2935,2026-08-13,0
881,2935,2026-08-14,0
881,2935,2026-08-15,0
881,2935,2026-08-16,0
881,2935,2026-08-17,0
881,2935,2026-08-18,0
881,2935,2026-08-19,0
881,2935,2026-08-20,0
881,2935,2026-08-21,0
881,2935,2026-08-22,0
881,2935,2026-08-23,0
881,2935,2026-08-24,0
881,2935,2026-08-25,0
881,2935,2026-08-26,0
881,2935,2026-08-27,0
881,2935,2026-08-28,0
881,2936,2026-07-29,0
881,2936,2026-07-30,0
881,2936,2026-07-31,0
881,2936,2026-08-01,0
881,2936,2026-08-02,0
881,2936,2026-08-03,0
881,2936,2026-08-04,0
881,2936,2026-08-05,0
881,2936,2026-08-06,0
881,2936,2026-08-07,0
881,2936,2026-08-08,0
881,2936,2026-08-09,0
881,2936,2026-08-10,0
881,2936,2026-08-11,0
881,2936,2026-08-12,0
881,2936,2026-08-13,0
881,2936,2026-08-14,0
881,2936,2026-08-15,0
881,2936,2026-08-16,0
881,2936,2026-08-17,0
881,2936,2026-08-18,0
881,2936,2026-08-19,0
881,2936,2026-08-20,0
881,2936,2026-08-21,0
881,2936,2026-08-22,0
881,2936,2026-08-23,0
881,2936,2026-08-24,0
881,2936,2026-08-25,0
881,2936,2026-08-26,0
881,2936,2026-08-27,0
881,2936,2026-08-28,0
881,2937,2026-07-29,0
881,2937,2026-07-30,0
881,2937,2026-07-31,0
881,2937,2026-08-01,0
881,2937,2026-08-02,0
881,2937,2026-08-03,0
881,2937,2026-08-04,0
881,2937,2026-08-05,0
881,2937,2026-08-06,0
881,2937,2026-08-07,0
881,2937,2026-08-08,0
881,2937,2026-08-09,0
881,2937,2026-08-10,0
881,2937,2026-08-11,0
881,2937,2026-08-12,0
881,2937,2026-08-13,0
881,2937,2026-08-14,0
881,2937,2026-08-15,0
881,2937,2026-08-16,0
881,2937,2026-08-17,0
881,2937,2026-08-18,0
881,2937,2026-08-19,0
881,2937,2026-08-20,0
881,2937,2026-08-21,0
881,2937,2026-08-22,0
881,2937,2026-08-23,0
881,2937,2026-08-24,0
881,2937,2026-08-25,0
881,2937,2026-08-26,0
881,2937,2026-08-27,0
881,2937,2026-08-28,0
881,2938,2026-07-29,0
881,2938,2026-07-30,0
881,2938,2026-07-31,0
881,2938,2026-08-01,0
881,2938,2026-08-02,0
881,2938,2026-08-03,0
881,2938,2026-08-04,0
881,2938,2026-08-05,0
881,2938,2026-08-06,0
881,2938,2026-08-07,0
881,2938,2026-08-08,0
881,2938,2026-08-09,0
881,2938,2026-08-10,0
881,2938,2026-08-11,0
881,2938,2026-08-12,0
881,2938,2026-08-13,0
881,2938,2026-08-14,0
881,2938,2026-08-15,0
881,2938,2026-08-16,0
881,2938,2026-08-17,0
881,2938,2026-08-18,0
881,2938,2026-08-19,0
881,2938,2026-08-20,0
881,2938,2026-08-21,0
881,2938,2026-08-22,0
881,2938,2026-08-23,0
881,2938,2026-08-24,0
881,2938,2026-08-25,0
881,2938,2026-08-26,0
881,2938,2026-08-27,0
881,2938,2026-08-28,0
881,2939,2026-07-29,0
881,2939,2026-07-30,0
881,2939,2026-07-31,0
881,2939,2026-08-01,0
881,2939,2026-08-02,0
881,2939,2026-08-03,0
881,2939,2026-08-04,0
881,2939,2026-08-05,0
881,2939,2026-08-06,0
881,2939,2026-08-07,0
881,2939,2026-08-08,0
881,2939,2026-08-09,0
881,2939,2026-08-10,0
881,2939,2026-08-11,0
881,2939,2026-08-12,0
881,2939,2026-08-13,0
881,2939,2026-08-14,0
881,2939,2026-08-15,0
881,2939,2026-08-16,0
881,2939,2026-08-17,0
881,2939,2026-08-18,0
881,2939,2026-08-19,0
881,2939,2026-08-20,0
881,2939,2026-08-21,0
881,2939,2026-08-22,0
881,2939,2026-08-23,0
881,2939,2026-08-24,0
881,2939,2026-08-25,0
881,2939,2026-08-26,0
881,2939,2026-08-27,0
881,2939,2026-08-28,0
881,2940,2026-07-29,0
881,2940,2026-07-30,0
881,2940,2026-07-31,0
881,2940,2026-08-01,0
881,2940,2026-08-02,0
881,2940,2026-08-03,0
881,2940,2026-08-04,0
881,2940,2026-08-05,0
881,2940,2026-08-06,0
881,2940,2026-08-07,0
881,2940,2026-08-08,0
881,2940,2026-08-09,0
881,2940,2026-08-10,0
881,2940,2026-08-11,0
881,2940,2026-08-12,0
881,2940,2026-08-13,0
881,2940,2026-08-14,0
881,2940,2026-08-15,0
881,2940,2026-08-16,0
881,2940,2026-08-17,0
881,2940,2026-08-18,0
881,2940,2026-08-19,0
881,2940,2026-08-20,0
881,2940,2026-08-21,0
881,2940,2026-08-22,0
881,2940,2026-08-23,0
881,2940,2026-08-24,0
881,2940,2026-08-25,0
881,2940,2026-08-26,0
881,2940,2026-08-27,0
881,2940,2026-08-28,0
881,2927,2026-06-29,0
881,2927,2026-06-30,0
881,2927,2026-07-01,0
881,2927,2026-07-02,0
881,2927,2026-07-03,0
881,2927,2026-07-04,0
881,2927,2026-07-05,0
881,2927,2026-07-06,0
881,2927,2026-07-07,0
881,2927,2026-07-08,0
881,2927,2026-07-09,0
881,2927,2026-07-10,0
881,2927,2026-07-11,0
881,2927,2026-07-12,0
881,2927,2026-07-13,0
881,2927,2026-07-14,0
881,2927,2026-07-15,0
881,2927,2026-07-16,0
881,2927,2026-07-17,0
881,2927,2026-07-18,0
881,2927,2026-07-19,0
881,2927,2026-07-20,0
881,2927,2026-07-21,0
881,2927,2026-07-22,0
881,2927,2026-07-23,0
881,2927,2026-07-24,0
881,2927,2026-07-25,0
881,2927,2026-07-26,0
881,2927,2026-07-27,0
881,2927,2026-07-28,0
881,2927,2026-07-29,0
881,2928,2026-06-29,0
881,2928,2026-06-30,0
881,2928,2026-07-01,0
881,2928,2026-07-02,0
881,2928,2026-07-03,0
881,2928,2026-07-04,0
881,2928,2026-07-05,0
881,2928,2026-07-06,0
881,2928,2026-07-07,0
881,2928,2026-07-08,0
881,2928,2026-07-09,0
881,2928,2026-07-10,0
881,2928,2026-07-11,0
881,2928,2026-07-12,0
881,2928,2026-07-13,0
881,2928,2026-07-14,0
881,2928,2026-07-15,0
881,2928,2026-07-16,0
881,2928,2026-07-17,0
881,2928,2026-07-18,0
881,2928,2026-07-19,0
881,2928,2026-07-20,0
881,2928,2026-07-21,0
881,2928,2026-07-22,0
881,2928,2026-07-23,0
881,2928,2026-07-24,0
881,2928,2026-07-25,0
881,2928,2026-07-26,0
881,2928,2026-07-27,0
881,2928,2026-07-28,0
881,2928,2026-07-29,0
881,2929,2026-06-29,0
881,2929,2026-06-30,0
881,2929,2026-07-01,0
881,2929,2026-07-02,0
881,2929,2026-07-03,0
881,2929,2026-07-04,0
881,2929,2026-07-05,0
881,2929,2026-07-06,0
881,2929,2026-07-07,0
881,2929,2026-07-08,0
881,2929,2026-07-09,0
881,2929,2026-07-10,0
881,2929,2026-07-11,0
881,2929,2026-07-12,0
881,2929,2026-07-13,0
881,2929,2026-07-14,0
881,2929,2026-07-15,0
881,2929,2026-07-16,0
881,2929,2026-07-17,0
881,2929,2026-07-18,0
881,2929,2026-07-19,0
881,2929,2026-07-20,0
881,2929,2026-07-21,0
881,2929,2026-07-22,0
881,2929,2026-07-23,0
881,2929,2026-07-24,0
881,2929,2026-07-25,0
881,2929,2026-07-26,0
881,2929,2026-07-27,0
881,2929,2026-07-28,0
881,2929,2026-07-29,0
881,2930,2026-06-29,0
881,2930,2026-06-30,0
881,2930,2026-07-01,0
881,2930,2026-07-02,0
881,2930,2026-07-03,0
881,2930,2026-07-04,0
881,2930,2026-07-05,0
881,2930,2026-07-06,0
881,2930,2026-07-07,0
881,2930,2026-07-08,0
881,2930,2026-07-09,0
881,2930,2026-07-10,0
881,2930,2026-07-11,0
881,2930,2026-07-12,0
881,2930,2026-07-13,0
881,2930,2026-07-14,0
881,2930,2026-07-15,0
881,2930,2026-07-16,0
881,2930,2026-07-17,0
881,2930,2026-07-18,0
881,2930,2026-07-19,0
881,2930,2026-07-20,0
881,2930,2026-07-21,0
881,2930,2026-07-22,0
881,2930,2026-07-23,0
881,2930,2026-07-24,0
881,2930,2026-07-25,0
881,2930,2026-07-26,0
881,2930,2026-07-27,0
881,2930,2026-07-28,0
881,2930,2026-07-29,0
881,2931,2026-06-29,0
881,2931,2026-06-30,0
881,2931,2026-07-01,0
881,2931,2026-07-02,0
881,2931,2026-07-03,0
881,2931,2026-07-04,0
881,2931,2026-07-05,0
881,2931,2026-07-06,0
881,2931,2026-07-07,0
881,2931,2026-07-08,0
881,2931,2026-07-09,0
881,2931,2026-07-10,0
881,2931,2026-07-11,0
881,2931,2026-07-12,0
881,2931,2026-07-13,0
881,2931,2026-07-14,0
881,2931,2026-07-15,0
881,2931,2026-07-16,0
881,2931,2026-07-17,0
881,2931,2026-07-18,0
881,2931,2026-07-19,0
881,2931,2026-07-20,0
881,2931,2026-07-21,0
881,2931,2026-07-22,0
881,2931,2026-07-23,0
881,2931,2026-07-24,0
881,2931,2026-07-25,0
881,2931,2026-07-26,0
881,2931,2026-07-27,0
881,2931,2026-07-28,0
881,2931,2026-07-29,0
881,2932,2026-06-29,0
881,2932,2026-06-30,0
881,2932,2026-07-01,0
881,2932,2026-07-02,0
881,2932,2026-07-03,0
881,2932,2026-07-04,0
881,2932,2026-07-05,0
881,2932,2026-07-06,0
881,2932,2026-07-07,0
881,2932,2026-07-08,0
881,2932,2026-07-09,0
881,2932,2026-07-10,0
881,2932,2026-07-11,0
881,2932,2026-07-12,0
881,2932,2026-07-13,0
881,2932,2026-07-14,0
881,2932,2026-07-15,0
881,2932,2026-07-16,0
881,2932,2026-07-17,0
881,2932,2026-07-18,0
881,2932,2026-07-19,0
881,2932,2026-07-20,0
881,2932,2026-07-21,0
881,2932,2026-07-22,0
881,2932,2026-07-23,0
881,2932,2026-07-24,0
881,2932,2026-07-25,0
881,2932,2026-07-26,0
881,2932,2026-07-27,0
881,2932,2026-07-28,0
881,2932,2026-07-29,0
881,2933,2026-06-29,0
881,2933,2026-06-30,0
881,2933,2026-07-01,0
881,2933,2026-07-02,0
881,2933,2026-07-03,0
881,2933,2026-07-04,0
881,2933,2026-07-05,0
881,2933,2026-07-06,0
881,2933,2026-07-07,0
881,2933,2026-07-08,0
881,2933,2026-07-09,0
881,2933,2026-07-10,0
881,2933,2026-07-11,0
881,2933,2026-07-12,0
881,2933,2026-07-13,0
881,2933,2026-07-14,0
881,2933,2026-07-15,0
881,2933,2026-07-16,0
881,2933,2026-07-17,0
881,2933,2026-07-18,0
881,2933,2026-07-19,0
881,2933,2026-07-20,0
881,2933,2026-07-21,0
881,2933,2026-07-22,0
881,2933,2026-07-23,0
881,2933,2026-07-24,0
881,2933,2026-07-25,0
881,2933,2026-07-26,0
881,2933,2026-07-27,0
881,2933,2026-07-28,0
881,2933,2026-07-29,0
881,2934,2026-06-29,0
881,2934,2026-06-30,0
881,2934,2026-07-01,0
881,2934,2026-07-02,0
881,2934,2026-07-03,0
881,2934,2026-07-04,0
881,2934,2026-07-05,0
881,2934,2026-07-06,0
881,2934,2026-07-07,0
881,2934,2026-07-08,0
881,2934,2026-07-09,0
881,2934,2026-07-10,0
881,2934,2026-07-11,0
881,2934,2026-07-12,0
881,2934,2026-07-13,0
881,2934,2026-07-14,0
881,2934,2026-07-15,0
881,2934,2026-07-16,0
881,2934,2026-07-17,0
881,2934,2026-07-18,0
881,2934,2026-07-19,0
881,2934,2026-07-20,0
881,2934,2026-07-21,0
881,2934,2026-07-22,0
881,2934,2026-07-23,0
881,2934,2026-07-24,0
881,2934,2026-07-25,0
881,2934,2026-07-26,0
881,2934,2026-07-27,0
881,2934,2026-07-28,0
881,2934,2026-07-29,0
881,2935,2026-06-29,0
881,2935,2026-06-30,0
881,2935,2026-07-01,0
881,2935,2026-07-02,0
881,2935,2026-07-03,0
881,2935,2026-07-04,0
881,2935,2026-07-05,0
881,2935,2026-07-06,0
881,2935,2026-07-07,0
881,2935,2026-07-08,0
881,2935,2026-07-09,0
881,2935,2026-07-10,0
881,2935,2026-07-11,0
881,2935,2026-07-12,0
881,2935,2026-07-13,0
881,2935,2026-07-14,0
881,2935,2026-07-15,0
881,2935,2026-07-16,0
881,2935,2026-07-17,0
881,2935,2026-07-18,0
881,2935,2026-07-19,0
881,2935,2026-07-20,0
881,2935,2026-07-21,0
881,2935,2026-07-22,0
881,2935,2026-07-23,0
881,2935,2026-07-24,0
881,2935,2026-07-25,0
881,2935,2026-07-26,0
881,2935,2026-07-27,0
881,2935,2026-07-28,0
881,2935,2026-07-29,0
881,2936,2026-06-29,0
881,2936,2026-06-30,0
881,2936,2026-07-01,0
881,2936,2026-07-02,0
881,2936,2026-07-03,0
881,2936,2026-07-04,0
881,2936,2026-07-05,0
881,2936,2026-07-06,0
881,2936,2026-07-07,0
881,2936,2026-07-08,0
881,2936,2026-07-09,0
881,2936,2026-07-10,0
881,2936,2026-07-11,0
881,2936,2026-07-12,0
881,2936,2026-07-13,0
881,2936,2026-07-14,0
881,2936,2026-07-15,0
881,2936,2026-07-16,0
881,2936,2026-07-17,0
881,2936,2026-07-18,0
881,2936,2026-07-19,0
881,2936,2026-07-20,0
881,2936,2026-07-21,0
881,2936,2026-07-22,0
881,2936,2026-07-23,0
881,2936,2026-07-24,0
881,2936,2026-07-25,0
881,2936,2026-07-26,0
881,2936,2026-07-27,0
881,2936,2026-07-28,0
881,2936,2026-07-29,0
881,2937,2026-06-29,0
881,2937,2026-06-30,0
881,2937,2026-07-01,0
881,2937,2026-07-02,0
881,2937,2026-07-03,0
881,2937,2026-07-04,0
881,2937,2026-07-05,0
881,2937,2026-07-06,0
881,2937,2026-07-07,0
881,2937,2026-07-08,0
881,2937,2026-07-09,0
881,2937,2026-07-10,0
881,2937,2026-07-11,0
881,2937,2026-07-12,0
881,2937,2026-07-13,0
881,2937,2026-07-14,0
881,2937,2026-07-15,0
881,2937,2026-07-16,0
881,2937,2026-07-17,0
881,2937,2026-07-18,0
881,2937,2026-07-19,0
881,2937,2026-07-20,0
881,2937,2026-07-21,0
881,2937,2026-07-22,0
881,2937,2026-07-23,0
881,2937,2026-07-24,0
881,2937,2026-07-25,0
881,2937,2026-07-26,0
881,2937,2026-07-27,0
881,2937,2026-07-28,0
881,2937,2026-07-29,0
881,2938,2026-06-29,0
881,2938,2026-06-30,0
881,2938,2026-07-01,0
881,2938,2026-07-02,0
881,2938,2026-07-03,0
881,2938,2026-07-04,0
881,2938,2026-07-05,0
881,2938,2026-07-06,0
881,2938,2026-07-07,0
881,2938,2026-07-08,0
881,2938,2026-07-09,0
881,2938,2026-07-10,0
881,2938,2026-07-11,0
881,2938,2026-07-12,0
881,2938,2026-07-13,0
881,2938,2026-07-14,0
881,2938,2026-07-15,0
881,2938,2026-07-16,0
881,2938,2026-07-17,0
881,2938,2026-07-18,0
881,2938,2026-07-19,0
881,2938,2026-07-20,0
881,2938,2026-07-21,0
881,2938,2026-07-22,0
881,2938,2026-07-23,0
881,2938,2026-07-24,0
881,2938,2026-07-25,0
881,2938,2026-07-26,0
881,2938,2026-07-27,0
881,2938,2026-07-28,0
881,2938,2026-07-29,0
881,2939,2026-06-29,0
881,2939,2026-06-30,0
881,2939,2026-07-01,0
881,2939,2026-07-02,0
881,2939,2026-07-03,0
881,2939,2026-07-04,0
881,2939,2026-07-05,0
881,2939,2026-07-06,0
881,2939,2026-07-07,0
881,2939,2026-07-08,0
881,2939,2026-07-09,0
881,2939,2026-07-10,0
881,2939,2026-07-11,0
881,2939,2026-07-12,0
881,2939,2026-07-13,0
881,2939,2026-07-14,0
881,2939,2026-07-15,0
881,2939,2026-07-16,0
881,2939,2026-07-17,0
881,2939,2026-07-18,0
881,2939,2026-07-19,0
881,2939,2026-07-20,0
881,2939,2026-07-21,0
881,2939,2026-07-22,0
881,2939,2026-07-23,0
881,2939,2026-07-24,0
881,2939,2026-07-25,0
881,2939,2026-07-26,0
881,2939,2026-07-27,0
881,2939,2026-07-28,0
881,2939,2026-07-29,0
881,2940,2026-06-29,0
881,2940,2026-06-30,0
881,2940,2026-07-01,0
881,2940,2026-07-02,0
881,2940,2026-07-03,0
881,2940,2026-07-04,0
881,2940,2026-07-05,0
881,2940,2026-07-06,0
881,2940,2026-07-07,0
881,2940,2026-07-08,0
881,2940,2026-07-09,0
881,2940,2026-07-10,0
881,2940,2026-07-11,0
881,2940,2026-07-12,0
881,2940,2026-07-13,0
881,2940,2026-07-14,0
881,2940,2026-07-15,0
881,2940,2026-07-16,0
881,2940,2026-07-17,0
881,2940,2026-07-18,0
881,2940,2026-07-19,0
881,2940,2026-07-20,0
881,2940,2026-07-21,0
881,2940,2026-07-22,0
881,2940,2026-07-23,0
881,2940,2026-07-24,0
881,2940,2026-07-25,0
881,2940,2026-07-26,0
881,2940,2026-07-27,0
881,2940,2026-07-28,0
881,2940,2026-07-29,0
881,2927,2026-09-27,0
881,2927,2026-09-28,0
881,2927,2026-09-29,0
881,2927,2026-09-30,0
881,2927,2026-10-01,36
881,2927,2026-10-02,36
881,2927,2026-10-03,36
881,2927,2026-10-04,36
881,2927,2026-10-05,36
881,2927,2026-10-06,34
881,2927,2026-10-07,36
881,2927,2026-10-08,36
881,2927,2026-10-09,36
881,2927,2026-10-10,36
881,2927,2026-10-11,36
881,2927,2026-10-12,36
881,2927,2026-10-13,36
881,2927,2026-10-14,36
881,2927,2026-10-15,36
881,2927,2026-10-16,36
881,2927,2026-10-17,36
881,2927,2026-10-18,36
881,2927,2026-10-19,36
881,2927,2026-10-20,16
881,2927,2026-10-21,36
881,2927,2026-10-22,36
881,2927,2026-10-23,32
881,2927,2026-10-24,0
881,2927,2026-10-25,36
881,2927,2026-10-26,36
881,2927,2026-10-27,36
881,2928,2026-09-27,0
881,2928,2026-09-28,0
881,2928,2026-09-29,0
881,2928,2026-09-30,0
881,2928,2026-10-01,24
881,2928,2026-10-02,18
881,2928,2026-10-03,24
881,2928,2026-10-04,24
881,2928,2026-10-05,24
881,2928,2026-10-06,24
881,2928,2026-10-07,24
881,2928,2026-10-08,24
881,2928,2026-10-09,19
881,2928,2026-10-10,24
881,2928,2026-10-11,24
881,2928,2026-10-12,22
881,2928,2026-10-13,24
881,2928,2026-10-14,24
881,2928,2026-10-15,24
881,2928,2026-10-16,24
881,2928,2026-10-17,24
881,2928,2026-10-18,24
881,2928,2026-10-19,20
881,2928,2026-10-20,24
881,2928,2026-10-21,22
881,2928,2026-10-22,24
881,2928,2026-10-23,24
881,2928,2026-10-24,0
881,2928,2026-10-25,20
881,2928,2026-10-26,18
881,2928,2026-10-27,20
881,2929,2026-09-27,0
881,2929,2026-09-28,0
881,2929,2026-09-29,0
881,2929,2026-09-30,0
881,2929,2026-10-01,24
881,2929,2026-10-02,24
881,2929,2026-10-03,24
881,2929,2026-10-04,24
881,2929,2026-10-05,22
881,2929,2026-10-06,24
881,2929,2026-10-07,24
881,2929,2026-10-08,24
881,2929,2026-10-09,24
881,2929,2026-10-10,24
881,2929,2026-10-11,24
881,2929,2026-10-12,24
881,2929,2026-10-13,24
881,2929,2026-10-14,14
881,2929,2026-10-15,24
881,2929,2026-10-16,24
881,2929,2026-10-17,24
881,2929,2026-10-18,24
881,2929,2026-10-19,14
881,2929,2026-10-20,24
881,2929,2026-10-21,24
881,2929,2026-10-22,24
881,2929,2026-10-23,24
881,2929,2026-10-24,24
881,2929,2026-10-25,24
881,2929,2026-10-26,24
881,2929,2026-10-27,22
881,2930,2026-09-27,0
881,2930,2026-09-28,0
881,2930,2026-09-29,0
881,2930,2026-09-30,0
881,2930,2026-10-01,20
881,2930,2026-10-02,20
881,2930,2026-10-03,20
881,2930,2026-10-04,20
881,2930,2026-10-05,20
881,2930,2026-10-06,20
881,2930,2026-10-07,20
881,2930,2026-10-08,20
881,2930,2026-10-09,20
881,2930,2026-10-10,20
881,2930,2026-10-11,20
881,2930,2026-10-12,20
881,2930,2026-10-13,20
881,2930,2026-10-14,20
881,2930,2026-10-15,20
881,2930,2026-10-16,20
881,2930,2026-10-17,20
881,2930,2026-10-18,20
881,2930,2026-10-19,0
881,2930,2026-10-20,20
881,2930,2026-10-21,20
881,2930,2026-10-22,20
881,2930,2026-10-23,20
881,2930,2026-10-24,20
881,2930,2026-10-25,20
881,2930,2026-10-26,20
881,2930,2026-10-27,20
881,2931,2026-09-27,0
881,2931,2026-09-28,0
881,2931,2026-09-29,0
881,2931,2026-09-30,0
881,2931,2026-10-01,20
881,2931,2026-10-02,20
881,2931,2026-10-03,20
881,2931,2026-10-04,20
881,2931,2026-10-05,20
881,2931,2026-10-06,20
881,2931,2026-10-07,20
881,2931,2026-10-08,20
881,2931,2026-10-09,20
881,2931,2026-10-10,20
881,2931,2026-10-11,20
881,2931,2026-10-12,20
881,2931,2026-10-13,20
881,2931,2026-10-14,20
881,2931,2026-10-15,20
881,2931,2026-10-16,10
881,2931,2026-10-17,20
881,2931,2026-10-18,20
881,2931,2026-10-19,20
881,2931,2026-10-20,20
881,2931,2026-10-21,10
881,2931,2026-10-22,20
881,2931,2026-10-23,20
881,2931,2026-10-24,0
881,2931,2026-10-25,20
881,2931,2026-10-26,20
881,2931,2026-10-27,20
881,2932,2026-09-27,0
881,2932,2026-09-28,0
881,2932,2026-09-29,0
881,2932,2026-09-30,0
881,2932,2026-10-01,36
881,2932,2026-10-02,36
881,2932,2026-10-03,36
881,2932,2026-10-04,36
881,2932,2026-10-05,36
881,2932,2026-10-06,36
881,2932,2026-10-07,36
881,2932,2026-10-08,36
881,2932,2026-10-09,36
881,2932,2026-10-10,36
881,2932,2026-10-11,36
881,2932,2026-10-12,36
881,2932,2026-10-13,36
881,2932,2026-10-14,36
881,2932,2026-10-15,36
881,2932,2026-10-16,36
881,2932,2026-10-17,36
881,2932,2026-10-18,36
881,2932,2026-10-19,36
881,2932,2026-10-20,36
881,2932,2026-10-21,36
881,2932,2026-10-22,36
881,2932,2026-10-23,36
881,2932,2026-10-24,34
881,2932,2026-10-25,36
881,2932,2026-10-26,36
881,2932,2026-10-27,36
881,2933,2026-09-27,0
881,2933,2026-09-28,0
881,2933,2026-09-29,0
881,2933,2026-09-30,0
881,2933,2026-10-01,20
881,2933,2026-10-02,20
881,2933,2026-10-03,20
881,2933,2026-10-04,20
881,2933,2026-10-05,20
881,2933,2026-10-06,20
881,2933,2026-10-07,18
881,2933,2026-10-08,20
881,2933,2026-10-09,20
881,2933,2026-10-10,20
881,2933,2026-10-11,20
881,2933,2026-10-12,20
881,2933,2026-10-13,20
881,2933,2026-10-14,20
881,2933,2026-10-15,20
881,2933,2026-10-16,20
881,2933,2026-10-17,20
881,2933,2026-10-18,20
881,2933,2026-10-19,20
881,2933,2026-10-20,20
881,2933,2026-10-21,20
881,2933,2026-10-22,0
881,2933,2026-10-23,20
881,2933,2026-10-24,20
881,2933,2026-10-25,20
881,2933,2026-10-26,20
881,2933,2026-10-27,20
881,2934,2026-09-27,0
881,2934,2026-09-28,0
881,2934,2026-09-29,0
881,2934,2026-09-30,0
881,2934,2026-10-01,20
881,2934,2026-10-02,20
881,2934,2026-10-03,20
881,2934,2026-10-04,20
881,2934,2026-10-05,20
881,2934,2026-10-06,20
881,2934,2026-10-07,20
881,2934,2026-10-08,20
881,2934,2026-10-09,20
881,2934,2026-10-10,20
881,2934,2026-10-11,20
881,2934,2026-10-12,20
881,2934,2026-10-13,20
881,2934,2026-10-14,20
881,2934,2026-10-15,10
881,2934,2026-10-16,20
881,2934,2026-10-17,20
881,2934,2026-10-18,20
881,2934,2026-10-19,20
881,2934,2026-10-20,10
881,2934,2026-10-21,20
881,2934,2026-10-22,20
881,2934,2026-10-23,0
881,2934,2026-10-24,16
881,2934,2026-10-25,20
881,2934,2026-10-26,20
881,2934,2026-10-27,20
881,2935,2026-09-27,0
881,2935,2026-09-28,0
881,2935,2026-09-29,0
881,2935,2026-09-30,0
881,2935,2026-10-01,36
881,2935,2026-10-02,36
881,2935,2026-10-03,36
881,2935,2026-10-04,36
881,2935,2026-10-05,36
881,2935,2026-10-06,36
881,2935,2026-10-07,36
881,2935,2026-10-08,36
881,2935,2026-10-09,36
881,2935,2026-10-10,34
881,2935,2026-10-11,36
881,2935,2026-10-12,36
881,2935,2026-10-13,36
881,2935,2026-10-14,36
881,2935,2026-10-15,36
881,2935,2026-10-16,36
881,2935,2026-10-17,36
881,2935,2026-10-18,36
881,2935,2026-10-19,36
881,2935,2026-10-20,36
881,2935,2026-10-21,36
881,2935,2026-10-22,36
881,2935,2026-10-23,36
881,2935,2026-10-24,30
881,2935,2026-10-25,36
881,2935,2026-10-26,34
881,2935,2026-10-27,36
881,2936,2026-09-27,0
881,2936,2026-09-28,0
881,2936,2026-09-29,0
881,2936,2026-09-30,0
881,2936,2026-10-01,20
881,2936,2026-10-02,20
881,2936,2026-10-03,20
881,2936,2026-10-04,20
881,2936,2026-10-05,20
881,2936,2026-10-06,20
881,2936,2026-10-07,20
881,2936,2026-10-08,20
881,2936,2026-10-09,20
881,2936,2026-10-10,20
881,2936,2026-10-11,20
881,2936,2026-10-12,20
881,2936,2026-10-13,20
881,2936,2026-10-14,20
881,2936,2026-10-15,20
881,2936,2026-10-16,20
881,2936,2026-10-17,20
881,2936,2026-10-18,20
881,2936,2026-10-19,20
881,2936,2026-10-20,20
881,2936,2026-10-21,20
881,2936,2026-10-22,20
881,2936,2026-10-23,20
881,2936,2026-10-24,20
881,2936,2026-10-25,20
881,2936,2026-10-26,20
881,2936,2026-10-27,20
881,2937,2026-09-27,0
881,2937,2026-09-28,0
881,2937,2026-09-29,0
881,2937,2026-09-30,0
881,2937,2026-10-01,36
881,2937,2026-10-02,36
881,2937,2026-10-03,36
881,2937,2026-10-04,36
881,2937,2026-10-05,36
881,2937,2026-10-06,36
881,2937,2026-10-07,36
881,2937,2026-10-08,36
881,2937,2026-10-09,36
881,2937,2026-10-10,36
881,2937,2026-10-11,36
881,2937,2026-10-12,36
881,2937,2026-10-13,36
881,2937,2026-10-14,36
881,2937,2026-10-15,36
881,2937,2026-10-16,36
881,2937,2026-10-17,36
881,2937,2026-10-18,36
881,2937,2026-10-19,36
881,2937,2026-10-20,36
881,2937,2026-10-21,16
881,2937,2026-10-22,36
881,2937,2026-10-23,36
881,2937,2026-10-24,36
881,2937,2026-10-25,3
881,2937,2026-10-26,36
881,2937,2026-10-27,36
881,2938,2026-09-27,0
881,2938,2026-09-28,0
881,2938,2026-09-29,0
881,2938,2026-09-30,0
881,2938,2026-10-01,20
881,2938,2026-10-02,20
881,2938,2026-10-03,14
881,2938,2026-10-04,20
881,2938,2026-10-05,20
881,2938,2026-10-06,20
881,2938,2026-10-07,20
881,2938,2026-10-08,20
881,2938,2026-10-09,20
881,2938,2026-10-10,15
881,2938,2026-10-11,20
881,2938,2026-10-12,20
881,2938,2026-10-13,18
881,2938,2026-10-14,20
881,2938,2026-10-15,20
881,2938,2026-10-16,20
881,2938,2026-10-17,20
881,2938,2026-10-18,20
881,2938,2026-10-19,20
881,2938,2026-10-20,16
881,2938,2026-10-21,20
881,2938,2026-10-22,18
881,2938,2026-10-23,20
881,2938,2026-10-24,20
881,2938,2026-10-25,0
881,2938,2026-10-26,16
881,2938,2026-10-27,14
881,2939,2026-09-27,0
881,2939,2026-09-28,0
881,2939,2026-09-29,0
881,2939,2026-09-30,0
881,2939,2026-10-01,10
881,2939,2026-10-02,10
881,2939,2026-10-03,10
881,2939,2026-10-04,10
881,2939,2026-10-05,10
881,2939,2026-10-06,10
881,2939,2026-10-07,10
881,2939,2026-10-08,10
881,2939,2026-10-09,10
881,2939,2026-10-10,10
881,2939,2026-10-11,8
881,2939,2026-10-12,10
881,2939,2026-10-13,10
881,2939,2026-10-14,10
881,2939,2026-10-15,10
881,2939,2026-10-16,10
881,2939,2026-10-17,10
881,2939,2026-10-18,10
881,2939,2026-10-19,10
881,2939,2026-10-20,10
881,2939,2026-10-21,10
881,2939,2026-10-22,10
881,2939,2026-10-23,10
881,2939,2026-10-24,10
881,2939,2026-10-25,4
881,2939,2026-10-26,6
881,2939,2026-10-27,8
881,2940,2026-09-27,0
881,2940,2026-09-28,0
881,2940,2026-09-29,0
881,2940,2026-09-30,0
881,2940,2026-10-01,36
881,2940,2026-10-02,36
881,2940,2026-10-03,36
881,2940,2026-10-04,36
881,2940,2026-10-05,36
881,2940,2026-10-06,36
881,2940,2026-10-07,36
881,2940,2026-10-08,36
881,2940,2026-10-09,36
881,2940,2026-10-10,36
881,2940,2026-10-11,36
881,2940,2026-10-12,36
881,2940,2026-10-13,36
881,2940,2026-10-14,36
881,2940,2026-10-15,36
881,2940,2026-10-16,36
881,2940,2026-10-17,36
881,2940,2026-10-18,36
881,2940,2026-10-19,36
881,2940,2026-10-20,36
881,2940,2026-10-21,36
881,2940,2026-10-22,36
881,2940,2026-10-23,36
881,2940,2026-10-24,36
881,2940,2026-10-25,36
881,2940,2026-10-26,36
881,2940,2026-10-27,36
881,2927,2026-05-30,0
881,2927,2026-05-31,0
881,2927,2026-06-01,0
881,2927,2026-06-02,0
881,2927,2026-06-03,0
881,2927,2026-06-04,0
881,2927,2026-06-05,0
881,2927,2026-06-06,0
881,2927,2026-06-07,0
881,2927,2026-06-08,0
881,2927,2026-06-09,0
881,2927,2026-06-10,0
881,2927,2026-06-11,0
881,2927,2026-06-12,0
881,2927,2026-06-13,0
881,2927,2026-06-14,0
881,2927,2026-06-15,0
881,2927,2026-06-16,0
881,2927,2026-06-17,0
881,2927,2026-06-18,0
881,2927,2026-06-19,0
881,2927,2026-06-20,0
881,2927,2026-06-21,0
881,2927,2026-06-22,0
881,2927,2026-06-23,0
881,2927,2026-06-24,0
881,2927,2026-06-25,0
881,2927,2026-06-26,0
881,2927,2026-06-27,0
881,2927,2026-06-28,0
881,2927,2026-06-29,0
881,2928,2026-05-30,0
881,2928,2026-05-31,0
881,2928,2026-06-01,0
881,2928,2026-06-02,0
881,2928,2026-06-03,0
881,2928,2026-06-04,0
881,2928,2026-06-05,0
881,2928,2026-06-06,0
881,2928,2026-06-07,0
881,2928,2026-06-08,0
881,2928,2026-06-09,0
881,2928,2026-06-10,0
881,2928,2026-06-11,0
881,2928,2026-06-12,0
881,2928,2026-06-13,0
881,2928,2026-06-14,0
881,2928,2026-06-15,0
881,2928,2026-06-16,0
881,2928,2026-06-17,0
881,2928,2026-06-18,0
881,2928,2026-06-19,0
881,2928,2026-06-20,0
881,2928,2026-06-21,0
881,2928,2026-06-22,0
881,2928,2026-06-23,0
881,2928,2026-06-24,0
881,2928,2026-06-25,0
881,2928,2026-06-26,0
881,2928,2026-06-27,0
881,2928,2026-06-28,0
881,2928,2026-06-29,0
881,2929,2026-05-30,0
881,2929,2026-05-31,0
881,2929,2026-06-01,0
881,2929,2026-06-02,0
881,2929,2026-06-03,0
881,2929,2026-06-04,0
881,2929,2026-06-05,0
881,2929,2026-06-06,0
881,2929,2026-06-07,0
881,2929,2026-06-08,0
881,2929,2026-06-09,0
881,2929,2026-06-10,0
881,2929,2026-06-11,0
881,2929,2026-06-12,0
881,2929,2026-06-13,0
881,2929,2026-06-14,0
881,2929,2026-06-15,0
881,2929,2026-06-16,0
881,2929,2026-06-17,0
881,2929,2026-06-18,0
881,2929,2026-06-19,0
881,2929,2026-06-20,0
881,2929,2026-06-21,0
881,2929,2026-06-22,0
881,2929,2026-06-23,0
881,2929,2026-06-24,0
881,2929,2026-06-25,0
881,2929,2026-06-26,0
881,2929,2026-06-27,0
881,2929,2026-06-28,0
881,2929,2026-06-29,0
881,2930,2026-05-30,0
881,2930,2026-05-31,0
881,2930,2026-06-01,0
881,2930,2026-06-02,0
881,2930,2026-06-03,0
881,2930,2026-06-04,0
881,2930,2026-06-05,0
881,2930,2026-06-06,0
881,2930,2026-06-07,0
881,2930,2026-06-08,0
881,2930,2026-06-09,0
881,2930,2026-06-10,0
881,2930,2026-06-11,0
881,2930,2026-06-12,0
881,2930,2026-06-13,0
881,2930,2026-06-14,0
881,2930,2026-06-15,0
881,2930,2026-06-16,0
881,2930,2026-06-17,0
881,2930,2026-06-18,0
881,2930,2026-06-19,0
881,2930,2026-06-20,0
881,2930,2026-06-21,0
881,2930,2026-06-22,0
881,2930,2026-06-23,0
881,2930,2026-06-24,0
881,2930,2026-06-25,0
881,2930,2026-06-26,0
881,2930,2026-06-27,0
881,2930,2026-06-28,0
881,2930,2026-06-29,0
881,2931,2026-05-30,0
881,2931,2026-05-31,0
881,2931,2026-06-01,0
881,2931,2026-06-02,0
881,2931,2026-06-03,0
881,2931,2026-06-04,0
881,2931,2026-06-05,0
881,2931,2026-06-06,0
881,2931,2026-06-07,0
881,2931,2026-06-08,0
881,2931,2026-06-09,0
881,2931,2026-06-10,0
881,2931,2026-06-11,0
881,2931,2026-06-12,0
881,2931,2026-06-13,0
881,2931,2026-06-14,0
881,2931,2026-06-15,0
881,2931,2026-06-16,0
881,2931,2026-06-17,0
881,2931,2026-06-18,0
881,2931,2026-06-19,0
881,2931,2026-06-20,0
881,2931,2026-06-21,0
881,2931,2026-06-22,0
881,2931,2026-06-23,0
881,2931,2026-06-24,0
881,2931,2026-06-25,0
881,2931,2026-06-26,0
881,2931,2026-06-27,0
881,2931,2026-06-28,0
881,2931,2026-06-29,0
881,2932,2026-05-30,0
881,2932,2026-05-31,0
881,2932,2026-06-01,0
881,2932,2026-06-02,0
881,2932,2026-06-03,0
881,2932,2026-06-04,0
881,2932,2026-06-05,0
881,2932,2026-06-06,0
881,2932,2026-06-07,0
881,2932,2026-06-08,0
881,2932,2026-06-09,0
881,2932,2026-06-10,0
881,2932,2026-06-11,0
881,2932,2026-06-12,0
881,2932,2026-06-13,0
881,2932,2026-06-14,0
881,2932,2026-06-15,0
881,2932,2026-06-16,0
881,2932,2026-06-17,0
881,2932,2026-06-18,0
881,2932,2026-06-19,0
881,2932,2026-06-20,0
881,2932,2026-06-21,0
881,2932,2026-06-22,0
881,2932,2026-06-23,0
881,2932,2026-06-24,0
881,2932,2026-06-25,0
881,2932,2026-06-26,0
881,2932,2026-06-27,0
881,2932,2026-06-28,0
881,2932,2026-06-29,0
881,2933,2026-05-30,0
881,2933,2026-05-31,0
881,2933,2026-06-01,0
881,2933,2026-06-02,0
881,2933,2026-06-03,0
881,2933,2026-06-04,0
881,2933,2026-06-05,0
881,2933,2026-06-06,0
881,2933,2026-06-07,0
881,2933,2026-06-08,0
881,2933,2026-06-09,0
881,2933,2026-06-10,0
881,2933,2026-06-11,0
881,2933,2026-06-12,0
881,2933,2026-06-13,0
881,2933,2026-06-14,0
881,2933,2026-06-15,0
881,2933,2026-06-16,0
881,2933,2026-06-17,0
881,2933,2026-06-18,0
881,2933,2026-06-19,0
881,2933,2026-06-20,0
881,2933,2026-06-21,0
881,2933,2026-06-22,0
881,2933,2026-06-23,0
881,2933,2026-06-24,0
881,2933,2026-06-25,0
881,2933,2026-06-26,0
881,2933,2026-06-27,0
881,2933,2026-06-28,0
881,2933,2026-06-29,0
881,2934,2026-05-30,0
881,2934,2026-05-31,0
881,2934,2026-06-01,0
881,2934,2026-06-02,0
881,2934,2026-06-03,0
881,2934,2026-06-04,0
881,2934,2026-06-05,0
881,2934,2026-06-06,0
881,2934,2026-06-07,0
881,2934,2026-06-08,0
881,2934,2026-06-09,0
881,2934,2026-06-10,0
881,2934,2026-06-11,0
881,2934,2026-06-12,0
881,2934,2026-06-13,0
881,2934,2026-06-14,0
881,2934,2026-06-15,0
881,2934,2026-06-16,0
881,2934,2026-06-17,0
881,2934,2026-06-18,0
881,2934,2026-06-19,0
881,2934,2026-06-20,0
881,2934,2026-06-21,0
881,2934,2026-06-22,0
881,2934,2026-06-23,0
881,2934,2026-06-24,0
881,2934,2026-06-25,0
881,2934,2026-06-26,0
881,2934,2026-06-27,0
881,2934,2026-06-28,0
881,2934,2026-06-29,0
881,2935,2026-05-30,0
881,2935,2026-05-31,0
881,2935,2026-06-01,0
881,2935,2026-06-02,0
881,2935,2026-06-03,0
881,2935,2026-06-04,0
881,2935,2026-06-05,0
881,2935,2026-06-06,0
881,2935,2026-06-07,0
881,2935,2026-06-08,0
881,2935,2026-06-09,0
881,2935,2026-06-10,0
881,2935,2026-06-11,0
881,2935,2026-06-12,0
881,2935,2026-06-13,0
881,2935,2026-06-14,0
881,2935,2026-06-15,0
881,2935,2026-06-16,0
881,2935,2026-06-17,0
881,2935,2026-06-18,0
881,2935,2026-06-19,0
881,2935,2026-06-20,0
881,2935,2026-06-21,0
881,2935,2026-06-22,0
881,2935,2026-06-23,0
881,2935,2026-06-24,0
881,2935,2026-06-25,0
881,2935,2026-06-26,0
881,2935,2026-06-27,0
881,2935,2026-06-28,0
881,2935,2026-06-29,0
881,2936,2026-05-30,0
881,2936,2026-05-31,0
881,2936,2026-06-01,0
881,2936,2026-06-02,0
881,2936,2026-06-03,0
881,2936,2026-06-04,0
881,2936,2026-06-05,0
881,2936,2026-06-06,0
881,2936,2026-06-07,0
881,2936,2026-06-08,0
881,2936,2026-06-09,0
881,2936,2026-06-10,0
881,2936,2026-06-11,0
881,2936,2026-06-12,0
881,2936,2026-06-13,0
881,2936,2026-06-14,0
881,2936,2026-06-15,0
881,2936,2026-06-16,0
881,2936,2026-06-17,0
881,2936,2026-06-18,0
881,2936,2026-06-19,0
881,2936,2026-06-20,0
881,2936,2026-06-21,0
881,2936,2026-06-22,0
881,2936,2026-06-23,0
881,2936,2026-06-24,0
881,2936,2026-06-25,0
881,2936,2026-06-26,0
881,2936,2026-06-27,0
881,2936,2026-06-28,0
881,2936,2026-06-29,0
881,2937,2026-05-30,0
881,2937,2026-05-31,0
881,2937,2026-06-01,0
881,2937,2026-06-02,0
881,2937,2026-06-03,0
881,2937,2026-06-04,0
881,2937,2026-06-05,0
881,2937,2026-06-06,0
881,2937,2026-06-07,0
881,2937,2026-06-08,0
881,2937,2026-06-09,0
881,2937,2026-06-10,0
881,2937,2026-06-11,0
881,2937,2026-06-12,0
881,2937,2026-06-13,0
881,2937,2026-06-14,0
881,2937,2026-06-15,0
881,2937,2026-06-16,0
881,2937,2026-06-17,0
881,2937,2026-06-18,0
881,2937,2026-06-19,0
881,2937,2026-06-20,0
881,2937,2026-06-21,0
881,2937,2026-06-22,0
881,2937,2026-06-23,0
881,2937,2026-06-24,0
881,2937,2026-06-25,0
881,2937,2026-06-26,0
881,2937,2026-06-27,0
881,2937,2026-06-28,0
881,2937,2026-06-29,0
881,2938,2026-05-30,0
881,2938,2026-05-31,0
881,2938,2026-06-01,0
881,2938,2026-06-02,0
881,2938,2026-06-03,0
881,2938,2026-06-04,0
881,2938,2026-06-05,0
881,2938,2026-06-06,0
881,2938,2026-06-07,0
881,2938,2026-06-08,0
881,2938,2026-06-09,0
881,2938,2026-06-10,0
881,2938,2026-06-11,0
881,2938,2026-06-12,0
881,2938,2026-06-13,0
881,2938,2026-06-14,0
881,2938,2026-06-15,0
881,2938,2026-06-16,0
881,2938,2026-06-17,0
881,2938,2026-06-18,0
881,2938,2026-06-19,0
881,2938,2026-06-20,0
881,2938,2026-06-21,0
881,2938,2026-06-22,0
881,2938,2026-06-23,0
881,2938,2026-06-24,0
881,2938,2026-06-25,0
881,2938,2026-06-26,0
881,2938,2026-06-27,0
881,2938,2026-06-28,0
881,2938,2026-06-29,0
881,2939,2026-05-30,0
881,2939,2026-05-31,0
881,2939,2026-06-01,0
881,2939,2026-06-02,0
881,2939,2026-06-03,0
881,2939,2026-06-04,0
881,2939,2026-06-05,0
881,2939,2026-06-06,0
881,2939,2026-06-07,0
881,2939,2026-06-08,0
881,2939,2026-06-09,0
881,2939,2026-06-10,0
881,2939,2026-06-11,0
881,2939,2026-06-12,0
881,2939,2026-06-13,0
881,2939,2026-06-14,0
881,2939,2026-06-15,0
881,2939,2026-06-16,0
881,2939,2026-06-17,0
881,2939,2026-06-18,0
881,2939,2026-06-19,0
881,2939,2026-06-20,0
881,2939,2026-06-21,0
881,2939,2026-06-22,0
881,2939,2026-06-23,0
881,2939,2026-06-24,0
881,2939,2026-06-25,0
881,2939,2026-06-26,0
881,2939,2026-06-27,0
881,2939,2026-06-28,0
881,2939,2026-06-29,0
881,2940,2026-05-30,0
881,2940,2026-05-31,0
881,2940,2026-06-01,0
881,2940,2026-06-02,0
881,2940,2026-06-03,0
881,2940,2026-06-04,0
881,2940,2026-06-05,0
881,2940,2026-06-06,0
881,2940,2026-06-07,0
881,2940,2026-06-08,0
881,2940,2026-06-09,0
881,2940,2026-06-10,0
881,2940,2026-06-11,0
881,2940,2026-06-12,0
881,2940,2026-06-13,0
881,2940,2026-06-14,0
881,2940,2026-06-15,0
881,2940,2026-06-16,0
881,2940,2026-06-17,0
881,2940,2026-06-18,0
881,2940,2026-06-19,0
881,2940,2026-06-20,0
881,2940,2026-06-21,0
881,2940,2026-06-22,0
881,2940,2026-06-23,0
881,2940,2026-06-24,0
881,2940,2026-06-25,0
881,2940,2026-06-26,0
881,2940,2026-06-27,0
881,2940,2026-06-28,0
881,2940,2026-06-29,0
881,2927,2026-10-27,36
881,2927,2026-10-28,34
881,2927,2026-10-29,36
881,2927,2026-10-30,36
881,2927,2026-10-31,20
881,2927,2026-11-01,36
881,2927,2026-11-02,36
881,2927,2026-11-03,36
881,2927,2026-11-04,36
881,2927,2026-11-05,36
881,2927,2026-11-06,23
881,2927,2026-11-07,36
881,2927,2026-11-08,30
881,2927,2026-11-09,36
881,2927,2026-11-10,16
881,2927,2026-11-11,36
881,2927,2026-11-12,36
881,2927,2026-11-13,36
881,2927,2026-11-14,22
881,2927,2026-11-15,34
881,2927,2026-11-16,36
881,2927,2026-11-17,36
881,2927,2026-11-18,36
881,2927,2026-11-19,36
881,2927,2026-11-20,12
881,2927,2026-11-21,36
881,2927,2026-11-22,36
881,2927,2026-11-23,36
881,2927,2026-11-24,8
881,2927,2026-11-25,36
881,2927,2026-11-26,30
881,2928,2026-10-27,20
881,2928,2026-10-28,20
881,2928,2026-10-29,24
881,2928,2026-10-30,24
881,2928,2026-10-31,18
881,2928,2026-11-01,24
881,2928,2026-11-02,22
881,2928,2026-11-03,20
881,2928,2026-11-04,19
881,2928,2026-11-05,20
881,2928,2026-11-06,4
881,2928,2026-11-07,24
881,2928,2026-11-08,24
881,2928,2026-11-09,24
881,2928,2026-11-10,22
881,2928,2026-11-11,24
881,2928,2026-11-12,14
881,2928,2026-11-13,14
881,2928,2026-11-14,22
881,2928,2026-11-15,20
881,2928,2026-11-16,21
881,2928,2026-11-17,24
881,2928,2026-11-18,24
881,2928,2026-11-19,22
881,2928,2026-11-20,24
881,2928,2026-11-21,0
881,2928,2026-11-22,20
881,2928,2026-11-23,24
881,2928,2026-11-24,22
881,2928,2026-11-25,24
881,2928,2026-11-26,22
881,2929,2026-10-27,22
881,2929,2026-10-28,24
881,2929,2026-10-29,24
881,2929,2026-10-30,24
881,2929,2026-10-31,24
881,2929,2026-11-01,24
881,2929,2026-11-02,24
881,2929,2026-11-03,24
881,2929,2026-11-04,24
881,2929,2026-11-05,24
881,2929,2026-11-06,24
881,2929,2026-11-07,24
881,2929,2026-11-08,24
881,2929,2026-11-09,24
881,2929,2026-11-10,24
881,2929,2026-11-11,24
881,2929,2026-11-12,24
881,2929,2026-11-13,24
881,2929,2026-11-14,24
881,2929,2026-11-15,24
881,2929,2026-11-16,24
881,2929,2026-11-17,24
881,2929,2026-11-18,24
881,2929,2026-11-19,24
881,2929,2026-11-20,24
881,2929,2026-11-21,24
881,2929,2026-11-22,24
881,2929,2026-11-23,4
881,2929,2026-11-24,24
881,2929,2026-11-25,24
881,2929,2026-11-26,24
881,2930,2026-10-27,20
881,2930,2026-10-28,20
881,2930,2026-10-29,20
881,2930,2026-10-30,20
881,2930,2026-10-31,20
881,2930,2026-11-01,20
881,2930,2026-11-02,20
881,2930,2026-11-03,20
881,2930,2026-11-04,20
881,2930,2026-11-05,20
881,2930,2026-11-06,20
881,2930,2026-11-07,20
881,2930,2026-11-08,20
881,2930,2026-11-09,0
881,2930,2026-11-10,20
881,2930,2026-11-11,20
881,2930,2026-11-12,20
881,2930,2026-11-13,20
881,2930,2026-11-14,20
881,2930,2026-11-15,20
881,2930,2026-11-16,20
881,2930,2026-11-17,20
881,2930,2026-11-18,20
881,2930,2026-11-19,20
881,2930,2026-11-20,20
881,2930,2026-11-21,20
881,2930,2026-11-22,20
881,2930,2026-11-23,0
881,2930,2026-11-24,20
881,2930,2026-11-25,20
881,2930,2026-11-26,20
881,2931,2026-10-27,20
881,2931,2026-10-28,20
881,2931,2026-10-29,20
881,2931,2026-10-30,20
881,2931,2026-10-31,20
881,2931,2026-11-01,20
881,2931,2026-11-02,20
881,2931,2026-11-03,20
881,2931,2026-11-04,20
881,2931,2026-11-05,20
881,2931,2026-11-06,0
881,2931,2026-11-07,20
881,2931,2026-11-08,20
881,2931,2026-11-09,20
881,2931,2026-11-10,20
881,2931,2026-11-11,0
881,2931,2026-11-12,20
881,2931,2026-11-13,20
881,2931,2026-11-14,20
881,2931,2026-11-15,20
881,2931,2026-11-16,20
881,2931,2026-11-17,20
881,2931,2026-11-18,0
881,2931,2026-11-19,20
881,2931,2026-11-20,0
881,2931,2026-11-21,20
881,2931,2026-11-22,20
881,2931,2026-11-23,20
881,2931,2026-11-24,20
881,2931,2026-11-25,0
881,2931,2026-11-26,20
881,2932,2026-10-27,36
881,2932,2026-10-28,36
881,2932,2026-10-29,36
881,2932,2026-10-30,36
881,2932,2026-10-31,36
881,2932,2026-11-01,36
881,2932,2026-11-02,36
881,2932,2026-11-03,36
881,2932,2026-11-04,36
881,2932,2026-11-05,36
881,2932,2026-11-06,36
881,2932,2026-11-07,36
881,2932,2026-11-08,36
881,2932,2026-11-09,36
881,2932,2026-11-10,36
881,2932,2026-11-11,36
881,2932,2026-11-12,36
881,2932,2026-11-13,36
881,2932,2026-11-14,36
881,2932,2026-11-15,36
881,2932,2026-11-16,36
881,2932,2026-11-17,36
881,2932,2026-11-18,36
881,2932,2026-11-19,36
881,2932,2026-11-20,36
881,2932,2026-11-21,36
881,2932,2026-11-22,36
881,2932,2026-11-23,36
881,2932,2026-11-24,36
881,2932,2026-11-25,36
881,2932,2026-11-26,36
881,2933,2026-10-27,20
881,2933,2026-10-28,20
881,2933,2026-10-29,20
881,2933,2026-10-30,20
881,2933,2026-10-31,20
881,2933,2026-11-01,20
881,2933,2026-11-02,20
881,2933,2026-11-03,20
881,2933,2026-11-04,20
881,2933,2026-11-05,20
881,2933,2026-11-06,20
881,2933,2026-11-07,20
881,2933,2026-11-08,20
881,2933,2026-11-09,20
881,2933,2026-11-10,20
881,2933,2026-11-11,20
881,2933,2026-11-12,0
881,2933,2026-11-13,20
881,2933,2026-11-14,20
881,2933,2026-11-15,20
881,2933,2026-11-16,20
881,2933,2026-11-17,20
881,2933,2026-11-18,20
881,2933,2026-11-19,20
881,2933,2026-11-20,20
881,2933,2026-11-21,20
881,2933,2026-11-22,20
881,2933,2026-11-23,20
881,2933,2026-11-24,20
881,2933,2026-11-25,20
881,2933,2026-11-26,0
881,2934,2026-10-27,20
881,2934,2026-10-28,20
881,2934,2026-10-29,20
881,2934,2026-10-30,20
881,2934,2026-10-31,20
881,2934,2026-11-01,20
881,2934,2026-11-02,20
881,2934,2026-11-03,20
881,2934,2026-11-04,20
881,2934,2026-11-05,0
881,2934,2026-11-06,20
881,2934,2026-11-07,14
881,2934,2026-11-08,20
881,2934,2026-11-09,20
881,2934,2026-11-10,0
881,2934,2026-11-11,20
881,2934,2026-11-12,20
881,2934,2026-11-13,20
881,2934,2026-11-14,20
881,2934,2026-11-15,20
881,2934,2026-11-16,20
881,2934,2026-11-17,0
881,2934,2026-11-18,20
881,2934,2026-11-19,0
881,2934,2026-11-20,20
881,2934,2026-11-21,20
881,2934,2026-11-22,20
881,2934,2026-11-23,20
881,2934,2026-11-24,0
881,2934,2026-11-25,20
881,2934,2026-11-26,20
881,2935,2026-10-27,36
881,2935,2026-10-28,36
881,2935,2026-10-29,36
881,2935,2026-10-30,36
881,2935,2026-10-31,34
881,2935,2026-11-01,36
881,2935,2026-11-02,32
881,2935,2026-11-03,32
881,2935,2026-11-04,36
881,2935,2026-11-05,36
881,2935,2026-11-06,36
881,2935,2026-11-07,36
881,2935,2026-11-08,36
881,2935,2026-11-09,36
881,2935,2026-11-10,36
881,2935,2026-11-11,36
881,2935,2026-11-12,36
881,2935,2026-11-13,36
881,2935,2026-11-14,36
881,2935,2026-11-15,36
881,2935,2026-11-16,36
881,2935,2026-11-17,36
881,2935,2026-11-18,32
881,2935,2026-11-19,36
881,2935,2026-11-20,32
881,2935,2026-11-21,36
881,2935,2026-11-22,36
881,2935,2026-11-23,36
881,2935,2026-11-24,32
881,2935,2026-11-25,36
881,2935,2026-11-26,34
881,2936,2026-10-27,20
881,2936,2026-10-28,20
881,2936,2026-10-29,20
881,2936,2026-10-30,20
881,2936,2026-10-31,20
881,2936,2026-11-01,20
881,2936,2026-11-02,20
881,2936,2026-11-03,20
881,2936,2026-11-04,20
881,2936,2026-11-05,20
881,2936,2026-11-06,20
881,2936,2026-11-07,20
881,2936,2026-11-08,20
881,2936,2026-11-09,20
881,2936,2026-11-10,20
881,2936,2026-11-11,20
881,2936,2026-11-12,20
881,2936,2026-11-13,20
881,2936,2026-11-14,17
881,2936,2026-11-15,20
881,2936,2026-11-16,20
881,2936,2026-11-17,20
881,2936,2026-11-18,20
881,2936,2026-11-19,20
881,2936,2026-11-20,20
881,2936,2026-11-21,20
881,2936,2026-11-22,20
881,2936,2026-11-23,20
881,2936,2026-11-24,20
881,2936,2026-11-25,20
881,2936,2026-11-26,12
881,2937,2026-10-27,36
881,2937,2026-10-28,36
881,2937,2026-10-29,34
881,2937,2026-10-30,36
881,2937,2026-10-31,36
881,2937,2026-11-01,34
881,2937,2026-11-02,36
881,2937,2026-11-03,36
881,2937,2026-11-04,36
881,2937,2026-11-05,36
881,2937,2026-11-06,36
881,2937,2026-11-07,23
881,2937,2026-11-08,36
881,2937,2026-11-09,36
881,2937,2026-11-10,36
881,2937,2026-11-11,16
881,2937,2026-11-12,36
881,2937,2026-11-13,36
881,2937,2026-11-14,34
881,2937,2026-11-15,36
881,2937,2026-11-16,34
881,2937,2026-11-17,36
881,2937,2026-11-18,36
881,2937,2026-11-19,36
881,2937,2026-11-20,36
881,2937,2026-11-21,34
881,2937,2026-11-22,36
881,2937,2026-11-23,36
881,2937,2026-11-24,36
881,2937,2026-11-25,8
881,2937,2026-11-26,36
881,2938,2026-10-27,14
881,2938,2026-10-28,16
881,2938,2026-10-29,16
881,2938,2026-10-30,20
881,2938,2026-10-31,20
881,2938,2026-11-01,14
881,2938,2026-11-02,20
881,2938,2026-11-03,18
881,2938,2026-11-04,16
881,2938,2026-11-05,20
881,2938,2026-11-06,16
881,2938,2026-11-07,0
881,2938,2026-11-08,20
881,2938,2026-11-09,20
881,2938,2026-11-10,20
881,2938,2026-11-11,18
881,2938,2026-11-12,20
881,2938,2026-11-13,10
881,2938,2026-11-14,12
881,2938,2026-11-15,18
881,2938,2026-11-16,16
881,2938,2026-11-17,20
881,2938,2026-11-18,17
881,2938,2026-11-19,20
881,2938,2026-11-20,18
881,2938,2026-11-21,20
881,2938,2026-11-22,8
881,2938,2026-11-23,16
881,2938,2026-11-24,20
881,2938,2026-11-25,18
881,2938,2026-11-26,20
881,2939,2026-10-27,8
881,2939,2026-10-28,10
881,2939,2026-10-29,10
881,2939,2026-10-30,10
881,2939,2026-10-31,10
881,2939,2026-11-01,8
881,2939,2026-11-02,10
881,2939,2026-11-03,10
881,2939,2026-11-04,10
881,2939,2026-11-05,10
881,2939,2026-11-06,10
881,2939,2026-11-07,10
881,2939,2026-11-08,10
881,2939,2026-11-09,10
881,2939,2026-11-10,10
881,2939,2026-11-11,0
881,2939,2026-11-12,10
881,2939,2026-11-13,8
881,2939,2026-11-14,10
881,2939,2026-11-15,7
881,2939,2026-11-16,10
881,2939,2026-11-17,10
881,2939,2026-11-18,10
881,2939,2026-11-19,10
881,2939,2026-11-20,0
881,2939,2026-11-21,10
881,2939,2026-11-22,10
881,2939,2026-11-23,10
881,2939,2026-11-24,10
881,2939,2026-11-25,10
881,2939,2026-11-26,10
881,2940,2026-10-27,36
881,2940,2026-10-28,36
881,2940,2026-10-29,36
881,2940,2026-10-30,36
881,2940,2026-10-31,36
881,2940,2026-11-01,36
881,2940,2026-11-02,36
881,2940,2026-11-03,36
881,2940,2026-11-04,36
881,2940,2026-11-05,36
881,2940,2026-11-06,36
881,2940,2026-11-07,36
881,2940,2026-11-08,36
881,2940,2026-11-09,36
881,2940,2026-11-10,36
881,2940,2026-11-11,36
881,2940,2026-11-12,36
881,2940,2026-11-13,36
881,2940,2026-11-14,36
881,2940,2026-11-15,36
881,2940,2026-11-16,36
881,2940,2026-11-17,36
881,2940,2026-11-18,36
881,2940,2026-11-19,32
881,2940,2026-11-20,36
881,2940,2026-11-21,32
881,2940,2026-11-22,36
881,2940,2026-11-23,36
881,2940,2026-11-24,36
881,2940,2026-11-25,32
881,2940,2026-11-26,36
881,2927,2027-01-25,36
881,2927,2027-01-26,36
881,2927,2027-01-27,36
881,2927,2027-01-28,36
881,2927,2027-01-29,22
881,2927,2027-01-30,5
881,2927,2027-01-31,36
881,2927,2027-02-01,36
881,2927,2027-02-02,36
881,2927,2027-02-03,36
881,2927,2027-02-04,36
881,2927,2027-02-05,0
881,2927,2027-02-06,0
881,2927,2027-02-07,15
881,2927,2027-02-08,36
881,2927,2027-02-09,36
881,2927,2027-02-10,36
881,2927,2027-02-11,36
881,2927,2027-02-12,34
881,2927,2027-02-13,7
881,2927,2027-02-14,36
881,2927,2027-02-15,34
881,2927,2027-02-16,30
881,2927,2027-02-17,36
881,2927,2027-02-18,36
881,2927,2027-02-19,36
881,2927,2027-02-20,36
881,2927,2027-02-21,36
881,2927,2027-02-22,36
881,2927,2027-02-23,36
881,2927,2027-02-24,36
881,2928,2027-01-25,21
881,2928,2027-01-26,15
881,2928,2027-01-27,18
881,2928,2027-01-28,4
881,2928,2027-01-29,6
881,2928,2027-01-30,0
881,2928,2027-01-31,8
881,2928,2027-02-01,14
881,2928,2027-02-02,12
881,2928,2027-02-03,24
881,2928,2027-02-04,11
881,2928,2027-02-05,3
881,2928,2027-02-06,0
881,2928,2027-02-07,0
881,2928,2027-02-08,12
881,2928,2027-02-09,22
881,2928,2027-02-10,21
881,2928,2027-02-11,24
881,2928,2027-02-12,6
881,2928,2027-02-13,7
881,2928,2027-02-14,24
881,2928,2027-02-15,24
881,2928,2027-02-16,6
881,2928,2027-02-17,24
881,2928,2027-02-18,18
881,2928,2027-02-19,4
881,2928,2027-02-20,8
881,2928,2027-02-21,8
881,2928,2027-02-22,12
881,2928,2027-02-23,11
881,2928,2027-02-24,24
881,2929,2027-01-25,24
881,2929,2027-01-26,24
881,2929,2027-01-27,24
881,2929,2027-01-28,24
881,2929,2027-01-29,24
881,2929,2027-01-30,24
881,2929,2027-01-31,24
881,2929,2027-02-01,24
881,2929,2027-02-02,24
881,2929,2027-02-03,4
881,2929,2027-02-04,24
881,2929,2027-02-05,12
881,2929,2027-02-06,18
881,2929,2027-02-07,24
881,2929,2027-02-08,24
881,2929,2027-02-09,24
881,2929,2027-02-10,4
881,2929,2027-02-11,24
881,2929,2027-02-12,24
881,2929,2027-02-13,24
881,2929,2027-02-14,24
881,2929,2027-02-15,4
881,2929,2027-02-16,24
881,2929,2027-02-17,4
881,2929,2027-02-18,24
881,2929,2027-02-19,24
881,2929,2027-02-20,24
881,2929,2027-02-21,24
881,2929,2027-02-22,4
881,2929,2027-02-23,24
881,2929,2027-02-24,24
881,2930,2027-01-25,20
881,2930,2027-01-26,20
881,2930,2027-01-27,20
881,2930,2027-01-28,20
881,2930,2027-01-29,18
881,2930,2027-01-30,20
881,2930,2027-01-31,20
881,2930,2027-02-01,20
881,2930,2027-02-02,20
881,2930,2027-02-03,20
881,2930,2027-02-04,20
881,2930,2027-02-05,11
881,2930,2027-02-06,10
881,2930,2027-02-07,20
881,2930,2027-02-08,20
881,2930,2027-02-09,20
881,2930,2027-02-10,20
881,2930,2027-02-11,20
881,2930,2027-02-12,20
881,2930,2027-02-13,20
881,2930,2027-02-14,20
881,2930,2027-02-15,20
881,2930,2027-02-16,20
881,2930,2027-02-17,20
881,2930,2027-02-18,20
881,2930,2027-02-19,20
881,2930,2027-02-20,20
881,2930,2027-02-21,20
881,2930,2027-02-22,20
881,2930,2027-02-23,20
881,2930,2027-02-24,20
881,2931,2027-01-25,20
881,2931,2027-01-26,20
881,2931,2027-01-27,0
881,2931,2027-01-28,20
881,2931,2027-01-29,20
881,2931,2027-01-30,0
881,2931,2027-01-31,20
881,2931,2027-02-01,20
881,2931,2027-02-02,20
881,2931,2027-02-03,20
881,2931,2027-02-04,20
881,2931,2027-02-05,0
881,2931,2027-02-06,0
881,2931,2027-02-07,14
881,2931,2027-02-08,20
881,2931,2027-02-09,20
881,2931,2027-02-10,20
881,2931,2027-02-11,20
881,2931,2027-02-12,0
881,2931,2027-02-13,10
881,2931,2027-02-14,20
881,2931,2027-02-15,20
881,2931,2027-02-16,20
881,2931,2027-02-17,0
881,2931,2027-02-18,20
881,2931,2027-02-19,0
881,2931,2027-02-20,0
881,2931,2027-02-21,20
881,2931,2027-02-22,20
881,2931,2027-02-23,20
881,2931,2027-02-24,0
881,2932,2027-01-25,36
881,2932,2027-01-26,36
881,2932,2027-01-27,36
881,2932,2027-01-28,36
881,2932,2027-01-29,36
881,2932,2027-01-30,34
881,2932,2027-01-31,29
881,2932,2027-02-01,36
881,2932,2027-02-02,36
881,2932,2027-02-03,36
881,2932,2027-02-04,36
881,2932,2027-02-05,24
881,2932,2027-02-06,27
881,2932,2027-02-07,36
881,2932,2027-02-08,36
881,2932,2027-02-09,36
881,2932,2027-02-10,36
881,2932,2027-02-11,36
881,2932,2027-02-12,36
881,2932,2027-02-13,36
881,2932,2027-02-14,36
881,2932,2027-02-15,36
881,2932,2027-02-16,36
881,2932,2027-02-17,36
881,2932,2027-02-18,36
881,2932,2027-02-19,36
881,2932,2027-02-20,36
881,2932,2027-02-21,36
881,2932,2027-02-22,36
881,2932,2027-02-23,36
881,2932,2027-02-24,36
881,2933,2027-01-25,20
881,2933,2027-01-26,20
881,2933,2027-01-27,20
881,2933,2027-01-28,20
881,2933,2027-01-29,20
881,2933,2027-01-30,20
881,2933,2027-01-31,18
881,2933,2027-02-01,20
881,2933,2027-02-02,20
881,2933,2027-02-03,20
881,2933,2027-02-04,20
881,2933,2027-02-05,20
881,2933,2027-02-06,20
881,2933,2027-02-07,1
881,2933,2027-02-08,20
881,2933,2027-02-09,20
881,2933,2027-02-10,20
881,2933,2027-02-11,20
881,2933,2027-02-12,20
881,2933,2027-02-13,20
881,2933,2027-02-14,20
881,2933,2027-02-15,20
881,2933,2027-02-16,20
881,2933,2027-02-17,20
881,2933,2027-02-18,20
881,2933,2027-02-19,20
881,2933,2027-02-20,20
881,2933,2027-02-21,20
881,2933,2027-02-22,20
881,2933,2027-02-23,20
881,2933,2027-02-24,20
881,2934,2027-01-25,20
881,2934,2027-01-26,0
881,2934,2027-01-27,20
881,2934,2027-01-28,20
881,2934,2027-01-29,0
881,2934,2027-01-30,13
881,2934,2027-01-31,20
881,2934,2027-02-01,20
881,2934,2027-02-02,20
881,2934,2027-02-03,20
881,2934,2027-02-04,0
881,2934,2027-02-05,0
881,2934,2027-02-06,4
881,2934,2027-02-07,20
881,2934,2027-02-08,20
881,2934,2027-02-09,20
881,2934,2027-02-10,20
881,2934,2027-02-11,0
881,2934,2027-02-12,10
881,2934,2027-02-13,20
881,2934,2027-02-14,20
881,2934,2027-02-15,20
881,2934,2027-02-16,0
881,2934,2027-02-17,20
881,2934,2027-02-18,0
881,2934,2027-02-19,0
881,2934,2027-02-20,20
881,2934,2027-02-21,20
881,2934,2027-02-22,20
881,2934,2027-02-23,0
881,2934,2027-02-24,20
881,2935,2027-01-25,36
881,2935,2027-01-26,36
881,2935,2027-01-27,36
881,2935,2027-01-28,33
881,2935,2027-01-29,31
881,2935,2027-01-30,32
881,2935,2027-01-31,36
881,2935,2027-02-01,36
881,2935,2027-02-02,36
881,2935,2027-02-03,36
881,2935,2027-02-04,34
881,2935,2027-02-05,29
881,2935,2027-02-06,36
881,2935,2027-02-07,36
881,2935,2027-02-08,36
881,2935,2027-02-09,36
881,2935,2027-02-10,31
881,2935,2027-02-11,36
881,2935,2027-02-12,36
881,2935,2027-02-13,36
881,2935,2027-02-14,36
881,2935,2027-02-15,36
881,2935,2027-02-16,36
881,2935,2027-02-17,30
881,2935,2027-02-18,36
881,2935,2027-02-19,36
881,2935,2027-02-20,28
881,2935,2027-02-21,36
881,2935,2027-02-22,36
881,2935,2027-02-23,36
881,2935,2027-02-24,36
881,2936,2027-01-25,20
881,2936,2027-01-26,20
881,2936,2027-01-27,20
881,2936,2027-01-28,18
881,2936,2027-01-29,20
881,2936,2027-01-30,20
881,2936,2027-01-31,20
881,2936,2027-02-01,20
881,2936,2027-02-02,20
881,2936,2027-02-03,20
881,2936,2027-02-04,20
881,2936,2027-02-05,20
881,2936,2027-02-06,20
881,2936,2027-02-07,20
881,2936,2027-02-08,20
881,2936,2027-02-09,20
881,2936,2027-02-10,20
881,2936,2027-02-11,20
881,2936,2027-02-12,20
881,2936,2027-02-13,20
881,2936,2027-02-14,20
881,2936,2027-02-15,20
881,2936,2027-02-16,20
881,2936,2027-02-17,20
881,2936,2027-02-18,20
881,2936,2027-02-19,20
881,2936,2027-02-20,20
881,2936,2027-02-21,20
881,2936,2027-02-22,20
881,2936,2027-02-23,20
881,2936,2027-02-24,20
881,2937,2027-01-25,36
881,2937,2027-01-26,36
881,2937,2027-01-27,36
881,2937,2027-01-28,36
881,2937,2027-01-29,36
881,2937,2027-01-30,22
881,2937,2027-01-31,24
881,2937,2027-02-01,29
881,2937,2027-02-02,36
881,2937,2027-02-03,36
881,2937,2027-02-04,36
881,2937,2027-02-05,36
881,2937,2027-02-06,14
881,2937,2027-02-07,7
881,2937,2027-02-08,16
881,2937,2027-02-09,36
881,2937,2027-02-10,36
881,2937,2027-02-11,36
881,2937,2027-02-12,36
881,2937,2027-02-13,34
881,2937,2027-02-14,27
881,2937,2027-02-15,36
881,2937,2027-02-16,34
881,2937,2027-02-17,36
881,2937,2027-02-18,36
881,2937,2027-02-19,36
881,2937,2027-02-20,36
881,2937,2027-02-21,36
881,2937,2027-02-22,36
881,2937,2027-02-23,36
881,2937,2027-02-24,36
881,2938,2027-01-25,0
881,2938,2027-01-26,17
881,2938,2027-01-27,11
881,2938,2027-01-28,20
881,2938,2027-01-29,0
881,2938,2027-01-30,2
881,2938,2027-01-31,0
881,2938,2027-02-01,4
881,2938,2027-02-02,10
881,2938,2027-02-03,8
881,2938,2027-02-04,20
881,2938,2027-02-05,7
881,2938,2027-02-06,3
881,2938,2027-02-07,0
881,2938,2027-02-08,3
881,2938,2027-02-09,8
881,2938,2027-02-10,18
881,2938,2027-02-11,17
881,2938,2027-02-12,20
881,2938,2027-02-13,2
881,2938,2027-02-14,3
881,2938,2027-02-15,20
881,2938,2027-02-16,20
881,2938,2027-02-17,20
881,2938,2027-02-18,20
881,2938,2027-02-19,14
881,2938,2027-02-20,0
881,2938,2027-02-21,4
881,2938,2027-02-22,4
881,2938,2027-02-23,8
881,2938,2027-02-24,7
881,2939,2027-01-25,10
881,2939,2027-01-26,10
881,2939,2027-01-27,10
881,2939,2027-01-28,10
881,2939,2027-01-29,7
881,2939,2027-01-30,5
881,2939,2027-01-31,6
881,2939,2027-02-01,10
881,2939,2027-02-02,10
881,2939,2027-02-03,10
881,2939,2027-02-04,10
881,2939,2027-02-05,4
881,2939,2027-02-06,2
881,2939,2027-02-07,10
881,2939,2027-02-08,10
881,2939,2027-02-09,7
881,2939,2027-02-10,10
881,2939,2027-02-11,3
881,2939,2027-02-12,10
881,2939,2027-02-13,10
881,2939,2027-02-14,10
881,2939,2027-02-15,10
881,2939,2027-02-16,10
881,2939,2027-02-17,10
881,2939,2027-02-18,4
881,2939,2027-02-19,0
881,2939,2027-02-20,2
881,2939,2027-02-21,2
881,2939,2027-02-22,10
881,2939,2027-02-23,10
881,2939,2027-02-24,10
881,2940,2027-01-25,36
881,2940,2027-01-26,36
881,2940,2027-01-27,36
881,2940,2027-01-28,36
881,2940,2027-01-29,36
881,2940,2027-01-30,36
881,2940,2027-01-31,36
881,2940,2027-02-01,36
881,2940,2027-02-02,36
881,2940,2027-02-03,36
881,2940,2027-02-04,36
881,2940,2027-02-05,30
881,2940,2027-02-06,35
881,2940,2027-02-07,36
881,2940,2027-02-08,36
881,2940,2027-02-09,36
881,2940,2027-02-10,36
881,2940,2027-02-11,36
881,2940,2027-02-12,36
881,2940,2027-02-13,36
881,2940,2027-02-14,36
881,2940,2027-02-15,36
881,2940,2027-02-16,36
881,2940,2027-02-17,36
881,2940,2027-02-18,36
881,2940,2027-02-19,36
881,2940,2027-02-20,36
881,2940,2027-02-21,36
881,2940,2027-02-22,36
881,2940,2027-02-23,36
881,2940,2027-02-24,36
881,2927,2027-02-24,36
881,2927,2027-02-25,36
881,2927,2027-02-26,26
881,2927,2027-02-27,36
881,2927,2027-02-28,36
881,2927,2027-03-01,36
881,2927,2027-03-02,36
881,2927,2027-03-03,14
881,2927,2027-03-04,36
881,2927,2027-03-05,36
881,2927,2027-03-06,36
881,2927,2027-03-07,36
881,2927,2027-03-08,34
881,2927,2027-03-09,36
881,2927,2027-03-10,35
881,2927,2027-03-11,36
881,2927,2027-03-12,36
881,2927,2027-03-13,17
881,2927,2027-03-14,34
881,2927,2027-03-15,36
881,2927,2027-03-16,36
881,2927,2027-03-17,36
881,2927,2027-03-18,34
881,2927,2027-03-19,36
881,2927,2027-03-20,36
881,2927,2027-03-21,36
881,2927,2027-03-22,36
881,2927,2027-03-23,36
881,2927,2027-03-24,36
881,2927,2027-03-25,36
881,2927,2027-03-26,0
881,2928,2027-02-24,24
881,2928,2027-02-25,24
881,2928,2027-02-26,5
881,2928,2027-02-27,12
881,2928,2027-02-28,20
881,2928,2027-03-01,22
881,2928,2027-03-02,20
881,2928,2027-03-03,22
881,2928,2027-03-04,9
881,2928,2027-03-05,18
881,2928,2027-03-06,8
881,2928,2027-03-07,24
881,2928,2027-03-08,24
881,2928,2027-03-09,20
881,2928,2027-03-10,24
881,2928,2027-03-11,24
881,2928,2027-03-12,16
881,2928,2027-03-13,16
881,2928,2027-03-14,24
881,2928,2027-03-15,24
881,2928,2027-03-16,21
881,2928,2027-03-17,24
881,2928,2027-03-18,24
881,2928,2027-03-19,18
881,2928,2027-03-20,23
881,2928,2027-03-21,24
881,2928,2027-03-22,24
881,2928,2027-03-23,24
881,2928,2027-03-24,24
881,2928,2027-03-25,14
881,2928,2027-03-26,0
881,2929,2027-02-24,24
881,2929,2027-02-25,24
881,2929,2027-02-26,24
881,2929,2027-02-27,24
881,2929,2027-02-28,24
881,2929,2027-03-01,4
881,2929,2027-03-02,24
881,2929,2027-03-03,24
881,2929,2027-03-04,24
881,2929,2027-03-05,24
881,2929,2027-03-06,24
881,2929,2027-03-07,24
881,2929,2027-03-08,14
881,2929,2027-03-09,24
881,2929,2027-03-10,24
881,2929,2027-03-11,24
881,2929,2027-03-12,24
881,2929,2027-03-13,24
881,2929,2027-03-14,24
881,2929,2027-03-15,21
881,2929,2027-03-16,24
881,2929,2027-03-17,24
881,2929,2027-03-18,24
881,2929,2027-03-19,24
881,2929,2027-03-20,4
881,2929,2027-03-21,24
881,2929,2027-03-22,24
881,2929,2027-03-23,24
881,2929,2027-03-24,24
881,2929,2027-03-25,24
881,2929,2027-03-26,24
881,2930,2027-02-24,20
881,2930,2027-02-25,20
881,2930,2027-02-26,20
881,2930,2027-02-27,20
881,2930,2027-02-28,20
881,2930,2027-03-01,20
881,2930,2027-03-02,18
881,2930,2027-03-03,20
881,2930,2027-03-04,20
881,2930,2027-03-05,20
881,2930,2027-03-06,20
881,2930,2027-03-07,20
881,2930,2027-03-08,20
881,2930,2027-03-09,20
881,2930,2027-03-10,20
881,2930,2027-03-11,20
881,2930,2027-03-12,20
881,2930,2027-03-13,20
881,2930,2027-03-14,20
881,2930,2027-03-15,20
881,2930,2027-03-16,0
881,2930,2027-03-17,20
881,2930,2027-03-18,20
881,2930,2027-03-19,20
881,2930,2027-03-20,20
881,2930,2027-03-21,20
881,2930,2027-03-22,0
881,2930,2027-03-23,20
881,2930,2027-03-24,20
881,2930,2027-03-25,20
881,2930,2027-03-26,14
881,2931,2027-02-24,0
881,2931,2027-02-25,20
881,2931,2027-02-26,0
881,2931,2027-02-27,20
881,2931,2027-02-28,20
881,2931,2027-03-01,20
881,2931,2027-03-02,20
881,2931,2027-03-03,20
881,2931,2027-03-04,20
881,2931,2027-03-05,20
881,2931,2027-03-06,20
881,2931,2027-03-07,20
881,2931,2027-03-08,20
881,2931,2027-03-09,20
881,2931,2027-03-10,10
881,2931,2027-03-11,20
881,2931,2027-03-12,20
881,2931,2027-03-13,20
881,2931,2027-03-14,20
881,2931,2027-03-15,20
881,2931,2027-03-16,20
881,2931,2027-03-17,20
881,2931,2027-03-18,20
881,2931,2027-03-19,20
881,2931,2027-03-20,20
881,2931,2027-03-21,20
881,2931,2027-03-22,0
881,2931,2027-03-23,20
881,2931,2027-03-24,20
881,2931,2027-03-25,20
881,2931,2027-03-26,0
881,2932,2027-02-24,36
881,2932,2027-02-25,36
881,2932,2027-02-26,36
881,2932,2027-02-27,36
881,2932,2027-02-28,36
881,2932,2027-03-01,36
881,2932,2027-03-02,36
881,2932,2027-03-03,36
881,2932,2027-03-04,36
881,2932,2027-03-05,36
881,2932,2027-03-06,36
881,2932,2027-03-07,36
881,2932,2027-03-08,36
881,2932,2027-03-09,36
881,2932,2027-03-10,36
881,2932,2027-03-11,36
881,2932,2027-03-12,36
881,2932,2027-03-13,36
881,2932,2027-03-14,36
881,2932,2027-03-15,36
881,2932,2027-03-16,36
881,2932,2027-03-17,16
881,2932,2027-03-18,36
881,2932,2027-03-19,36
881,2932,2027-03-20,36
881,2932,2027-03-21,36
881,2932,2027-03-22,36
881,2932,2027-03-23,16
881,2932,2027-03-24,36
881,2932,2027-03-25,36
881,2932,2027-03-26,30
881,2933,2027-02-24,20
881,2933,2027-02-25,20
881,2933,2027-02-26,20
881,2933,2027-02-27,20
881,2933,2027-02-28,20
881,2933,2027-03-01,20
881,2933,2027-03-02,20
881,2933,2027-03-03,20
881,2933,2027-03-04,20
881,2933,2027-03-05,20
881,2933,2027-03-06,20
881,2933,2027-03-07,20
881,2933,2027-03-08,20
881,2933,2027-03-09,20
881,2933,2027-03-10,20
881,2933,2027-03-11,20
881,2933,2027-03-12,20
881,2933,2027-03-13,20
881,2933,2027-03-14,20
881,2933,2027-03-15,20
881,2933,2027-03-16,20
881,2933,2027-03-17,20
881,2933,2027-03-18,0
881,2933,2027-03-19,20
881,2933,2027-03-20,20
881,2933,2027-03-21,20
881,2933,2027-03-22,20
881,2933,2027-03-23,20
881,2933,2027-03-24,0
881,2933,2027-03-25,20
881,2933,2027-03-26,20
881,2934,2027-02-24,20
881,2934,2027-02-25,0
881,2934,2027-02-26,20
881,2934,2027-02-27,20
881,2934,2027-02-28,20
881,2934,2027-03-01,20
881,2934,2027-03-02,0
881,2934,2027-03-03,20
881,2934,2027-03-04,20
881,2934,2027-03-05,20
881,2934,2027-03-06,20
881,2934,2027-03-07,20
881,2934,2027-03-08,20
881,2934,2027-03-09,10
881,2934,2027-03-10,20
881,2934,2027-03-11,20
881,2934,2027-03-12,20
881,2934,2027-03-13,20
881,2934,2027-03-14,20
881,2934,2027-03-15,20
881,2934,2027-03-16,20
881,2934,2027-03-17,20
881,2934,2027-03-18,20
881,2934,2027-03-19,20
881,2934,2027-03-20,20
881,2934,2027-03-21,0
881,2934,2027-03-22,20
881,2934,2027-03-23,20
881,2934,2027-03-24,20
881,2934,2027-03-25,0
881,2934,2027-03-26,0
881,2935,2027-02-24,36
881,2935,2027-02-25,36
881,2935,2027-02-26,36
881,2935,2027-02-27,36
881,2935,2027-02-28,36
881,2935,2027-03-01,34
881,2935,2027-03-02,36
881,2935,2027-03-03,36
881,2935,2027-03-04,36
881,2935,2027-03-05,36
881,2935,2027-03-06,34
881,2935,2027-03-07,36
881,2935,2027-03-08,36
881,2935,2027-03-09,36
881,2935,2027-03-10,36
881,2935,2027-03-11,27
881,2935,2027-03-12,34
881,2935,2027-03-13,36
881,2935,2027-03-14,33
881,2935,2027-03-15,36
881,2935,2027-03-16,36
881,2935,2027-03-17,36
881,2935,2027-03-18,35
881,2935,2027-03-19,36
881,2935,2027-03-20,36
881,2935,2027-03-21,36
881,2935,2027-03-22,36
881,2935,2027-03-23,36
881,2935,2027-03-24,32
881,2935,2027-03-25,32
881,2935,2027-03-26,30
881,2936,2027-02-24,20
881,2936,2027-02-25,20
881,2936,2027-02-26,20
881,2936,2027-02-27,20
881,2936,2027-02-28,20
881,2936,2027-03-01,18
881,2936,2027-03-02,20
881,2936,2027-03-03,20
881,2936,2027-03-04,20
881,2936,2027-03-05,20
881,2936,2027-03-06,20
881,2936,2027-03-07,20
881,2936,2027-03-08,20
881,2936,2027-03-09,20
881,2936,2027-03-10,20
881,2936,2027-03-11,20
881,2936,2027-03-12,20
881,2936,2027-03-13,20
881,2936,2027-03-14,20
881,2936,2027-03-15,20
881,2936,2027-03-16,20
881,2936,2027-03-17,20
881,2936,2027-03-18,20
881,2936,2027-03-19,20
881,2936,2027-03-20,20
881,2936,2027-03-21,20
881,2936,2027-03-22,20
881,2936,2027-03-23,20
881,2936,2027-03-24,20
881,2936,2027-03-25,14
881,2936,2027-03-26,16
881,2937,2027-02-24,36
881,2937,2027-02-25,36
881,2937,2027-02-26,36
881,2937,2027-02-27,26
881,2937,2027-02-28,36
881,2937,2027-03-01,36
881,2937,2027-03-02,36
881,2937,2027-03-03,36
881,2937,2027-03-04,32
881,2937,2027-03-05,36
881,2937,2027-03-06,36
881,2937,2027-03-07,36
881,2937,2027-03-08,36
881,2937,2027-03-09,34
881,2937,2027-03-10,36
881,2937,2027-03-11,35
881,2937,2027-03-12,36
881,2937,2027-03-13,36
881,2937,2027-03-14,36
881,2937,2027-03-15,34
881,2937,2027-03-16,36
881,2937,2027-03-17,36
881,2937,2027-03-18,36
881,2937,2027-03-19,36
881,2937,2027-03-20,36
881,2937,2027-03-21,36
881,2937,2027-03-22,36
881,2937,2027-03-23,36
881,2937,2027-03-24,36
881,2937,2027-03-25,36
881,2937,2027-03-26,36
881,2938,2027-02-24,7
881,2938,2027-02-25,20
881,2938,2027-02-26,20
881,2938,2027-02-27,1
881,2938,2027-02-28,12
881,2938,2027-03-01,16
881,2938,2027-03-02,18
881,2938,2027-03-03,16
881,2938,2027-03-04,20
881,2938,2027-03-05,16
881,2938,2027-03-06,14
881,2938,2027-03-07,4
881,2938,2027-03-08,20
881,2938,2027-03-09,20
881,2938,2027-03-10,16
881,2938,2027-03-11,20
881,2938,2027-03-12,20
881,2938,2027-03-13,12
881,2938,2027-03-14,11
881,2938,2027-03-15,20
881,2938,2027-03-16,20
881,2938,2027-03-17,17
881,2938,2027-03-18,20
881,2938,2027-03-19,18
881,2938,2027-03-20,14
881,2938,2027-03-21,19
881,2938,2027-03-22,20
881,2938,2027-03-23,20
881,2938,2027-03-24,20
881,2938,2027-03-25,20
881,2938,2027-03-26,20
881,2939,2027-02-24,10
881,2939,2027-02-25,10
881,2939,2027-02-26,10
881,2939,2027-02-27,10
881,2939,2027-02-28,10
881,2939,2027-03-01,10
881,2939,2027-03-02,10
881,2939,2027-03-03,10
881,2939,2027-03-04,4
881,2939,2027-03-05,2
881,2939,2027-03-06,10
881,2939,2027-03-07,10
881,2939,2027-03-08,10
881,2939,2027-03-09,10
881,2939,2027-03-10,10
881,2939,2027-03-11,10
881,2939,2027-03-12,2
881,2939,2027-03-13,10
881,2939,2027-03-14,10
881,2939,2027-03-15,10
881,2939,2027-03-16,10
881,2939,2027-03-17,10
881,2939,2027-03-18,6
881,2939,2027-03-19,9
881,2939,2027-03-20,10
881,2939,2027-03-21,10
881,2939,2027-03-22,10
881,2939,2027-03-23,10
881,2939,2027-03-24,10
881,2939,2027-03-25,6
881,2939,2027-03-26,6
881,2940,2027-02-24,36
881,2940,2027-02-25,36
881,2940,2027-02-26,36
881,2940,2027-02-27,36
881,2940,2027-02-28,36
881,2940,2027-03-01,36
881,2940,2027-03-02,34
881,2940,2027-03-03,36
881,2940,2027-03-04,36
881,2940,2027-03-05,36
881,2940,2027-03-06,36
881,2940,2027-03-07,34
881,2940,2027-03-08,36
881,2940,2027-03-09,36
881,2940,2027-03-10,36
881,2940,2027-03-11,36
881,2940,2027-03-12,35
881,2940,2027-03-13,34
881,2940,2027-03-14,36
881,2940,2027-03-15,36
881,2940,2027-03-16,36
881,2940,2027-03-17,36
881,2940,2027-03-18,36
881,2940,2027-03-19,36
881,2940,2027-03-20,36
881,2940,2027-03-21,36
881,2940,2027-03-22,36
881,2940,2027-03-23,36
881,2940,2027-03-24,36
881,2940,2027-03-25,36
881,2940,2027-03-26,24
881,2927,2027-04-25,36
881,2927,2027-04-26,36
881,2927,2027-04-27,36
881,2927,2027-04-28,36
881,2927,2027-04-29,36
881,2927,2027-04-30,36
881,2927,2027-05-01,0
881,2927,2027-05-02,0
881,2927,2027-05-03,0
881,2927,2027-05-04,0
881,2927,2027-05-05,0
881,2927,2027-05-06,0
881,2927,2027-05-07,0
881,2927,2027-05-08,0
881,2927,2027-05-09,0
881,2927,2027-05-10,0
881,2927,2027-05-11,0
881,2927,2027-05-12,0
881,2927,2027-05-13,0
881,2927,2027-05-14,0
881,2927,2027-05-15,0
881,2927,2027-05-16,0
881,2927,2027-05-17,0
881,2927,2027-05-18,0
881,2927,2027-05-19,0
881,2927,2027-05-20,0
881,2927,2027-05-21,0
881,2927,2027-05-22,0
881,2927,2027-05-23,0
881,2927,2027-05-24,0
881,2927,2027-05-25,0
881,2928,2027-04-25,24
881,2928,2027-04-26,24
881,2928,2027-04-27,24
881,2928,2027-04-28,24
881,2928,2027-04-29,24
881,2928,2027-04-30,24
881,2928,2027-05-01,0
881,2928,2027-05-02,0
881,2928,2027-05-03,0
881,2928,2027-05-04,0
881,2928,2027-05-05,0
881,2928,2027-05-06,0
881,2928,2027-05-07,0
881,2928,2027-05-08,0
881,2928,2027-05-09,0
881,2928,2027-05-10,0
881,2928,2027-05-11,0
881,2928,2027-05-12,0
881,2928,2027-05-13,0
881,2928,2027-05-14,0
881,2928,2027-05-15,0
881,2928,2027-05-16,0
881,2928,2027-05-17,0
881,2928,2027-05-18,0
881,2928,2027-05-19,0
881,2928,2027-05-20,0
881,2928,2027-05-21,0
881,2928,2027-05-22,0
881,2928,2027-05-23,0
881,2928,2027-05-24,0
881,2928,2027-05-25,0
881,2929,2027-04-25,24
881,2929,2027-04-26,24
881,2929,2027-04-27,24
881,2929,2027-04-28,24
881,2929,2027-04-29,24
881,2929,2027-04-30,24
881,2929,2027-05-01,0
881,2929,2027-05-02,0
881,2929,2027-05-03,0
881,2929,2027-05-04,0
881,2929,2027-05-05,0
881,2929,2027-05-06,0
881,2929,2027-05-07,0
881,2929,2027-05-08,0
881,2929,2027-05-09,0
881,2929,2027-05-10,0
881,2929,2027-05-11,0
881,2929,2027-05-12,0
881,2929,2027-05-13,0
881,2929,2027-05-14,0
881,2929,2027-05-15,0
881,2929,2027-05-16,0
881,2929,2027-05-17,0
881,2929,2027-05-18,0
881,2929,2027-05-19,0
881,2929,2027-05-20,0
881,2929,2027-05-21,0
881,2929,2027-05-22,0
881,2929,2027-05-23,0
881,2929,2027-05-24,0
881,2929,2027-05-25,0
881,2930,2027-04-25,20
881,2930,2027-04-26,20
881,2930,2027-04-27,20
881,2930,2027-04-28,20
881,2930,2027-04-29,20
881,2930,2027-04-30,20
881,2930,2027-05-01,0
881,2930,2027-05-02,0
881,2930,2027-05-03,0
881,2930,2027-05-04,0
881,2930,2027-05-05,0
881,2930,2027-05-06,0
881,2930,2027-05-07,0
881,2930,2027-05-08,0
881,2930,2027-05-09,0
881,2930,2027-05-10,0
881,2930,2027-05-11,0
881,2930,2027-05-12,0
881,2930,2027-05-13,0
881,2930,2027-05-14,0
881,2930,2027-05-15,0
881,2930,2027-05-16,0
881,2930,2027-05-17,0
881,2930,2027-05-18,0
881,2930,2027-05-19,0
881,2930,2027-05-20,0
881,2930,2027-05-21,0
881,2930,2027-05-22,0
881,2930,2027-05-23,0
881,2930,2027-05-24,0
881,2930,2027-05-25,0
881,2931,2027-04-25,20
881,2931,2027-04-26,20
881,2931,2027-04-27,20
881,2931,2027-04-28,20
881,2931,2027-04-29,20
881,2931,2027-04-30,20
881,2931,2027-05-01,0
881,2931,2027-05-02,0
881,2931,2027-05-03,0
881,2931,2027-05-04,0
881,2931,2027-05-05,0
881,2931,2027-05-06,0
881,2931,2027-05-07,0
881,2931,2027-05-08,0
881,2931,2027-05-09,0
881,2931,2027-05-10,0
881,2931,2027-05-11,0
881,2931,2027-05-12,0
881,2931,2027-05-13,0
881,2931,2027-05-14,0
881,2931,2027-05-15,0
881,2931,2027-05-16,0
881,2931,2027-05-17,0
881,2931,2027-05-18,0
881,2931,2027-05-19,0
881,2931,2027-05-20,0
881,2931,2027-05-21,0
881,2931,2027-05-22,0
881,2931,2027-05-23,0
881,2931,2027-05-24,0
881,2931,2027-05-25,0
881,2932,2027-04-25,36
881,2932,2027-04-26,36
881,2932,2027-04-27,36
881,2932,2027-04-28,36
881,2932,2027-04-29,36
881,2932,2027-04-30,36
881,2932,2027-05-01,0
881,2932,2027-05-02,0
881,2932,2027-05-03,0
881,2932,2027-05-04,0
881,2932,2027-05-05,0
881,2932,2027-05-06,0
881,2932,2027-05-07,0
881,2932,2027-05-08,0
881,2932,2027-05-09,0
881,2932,2027-05-10,0
881,2932,2027-05-11,0
881,2932,2027-05-12,0
881,2932,2027-05-13,0
881,2932,2027-05-14,0
881,2932,2027-05-15,0
881,2932,2027-05-16,0
881,2932,2027-05-17,0
881,2932,2027-05-18,0
881,2932,2027-05-19,0
881,2932,2027-05-20,0
881,2932,2027-05-21,0
881,2932,2027-05-22,0
881,2932,2027-05-23,0
881,2932,2027-05-24,0
881,2932,2027-05-25,0
881,2933,2027-04-25,20
881,2933,2027-04-26,20
881,2933,2027-04-27,20
881,2933,2027-04-28,20
881,2933,2027-04-29,20
881,2933,2027-04-30,20
881,2933,2027-05-01,0
881,2933,2027-05-02,0
881,2933,2027-05-03,0
881,2933,2027-05-04,0
881,2933,2027-05-05,0
881,2933,2027-05-06,0
881,2933,2027-05-07,0
881,2933,2027-05-08,0
881,2933,2027-05-09,0
881,2933,2027-05-10,0
881,2933,2027-05-11,0
881,2933,2027-05-12,0
881,2933,2027-05-13,0
881,2933,2027-05-14,0
881,2933,2027-05-15,0
881,2933,2027-05-16,0
881,2933,2027-05-17,0
881,2933,2027-05-18,0
881,2933,2027-05-19,0
881,2933,2027-05-20,0
881,2933,2027-05-21,0
881,2933,2027-05-22,0
881,2933,2027-05-23,0
881,2933,2027-05-24,0
881,2933,2027-05-25,0
881,2934,2027-04-25,20
881,2934,2027-04-26,20
881,2934,2027-04-27,20
881,2934,2027-04-28,20
881,2934,2027-04-29,20
881,2934,2027-04-30,20
881,2934,2027-05-01,0
881,2934,2027-05-02,0
881,2934,2027-05-03,0
881,2934,2027-05-04,0
881,2934,2027-05-05,0
881,2934,2027-05-06,0
881,2934,2027-05-07,0
881,2934,2027-05-08,0
881,2934,2027-05-09,0
881,2934,2027-05-10,0
881,2934,2027-05-11,0
881,2934,2027-05-12,0
881,2934,2027-05-13,0
881,2934,2027-05-14,0
881,2934,2027-05-15,0
881,2934,2027-05-16,0
881,2934,2027-05-17,0
881,2934,2027-05-18,0
881,2934,2027-05-19,0
881,2934,2027-05-20,0
881,2934,2027-05-21,0
881,2934,2027-05-22,0
881,2934,2027-05-23,0
881,2934,2027-05-24,0
881,2934,2027-05-25,0
881,2935,2027-04-25,36
881,2935,2027-04-26,36
881,2935,2027-04-27,36
881,2935,2027-04-28,36
881,2935,2027-04-29,36
881,2935,2027-04-30,36
881,2935,2027-05-01,0
881,2935,2027-05-02,0
881,2935,2027-05-03,0
881,2935,2027-05-04,0
881,2935,2027-05-05,0
881,2935,2027-05-06,0
881,2935,2027-05-07,0
881,2935,2027-05-08,0
881,2935,2027-05-09,0
881,2935,2027-05-10,0
881,2935,2027-05-11,0
881,2935,2027-05-12,0
881,2935,2027-05-13,0
881,2935,2027-05-14,0
881,2935,2027-05-15,0
881,2935,2027-05-16,0
881,2935,2027-05-17,0
881,2935,2027-05-18,0
881,2935,2027-05-19,0
881,2935,2027-05-20,0
881,2935,2027-05-21,0
881,2935,2027-05-22,0
881,2935,2027-05-23,0
881,2935,2027-05-24,0
881,2935,2027-05-25,0
881,2936,2027-04-25,20
881,2936,2027-04-26,20
881,2936,2027-04-27,20
881,2936,2027-04-28,20
881,2936,2027-04-29,20
881,2936,2027-04-30,20
881,2936,2027-05-01,0
881,2936,2027-05-02,0
881,2936,2027-05-03,0
881,2936,2027-05-04,0
881,2936,2027-05-05,0
881,2936,2027-05-06,0
881,2936,2027-05-07,0
881,2936,2027-05-08,0
881,2936,2027-05-09,0
881,2936,2027-05-10,0
881,2936,2027-05-11,0
881,2936,2027-05-12,0
881,2936,2027-05-13,0
881,2936,2027-05-14,0
881,2936,2027-05-15,0
881,2936,2027-05-16,0
881,2936,2027-05-17,0
881,2936,2027-05-18,0
881,2936,2027-05-19,0
881,2936,2027-05-20,0
881,2936,2027-05-21,0
881,2936,2027-05-22,0
881,2936,2027-05-23,0
881,2936,2027-05-24,0
881,2936,2027-05-25,0
881,2937,2027-04-25,36
881,2937,2027-04-26,36
881,2937,2027-04-27,36
881,2937,2027-04-28,36
881,2937,2027-04-29,36
881,2937,2027-04-30,36
881,2937,2027-05-01,0
881,2937,2027-05-02,0
881,2937,2027-05-03,0
881,2937,2027-05-04,0
881,2937,2027-05-05,0
881,2937,2027-05-06,0
881,2937,2027-05-07,0
881,2937,2027-05-08,0
881,2937,2027-05-09,0
881,2937,2027-05-10,0
881,2937,2027-05-11,0
881,2937,2027-05-12,0
881,2937,2027-05-13,0
881,2937,2027-05-14,0
881,2937,2027-05-15,0
881,2937,2027-05-16,0
881,2937,2027-05-17,0
881,2937,2027-05-18,0
881,2937,2027-05-19,0
881,2937,2027-05-20,0
881,2937,2027-05-21,0
881,2937,2027-05-22,0
881,2937,2027-05-23,0
881,2937,2027-05-24,0
881,2937,2027-05-25,0
881,2938,2027-04-25,8
881,2938,2027-04-26,20
881,2938,2027-04-27,20
881,2938,2027-04-28,20
881,2938,2027-04-29,20
881,2938,2027-04-30,20
881,2938,2027-05-01,0
881,2938,2027-05-02,0
881,2938,2027-05-03,0
881,2938,2027-05-04,0
881,2938,2027-05-05,0
881,2938,2027-05-06,0
881,2938,2027-05-07,0
881,2938,2027-05-08,0
881,2938,2027-05-09,0
881,2938,2027-05-10,0
881,2938,2027-05-11,0
881,2938,2027-05-12,0
881,2938,2027-05-13,0
881,2938,2027-05-14,0
881,2938,2027-05-15,0
881,2938,2027-05-16,0
881,2938,2027-05-17,0
881,2938,2027-05-18,0
881,2938,2027-05-19,0
881,2938,2027-05-20,0
881,2938,2027-05-21,0
881,2938,2027-05-22,0
881,2938,2027-05-23,0
881,2938,2027-05-24,0
881,2938,2027-05-25,0
881,2939,2027-04-25,10
881,2939,2027-04-26,10
881,2939,2027-04-27,10
881,2939,2027-04-28,10
881,2939,2027-04-29,10
881,2939,2027-04-30,10
881,2939,2027-05-01,0
881,2939,2027-05-02,0
881,2939,2027-05-03,0
881,2939,2027-05-04,0
881,2939,2027-05-05,0
881,2939,2027-05-06,0
881,2939,2027-05-07,0
881,2939,2027-05-08,0
881,2939,2027-05-09,0
881,2939,2027-05-10,0
881,2939,2027-05-11,0
881,2939,2027-05-12,0
881,2939,2027-05-13,0
881,2939,2027-05-14,0
881,2939,2027-05-15,0
881,2939,2027-05-16,0
881,2939,2027-05-17,0
881,2939,2027-05-18,0
881,2939,2027-05-19,0
881,2939,2027-05-20,0
881,2939,2027-05-21,0
881,2939,2027-05-22,0
881,2939,2027-05-23,0
881,2939,2027-05-24,0
881,2939,2027-05-25,0
881,2940,2027-04-25,36
881,2940,2027-04-26,36
881,2940,2027-04-27,36
881,2940,2027-04-28,36
881,2940,2027-04-29,36
881,2940,2027-04-30,36
881,2940,2027-05-01,0
881,2940,2027-05-02,0
881,2940,2027-05-03,0
881,2940,2027-05-04,0
881,2940,2027-05-05,0
881,2940,2027-05-06,0
881,2940,2027-05-07,0
881,2940,2027-05-08,0
881,2940,2027-05-09,0
881,2940,2027-05-10,0
881,2940,2027-05-11,0
881,2940,2027-05-12,0
881,2940,2027-05-13,0
881,2940,2027-05-14,0
881,2940,2027-05-15,0
881,2940,2027-05-16,0
881,2940,2027-05-17,0
881,2940,2027-05-18,0
881,2940,2027-05-19,0
881,2940,2027-05-20,0
881,2940,2027-05-21,0
881,2940,2027-05-22,0
881,2940,2027-05-23,0
881,2940,2027-05-24,0
881,2940,2027-05-25,0
881,2927,2026-11-26,30
881,2927,2026-11-27,36
881,2927,2026-11-28,36
881,2927,2026-11-29,36
881,2927,2026-11-30,36
881,2927,2026-12-01,6
881,2927,2026-12-02,36
881,2927,2026-12-03,36
881,2927,2026-12-04,31
881,2927,2026-12-05,36
881,2927,2026-12-06,34
881,2927,2026-12-07,36
881,2927,2026-12-08,36
881,2927,2026-12-09,36
881,2927,2026-12-10,36
881,2927,2026-12-11,35
881,2927,2026-12-12,9
881,2927,2026-12-13,36
881,2927,2026-12-14,36
881,2927,2026-12-15,36
881,2927,2026-12-16,36
881,2927,2026-12-17,34
881,2927,2026-12-18,14
881,2927,2026-12-19,27
881,2927,2026-12-20,28
881,2927,2026-12-21,22
881,2927,2026-12-22,36
881,2927,2026-12-23,36
881,2927,2026-12-24,36
881,2927,2026-12-25,32
881,2927,2026-12-26,36
881,2928,2026-11-26,22
881,2928,2026-11-27,18
881,2928,2026-11-28,4
881,2928,2026-11-29,9
881,2928,2026-11-30,24
881,2928,2026-12-01,24
881,2928,2026-12-02,24
881,2928,2026-12-03,24
881,2928,2026-12-04,8
881,2928,2026-12-05,17
881,2928,2026-12-06,20
881,2928,2026-12-07,24
881,2928,2026-12-08,20
881,2928,2026-12-09,24
881,2928,2026-12-10,13
881,2928,2026-12-11,0
881,2928,2026-12-12,24
881,2928,2026-12-13,24
881,2928,2026-12-14,17
881,2928,2026-12-15,14
881,2928,2026-12-16,24
881,2928,2026-12-17,19
881,2928,2026-12-18,6
881,2928,2026-12-19,3
881,2928,2026-12-20,6
881,2928,2026-12-21,2
881,2928,2026-12-22,16
881,2928,2026-12-23,24
881,2928,2026-12-24,22
881,2928,2026-12-25,18
881,2928,2026-12-26,18
881,2929,2026-11-26,24
881,2929,2026-11-27,24
881,2929,2026-11-28,24
881,2929,2026-11-29,24
881,2929,2026-11-30,4
881,2929,2026-12-01,24
881,2929,2026-12-02,4
881,2929,2026-12-03,24
881,2929,2026-12-04,24
881,2929,2026-12-05,24
881,2929,2026-12-06,24
881,2929,2026-12-07,4
881,2929,2026-12-08,24
881,2929,2026-12-09,24
881,2929,2026-12-10,24
881,2929,2026-12-11,15
881,2929,2026-12-12,24
881,2929,2026-12-13,24
881,2929,2026-12-14,4
881,2929,2026-12-15,24
881,2929,2026-12-16,24
881,2929,2026-12-17,24
881,2929,2026-12-18,24
881,2929,2026-12-19,24
881,2929,2026-12-20,24
881,2929,2026-12-21,24
881,2929,2026-12-22,6
881,2929,2026-12-23,24
881,2929,2026-12-24,24
881,2929,2026-12-25,24
881,2929,2026-12-26,24
881,2930,2026-11-26,20
881,2930,2026-11-27,12
881,2930,2026-11-28,20
881,2930,2026-11-29,20
881,2930,2026-11-30,0
881,2930,2026-12-01,20
881,2930,2026-12-02,20
881,2930,2026-12-03,20
881,2930,2026-12-04,20
881,2930,2026-12-05,20
881,2930,2026-12-06,20
881,2930,2026-12-07,20
881,2930,2026-12-08,20
881,2930,2026-12-09,20
881,2930,2026-12-10,20
881,2930,2026-12-11,20
881,2930,2026-12-12,20
881,2930,2026-12-13,20
881,2930,2026-12-14,20
881,2930,2026-12-15,20
881,2930,2026-12-16,18
881,2930,2026-12-17,8
881,2930,2026-12-18,20
881,2930,2026-12-19,20
881,2930,2026-12-20,20
881,2930,2026-12-21,20
881,2930,2026-12-22,20
881,2930,2026-12-23,20
881,2930,2026-12-24,20
881,2930,2026-12-25,20
881,2930,2026-12-26,20
881,2931,2026-11-26,20
881,2931,2026-11-27,20
881,2931,2026-11-28,20
881,2931,2026-11-29,20
881,2931,2026-11-30,20
881,2931,2026-12-01,20
881,2931,2026-12-02,0
881,2931,2026-12-03,20
881,2931,2026-12-04,0
881,2931,2026-12-05,20
881,2931,2026-12-06,20
881,2931,2026-12-07,20
881,2931,2026-12-08,20
881,2931,2026-12-09,0
881,2931,2026-12-10,20
881,2931,2026-12-11,18
881,2931,2026-12-12,0
881,2931,2026-12-13,20
881,2931,2026-12-14,20
881,2931,2026-12-15,20
881,2931,2026-12-16,0
881,2931,2026-12-17,20
881,2931,2026-12-18,20
881,2931,2026-12-19,0
881,2931,2026-12-20,20
881,2931,2026-12-21,20
881,2931,2026-12-22,0
881,2931,2026-12-23,20
881,2931,2026-12-24,2
881,2931,2026-12-25,18
881,2931,2026-12-26,20
881,2932,2026-11-26,36
881,2932,2026-11-27,36
881,2932,2026-11-28,18
881,2932,2026-11-29,36
881,2932,2026-11-30,36
881,2932,2026-12-01,36
881,2932,2026-12-02,36
881,2932,2026-12-03,36
881,2932,2026-12-04,36
881,2932,2026-12-05,36
881,2932,2026-12-06,36
881,2932,2026-12-07,36
881,2932,2026-12-08,36
881,2932,2026-12-09,36
881,2932,2026-12-10,36
881,2932,2026-12-11,36
881,2932,2026-12-12,36
881,2932,2026-12-13,36
881,2932,2026-12-14,36
881,2932,2026-12-15,36
881,2932,2026-12-16,36
881,2932,2026-12-17,36
881,2932,2026-12-18,28
881,2932,2026-12-19,36
881,2932,2026-12-20,36
881,2932,2026-12-21,36
881,2932,2026-12-22,36
881,2932,2026-12-23,36
881,2932,2026-12-24,36
881,2932,2026-12-25,36
881,2932,2026-12-26,36
881,2933,2026-11-26,0
881,2933,2026-11-27,20
881,2933,2026-11-28,20
881,2933,2026-11-29,20
881,2933,2026-11-30,20
881,2933,2026-12-01,20
881,2933,2026-12-02,20
881,2933,2026-12-03,20
881,2933,2026-12-04,20
881,2933,2026-12-05,20
881,2933,2026-12-06,20
881,2933,2026-12-07,20
881,2933,2026-12-08,20
881,2933,2026-12-09,20
881,2933,2026-12-10,20
881,2933,2026-12-11,20
881,2933,2026-12-12,18
881,2933,2026-12-13,20
881,2933,2026-12-14,20
881,2933,2026-12-15,20
881,2933,2026-12-16,20
881,2933,2026-12-17,20
881,2933,2026-12-18,20
881,2933,2026-12-19,12
881,2933,2026-12-20,20
881,2933,2026-12-21,20
881,2933,2026-12-22,20
881,2933,2026-12-23,20
881,2933,2026-12-24,20
881,2933,2026-12-25,20
881,2933,2026-12-26,20
881,2934,2026-11-26,20
881,2934,2026-11-27,10
881,2934,2026-11-28,20
881,2934,2026-11-29,20
881,2934,2026-11-30,20
881,2934,2026-12-01,0
881,2934,2026-12-02,20
881,2934,2026-12-03,0
881,2934,2026-12-04,20
881,2934,2026-12-05,20
881,2934,2026-12-06,20
881,2934,2026-12-07,20
881,2934,2026-12-08,0
881,2934,2026-12-09,20
881,2934,2026-12-10,18
881,2934,2026-12-11,0
881,2934,2026-12-12,20
881,2934,2026-12-13,20
881,2934,2026-12-14,20
881,2934,2026-12-15,0
881,2934,2026-12-16,20
881,2934,2026-12-17,20
881,2934,2026-12-18,0
881,2934,2026-12-19,20
881,2934,2026-12-20,20
881,2934,2026-12-21,0
881,2934,2026-12-22,20
881,2934,2026-12-23,2
881,2934,2026-12-24,18
881,2934,2026-12-25,20
881,2934,2026-12-26,20
881,2935,2026-11-26,34
881,2935,2026-11-27,36
881,2935,2026-11-28,36
881,2935,2026-11-29,36
881,2935,2026-11-30,36
881,2935,2026-12-01,36
881,2935,2026-12-02,36
881,2935,2026-12-03,36
881,2935,2026-12-04,32
881,2935,2026-12-05,36
881,2935,2026-12-06,36
881,2935,2026-12-07,36
881,2935,2026-12-08,36
881,2935,2026-12-09,36
881,2935,2026-12-10,36
881,2935,2026-12-11,36
881,2935,2026-12-12,36
881,2935,2026-12-13,36
881,2935,2026-12-14,36
881,2935,2026-12-15,36
881,2935,2026-12-16,36
881,2935,2026-12-17,36
881,2935,2026-12-18,36
881,2935,2026-12-19,36
881,2935,2026-12-20,36
881,2935,2026-12-21,36
881,2935,2026-12-22,34
881,2935,2026-12-23,36
881,2935,2026-12-24,32
881,2935,2026-12-25,24
881,2935,2026-12-26,36
881,2936,2026-11-26,12
881,2936,2026-11-27,20
881,2936,2026-11-28,20
881,2936,2026-11-29,20
881,2936,2026-11-30,20
881,2936,2026-12-01,20
881,2936,2026-12-02,20
881,2936,2026-12-03,20
881,2936,2026-12-04,20
881,2936,2026-12-05,20
881,2936,2026-12-06,18
881,2936,2026-12-07,20
881,2936,2026-12-08,20
881,2936,2026-12-09,20
881,2936,2026-12-10,20
881,2936,2026-12-11,20
881,2936,2026-12-12,20
881,2936,2026-12-13,20
881,2936,2026-12-14,20
881,2936,2026-12-15,18
881,2936,2026-12-16,8
881,2936,2026-12-17,18
881,2936,2026-12-18,20
881,2936,2026-12-19,12
881,2936,2026-12-20,20
881,2936,2026-12-21,20
881,2936,2026-12-22,20
881,2936,2026-12-23,20
881,2936,2026-12-24,20
881,2936,2026-12-25,20
881,2936,2026-12-26,20
881,2937,2026-11-26,36
881,2937,2026-11-27,30
881,2937,2026-11-28,36
881,2937,2026-11-29,26
881,2937,2026-11-30,36
881,2937,2026-12-01,36
881,2937,2026-12-02,6
881,2937,2026-12-03,36
881,2937,2026-12-04,36
881,2937,2026-12-05,31
881,2937,2026-12-06,34
881,2937,2026-12-07,34
881,2937,2026-12-08,36
881,2937,2026-12-09,36
881,2937,2026-12-10,36
881,2937,2026-12-11,36
881,2937,2026-12-12,35
881,2937,2026-12-13,36
881,2937,2026-12-14,36
881,2937,2026-12-15,36
881,2937,2026-12-16,36
881,2937,2026-12-17,36
881,2937,2026-12-18,34
881,2937,2026-12-19,32
881,2937,2026-12-20,32
881,2937,2026-12-21,28
881,2937,2026-12-22,27
881,2937,2026-12-23,36
881,2937,2026-12-24,36
881,2937,2026-12-25,36
881,2937,2026-12-26,32
881,2938,2026-11-26,20
881,2938,2026-11-27,18
881,2938,2026-11-28,20
881,2938,2026-11-29,0
881,2938,2026-11-30,10
881,2938,2026-12-01,20
881,2938,2026-12-02,20
881,2938,2026-12-03,20
881,2938,2026-12-04,20
881,2938,2026-12-05,16
881,2938,2026-12-06,15
881,2938,2026-12-07,16
881,2938,2026-12-08,20
881,2938,2026-12-09,16
881,2938,2026-12-10,20
881,2938,2026-12-11,14
881,2938,2026-12-12,0
881,2938,2026-12-13,20
881,2938,2026-12-14,20
881,2938,2026-12-15,18
881,2938,2026-12-16,20
881,2938,2026-12-17,20
881,2938,2026-12-18,15
881,2938,2026-12-19,2
881,2938,2026-12-20,3
881,2938,2026-12-21,2
881,2938,2026-12-22,5
881,2938,2026-12-23,12
881,2938,2026-12-24,20
881,2938,2026-12-25,18
881,2938,2026-12-26,14
881,2939,2026-11-26,10
881,2939,2026-11-27,8
881,2939,2026-11-28,4
881,2939,2026-11-29,10
881,2939,2026-11-30,10
881,2939,2026-12-01,10
881,2939,2026-12-02,10
881,2939,2026-12-03,6
881,2939,2026-12-04,7
881,2939,2026-12-05,6
881,2939,2026-12-06,10
881,2939,2026-12-07,10
881,2939,2026-12-08,10
881,2939,2026-12-09,10
881,2939,2026-12-10,6
881,2939,2026-12-11,10
881,2939,2026-12-12,10
881,2939,2026-12-13,10
881,2939,2026-12-14,0
881,2939,2026-12-15,10
881,2939,2026-12-16,5
881,2939,2026-12-17,0
881,2939,2026-12-18,0
881,2939,2026-12-19,0
881,2939,2026-12-20,2
881,2939,2026-12-21,2
881,2939,2026-12-22,10
881,2939,2026-12-23,10
881,2939,2026-12-24,8
881,2939,2026-12-25,6
881,2939,2026-12-26,8
881,2940,2026-11-26,36
881,2940,2026-11-27,36
881,2940,2026-11-28,36
881,2940,2026-11-29,36
881,2940,2026-11-30,36
881,2940,2026-12-01,36
881,2940,2026-12-02,36
881,2940,2026-12-03,36
881,2940,2026-12-04,36
881,2940,2026-12-05,36
881,2940,2026-12-06,36
881,2940,2026-12-07,34
881,2940,2026-12-08,36
881,2940,2026-12-09,36
881,2940,2026-12-10,36
881,2940,2026-12-11,36
881,2940,2026-12-12,36
881,2940,2026-12-13,36
881,2940,2026-12-14,36
881,2940,2026-12-15,36
881,2940,2026-12-16,36
881,2940,2026-12-17,36
881,2940,2026-12-18,31
881,2940,2026-12-19,28
881,2940,2026-12-20,36
881,2940,2026-12-21,36
881,2940,2026-12-22,36
881,2940,2026-12-23,34
881,2940,2026-12-24,36
881,2940,2026-12-25,36
881,2940,2026-12-26,26
881,2927,2027-03-26,0
881,2927,2027-03-27,0
881,2927,2027-03-28,32
881,2927,2027-03-29,36
881,2927,2027-03-30,36
881,2927,2027-03-31,36
881,2927,2027-04-01,36
881,2927,2027-04-02,36
881,2927,2027-04-03,36
881,2927,2027-04-04,36
881,2927,2027-04-05,36
881,2927,2027-04-06,36
881,2927,2027-04-07,36
881,2927,2027-04-08,36
881,2927,2027-04-09,36
881,2927,2027-04-10,36
881,2927,2027-04-11,30
881,2927,2027-04-12,36
881,2927,2027-04-13,36
881,2927,2027-04-14,36
881,2927,2027-04-15,36
881,2927,2027-04-16,36
881,2927,2027-04-17,36
881,2927,2027-04-18,36
881,2927,2027-04-19,36
881,2927,2027-04-20,36
881,2927,2027-04-21,36
881,2927,2027-04-22,36
881,2927,2027-04-23,36
881,2927,2027-04-24,18
881,2927,2027-04-25,36
881,2928,2027-03-26,0
881,2928,2027-03-27,0
881,2928,2027-03-28,12
881,2928,2027-03-29,4
881,2928,2027-03-30,24
881,2928,2027-03-31,24
881,2928,2027-04-01,24
881,2928,2027-04-02,10
881,2928,2027-04-03,24
881,2928,2027-04-04,24
881,2928,2027-04-05,24
881,2928,2027-04-06,24
881,2928,2027-04-07,24
881,2928,2027-04-08,24
881,2928,2027-04-09,24
881,2928,2027-04-10,24
881,2928,2027-04-11,2
881,2928,2027-04-12,24
881,2928,2027-04-13,1
881,2928,2027-04-14,24
881,2928,2027-04-15,20
881,2928,2027-04-16,24
881,2928,2027-04-17,24
881,2928,2027-04-18,24
881,2928,2027-04-19,24
881,2928,2027-04-20,24
881,2928,2027-04-21,24
881,2928,2027-04-22,24
881,2928,2027-04-23,24
881,2928,2027-04-24,12
881,2928,2027-04-25,24
881,2929,2027-03-26,24
881,2929,2027-03-27,24
881,2929,2027-03-28,24
881,2929,2027-03-29,24
881,2929,2027-03-30,24
881,2929,2027-03-31,24
881,2929,2027-04-01,24
881,2929,2027-04-02,24
881,2929,2027-04-03,24
881,2929,2027-04-04,24
881,2929,2027-04-05,24
881,2929,2027-04-06,24
881,2929,2027-04-07,24
881,2929,2027-04-08,24
881,2929,2027-04-09,24
881,2929,2027-04-10,24
881,2929,2027-04-11,24
881,2929,2027-04-12,4
881,2929,2027-04-13,24
881,2929,2027-04-14,24
881,2929,2027-04-15,24
881,2929,2027-04-16,24
881,2929,2027-04-17,4
881,2929,2027-04-18,24
881,2929,2027-04-19,24
881,2929,2027-04-20,24
881,2929,2027-04-21,24
881,2929,2027-04-22,24
881,2929,2027-04-23,24
881,2929,2027-04-24,24
881,2929,2027-04-25,24
881,2930,2027-03-26,14
881,2930,2027-03-27,20
881,2930,2027-03-28,20
881,2930,2027-03-29,20
881,2930,2027-03-30,20
881,2930,2027-03-31,20
881,2930,2027-04-01,20
881,2930,2027-04-02,20
881,2930,2027-04-03,20
881,2930,2027-04-04,20
881,2930,2027-04-05,20
881,2930,2027-04-06,20
881,2930,2027-04-07,20
881,2930,2027-04-08,20
881,2930,2027-04-09,20
881,2930,2027-04-10,20
881,2930,2027-04-11,20
881,2930,2027-04-12,20
881,2930,2027-04-13,20
881,2930,2027-04-14,20
881,2930,2027-04-15,20
881,2930,2027-04-16,20
881,2930,2027-04-17,20
881,2930,2027-04-18,20
881,2930,2027-04-19,20
881,2930,2027-04-20,20
881,2930,2027-04-21,20
881,2930,2027-04-22,20
881,2930,2027-04-23,20
881,2930,2027-04-24,20
881,2930,2027-04-25,20
881,2931,2027-03-26,0
881,2931,2027-03-27,0
881,2931,2027-03-28,0
881,2931,2027-03-29,20
881,2931,2027-03-30,20
881,2931,2027-03-31,20
881,2931,2027-04-01,20
881,2931,2027-04-02,20
881,2931,2027-04-03,20
881,2931,2027-04-04,20
881,2931,2027-04-05,20
881,2931,2027-04-06,20
881,2931,2027-04-07,20
881,2931,2027-04-08,20
881,2931,2027-04-09,20
881,2931,2027-04-10,20
881,2931,2027-04-11,0
881,2931,2027-04-12,20
881,2931,2027-04-13,20
881,2931,2027-04-14,0
881,2931,2027-04-15,20
881,2931,2027-04-16,20
881,2931,2027-04-17,20
881,2931,2027-04-18,20
881,2931,2027-04-19,0
881,2931,2027-04-20,20
881,2931,2027-04-21,20
881,2931,2027-04-22,20
881,2931,2027-04-23,20
881,2931,2027-04-24,0
881,2931,2027-04-25,20
881,2932,2027-03-26,30
881,2932,2027-03-27,24
881,2932,2027-03-28,36
881,2932,2027-03-29,36
881,2932,2027-03-30,36
881,2932,2027-03-31,36
881,2932,2027-04-01,36
881,2932,2027-04-02,36
881,2932,2027-04-03,36
881,2932,2027-04-04,36
881,2932,2027-04-05,36
881,2932,2027-04-06,36
881,2932,2027-04-07,36
881,2932,2027-04-08,36
881,2932,2027-04-09,36
881,2932,2027-04-10,36
881,2932,2027-04-11,36
881,2932,2027-04-12,36
881,2932,2027-04-13,36
881,2932,2027-04-14,36
881,2932,2027-04-15,36
881,2932,2027-04-16,36
881,2932,2027-04-17,22
881,2932,2027-04-18,36
881,2932,2027-04-19,36
881,2932,2027-04-20,36
881,2932,2027-04-21,36
881,2932,2027-04-22,36
881,2932,2027-04-23,36
881,2932,2027-04-24,36
881,2932,2027-04-25,36
881,2933,2027-03-26,20
881,2933,2027-03-27,20
881,2933,2027-03-28,14
881,2933,2027-03-29,20
881,2933,2027-03-30,20
881,2933,2027-03-31,20
881,2933,2027-04-01,20
881,2933,2027-04-02,20
881,2933,2027-04-03,20
881,2933,2027-04-04,20
881,2933,2027-04-05,20
881,2933,2027-04-06,20
881,2933,2027-04-07,20
881,2933,2027-04-08,20
881,2933,2027-04-09,20
881,2933,2027-04-10,20
881,2933,2027-04-11,20
881,2933,2027-04-12,20
881,2933,2027-04-13,20
881,2933,2027-04-14,20
881,2933,2027-04-15,20
881,2933,2027-04-16,20
881,2933,2027-04-17,20
881,2933,2027-04-18,20
881,2933,2027-04-19,20
881,2933,2027-04-20,20
881,2933,2027-04-21,20
881,2933,2027-04-22,20
881,2933,2027-04-23,20
881,2933,2027-04-24,20
881,2933,2027-04-25,20
881,2934,2027-03-26,0
881,2934,2027-03-27,0
881,2934,2027-03-28,20
881,2934,2027-03-29,20
881,2934,2027-03-30,20
881,2934,2027-03-31,20
881,2934,2027-04-01,20
881,2934,2027-04-02,20
881,2934,2027-04-03,20
881,2934,2027-04-04,20
881,2934,2027-04-05,20
881,2934,2027-04-06,20
881,2934,2027-04-07,20
881,2934,2027-04-08,20
881,2934,2027-04-09,20
881,2934,2027-04-10,0
881,2934,2027-04-11,20
881,2934,2027-04-12,20
881,2934,2027-04-13,0
881,2934,2027-04-14,20
881,2934,2027-04-15,20
881,2934,2027-04-16,6
881,2934,2027-04-17,20
881,2934,2027-04-18,0
881,2934,2027-04-19,20
881,2934,2027-04-20,20
881,2934,2027-04-21,20
881,2934,2027-04-22,20
881,2934,2027-04-23,0
881,2934,2027-04-24,20
881,2934,2027-04-25,20
881,2935,2027-03-26,30
881,2935,2027-03-27,36
881,2935,2027-03-28,36
881,2935,2027-03-29,36
881,2935,2027-03-30,36
881,2935,2027-03-31,36
881,2935,2027-04-01,36
881,2935,2027-04-02,36
881,2935,2027-04-03,36
881,2935,2027-04-04,36
881,2935,2027-04-05,36
881,2935,2027-04-06,36
881,2935,2027-04-07,36
881,2935,2027-04-08,36
881,2935,2027-04-09,36
881,2935,2027-04-10,36
881,2935,2027-04-11,27
881,2935,2027-04-12,36
881,2935,2027-04-13,36
881,2935,2027-04-14,36
881,2935,2027-04-15,36
881,2935,2027-04-16,36
881,2935,2027-04-17,36
881,2935,2027-04-18,36
881,2935,2027-04-19,36
881,2935,2027-04-20,36
881,2935,2027-04-21,36
881,2935,2027-04-22,36
881,2935,2027-04-23,36
881,2935,2027-04-24,36
881,2935,2027-04-25,36
881,2936,2027-03-26,16
881,2936,2027-03-27,20
881,2936,2027-03-28,20
881,2936,2027-03-29,20
881,2936,2027-03-30,20
881,2936,2027-03-31,20
881,2936,2027-04-01,20
881,2936,2027-04-02,20
881,2936,2027-04-03,20
881,2936,2027-04-04,20
881,2936,2027-04-05,20
881,2936,2027-04-06,20
881,2936,2027-04-07,20
881,2936,2027-04-08,20
881,2936,2027-04-09,20
881,2936,2027-04-10,20
881,2936,2027-04-11,20
881,2936,2027-04-12,20
881,2936,2027-04-13,20
881,2936,2027-04-14,20
881,2936,2027-04-15,20
881,2936,2027-04-16,20
881,2936,2027-04-17,20
881,2936,2027-04-18,20
881,2936,2027-04-19,20
881,2936,2027-04-20,20
881,2936,2027-04-21,20
881,2936,2027-04-22,20
881,2936,2027-04-23,20
881,2936,2027-04-24,20
881,2936,2027-04-25,20
881,2937,2027-03-26,36
881,2937,2027-03-27,30
881,2937,2027-03-28,1
881,2937,2027-03-29,36
881,2937,2027-03-30,36
881,2937,2027-03-31,36
881,2937,2027-04-01,36
881,2937,2027-04-02,36
881,2937,2027-04-03,36
881,2937,2027-04-04,36
881,2937,2027-04-05,36
881,2937,2027-04-06,36
881,2937,2027-04-07,36
881,2937,2027-04-08,36
881,2937,2027-04-09,36
881,2937,2027-04-10,36
881,2937,2027-04-11,36
881,2937,2027-04-12,36
881,2937,2027-04-13,36
881,2937,2027-04-14,27
881,2937,2027-04-15,36
881,2937,2027-04-16,36
881,2937,2027-04-17,36
881,2937,2027-04-18,36
881,2937,2027-04-19,36
881,2937,2027-04-20,36
881,2937,2027-04-21,36
881,2937,2027-04-22,36
881,2937,2027-04-23,36
881,2937,2027-04-24,36
881,2937,2027-04-25,36
881,2938,2027-03-26,20
881,2938,2027-03-27,0
881,2938,2027-03-28,1
881,2938,2027-03-29,4
881,2938,2027-03-30,0
881,2938,2027-03-31,20
881,2938,2027-04-01,20
881,2938,2027-04-02,20
881,2938,2027-04-03,6
881,2938,2027-04-04,20
881,2938,2027-04-05,20
881,2938,2027-04-06,20
881,2938,2027-04-07,20
881,2938,2027-04-08,20
881,2938,2027-04-09,20
881,2938,2027-04-10,20
881,2938,2027-04-11,20
881,2938,2027-04-12,20
881,2938,2027-04-13,20
881,2938,2027-04-14,6
881,2938,2027-04-15,20
881,2938,2027-04-16,16
881,2938,2027-04-17,20
881,2938,2027-04-18,6
881,2938,2027-04-19,20
881,2938,2027-04-20,20
881,2938,2027-04-21,20
881,2938,2027-04-22,20
881,2938,2027-04-23,20
881,2938,2027-04-24,20
881,2938,2027-04-25,8
881,2939,2027-03-26,6
881,2939,2027-03-27,10
881,2939,2027-03-28,0
881,2939,2027-03-29,10
881,2939,2027-03-30,10
881,2939,2027-03-31,10
881,2939,2027-04-01,8
881,2939,2027-04-02,10
881,2939,2027-04-03,10
881,2939,2027-04-04,10
881,2939,2027-04-05,10
881,2939,2027-04-06,10
881,2939,2027-04-07,10
881,2939,2027-04-08,10
881,2939,2027-04-09,10
881,2939,2027-04-10,10
881,2939,2027-04-11,10
881,2939,2027-04-12,1
881,2939,2027-04-13,0
881,2939,2027-04-14,6
881,2939,2027-04-15,10
881,2939,2027-04-16,10
881,2939,2027-04-17,10
881,2939,2027-04-18,10
881,2939,2027-04-19,10
881,2939,2027-04-20,10
881,2939,2027-04-21,10
881,2939,2027-04-22,10
881,2939,2027-04-23,10
881,2939,2027-04-24,10
881,2939,2027-04-25,10
881,2940,2027-03-26,24
881,2940,2027-03-27,30
881,2940,2027-03-28,26
881,2940,2027-03-29,36
881,2940,2027-03-30,36
881,2940,2027-03-31,36
881,2940,2027-04-01,36
881,2940,2027-04-02,36
881,2940,2027-04-03,36
881,2940,2027-04-04,36
881,2940,2027-04-05,36
881,2940,2027-04-06,36
881,2940,2027-04-07,36
881,2940,2027-04-08,36
881,2940,2027-04-09,36
881,2940,2027-04-10,36
881,2940,2027-04-11,36
881,2940,2027-04-12,36
881,2940,2027-04-13,21
881,2940,2027-04-14,36
881,2940,2027-04-15,36
881,2940,2027-04-16,36
881,2940,2027-04-17,36
881,2940,2027-04-18,36
881,2940,2027-04-19,36
881,2940,2027-04-20,36
881,2940,2027-04-21,36
881,2940,2027-04-22,36
881,2940,2027-04-23,36
881,2940,2027-04-24,36
881,2940,2027-04-25,36
881,2927,2027-05-25,0
881,2927,2027-05-26,0
881,2927,2027-05-27,0
881,2927,2027-05-28,0
881,2927,2027-05-29,0
881,2927,2027-05-30,0
881,2927,2027-05-31,0
881,2927,2027-06-01,0
881,2927,2027-06-02,0
881,2927,2027-06-03,0
881,2927,2027-06-04,0
881,2927,2027-06-05,0
881,2927,2027-06-06,0
881,2927,2027-06-07,0
881,2927,2027-06-08,0
881,2927,2027-06-09,0
881,2927,2027-06-10,0
881,2927,2027-06-11,0
881,2927,2027-06-12,0
881,2927,2027-06-13,0
881,2927,2027-06-14,0
881,2927,2027-06-15,0
881,2927,2027-06-16,0
881,2927,2027-06-17,0
881,2927,2027-06-18,0
881,2927,2027-06-19,0
881,2927,2027-06-20,0
881,2927,2027-06-21,0
881,2927,2027-06-22,0
881,2927,2027-06-23,0
881,2927,2027-06-24,0
881,2928,2027-05-25,0
881,2928,2027-05-26,0
881,2928,2027-05-27,0
881,2928,2027-05-28,0
881,2928,2027-05-29,0
881,2928,2027-05-30,0
881,2928,2027-05-31,0
881,2928,2027-06-01,0
881,2928,2027-06-02,0
881,2928,2027-06-03,0
881,2928,2027-06-04,0
881,2928,2027-06-05,0
881,2928,2027-06-06,0
881,2928,2027-06-07,0
881,2928,2027-06-08,0
881,2928,2027-06-09,0
881,2928,2027-06-10,0
881,2928,2027-06-11,0
881,2928,2027-06-12,0
881,2928,2027-06-13,0
881,2928,2027-06-14,0
881,2928,2027-06-15,0
881,2928,2027-06-16,0
881,2928,2027-06-17,0
881,2928,2027-06-18,0
881,2928,2027-06-19,0
881,2928,2027-06-20,0
881,2928,2027-06-21,0
881,2928,2027-06-22,0
881,2928,2027-06-23,0
881,2928,2027-06-24,0
881,2929,2027-05-25,0
881,2929,2027-05-26,0
881,2929,2027-05-27,0
881,2929,2027-05-28,0
881,2929,2027-05-29,0
881,2929,2027-05-30,0
881,2929,2027-05-31,0
881,2929,2027-06-01,0
881,2929,2027-06-02,0
881,2929,2027-06-03,0
881,2929,2027-06-04,0
881,2929,2027-06-05,0
881,2929,2027-06-06,0
881,2929,2027-06-07,0
881,2929,2027-06-08,0
881,2929,2027-06-09,0
881,2929,2027-06-10,0
881,2929,2027-06-11,0
881,2929,2027-06-12,0
881,2929,2027-06-13,0
881,2929,2027-06-14,0
881,2929,2027-06-15,0
881,2929,2027-06-16,0
881,2929,2027-06-17,0
881,2929,2027-06-18,0
881,2929,2027-06-19,0
881,2929,2027-06-20,0
881,2929,2027-06-21,0
881,2929,2027-06-22,0
881,2929,2027-06-23,0
881,2929,2027-06-24,0
881,2930,2027-05-25,0
881,2930,2027-05-26,0
881,2930,2027-05-27,0
881,2930,2027-05-28,0
881,2930,2027-05-29,0
881,2930,2027-05-30,0
881,2930,2027-05-31,0
881,2930,2027-06-01,0
881,2930,2027-06-02,0
881,2930,2027-06-03,0
881,2930,2027-06-04,0
881,2930,2027-06-05,0
881,2930,2027-06-06,0
881,2930,2027-06-07,0
881,2930,2027-06-08,0
881,2930,2027-06-09,0
881,2930,2027-06-10,0
881,2930,2027-06-11,0
881,2930,2027-06-12,0
881,2930,2027-06-13,0
881,2930,2027-06-14,0
881,2930,2027-06-15,0
881,2930,2027-06-16,0
881,2930,2027-06-17,0
881,2930,2027-06-18,0
881,2930,2027-06-19,0
881,2930,2027-06-20,0
881,2930,2027-06-21,0
881,2930,2027-06-22,0
881,2930,2027-06-23,0
881,2930,2027-06-24,0
881,2931,2027-05-25,0
881,2931,2027-05-26,0
881,2931,2027-05-27,0
881,2931,2027-05-28,0
881,2931,2027-05-29,0
881,2931,2027-05-30,0
881,2931,2027-05-31,0
881,2931,2027-06-01,0
881,2931,2027-06-02,0
881,2931,2027-06-03,0
881,2931,2027-06-04,0
881,2931,2027-06-05,0
881,2931,2027-06-06,0
881,2931,2027-06-07,0
881,2931,2027-06-08,0
881,2931,2027-06-09,0
881,2931,2027-06-10,0
881,2931,2027-06-11,0
881,2931,2027-06-12,0
881,2931,2027-06-13,0
881,2931,2027-06-14,0
881,2931,2027-06-15,0
881,2931,2027-06-16,0
881,2931,2027-06-17,0
881,2931,2027-06-18,0
881,2931,2027-06-19,0
881,2931,2027-06-20,0
881,2931,2027-06-21,0
881,2931,2027-06-22,0
881,2931,2027-06-23,0
881,2931,2027-06-24,0
881,2932,2027-05-25,0
881,2932,2027-05-26,0
881,2932,2027-05-27,0
881,2932,2027-05-28,0
881,2932,2027-05-29,0
881,2932,2027-05-30,0
881,2932,2027-05-31,0
881,2932,2027-06-01,0
881,2932,2027-06-02,0
881,2932,2027-06-03,0
881,2932,2027-06-04,0
881,2932,2027-06-05,0
881,2932,2027-06-06,0
881,2932,2027-06-07,0
881,2932,2027-06-08,0
881,2932,2027-06-09,0
881,2932,2027-06-10,0
881,2932,2027-06-11,0
881,2932,2027-06-12,0
881,2932,2027-06-13,0
881,2932,2027-06-14,0
881,2932,2027-06-15,0
881,2932,2027-06-16,0
881,2932,2027-06-17,0
881,2932,2027-06-18,0
881,2932,2027-06-19,0
881,2932,2027-06-20,0
881,2932,2027-06-21,0
881,2932,2027-06-22,0
881,2932,2027-06-23,0
881,2932,2027-06-24,0
881,2933,2027-05-25,0
881,2933,2027-05-26,0
881,2933,2027-05-27,0
881,2933,2027-05-28,0
881,2933,2027-05-29,0
881,2933,2027-05-30,0
881,2933,2027-05-31,0
881,2933,2027-06-01,0
881,2933,2027-06-02,0
881,2933,2027-06-03,0
881,2933,2027-06-04,0
881,2933,2027-06-05,0
881,2933,2027-06-06,0
881,2933,2027-06-07,0
881,2933,2027-06-08,0
881,2933,2027-06-09,0
881,2933,2027-06-10,0
881,2933,2027-06-11,0
881,2933,2027-06-12,0
881,2933,2027-06-13,0
881,2933,2027-06-14,0
881,2933,2027-06-15,0
881,2933,2027-06-16,0
881,2933,2027-06-17,0
881,2933,2027-06-18,0
881,2933,2027-06-19,0
881,2933,2027-06-20,0
881,2933,2027-06-21,0
881,2933,2027-06-22,0
881,2933,2027-06-23,0
881,2933,2027-06-24,0
881,2934,2027-05-25,0
881,2934,2027-05-26,0
881,2934,2027-05-27,0
881,2934,2027-05-28,0
881,2934,2027-05-29,0
881,2934,2027-05-30,0
881,2934,2027-05-31,0
881,2934,2027-06-01,0
881,2934,2027-06-02,0
881,2934,2027-06-03,0
881,2934,2027-06-04,0
881,2934,2027-06-05,0
881,2934,2027-06-06,0
881,2934,2027-06-07,0
881,2934,2027-06-08,0
881,2934,2027-06-09,0
881,2934,2027-06-10,0
881,2934,2027-06-11,0
881,2934,2027-06-12,0
881,2934,2027-06-13,0
881,2934,2027-06-14,0
881,2934,2027-06-15,0
881,2934,2027-06-16,0
881,2934,2027-06-17,0
881,2934,2027-06-18,0
881,2934,2027-06-19,0
881,2934,2027-06-20,0
881,2934,2027-06-21,0
881,2934,2027-06-22,0
881,2934,2027-06-23,0
881,2934,2027-06-24,0
881,2935,2027-05-25,0
881,2935,2027-05-26,0
881,2935,2027-05-27,0
881,2935,2027-05-28,0
881,2935,2027-05-29,0
881,2935,2027-05-30,0
881,2935,2027-05-31,0
881,2935,2027-06-01,0
881,2935,2027-06-02,0
881,2935,2027-06-03,0
881,2935,2027-06-04,0
881,2935,2027-06-05,0
881,2935,2027-06-06,0
881,2935,2027-06-07,0
881,2935,2027-06-08,0
881,2935,2027-06-09,0
881,2935,2027-06-10,0
881,2935,2027-06-11,0
881,2935,2027-06-12,0
881,2935,2027-06-13,0
881,2935,2027-06-14,0
881,2935,2027-06-15,0
881,2935,2027-06-16,0
881,2935,2027-06-17,0
881,2935,2027-06-18,0
881,2935,2027-06-19,0
881,2935,2027-06-20,0
881,2935,2027-06-21,0
881,2935,2027-06-22,0
881,2935,2027-06-23,0
881,2935,2027-06-24,0
881,2936,2027-05-25,0
881,2936,2027-05-26,0
881,2936,2027-05-27,0
881,2936,2027-05-28,0
881,2936,2027-05-29,0
881,2936,2027-05-30,0
881,2936,2027-05-31,0
881,2936,2027-06-01,0
881,2936,2027-06-02,0
881,2936,2027-06-03,0
881,2936,2027-06-04,0
881,2936,2027-06-05,0
881,2936,2027-06-06,0
881,2936,2027-06-07,0
881,2936,2027-06-08,0
881,2936,2027-06-09,0
881,2936,2027-06-10,0
881,2936,2027-06-11,0
881,2936,2027-06-12,0
881,2936,2027-06-13,0
881,2936,2027-06-14,0
881,2936,2027-06-15,0
881,2936,2027-06-16,0
881,2936,2027-06-17,0
881,2936,2027-06-18,0
881,2936,2027-06-19,0
881,2936,2027-06-20,0
881,2936,2027-06-21,0
881,2936,2027-06-22,0
881,2936,2027-06-23,0
881,2936,2027-06-24,0
881,2937,2027-05-25,0
881,2937,2027-05-26,0
881,2937,2027-05-27,0
881,2937,2027-05-28,0
881,2937,2027-05-29,0
881,2937,2027-05-30,0
881,2937,2027-05-31,0
881,2937,2027-06-01,0
881,2937,2027-06-02,0
881,2937,2027-06-03,0
881,2937,2027-06-04,0
881,2937,2027-06-05,0
881,2937,2027-06-06,0
881,2937,2027-06-07,0
881,2937,2027-06-08,0
881,2937,2027-06-09,0
881,2937,2027-06-10,0
881,2937,2027-06-11,0
881,2937,2027-06-12,0
881,2937,2027-06-13,0
881,2937,2027-06-14,0
881,2937,2027-06-15,0
881,2937,2027-06-16,0
881,2937,2027-06-17,0
881,2937,2027-06-18,0
881,2937,2027-06-19,0
881,2937,2027-06-20,0
881,2937,2027-06-21,0
881,2937,2027-06-22,0
881,2937,2027-06-23,0
881,2937,2027-06-24,0
881,2938,2027-05-25,0
881,2938,2027-05-26,0
881,2938,2027-05-27,0
881,2938,2027-05-28,0
881,2938,2027-05-29,0
881,2938,2027-05-30,0
881,2938,2027-05-31,0
881,2938,2027-06-01,0
881,2938,2027-06-02,0
881,2938,2027-06-03,0
881,2938,2027-06-04,0
881,2938,2027-06-05,0
881,2938,2027-06-06,0
881,2938,2027-06-07,0
881,2938,2027-06-08,0
881,2938,2027-06-09,0
881,2938,2027-06-10,0
881,2938,2027-06-11,0
881,2938,2027-06-12,0
881,2938,2027-06-13,0
881,2938,2027-06-14,0
881,2938,2027-06-15,0
881,2938,2027-06-16,0
881,2938,2027-06-17,0
881,2938,2027-06-18,0
881,2938,2027-06-19,0
881,2938,2027-06-20,0
881,2938,2027-06-21,0
881,2938,2027-06-22,0
881,2938,2027-06-23,0
881,2938,2027-06-24,0
881,2939,2027-05-25,0
881,2939,2027-05-26,0
881,2939,2027-05-27,0
881,2939,2027-05-28,0
881,2939,2027-05-29,0
881,2939,2027-05-30,0
881,2939,2027-05-31,0
881,2939,2027-06-01,0
881,2939,2027-06-02,0
881,2939,2027-06-03,0
881,2939,2027-06-04,0
881,2939,2027-06-05,0
881,2939,2027-06-06,0
881,2939,2027-06-07,0
881,2939,2027-06-08,0
881,2939,2027-06-09,0
881,2939,2027-06-10,0
881,2939,2027-06-11,0
881,2939,2027-06-12,0
881,2939,2027-06-13,0
881,2939,2027-06-14,0
881,2939,2027-06-15,0
881,2939,2027-06-16,0
881,2939,2027-06-17,0
881,2939,2027-06-18,0
881,2939,2027-06-19,0
881,2939,2027-06-20,0
881,2939,2027-06-21,0
881,2939,2027-06-22,0
881,2939,2027-06-23,0
881,2939,2027-06-24,0
881,2940,2027-05-25,0
881,2940,2027-05-26,0
881,2940,2027-05-27,0
881,2940,2027-05-28,0
881,2940,2027-05-29,0
881,2940,2027-05-30,0
881,2940,2027-05-31,0
881,2940,2027-06-01,0
881,2940,2027-06-02,0
881,2940,2027-06-03,0
881,2940,2027-06-04,0
881,2940,2027-06-05,0
881,2940,2027-06-06,0
881,2940,2027-06-07,0
881,2940,2027-06-08,0
881,2940,2027-06-09,0
881,2940,2027-06-10,0
881,2940,2027-06-11,0
881,2940,2027-06-12,0
881,2940,2027-06-13,0
881,2940,2027-06-14,0
881,2940,2027-06-15,0
881,2940,2027-06-16,0
881,2940,2027-06-17,0
881,2940,2027-06-18,0
881,2940,2027-06-19,0
881,2940,2027-06-20,0
881,2940,2027-06-21,0
881,2940,2027-06-22,0
881,2940,2027-06-23,0
881,2940,2027-06-24,0
881,2927,2026-12-26,36
881,2927,2026-12-27,20
881,2927,2026-12-28,36
881,2927,2026-12-29,8
881,2927,2026-12-30,6
881,2927,2026-12-31,18
881,2927,2027-01-01,25
881,2927,2027-01-02,2
881,2927,2027-01-03,25
881,2927,2027-01-04,6
881,2927,2027-01-05,0
881,2927,2027-01-06,0
881,2927,2027-01-07,0
881,2927,2027-01-08,0
881,2927,2027-01-09,0
881,2927,2027-01-10,0
881,2927,2027-01-11,0
881,2927,2027-01-12,0
881,2927,2027-01-13,0
881,2927,2027-01-14,0
881,2927,2027-01-15,0
881,2927,2027-01-16,0
881,2927,2027-01-17,0
881,2927,2027-01-18,0
881,2927,2027-01-19,0
881,2927,2027-01-20,34
881,2927,2027-01-21,20
881,2927,2027-01-22,0
881,2927,2027-01-23,0
881,2927,2027-01-24,36
881,2927,2027-01-25,36
881,2928,2026-12-26,18
881,2928,2026-12-27,0
881,2928,2026-12-28,4
881,2928,2026-12-29,0
881,2928,2026-12-30,2
881,2928,2026-12-31,10
881,2928,2027-01-01,11
881,2928,2027-01-02,4
881,2928,2027-01-03,0
881,2928,2027-01-04,24
881,2928,2027-01-05,0
881,2928,2027-01-06,0
881,2928,2027-01-07,0
881,2928,2027-01-08,0
881,2928,2027-01-09,0
881,2928,2027-01-10,0
881,2928,2027-01-11,0
881,2928,2027-01-12,0
881,2928,2027-01-13,0
881,2928,2027-01-14,0
881,2928,2027-01-15,0
881,2928,2027-01-16,0
881,2928,2027-01-17,0
881,2928,2027-01-18,0
881,2928,2027-01-19,0
881,2928,2027-01-20,7
881,2928,2027-01-21,0
881,2928,2027-01-22,2
881,2928,2027-01-23,0
881,2928,2027-01-24,4
881,2928,2027-01-25,21
881,2929,2026-12-26,24
881,2929,2026-12-27,4
881,2929,2026-12-28,3
881,2929,2026-12-29,24
881,2929,2026-12-30,7
881,2929,2026-12-31,4
881,2929,2027-01-01,24
881,2929,2027-01-02,24
881,2929,2027-01-03,4
881,2929,2027-01-04,2
881,2929,2027-01-05,0
881,2929,2027-01-06,0
881,2929,2027-01-07,0
881,2929,2027-01-08,0
881,2929,2027-01-09,0
881,2929,2027-01-10,0
881,2929,2027-01-11,0
881,2929,2027-01-12,0
881,2929,2027-01-13,0
881,2929,2027-01-14,0
881,2929,2027-01-15,0
881,2929,2027-01-16,0
881,2929,2027-01-17,0
881,2929,2027-01-18,0
881,2929,2027-01-19,0
881,2929,2027-01-20,11
881,2929,2027-01-21,24
881,2929,2027-01-22,24
881,2929,2027-01-23,24
881,2929,2027-01-24,24
881,2929,2027-01-25,24
881,2930,2026-12-26,20
881,2930,2026-12-27,12
881,2930,2026-12-28,20
881,2930,2026-12-29,20
881,2930,2026-12-30,8
881,2930,2026-12-31,9
881,2930,2027-01-01,20
881,2930,2027-01-02,1
881,2930,2027-01-03,14
881,2930,2027-01-04,20
881,2930,2027-01-05,0
881,2930,2027-01-06,0
881,2930,2027-01-07,0
881,2930,2027-01-08,0
881,2930,2027-01-09,0
881,2930,2027-01-10,0
881,2930,2027-01-11,0
881,2930,2027-01-12,0
881,2930,2027-01-13,0
881,2930,2027-01-14,0
881,2930,2027-01-15,0
881,2930,2027-01-16,0
881,2930,2027-01-17,0
881,2930,2027-01-18,0
881,2930,2027-01-19,0
881,2930,2027-01-20,12
881,2930,2027-01-21,20
881,2930,2027-01-22,20
881,2930,2027-01-23,20
881,2930,2027-01-24,20
881,2930,2027-01-25,20
881,2931,2026-12-26,20
881,2931,2026-12-27,20
881,2931,2026-12-28,0
881,2931,2026-12-29,0
881,2931,2026-12-30,0
881,2931,2026-12-31,0
881,2931,2027-01-01,14
881,2931,2027-01-02,0
881,2931,2027-01-03,2
881,2931,2027-01-04,0
881,2931,2027-01-05,0
881,2931,2027-01-06,0
881,2931,2027-01-07,0
881,2931,2027-01-08,0
881,2931,2027-01-09,0
881,2931,2027-01-10,0
881,2931,2027-01-11,0
881,2931,2027-01-12,0
881,2931,2027-01-13,0
881,2931,2027-01-14,0
881,2931,2027-01-15,0
881,2931,2027-01-16,0
881,2931,2027-01-17,0
881,2931,2027-01-18,0
881,2931,2027-01-19,0
881,2931,2027-01-20,0
881,2931,2027-01-21,20
881,2931,2027-01-22,0
881,2931,2027-01-23,0
881,2931,2027-01-24,20
881,2931,2027-01-25,20
881,2932,2026-12-26,36
881,2932,2026-12-27,36
881,2932,2026-12-28,36
881,2932,2026-12-29,36
881,2932,2026-12-30,29
881,2932,2026-12-31,36
881,2932,2027-01-01,19
881,2932,2027-01-02,36
881,2932,2027-01-03,0
881,2932,2027-01-04,36
881,2932,2027-01-05,0
881,2932,2027-01-06,0
881,2932,2027-01-07,0
881,2932,2027-01-08,0
881,2932,2027-01-09,0
881,2932,2027-01-10,0
881,2932,2027-01-11,0
881,2932,2027-01-12,0
881,2932,2027-01-13,0
881,2932,2027-01-14,0
881,2932,2027-01-15,0
881,2932,2027-01-16,0
881,2932,2027-01-17,0
881,2932,2027-01-18,0
881,2932,2027-01-19,0
881,2932,2027-01-20,36
881,2932,2027-01-21,8
881,2932,2027-01-22,29
881,2932,2027-01-23,27
881,2932,2027-01-24,36
881,2932,2027-01-25,36
881,2933,2026-12-26,20
881,2933,2026-12-27,20
881,2933,2026-12-28,20
881,2933,2026-12-29,12
881,2933,2026-12-30,20
881,2933,2026-12-31,20
881,2933,2027-01-01,20
881,2933,2027-01-02,20
881,2933,2027-01-03,20
881,2933,2027-01-04,18
881,2933,2027-01-05,0
881,2933,2027-01-06,0
881,2933,2027-01-07,0
881,2933,2027-01-08,0
881,2933,2027-01-09,0
881,2933,2027-01-10,0
881,2933,2027-01-11,0
881,2933,2027-01-12,0
881,2933,2027-01-13,0
881,2933,2027-01-14,0
881,2933,2027-01-15,0
881,2933,2027-01-16,0
881,2933,2027-01-17,0
881,2933,2027-01-18,0
881,2933,2027-01-19,0
881,2933,2027-01-20,20
881,2933,2027-01-21,20
881,2933,2027-01-22,12
881,2933,2027-01-23,10
881,2933,2027-01-24,13
881,2933,2027-01-25,20
881,2934,2026-12-26,20
881,2934,2026-12-27,0
881,2934,2026-12-28,0
881,2934,2026-12-29,0
881,2934,2026-12-30,0
881,2934,2026-12-31,3
881,2934,2027-01-01,0
881,2934,2027-01-02,1
881,2934,2027-01-03,0
881,2934,2027-01-04,0
881,2934,2027-01-05,0
881,2934,2027-01-06,0
881,2934,2027-01-07,0
881,2934,2027-01-08,0
881,2934,2027-01-09,0
881,2934,2027-01-10,0
881,2934,2027-01-11,0
881,2934,2027-01-12,0
881,2934,2027-01-13,0
881,2934,2027-01-14,0
881,2934,2027-01-15,0
881,2934,2027-01-16,0
881,2934,2027-01-17,0
881,2934,2027-01-18,0
881,2934,2027-01-19,0
881,2934,2027-01-20,0
881,2934,2027-01-21,0
881,2934,2027-01-22,0
881,2934,2027-01-23,20
881,2934,2027-01-24,20
881,2934,2027-01-25,20
881,2935,2026-12-26,36
881,2935,2026-12-27,26
881,2935,2026-12-28,36
881,2935,2026-12-29,26
881,2935,2026-12-30,36
881,2935,2026-12-31,32
881,2935,2027-01-01,36
881,2935,2027-01-02,36
881,2935,2027-01-03,36
881,2935,2027-01-04,36
881,2935,2027-01-05,0
881,2935,2027-01-06,0
881,2935,2027-01-07,0
881,2935,2027-01-08,0
881,2935,2027-01-09,0
881,2935,2027-01-10,0
881,2935,2027-01-11,0
881,2935,2027-01-12,0
881,2935,2027-01-13,0
881,2935,2027-01-14,0
881,2935,2027-01-15,0
881,2935,2027-01-16,0
881,2935,2027-01-17,0
881,2935,2027-01-18,0
881,2935,2027-01-19,0
881,2935,2027-01-20,22
881,2935,2027-01-21,36
881,2935,2027-01-22,33
881,2935,2027-01-23,36
881,2935,2027-01-24,36
881,2935,2027-01-25,36
881,2936,2026-12-26,20
881,2936,2026-12-27,20
881,2936,2026-12-28,18
881,2936,2026-12-29,8
881,2936,2026-12-30,18
881,2936,2026-12-31,20
881,2936,2027-01-01,20
881,2936,2027-01-02,20
881,2936,2027-01-03,20
881,2936,2027-01-04,20
881,2936,2027-01-05,0
881,2936,2027-01-06,0
881,2936,2027-01-07,0
881,2936,2027-01-08,0
881,2936,2027-01-09,0
881,2936,2027-01-10,0
881,2936,2027-01-11,0
881,2936,2027-01-12,0
881,2936,2027-01-13,0
881,2936,2027-01-14,0
881,2936,2027-01-15,0
881,2936,2027-01-16,0
881,2936,2027-01-17,0
881,2936,2027-01-18,0
881,2936,2027-01-19,0
881,2936,2027-01-20,20
881,2936,2027-01-21,20
881,2936,2027-01-22,20
881,2936,2027-01-23,20
881,2936,2027-01-24,20
881,2936,2027-01-25,20
881,2937,2026-12-26,32
881,2937,2026-12-27,36
881,2937,2026-12-28,12
881,2937,2026-12-29,36
881,2937,2026-12-30,30
881,2937,2026-12-31,17
881,2937,2027-01-01,30
881,2937,2027-01-02,21
881,2937,2027-01-03,16
881,2937,2027-01-04,6
881,2937,2027-01-05,0
881,2937,2027-01-06,0
881,2937,2027-01-07,0
881,2937,2027-01-08,0
881,2937,2027-01-09,0
881,2937,2027-01-10,0
881,2937,2027-01-11,0
881,2937,2027-01-12,0
881,2937,2027-01-13,0
881,2937,2027-01-14,0
881,2937,2027-01-15,0
881,2937,2027-01-16,0
881,2937,2027-01-17,0
881,2937,2027-01-18,0
881,2937,2027-01-19,0
881,2937,2027-01-20,36
881,2937,2027-01-21,34
881,2937,2027-01-22,0
881,2937,2027-01-23,8
881,2937,2027-01-24,6
881,2937,2027-01-25,36
881,2938,2026-12-26,14
881,2938,2026-12-27,14
881,2938,2026-12-28,2
881,2938,2026-12-29,0
881,2938,2026-12-30,2
881,2938,2026-12-31,2
881,2938,2027-01-01,6
881,2938,2027-01-02,5
881,2938,2027-01-03,4
881,2938,2027-01-04,0
881,2938,2027-01-05,0
881,2938,2027-01-06,0
881,2938,2027-01-07,0
881,2938,2027-01-08,0
881,2938,2027-01-09,0
881,2938,2027-01-10,0
881,2938,2027-01-11,0
881,2938,2027-01-12,0
881,2938,2027-01-13,0
881,2938,2027-01-14,0
881,2938,2027-01-15,0
881,2938,2027-01-16,0
881,2938,2027-01-17,0
881,2938,2027-01-18,0
881,2938,2027-01-19,0
881,2938,2027-01-20,20
881,2938,2027-01-21,3
881,2938,2027-01-22,6
881,2938,2027-01-23,0
881,2938,2027-01-24,0
881,2938,2027-01-25,0
881,2939,2026-12-26,8
881,2939,2026-12-27,4
881,2939,2026-12-28,2
881,2939,2026-12-29,2
881,2939,2026-12-30,3
881,2939,2026-12-31,1
881,2939,2027-01-01,2
881,2939,2027-01-02,10
881,2939,2027-01-03,10
881,2939,2027-01-04,10
881,2939,2027-01-05,0
881,2939,2027-01-06,0
881,2939,2027-01-07,0
881,2939,2027-01-08,0
881,2939,2027-01-09,0
881,2939,2027-01-10,0
881,2939,2027-01-11,0
881,2939,2027-01-12,0
881,2939,2027-01-13,0
881,2939,2027-01-14,0
881,2939,2027-01-15,0
881,2939,2027-01-16,0
881,2939,2027-01-17,0
881,2939,2027-01-18,0
881,2939,2027-01-19,0
881,2939,2027-01-20,8
881,2939,2027-01-21,0
881,2939,2027-01-22,6
881,2939,2027-01-23,7
881,2939,2027-01-24,10
881,2939,2027-01-25,10
881,2940,2026-12-26,26
881,2940,2026-12-27,36
881,2940,2026-12-28,34
881,2940,2026-12-29,34
881,2940,2026-12-30,21
881,2940,2026-12-31,36
881,2940,2027-01-01,36
881,2940,2027-01-02,36
881,2940,2027-01-03,32
881,2940,2027-01-04,36
881,2940,2027-01-05,0
881,2940,2027-01-06,0
881,2940,2027-01-07,0
881,2940,2027-01-08,0
881,2940,2027-01-09,0
881,2940,2027-01-10,0
881,2940,2027-01-11,0
881,2940,2027-01-12,0
881,2940,2027-01-13,0
881,2940,2027-01-14,0
881,2940,2027-01-15,0
881,2940,2027-01-16,0
881,2940,2027-01-17,0
881,2940,2027-01-18,0
881,2940,2027-01-19,0
881,2940,2027-01-20,15
881,2940,2027-01-21,20
881,2940,2027-01-22,36
881,2940,2027-01-23,36
881,2940,2027-01-24,36
881,2940,2027-01-25,36
880,2924,2026-07-29,16
880,2924,2026-07-30,11
880,2924,2026-07-31,16
880,2924,2026-08-01,16
880,2924,2026-08-02,16
880,2924,2026-08-03,16
880,2924,2026-08-04,0
880,2924,2026-08-05,0
880,2924,2026-08-06,0
880,2924,2026-08-07,0
880,2924,2026-08-08,0
880,2924,2026-08-09,16
880,2924,2026-08-10,16
880,2924,2026-08-11,16
880,2924,2026-08-12,16
880,2924,2026-08-13,16
880,2924,2026-08-14,16
880,2924,2026-08-15,16
880,2924,2026-08-16,16
880,2924,2026-08-17,16
880,2924,2026-08-18,16
880,2924,2026-08-19,16
880,2924,2026-08-20,16
880,2924,2026-08-21,16
880,2924,2026-08-22,15
880,2924,2026-08-23,16
880,2924,2026-08-24,13
880,2924,2026-08-25,16
880,2924,2026-08-26,16
880,2924,2026-08-27,16
880,2924,2026-08-28,16
880,2925,2026-07-29,20
880,2925,2026-07-30,20
880,2925,2026-07-31,15
880,2925,2026-08-01,20
880,2925,2026-08-02,20
880,2925,2026-08-03,20
880,2925,2026-08-04,20
880,2925,2026-08-05,20
880,2925,2026-08-06,20
880,2925,2026-08-07,20
880,2925,2026-08-08,19
880,2925,2026-08-09,20
880,2925,2026-08-10,20
880,2925,2026-08-11,20
880,2925,2026-08-12,17
880,2925,2026-08-13,18
880,2925,2026-08-14,20
880,2925,2026-08-15,20
880,2925,2026-08-16,20
880,2925,2026-08-17,20
880,2925,2026-08-18,0
880,2925,2026-08-19,0
880,2925,2026-08-20,0
880,2925,2026-08-21,0
880,2925,2026-08-22,0
880,2925,2026-08-23,19
880,2925,2026-08-24,20
880,2925,2026-08-25,17
880,2925,2026-08-26,18
880,2925,2026-08-27,20
880,2925,2026-08-28,20
880,2926,2026-07-29,20
880,2926,2026-07-30,20
880,2926,2026-07-31,20
880,2926,2026-08-01,15
880,2926,2026-08-02,20
880,2926,2026-08-03,20
880,2926,2026-08-04,20
880,2926,2026-08-05,20
880,2926,2026-08-06,20
880,2926,2026-08-07,20
880,2926,2026-08-08,20
880,2926,2026-08-09,20
880,2926,2026-08-10,20
880,2926,2026-08-11,20
880,2926,2026-08-12,20
880,2926,2026-08-13,17
880,2926,2026-08-14,18
880,2926,2026-08-15,20
880,2926,2026-08-16,20
880,2926,2026-08-17,20
880,2926,2026-08-18,20
880,2926,2026-08-19,20
880,2926,2026-08-20,20
880,2926,2026-08-21,20
880,2926,2026-08-22,20
880,2926,2026-08-23,20
880,2926,2026-08-24,19
880,2926,2026-08-25,20
880,2926,2026-08-26,17
880,2926,2026-08-27,18
880,2926,2026-08-28,0
880,2924,2026-08-28,16
880,2924,2026-08-29,16
880,2924,2026-08-30,16
880,2924,2026-08-31,14
880,2924,2026-09-01,10
880,2924,2026-09-02,12
880,2924,2026-09-03,9
880,2924,2026-09-04,14
880,2924,2026-09-05,8
880,2924,2026-09-06,16
880,2924,2026-09-07,10
880,2924,2026-09-08,16
880,2924,2026-09-09,9
880,2924,2026-09-10,12
880,2924,2026-09-11,10
880,2924,2026-09-12,1
880,2924,2026-09-13,10
880,2924,2026-09-14,12
880,2924,2026-09-15,0
880,2924,2026-09-16,0
880,2924,2026-09-17,0
880,2924,2026-09-18,0
880,2924,2026-09-19,0
880,2924,2026-09-20,16
880,2924,2026-09-21,16
880,2924,2026-09-22,16
880,2924,2026-09-23,16
880,2924,2026-09-24,16
880,2924,2026-09-25,12
880,2924,2026-09-26,4
880,2924,2026-09-27,11
880,2925,2026-08-28,20
880,2925,2026-08-29,18
880,2925,2026-08-30,20
880,2925,2026-08-31,20
880,2925,2026-09-01,18
880,2925,2026-09-02,14
880,2925,2026-09-03,16
880,2925,2026-09-04,6
880,2925,2026-09-05,1
880,2925,2026-09-06,12
880,2925,2026-09-07,20
880,2925,2026-09-08,14
880,2925,2026-09-09,20
880,2925,2026-09-10,6
880,2925,2026-09-11,7
880,2925,2026-09-12,0
880,2925,2026-09-13,2
880,2925,2026-09-14,11
880,2925,2026-09-15,16
880,2925,2026-09-16,18
880,2925,2026-09-17,20
880,2925,2026-09-18,15
880,2925,2026-09-19,15
880,2925,2026-09-20,20
880,2925,2026-09-21,0
880,2925,2026-09-22,0
880,2925,2026-09-23,0
880,2925,2026-09-24,0
880,2925,2026-09-25,0
880,2925,2026-09-26,0
880,2925,2026-09-27,0
880,2926,2026-08-28,0
880,2926,2026-08-29,0
880,2926,2026-08-30,0
880,2926,2026-08-31,0
880,2926,2026-09-01,0
880,2926,2026-09-02,18
880,2926,2026-09-03,14
880,2926,2026-09-04,14
880,2926,2026-09-05,2
880,2926,2026-09-06,7
880,2926,2026-09-07,12
880,2926,2026-09-08,20
880,2926,2026-09-09,14
880,2926,2026-09-10,20
880,2926,2026-09-11,6
880,2926,2026-09-12,3
880,2926,2026-09-13,0
880,2926,2026-09-14,2
880,2926,2026-09-15,11
880,2926,2026-09-16,16
880,2926,2026-09-17,16
880,2926,2026-09-18,0
880,2926,2026-09-19,0
880,2926,2026-09-20,0
880,2926,2026-09-21,0
880,2926,2026-09-22,0
880,2926,2026-09-23,20
880,2926,2026-09-24,20
880,2926,2026-09-25,19
880,2926,2026-09-26,13
880,2926,2026-09-27,16
880,2924,2026-06-29,16
880,2924,2026-06-30,16
880,2924,2026-07-01,16
880,2924,2026-07-02,16
880,2924,2026-07-03,16
880,2924,2026-07-04,16
880,2924,2026-07-05,16
880,2924,2026-07-06,3
880,2924,2026-07-07,16
880,2924,2026-07-08,16
880,2924,2026-07-09,11
880,2924,2026-07-10,10
880,2924,2026-07-11,4
880,2924,2026-07-12,13
880,2924,2026-07-13,14
880,2924,2026-07-14,16
880,2924,2026-07-15,16
880,2924,2026-07-16,12
880,2924,2026-07-17,16
880,2924,2026-07-18,16
880,2924,2026-07-19,16
880,2924,2026-07-20,16
880,2924,2026-07-21,15
880,2924,2026-07-22,16
880,2924,2026-07-23,16
880,2924,2026-07-24,16
880,2924,2026-07-25,16
880,2924,2026-07-26,16
880,2924,2026-07-27,16
880,2924,2026-07-28,16
880,2924,2026-07-29,16
880,2925,2026-06-29,20
880,2925,2026-06-30,20
880,2925,2026-07-01,20
880,2925,2026-07-02,17
880,2925,2026-07-03,20
880,2925,2026-07-04,20
880,2925,2026-07-05,20
880,2925,2026-07-06,20
880,2925,2026-07-07,3
880,2925,2026-07-08,20
880,2925,2026-07-09,7
880,2925,2026-07-10,0
880,2925,2026-07-11,0
880,2925,2026-07-12,3
880,2925,2026-07-13,17
880,2925,2026-07-14,18
880,2925,2026-07-15,20
880,2925,2026-07-16,20
880,2925,2026-07-17,16
880,2925,2026-07-18,20
880,2925,2026-07-19,20
880,2925,2026-07-20,20
880,2925,2026-07-21,20
880,2925,2026-07-22,19
880,2925,2026-07-23,20
880,2925,2026-07-24,20
880,2925,2026-07-25,20
880,2925,2026-07-26,20
880,2925,2026-07-27,20
880,2925,2026-07-28,20
880,2925,2026-07-29,20
880,2926,2026-06-29,18
880,2926,2026-06-30,20
880,2926,2026-07-01,20
880,2926,2026-07-02,20
880,2926,2026-07-03,17
880,2926,2026-07-04,20
880,2926,2026-07-05,20
880,2926,2026-07-06,20
880,2926,2026-07-07,20
880,2926,2026-07-08,3
880,2926,2026-07-09,20
880,2926,2026-07-10,3
880,2926,2026-07-11,10
880,2926,2026-07-12,0
880,2926,2026-07-13,3
880,2926,2026-07-14,17
880,2926,2026-07-15,18
880,2926,2026-07-16,20
880,2926,2026-07-17,20
880,2926,2026-07-18,16
880,2926,2026-07-19,20
880,2926,2026-07-20,20
880,2926,2026-07-21,20
880,2926,2026-07-22,20
880,2926,2026-07-23,19
880,2926,2026-07-24,20
880,2926,2026-07-25,20
880,2926,2026-07-26,20
880,2926,2026-07-27,20
880,2926,2026-07-28,20
880,2926,2026-07-29,20
880,2924,2026-09-27,11
880,2924,2026-09-28,0
880,2924,2026-09-29,2
880,2924,2026-09-30,7
880,2924,2026-10-01,1
880,2924,2026-10-02,8
880,2924,2026-10-03,0
880,2924,2026-10-04,2
880,2924,2026-10-05,2
880,2924,2026-10-06,0
880,2924,2026-10-07,1
880,2924,2026-10-08,5
880,2924,2026-10-09,6
880,2924,2026-10-10,0
880,2924,2026-10-11,0
880,2924,2026-10-12,0
880,2924,2026-10-13,9
880,2924,2026-10-14,3
880,2924,2026-10-15,10
880,2924,2026-10-16,1
880,2924,2026-10-17,5
880,2924,2026-10-18,6
880,2924,2026-10-19,4
880,2924,2026-10-20,1
880,2924,2026-10-21,10
880,2924,2026-10-22,16
880,2924,2026-10-23,4
880,2924,2026-10-24,10
880,2924,2026-10-25,3
880,2924,2026-10-26,8
880,2924,2026-10-27,2
880,2925,2026-09-27,0
880,2925,2026-09-28,0
880,2925,2026-09-29,2
880,2925,2026-09-30,0
880,2925,2026-10-01,0
880,2925,2026-10-02,0
880,2925,2026-10-03,0
880,2925,2026-10-04,0
880,2925,2026-10-05,0
880,2925,2026-10-06,0
880,2925,2026-10-07,0
880,2925,2026-10-08,0
880,2925,2026-10-09,0
880,2925,2026-10-10,0
880,2925,2026-10-11,0
880,2925,2026-10-12,1
880,2925,2026-10-13,0
880,2925,2026-10-14,0
880,2925,2026-10-15,0
880,2925,2026-10-16,0
880,2925,2026-10-17,0
880,2925,2026-10-18,0
880,2925,2026-10-19,0
880,2925,2026-10-20,0
880,2925,2026-10-21,0
880,2925,2026-10-22,0
880,2925,2026-10-23,0
880,2925,2026-10-24,0
880,2925,2026-10-25,0
880,2925,2026-10-26,0
880,2925,2026-10-27,0
880,2926,2026-09-27,16
880,2926,2026-09-28,0
880,2926,2026-09-29,0
880,2926,2026-09-30,1
880,2926,2026-10-01,0
880,2926,2026-10-02,2
880,2926,2026-10-03,0
880,2926,2026-10-04,0
880,2926,2026-10-05,0
880,2926,2026-10-06,0
880,2926,2026-10-07,0
880,2926,2026-10-08,0
880,2926,2026-10-09,1
880,2926,2026-10-10,0
880,2926,2026-10-11,8
880,2926,2026-10-12,2
880,2926,2026-10-13,3
880,2926,2026-10-14,0
880,2926,2026-10-15,13
880,2926,2026-10-16,0
880,2926,2026-10-17,0
880,2926,2026-10-18,3
880,2926,2026-10-19,3
880,2926,2026-10-20,0
880,2926,2026-10-21,0
880,2926,2026-10-22,0
880,2926,2026-10-23,0
880,2926,2026-10-24,0
880,2926,2026-10-25,0
880,2926,2026-10-26,0
880,2926,2026-10-27,0
880,2924,2026-05-30,10
880,2924,2026-05-31,16
880,2924,2026-06-01,16
880,2924,2026-06-02,16
880,2924,2026-06-03,16
880,2924,2026-06-04,16
880,2924,2026-06-05,11
880,2924,2026-06-06,16
880,2924,2026-06-07,16
880,2924,2026-06-08,16
880,2924,2026-06-09,14
880,2924,2026-06-10,14
880,2924,2026-06-11,14
880,2924,2026-06-12,16
880,2924,2026-06-13,14
880,2924,2026-06-14,16
880,2924,2026-06-15,6
880,2924,2026-06-16,4
880,2924,2026-06-17,8
880,2924,2026-06-18,5
880,2924,2026-06-19,16
880,2924,2026-06-20,7
880,2924,2026-06-21,16
880,2924,2026-06-22,16
880,2924,2026-06-23,16
880,2924,2026-06-24,15
880,2924,2026-06-25,16
880,2924,2026-06-26,13
880,2924,2026-06-27,16
880,2924,2026-06-28,16
880,2924,2026-06-29,16
880,2925,2026-05-30,17
880,2925,2026-05-31,11
880,2925,2026-06-01,20
880,2925,2026-06-02,17
880,2925,2026-06-03,20
880,2925,2026-06-04,16
880,2925,2026-06-05,7
880,2925,2026-06-06,1
880,2925,2026-06-07,20
880,2925,2026-06-08,18
880,2925,2026-06-09,20
880,2925,2026-06-10,16
880,2925,2026-06-11,18
880,2925,2026-06-12,18
880,2925,2026-06-13,20
880,2925,2026-06-14,20
880,2925,2026-06-15,20
880,2925,2026-06-16,18
880,2925,2026-06-17,16
880,2925,2026-06-18,20
880,2925,2026-06-19,11
880,2925,2026-06-20,9
880,2925,2026-06-21,8
880,2925,2026-06-22,20
880,2925,2026-06-23,20
880,2925,2026-06-24,20
880,2925,2026-06-25,19
880,2925,2026-06-26,20
880,2925,2026-06-27,10
880,2925,2026-06-28,18
880,2925,2026-06-29,20
880,2926,2026-05-30,0
880,2926,2026-05-31,15
880,2926,2026-06-01,6
880,2926,2026-06-02,20
880,2926,2026-06-03,20
880,2926,2026-06-04,20
880,2926,2026-06-05,13
880,2926,2026-06-06,9
880,2926,2026-06-07,12
880,2926,2026-06-08,20
880,2926,2026-06-09,18
880,2926,2026-06-10,20
880,2926,2026-06-11,18
880,2926,2026-06-12,18
880,2926,2026-06-13,18
880,2926,2026-06-14,20
880,2926,2026-06-15,20
880,2926,2026-06-16,20
880,2926,2026-06-17,18
880,2926,2026-06-18,16
880,2926,2026-06-19,20
880,2926,2026-06-20,9
880,2926,2026-06-21,20
880,2926,2026-06-22,8
880,2926,2026-06-23,20
880,2926,2026-06-24,20
880,2926,2026-06-25,20
880,2926,2026-06-26,19
880,2926,2026-06-27,20
880,2926,2026-06-28,17
880,2926,2026-06-29,18
880,2924,2026-10-27,2
880,2924,2026-10-28,12
880,2924,2026-10-29,12
880,2924,2026-10-30,9
880,2924,2026-10-31,0
880,2924,2026-11-01,7
880,2924,2026-11-02,2
880,2924,2026-11-03,1
880,2924,2026-11-04,2
880,2924,2026-11-05,12
880,2924,2026-11-06,7
880,2924,2026-11-07,3
880,2924,2026-11-08,2
880,2924,2026-11-09,4
880,2924,2026-11-10,7
880,2924,2026-11-11,5
880,2924,2026-11-12,11
880,2924,2026-11-13,4
880,2924,2026-11-14,0
880,2924,2026-11-15,4
880,2924,2026-11-16,5
880,2924,2026-11-17,2
880,2924,2026-11-18,5
880,2924,2026-11-19,0
880,2924,2026-11-20,0
880,2924,2026-11-21,0
880,2924,2026-11-22,10
880,2924,2026-11-23,6
880,2924,2026-11-24,2
880,2924,2026-11-25,14
880,2924,2026-11-26,3
880,2925,2026-10-27,0
880,2925,2026-10-28,0
880,2925,2026-10-29,0
880,2925,2026-10-30,0
880,2925,2026-10-31,0
880,2925,2026-11-01,0
880,2925,2026-11-02,0
880,2925,2026-11-03,0
880,2925,2026-11-04,0
880,2925,2026-11-05,0
880,2925,2026-11-06,0
880,2925,2026-11-07,0
880,2925,2026-11-08,0
880,2925,2026-11-09,0
880,2925,2026-11-10,0
880,2925,2026-11-11,0
880,2925,2026-11-12,0
880,2925,2026-11-13,0
880,2925,2026-11-14,0
880,2925,2026-11-15,0
880,2925,2026-11-16,0
880,2925,2026-11-17,0
880,2925,2026-11-18,0
880,2925,2026-11-19,0
880,2925,2026-11-20,0
880,2925,2026-11-21,0
880,2925,2026-11-22,0
880,2925,2026-11-23,0
880,2925,2026-11-24,0
880,2925,2026-11-25,0
880,2925,2026-11-26,0
880,2926,2026-10-27,0
880,2926,2026-10-28,2
880,2926,2026-10-29,0
880,2926,2026-10-30,0
880,2926,2026-10-31,1
880,2926,2026-11-01,4
880,2926,2026-11-02,6
880,2926,2026-11-03,0
880,2926,2026-11-04,2
880,2926,2026-11-05,0
880,2926,2026-11-06,3
880,2926,2026-11-07,0
880,2926,2026-11-08,10
880,2926,2026-11-09,0
880,2926,2026-11-10,0
880,2926,2026-11-11,2
880,2926,2026-11-12,3
880,2926,2026-11-13,0
880,2926,2026-11-14,0
880,2926,2026-11-15,2
880,2926,2026-11-16,2
880,2926,2026-11-17,0
880,2926,2026-11-18,0
880,2926,2026-11-19,1
880,2926,2026-11-20,0
880,2926,2026-11-21,0
880,2926,2026-11-22,1
880,2926,2026-11-23,0
880,2926,2026-11-24,0
880,2926,2026-11-25,0
880,2926,2026-11-26,0
880,2924,2027-01-25,0
880,2924,2027-01-26,0
880,2924,2027-01-27,6
880,2924,2027-01-28,3
880,2924,2027-01-29,6
880,2924,2027-01-30,1
880,2924,2027-01-31,0
880,2924,2027-02-01,8
880,2924,2027-02-02,9
880,2924,2027-02-03,5
880,2924,2027-02-04,11
880,2924,2027-02-05,10
880,2924,2027-02-06,3
880,2924,2027-02-07,0
880,2924,2027-02-08,2
880,2924,2027-02-09,0
880,2924,2027-02-10,4
880,2924,2027-02-11,1
880,2924,2027-02-12,1
880,2924,2027-02-13,0
880,2924,2027-02-14,3
880,2924,2027-02-15,7
880,2924,2027-02-16,0
880,2924,2027-02-17,7
880,2924,2027-02-18,0
880,2924,2027-02-19,0
880,2924,2027-02-20,4
880,2924,2027-02-21,0
880,2924,2027-02-22,10
880,2924,2027-02-23,6
880,2924,2027-02-24,7
880,2925,2027-01-25,0
880,2925,2027-01-26,0
880,2925,2027-01-27,0
880,2925,2027-01-28,0
880,2925,2027-01-29,0
880,2925,2027-01-30,0
880,2925,2027-01-31,0
880,2925,2027-02-01,0
880,2925,2027-02-02,0
880,2925,2027-02-03,0
880,2925,2027-02-04,0
880,2925,2027-02-05,0
880,2925,2027-02-06,0
880,2925,2027-02-07,0
880,2925,2027-02-08,0
880,2925,2027-02-09,0
880,2925,2027-02-10,0
880,2925,2027-02-11,0
880,2925,2027-02-12,0
880,2925,2027-02-13,0
880,2925,2027-02-14,0
880,2925,2027-02-15,0
880,2925,2027-02-16,0
880,2925,2027-02-17,1
880,2925,2027-02-18,0
880,2925,2027-02-19,0
880,2925,2027-02-20,0
880,2925,2027-02-21,0
880,2925,2027-02-22,0
880,2925,2027-02-23,0
880,2925,2027-02-24,0
880,2926,2027-01-25,1
880,2926,2027-01-26,0
880,2926,2027-01-27,0
880,2926,2027-01-28,0
880,2926,2027-01-29,0
880,2926,2027-01-30,0
880,2926,2027-01-31,0
880,2926,2027-02-01,0
880,2926,2027-02-02,0
880,2926,2027-02-03,0
880,2926,2027-02-04,0
880,2926,2027-02-05,0
880,2926,2027-02-06,0
880,2926,2027-02-07,0
880,2926,2027-02-08,0
880,2926,2027-02-09,0
880,2926,2027-02-10,0
880,2926,2027-02-11,0
880,2926,2027-02-12,0
880,2926,2027-02-13,0
880,2926,2027-02-14,2
880,2926,2027-02-15,0
880,2926,2027-02-16,0
880,2926,2027-02-17,0
880,2926,2027-02-18,0
880,2926,2027-02-19,0
880,2926,2027-02-20,0
880,2926,2027-02-21,0
880,2926,2027-02-22,0
880,2926,2027-02-23,0
880,2926,2027-02-24,0
880,2924,2027-02-24,7
880,2924,2027-02-25,15
880,2924,2027-02-26,4
880,2924,2027-02-27,3
880,2924,2027-02-28,3
880,2924,2027-03-01,5
880,2924,2027-03-02,1
880,2924,2027-03-03,0
880,2924,2027-03-04,3
880,2924,2027-03-05,4
880,2924,2027-03-06,5
880,2924,2027-03-07,8
880,2924,2027-03-08,0
880,2924,2027-03-09,0
880,2924,2027-03-10,0
880,2924,2027-03-11,14
880,2924,2027-03-12,12
880,2924,2027-03-13,3
880,2924,2027-03-14,1
880,2924,2027-03-15,0
880,2924,2027-03-16,6
880,2924,2027-03-17,3
880,2924,2027-03-18,4
880,2924,2027-03-19,0
880,2924,2027-03-20,3
880,2924,2027-03-21,2
880,2924,2027-03-22,2
880,2924,2027-03-23,2
880,2924,2027-03-24,12
880,2924,2027-03-25,7
880,2924,2027-03-26,3
880,2925,2027-02-24,0
880,2925,2027-02-25,0
880,2925,2027-02-26,0
880,2925,2027-02-27,0
880,2925,2027-02-28,0
880,2925,2027-03-01,0
880,2925,2027-03-02,0
880,2925,2027-03-03,0
880,2925,2027-03-04,0
880,2925,2027-03-05,0
880,2925,2027-03-06,0
880,2925,2027-03-07,0
880,2925,2027-03-08,0
880,2925,2027-03-09,0
880,2925,2027-03-10,0
880,2925,2027-03-11,0
880,2925,2027-03-12,0
880,2925,2027-03-13,0
880,2925,2027-03-14,0
880,2925,2027-03-15,0
880,2925,2027-03-16,0
880,2925,2027-03-17,0
880,2925,2027-03-18,1
880,2925,2027-03-19,0
880,2925,2027-03-20,0
880,2925,2027-03-21,0
880,2925,2027-03-22,0
880,2925,2027-03-23,0
880,2925,2027-03-24,0
880,2925,2027-03-25,0
880,2925,2027-03-26,0
880,2926,2027-02-24,0
880,2926,2027-02-25,0
880,2926,2027-02-26,0
880,2926,2027-02-27,0
880,2926,2027-02-28,0
880,2926,2027-03-01,0
880,2926,2027-03-02,0
880,2926,2027-03-03,0
880,2926,2027-03-04,0
880,2926,2027-03-05,0
880,2926,2027-03-06,0
880,2926,2027-03-07,0
880,2926,2027-03-08,0
880,2926,2027-03-09,0
880,2926,2027-03-10,0
880,2926,2027-03-11,0
880,2926,2027-03-12,0
880,2926,2027-03-13,0
880,2926,2027-03-14,1
880,2926,2027-03-15,0
880,2926,2027-03-16,0
880,2926,2027-03-17,0
880,2926,2027-03-18,0
880,2926,2027-03-19,0
880,2926,2027-03-20,1
880,2926,2027-03-21,0
880,2926,2027-03-22,0
880,2926,2027-03-23,0
880,2926,2027-03-24,0
880,2926,2027-03-25,0
880,2926,2027-03-26,1
880,2924,2026-11-26,3
880,2924,2026-11-27,1
880,2924,2026-11-28,1
880,2924,2026-11-29,4
880,2924,2026-11-30,1
880,2924,2026-12-01,5
880,2924,2026-12-02,8
880,2924,2026-12-03,8
880,2924,2026-12-04,10
880,2924,2026-12-05,2
880,2924,2026-12-06,3
880,2924,2026-12-07,4
880,2924,2026-12-08,0
880,2924,2026-12-09,2
880,2924,2026-12-10,3
880,2924,2026-12-11,5
880,2924,2026-12-12,5
880,2924,2026-12-13,1
880,2924,2026-12-14,0
880,2924,2026-12-15,0
880,2924,2026-12-16,1
880,2924,2026-12-17,0
880,2924,2026-12-18,3
880,2924,2026-12-19,0
880,2924,2026-12-20,5
880,2924,2026-12-21,0
880,2924,2026-12-22,9
880,2924,2026-12-23,1
880,2924,2026-12-24,1
880,2924,2026-12-25,9
880,2924,2026-12-26,1
880,2925,2026-11-26,0
880,2925,2026-11-27,1
880,2925,2026-11-28,0
880,2925,2026-11-29,0
880,2925,2026-11-30,0
880,2925,2026-12-01,0
880,2925,2026-12-02,0
880,2925,2026-12-03,0
880,2925,2026-12-04,0
880,2925,2026-12-05,0
880,2925,2026-12-06,0
880,2925,2026-12-07,0
880,2925,2026-12-08,0
880,2925,2026-12-09,0
880,2925,2026-12-10,0
880,2925,2026-12-11,0
880,2925,2026-12-12,0
880,2925,2026-12-13,0
880,2925,2026-12-14,0
880,2925,2026-12-15,0
880,2925,2026-12-16,0
880,2925,2026-12-17,0
880,2925,2026-12-18,0
880,2925,2026-12-19,0
880,2925,2026-12-20,0
880,2925,2026-12-21,0
880,2925,2026-12-22,0
880,2925,2026-12-23,0
880,2925,2026-12-24,0
880,2925,2026-12-25,1
880,2925,2026-12-26,0
880,2926,2026-11-26,0
880,2926,2026-11-27,1
880,2926,2026-11-28,0
880,2926,2026-11-29,2
880,2926,2026-11-30,0
880,2926,2026-12-01,0
880,2926,2026-12-02,0
880,2926,2026-12-03,0
880,2926,2026-12-04,0
880,2926,2026-12-05,0
880,2926,2026-12-06,0
880,2926,2026-12-07,0
880,2926,2026-12-08,1
880,2926,2026-12-09,0
880,2926,2026-12-10,0
880,2926,2026-12-11,2
880,2926,2026-12-12,0
880,2926,2026-12-13,0
880,2926,2026-12-14,0
880,2926,2026-12-15,0
880,2926,2026-12-16,1
880,2926,2026-12-17,0
880,2926,2026-12-18,0
880,2926,2026-12-19,0
880,2926,2026-12-20,0
880,2926,2026-12-21,0
880,2926,2026-12-22,0
880,2926,2026-12-23,0
880,2926,2026-12-24,0
880,2926,2026-12-25,1
880,2926,2026-12-26,0
880,2924,2027-03-26,3
880,2924,2027-03-27,0
880,2924,2027-03-28,0
880,2924,2027-03-29,0
880,2924,2027-03-30,0
880,2924,2027-03-31,10
880,2924,2027-04-01,10
880,2924,2027-04-02,0
880,2924,2027-04-03,6
880,2924,2027-04-04,0
880,2924,2027-04-05,3
880,2924,2027-04-06,4
880,2924,2027-04-07,0
880,2924,2027-04-08,6
880,2924,2027-04-09,4
880,2924,2027-04-10,4
880,2924,2027-04-11,6
880,2924,2027-04-12,2
880,2924,2027-04-13,13
880,2924,2027-04-14,0
880,2924,2027-04-15,4
880,2924,2027-04-16,10
880,2924,2027-04-17,2
880,2924,2027-04-18,16
880,2924,2027-04-19,0
880,2924,2027-04-20,0
880,2924,2027-04-21,14
880,2924,2027-04-22,14
880,2924,2027-04-23,12
880,2924,2027-04-24,5
880,2924,2027-04-25,2
880,2925,2027-03-26,0
880,2925,2027-03-27,0
880,2925,2027-03-28,0
880,2925,2027-03-29,0
880,2925,2027-03-30,0
880,2925,2027-03-31,1
880,2925,2027-04-01,0
880,2925,2027-04-02,0
880,2925,2027-04-03,0
880,2925,2027-04-04,0
880,2925,2027-04-05,0
880,2925,2027-04-06,0
880,2925,2027-04-07,1
880,2925,2027-04-08,0
880,2925,2027-04-09,0
880,2925,2027-04-10,0
880,2925,2027-04-11,0
880,2925,2027-04-12,0
880,2925,2027-04-13,0
880,2925,2027-04-14,0
880,2925,2027-04-15,0
880,2925,2027-04-16,0
880,2925,2027-04-17,0
880,2925,2027-04-18,0
880,2925,2027-04-19,0
880,2925,2027-04-20,0
880,2925,2027-04-21,0
880,2925,2027-04-22,0
880,2925,2027-04-23,0
880,2925,2027-04-24,0
880,2925,2027-04-25,0
880,2926,2027-03-26,1
880,2926,2027-03-27,0
880,2926,2027-03-28,0
880,2926,2027-03-29,0
880,2926,2027-03-30,0
880,2926,2027-03-31,0
880,2926,2027-04-01,0
880,2926,2027-04-02,0
880,2926,2027-04-03,0
880,2926,2027-04-04,0
880,2926,2027-04-05,0
880,2926,2027-04-06,0
880,2926,2027-04-07,1
880,2926,2027-04-08,1
880,2926,2027-04-09,0
880,2926,2027-04-10,0
880,2926,2027-04-11,0
880,2926,2027-04-12,0
880,2926,2027-04-13,1
880,2926,2027-04-14,0
880,2926,2027-04-15,1
880,2926,2027-04-16,2
880,2926,2027-04-17,0
880,2926,2027-04-18,0
880,2926,2027-04-19,0
880,2926,2027-04-20,0
880,2926,2027-04-21,0
880,2926,2027-04-22,1
880,2926,2027-04-23,0
880,2926,2027-04-24,0
880,2926,2027-04-25,0
880,2924,2027-05-25,16
880,2924,2027-05-26,16
880,2924,2027-05-27,16
880,2924,2027-05-28,16
880,2924,2027-05-29,16
880,2924,2027-05-30,16
880,2924,2027-05-31,16
880,2924,2027-06-01,16
880,2924,2027-06-02,16
880,2924,2027-06-03,16
880,2924,2027-06-04,12
880,2924,2027-06-05,16
880,2924,2027-06-06,15
880,2924,2027-06-07,16
880,2924,2027-06-08,16
880,2924,2027-06-09,16
880,2924,2027-06-10,16
880,2924,2027-06-11,16
880,2924,2027-06-12,16
880,2924,2027-06-13,16
880,2924,2027-06-14,16
880,2924,2027-06-15,16
880,2924,2027-06-16,16
880,2924,2027-06-17,16
880,2924,2027-06-18,16
880,2924,2027-06-19,16
880,2924,2027-06-20,16
880,2924,2027-06-21,16
880,2924,2027-06-22,16
880,2924,2027-06-23,16
880,2924,2027-06-24,16
880,2925,2027-05-25,20
880,2925,2027-05-26,20
880,2925,2027-05-27,20
880,2925,2027-05-28,20
880,2925,2027-05-29,16
880,2925,2027-05-30,20
880,2925,2027-05-31,20
880,2925,2027-06-01,20
880,2925,2027-06-02,20
880,2925,2027-06-03,20
880,2925,2027-06-04,20
880,2925,2027-06-05,14
880,2925,2027-06-06,20
880,2925,2027-06-07,19
880,2925,2027-06-08,20
880,2925,2027-06-09,20
880,2925,2027-06-10,20
880,2925,2027-06-11,20
880,2925,2027-06-12,20
880,2925,2027-06-13,20
880,2925,2027-06-14,20
880,2925,2027-06-15,20
880,2925,2027-06-16,20
880,2925,2027-06-17,20
880,2925,2027-06-18,20
880,2925,2027-06-19,20
880,2925,2027-06-20,20
880,2925,2027-06-21,20
880,2925,2027-06-22,20
880,2925,2027-06-23,20
880,2925,2027-06-24,20
880,2926,2027-05-25,20
880,2926,2027-05-26,20
880,2926,2027-05-27,20
880,2926,2027-05-28,20
880,2926,2027-05-29,20
880,2926,2027-05-30,16
880,2926,2027-05-31,20
880,2926,2027-06-01,20
880,2926,2027-06-02,20
880,2926,2027-06-03,20
880,2926,2027-06-04,20
880,2926,2027-06-05,20
880,2926,2027-06-06,14
880,2926,2027-06-07,20
880,2926,2027-06-08,19
880,2926,2027-06-09,20
880,2926,2027-06-10,20
880,2926,2027-06-11,20
880,2926,2027-06-12,20
880,2926,2027-06-13,20
880,2926,2027-06-14,20
880,2926,2027-06-15,20
880,2926,2027-06-16,20
880,2926,2027-06-17,20
880,2926,2027-06-18,20
880,2926,2027-06-19,20
880,2926,2027-06-20,20
880,2926,2027-06-21,20
880,2926,2027-06-22,20
880,2926,2027-06-23,20
880,2926,2027-06-24,20
880,2924,2027-04-25,2
880,2924,2027-04-26,10
880,2924,2027-04-27,0
880,2924,2027-04-28,0
880,2924,2027-04-29,12
880,2924,2027-04-30,5
880,2924,2027-05-01,14
880,2924,2027-05-02,6
880,2924,2027-05-03,1
880,2924,2027-05-04,4
880,2924,2027-05-05,3
880,2924,2027-05-06,6
880,2924,2027-05-07,1
880,2924,2027-05-08,0
880,2924,2027-05-09,3
880,2924,2027-05-10,8
880,2924,2027-05-11,8
880,2924,2027-05-12,5
880,2924,2027-05-13,16
880,2924,2027-05-14,8
880,2924,2027-05-15,4
880,2924,2027-05-16,2
880,2924,2027-05-17,8
880,2924,2027-05-18,16
880,2924,2027-05-19,16
880,2924,2027-05-20,16
880,2924,2027-05-21,11
880,2924,2027-05-22,14
880,2924,2027-05-23,16
880,2924,2027-05-24,16
880,2924,2027-05-25,16
880,2925,2027-04-25,0
880,2925,2027-04-26,0
880,2925,2027-04-27,0
880,2925,2027-04-28,0
880,2925,2027-04-29,0
880,2925,2027-04-30,2
880,2925,2027-05-01,0
880,2925,2027-05-02,1
880,2925,2027-05-03,0
880,2925,2027-05-04,0
880,2925,2027-05-05,0
880,2925,2027-05-06,0
880,2925,2027-05-07,0
880,2925,2027-05-08,1
880,2925,2027-05-09,0
880,2925,2027-05-10,0
880,2925,2027-05-11,1
880,2925,2027-05-12,0
880,2925,2027-05-13,1
880,2925,2027-05-14,8
880,2925,2027-05-15,0
880,2925,2027-05-16,0
880,2925,2027-05-17,6
880,2925,2027-05-18,12
880,2925,2027-05-19,20
880,2925,2027-05-20,0
880,2925,2027-05-21,10
880,2925,2027-05-22,13
880,2925,2027-05-23,18
880,2925,2027-05-24,20
880,2925,2027-05-25,20
880,2926,2027-04-25,0
880,2926,2027-04-26,4
880,2926,2027-04-27,0
880,2926,2027-04-28,3
880,2926,2027-04-29,0
880,2926,2027-04-30,0
880,2926,2027-05-01,2
880,2926,2027-05-02,0
880,2926,2027-05-03,1
880,2926,2027-05-04,0
880,2926,2027-05-05,3
880,2926,2027-05-06,0
880,2926,2027-05-07,0
880,2926,2027-05-08,0
880,2926,2027-05-09,0
880,2926,2027-05-10,2
880,2926,2027-05-11,9
880,2926,2027-05-12,6
880,2926,2027-05-13,5
880,2926,2027-05-14,1
880,2926,2027-05-15,0
880,2926,2027-05-16,0
880,2926,2027-05-17,0
880,2926,2027-05-18,6
880,2926,2027-05-19,12
880,2926,2027-05-20,20
880,2926,2027-05-21,0
880,2926,2027-05-22,10
880,2926,2027-05-23,13
880,2926,2027-05-24,18
880,2926,2027-05-25,20
880,2924,2026-12-26,1
880,2924,2026-12-27,3
880,2924,2026-12-28,1
880,2924,2026-12-29,0
880,2924,2026-12-30,0
880,2924,2026-12-31,0
880,2924,2027-01-01,10
880,2924,2027-01-02,2
880,2924,2027-01-03,4
880,2924,2027-01-04,4
880,2924,2027-01-05,0
880,2924,2027-01-06,0
880,2924,2027-01-07,0
880,2924,2027-01-08,4
880,2924,2027-01-09,4
880,2924,2027-01-10,0
880,2924,2027-01-11,3
880,2924,2027-01-12,0
880,2924,2027-01-13,2
880,2924,2027-01-14,0
880,2924,2027-01-15,0
880,2924,2027-01-16,7
880,2924,2027-01-17,2
880,2924,2027-01-18,4
880,2924,2027-01-19,4
880,2924,2027-01-20,0
880,2924,2027-01-21,3
880,2924,2027-01-22,2
880,2924,2027-01-23,6
880,2924,2027-01-24,0
880,2924,2027-01-25,0
880,2925,2026-12-26,0
880,2925,2026-12-27,0
880,2925,2026-12-28,0
880,2925,2026-12-29,0
880,2925,2026-12-30,0
880,2925,2026-12-31,0
880,2925,2027-01-01,0
880,2925,2027-01-02,0
880,2925,2027-01-03,0
880,2925,2027-01-04,0
880,2925,2027-01-05,0
880,2925,2027-01-06,0
880,2925,2027-01-07,0
880,2925,2027-01-08,0
880,2925,2027-01-09,0
880,2925,2027-01-10,0
880,2925,2027-01-11,0
880,2925,2027-01-12,0
880,2925,2027-01-13,0
880,2925,2027-01-14,1
880,2925,2027-01-15,0
880,2925,2027-01-16,0
880,2925,2027-01-17,0
880,2925,2027-01-18,0
880,2925,2027-01-19,0
880,2925,2027-01-20,0
880,2925,2027-01-21,0
880,2925,2027-01-22,0
880,2925,2027-01-23,0
880,2925,2027-01-24,0
880,2925,2027-01-25,0
880,2926,2026-12-26,0
880,2926,2026-12-27,0
880,2926,2026-12-28,0
880,2926,2026-12-29,0
880,2926,2026-12-30,1
880,2926,2026-12-31,0
880,2926,2027-01-01,0
880,2926,2027-01-02,0
880,2926,2027-01-03,0
880,2926,2027-01-04,0
880,2926,2027-01-05,0
880,2926,2027-01-06,0
880,2926,2027-01-07,0
880,2926,2027-01-08,1
880,2926,2027-01-09,0
880,2926,2027-01-10,0
880,2926,2027-01-11,0
880,2926,2027-01-12,0
880,2926,2027-01-13,0
880,2926,2027-01-14,0
880,2926,2027-01-15,1
880,2926,2027-01-16,0
880,2926,2027-01-17,0
880,2926,2027-01-18,0
880,2926,2027-01-19,0
880,2926,2027-01-20,0
880,2926,2027-01-21,0
880,2926,2027-01-22,0
880,2926,2027-01-23,0
880,2926,2027-01-24,0
880,2926,2027-01-25,1
