place_id,facility_id,target_date,total_available
876,2888,2026-03-18,10
876,2888,2026-03-19,10
876,2888,2026-03-20,10
876,2888,2026-03-21,10
876,2888,2026-03-22,10
876,2888,2026-03-23,10
876,2888,2026-03-24,10
876,2888,2026-03-25,8
876,2888,2026-03-26,10
876,2888,2026-03-27,9
876,2888,2026-03-28,10
876,2888,2026-03-29,8
876,2888,2026-03-30,10
876,2888,2026-03-31,10
876,2888,2026-04-01,10
876,2888,2026-04-02,10
876,2888,2026-04-03,8
876,2888,2026-04-04,8
876,2888,2026-04-05,10
876,2888,2026-04-06,10
876,2888,2026-04-07,10
876,2888,2026-04-08,10
876,2888,2026-04-09,10
876,2888,2026-04-10,10
876,2888,2026-04-11,10
876,2888,2026-04-12,10
876,2888,2026-04-13,8
876,2888,2026-04-14,10
876,2888,2026-04-15,10
876,2888,2026-04-16,10
876,2888,2026-04-17,10
876,2889,2026-03-18,20
876,2889,2026-03-19,20
876,2889,2026-03-20,20
876,2889,2026-03-21,20
876,2889,2026-03-22,20
876,2889,2026-03-23,20
876,2889,2026-03-24,19
876,2889,2026-03-25,20
876,2889,2026-03-26,20
876,2889,2026-03-27,20
876,2889,2026-03-28,20
876,2889,2026-03-29,20
876,2889,2026-03-30,20
876,2889,2026-03-31,20
876,2889,2026-04-01,18
876,2889,2026-04-02,20
876,2889,2026-04-03,20
876,2889,2026-04-04,20
876,2889,2026-04-05,20
876,2889,2026-04-06,20
876,2889,2026-04-07,20
876,2889,2026-04-08,20
876,2889,2026-04-09,18
876,2889,2026-04-10,20
876,2889,2026-04-11,20
876,2889,2026-04-12,18
876,2889,2026-04-13,20
876,2889,2026-04-14,19
876,2889,2026-04-15,18
876,2889,2026-04-16,20
876,2889,2026-04-17,20
876,2890,2026-03-18,14
876,2890,2026-03-19,10
876,2890,2026-03-20,13
876,2890,2026-03-21,16
876,2890,2026-03-22,14
876,2890,2026-03-23,16
876,2890,2026-03-24,16
876,2890,2026-03-25,14
876,2890,2026-03-26,9
876,2890,2026-03-27,9
876,2890,2026-03-28,10
876,2890,2026-03-29,16
876,2890,2026-03-30,13
876,2890,2026-03-31,16
876,2890,2026-04-01,16
876,2890,2026-04-02,16
876,2890,2026-04-03,16
876,2890,2026-04-04,9
876,2890,2026-04-05,0
876,2890,2026-04-06,3
876,2890,2026-04-07,16
876,2890,2026-04-08,15
876,2890,2026-04-09,14
876,2890,2026-04-10,12
876,2890,2026-04-11,5
876,2890,2026-04-12,0
876,2890,2026-04-13,16
876,2890,2026-04-14,16
876,2890,2026-04-15,5
876,2890,2026-04-16,9
876,2890,2026-04-17,13
876,2891,2026-03-18,10
876,2891,2026-03-19,10
876,2891,2026-03-20,10
876,2891,2026-03-21,10
876,2891,2026-03-22,10
876,2891,2026-03-23,10
876,2891,2026-03-24,10
876,2891,2026-03-25,10
876,2891,2026-03-26,10
876,2891,2026-03-27,10
876,2891,2026-03-28,10
876,2891,2026-03-29,10
876,2891,2026-03-30,10
876,2891,2026-03-31,10
876,2891,2026-04-01,10
876,2891,2026-04-02,10
876,2891,2026-04-03,10
876,2891,2026-04-04,8
876,2891,2026-04-05,10
876,2891,2026-04-06,10
876,2891,2026-04-07,10
876,2891,2026-04-08,10
876,2891,2026-04-09,10
876,2891,2026-04-10,10
876,2891,2026-04-11,10
876,2891,2026-04-12,10
876,2891,2026-04-13,8
876,2891,2026-04-14,10
876,2891,2026-04-15,10
876,2891,2026-04-16,10
876,2891,2026-04-17,10
876,2892,2026-03-18,2
876,2892,2026-03-19,6
876,2892,2026-03-20,4
876,2892,2026-03-21,4
876,2892,2026-03-22,8
876,2892,2026-03-23,4
876,2892,2026-03-24,6
876,2892,2026-03-25,8
876,2892,2026-03-26,6
876,2892,2026-03-27,8
876,2892,2026-03-28,6
876,2892,2026-03-29,7
876,2892,2026-03-30,8
876,2892,2026-03-31,5
876,2892,2026-04-01,6
876,2892,2026-04-02,8
876,2892,2026-04-03,1
876,2892,2026-04-04,8
876,2892,2026-04-05,7
876,2892,2026-04-06,0
876,2892,2026-04-07,5
876,2892,2026-04-08,8
876,2892,2026-04-09,5
876,2892,2026-04-10,6
876,2892,2026-04-11,3
876,2892,2026-04-12,4
876,2892,2026-04-13,6
876,2892,2026-04-14,5
876,2892,2026-04-15,3
876,2892,2026-04-16,8
876,2892,2026-04-17,1
876,2893,2026-03-18,38
876,2893,2026-03-19,35
876,2893,2026-03-20,37
876,2893,2026-03-21,39
876,2893,2026-03-22,33
876,2893,2026-03-23,38
876,2893,2026-03-24,39
876,2893,2026-03-25,37
876,2893,2026-03-26,38
876,2893,2026-03-27,40
876,2893,2026-03-28,36
876,2893,2026-03-29,31
876,2893,2026-03-30,35
876,2893,2026-03-31,40
876,2893,2026-04-01,38
876,2893,2026-04-02,38
876,2893,2026-04-03,37
876,2893,2026-04-04,37
876,2893,2026-04-05,25
876,2893,2026-04-06,33
876,2893,2026-04-07,40
876,2893,2026-04-08,33
876,2893,2026-04-09,37
876,2893,2026-04-10,40
876,2893,2026-04-11,40
876,2893,2026-04-12,35
876,2893,2026-04-13,40
876,2893,2026-04-14,40
876,2893,2026-04-15,40
876,2893,2026-04-16,40
876,2893,2026-04-17,39
876,2894,2026-03-18,1
876,2894,2026-03-19,4
876,2894,2026-03-20,1
876,2894,2026-03-21,0
876,2894,2026-03-22,0
876,2894,2026-03-23,8
876,2894,2026-03-24,2
876,2894,2026-03-25,12
876,2894,2026-03-26,0
876,2894,2026-03-27,4
876,2894,2026-03-28,12
876,2894,2026-03-29,0
876,2894,2026-03-30,0
876,2894,2026-03-31,11
876,2894,2026-04-01,4
876,2894,2026-04-02,0
876,2894,2026-04-03,1
876,2894,2026-04-04,2
876,2894,2026-04-05,0
876,2894,2026-04-06,13
876,2894,2026-04-07,13
876,2894,2026-04-08,6
876,2894,2026-04-09,0
876,2894,2026-04-10,4
876,2894,2026-04-11,2
876,2894,2026-04-12,10
876,2894,2026-04-13,3
876,2894,2026-04-14,4
876,2894,2026-04-15,3
876,2894,2026-04-16,0
876,2894,2026-04-17,9
876,2895,2026-03-18,3
876,2895,2026-03-19,7
876,2895,2026-03-20,8
876,2895,2026-03-21,5
876,2895,2026-03-22,3
876,2895,2026-03-23,4
876,2895,2026-03-24,5
876,2895,2026-03-25,9
876,2895,2026-03-26,10
876,2895,2026-03-27,4
876,2895,2026-03-28,5
876,2895,2026-03-29,7
876,2895,2026-03-30,10
876,2895,2026-03-31,9
876,2895,2026-04-01,10
876,2895,2026-04-02,6
876,2895,2026-04-03,3
876,2895,2026-04-04,2
876,2895,2026-04-05,1
876,2895,2026-04-06,10
876,2895,2026-04-07,1
876,2895,2026-04-08,10
876,2895,2026-04-09,6
876,2895,2026-04-10,1
876,2895,2026-04-11,5
876,2895,2026-04-12,6
876,2895,2026-04-13,10
876,2895,2026-04-14,4
876,2895,2026-04-15,10
876,2895,2026-04-16,10
876,2895,2026-04-17,10
876,2896,2026-03-18,1
876,2896,2026-03-19,1
876,2896,2026-03-20,4
876,2896,2026-03-21,0
876,2896,2026-03-22,0
876,2896,2026-03-23,0
876,2896,2026-03-24,5
876,2896,2026-03-25,1
876,2896,2026-03-26,0
876,2896,2026-03-27,0
876,2896,2026-03-28,2
876,2896,2026-03-29,0
876,2896,2026-03-30,11
876,2896,2026-03-31,0
876,2896,2026-04-01,0
876,2896,2026-04-02,0
876,2896,2026-04-03,0
876,2896,2026-04-04,0
876,2896,2026-04-05,1
876,2896,2026-04-06,6
876,2896,2026-04-07,0
876,2896,2026-04-08,5
876,2896,2026-04-09,0
876,2896,2026-04-10,0
876,2896,2026-04-11,0
876,2896,2026-04-12,2
876,2896,2026-04-13,4
876,2896,2026-04-14,0
876,2896,2026-04-15,4
876,2896,2026-04-16,0
876,2896,2026-04-17,1
876,2897,2026-03-18,10
876,2897,2026-03-19,10
876,2897,2026-03-20,10
876,2897,2026-03-21,10
876,2897,2026-03-22,10
876,2897,2026-03-23,10
876,2897,2026-03-24,10
876,2897,2026-03-25,10
876,2897,2026-03-26,10
876,2897,2026-03-27,10
876,2897,2026-03-28,10
876,2897,2026-03-29,10
876,2897,2026-03-30,10
876,2897,2026-03-31,10
876,2897,2026-04-01,10
876,2897,2026-04-02,10
876,2897,2026-04-03,8
876,2897,2026-04-04,10
876,2897,2026-04-05,10
876,2897,2026-04-06,10
876,2897,2026-04-07,10
876,2897,2026-04-08,10
876,2897,2026-04-09,10
876,2897,2026-04-10,10
876,2897,2026-04-11,10
876,2897,2026-04-12,10
876,2897,2026-04-13,10
876,2897,2026-04-14,10
876,2897,2026-04-15,10
876,2897,2026-04-16,10
876,2897,2026-04-17,10
876,2898,2026-03-18,7
876,2898,2026-03-19,4
876,2898,2026-03-20,8
876,2898,2026-03-21,4
876,2898,2026-03-22,10
876,2898,2026-03-23,4
876,2898,2026-03-24,8
876,2898,2026-03-25,10
876,2898,2026-03-26,1
876,2898,2026-03-27,10
876,2898,2026-03-28,8
876,2898,2026-03-29,10
876,2898,2026-03-30,10
876,2898,2026-03-31,10
876,2898,2026-04-01,7
876,2898,2026-04-02,7
876,2898,2026-04-03,0
876,2898,2026-04-04,6
876,2898,2026-04-05,10
876,2898,2026-04-06,0
876,2898,2026-04-07,10
876,2898,2026-04-08,8
876,2898,2026-04-09,7
876,2898,2026-04-10,5
876,2898,2026-04-11,10
876,2898,2026-04-12,7
876,2898,2026-04-13,7
876,2898,2026-04-14,10
876,2898,2026-04-15,10
876,2898,2026-04-16,8
876,2898,2026-04-17,10
876,2899,2026-03-18,10
876,2899,2026-03-19,8
876,2899,2026-03-20,10
876,2899,2026-03-21,10
876,2899,2026-03-22,10
876,2899,2026-03-23,8
876,2899,2026-03-24,10
876,2899,2026-03-25,10
876,2899,2026-03-26,9
876,2899,2026-03-27,7
876,2899,2026-03-28,10
876,2899,2026-03-29,10
876,2899,2026-03-30,10
876,2899,2026-03-31,10
876,2899,2026-04-01,9
876,2899,2026-04-02,9
876,2899,2026-04-03,10
876,2899,2026-04-04,4
876,2899,2026-04-05,8
876,2899,2026-04-06,10
876,2899,2026-04-07,8
876,2899,2026-04-08,10
876,2899,2026-04-09,10
876,2899,2026-04-10,10
876,2899,2026-04-11,10
876,2899,2026-04-12,10
876,2899,2026-04-13,10
876,2899,2026-04-14,10
876,2899,2026-04-15,10
876,2899,2026-04-16,10
876,2899,2026-04-17,8
876,2900,2026-03-18,0
876,2900,2026-03-19,16
876,2900,2026-03-20,10
876,2900,2026-03-21,7
876,2900,2026-03-22,4
876,2900,2026-03-23,8
876,2900,2026-03-24,9
876,2900,2026-03-25,8
876,2900,2026-03-26,11
876,2900,2026-03-27,2
876,2900,2026-03-28,1
876,2900,2026-03-29,16
876,2900,2026-03-30,10
876,2900,2026-03-31,8
876,2900,2026-04-01,4
876,2900,2026-04-02,8
876,2900,2026-04-03,15
876,2900,2026-04-04,7
876,2900,2026-04-05,16
876,2900,2026-04-06,5
876,2900,2026-04-07,7
876,2900,2026-04-08,4
876,2900,2026-04-09,8
876,2900,2026-04-10,3
876,2900,2026-04-11,1
876,2900,2026-04-12,3
876,2900,2026-04-13,1
876,2900,2026-04-14,0
876,2900,2026-04-15,5
876,2900,2026-04-16,8
876,2900,2026-04-17,6
876,2901,2026-03-18,13
876,2901,2026-03-19,20
876,2901,2026-03-20,20
876,2901,2026-03-21,20
876,2901,2026-03-22,20
876,2901,2026-03-23,19
876,2901,2026-03-24,20
876,2901,2026-03-25,20
876,2901,2026-03-26,18
876,2901,2026-03-27,20
876,2901,2026-03-28,20
876,2901,2026-03-29,20
876,2901,2026-03-30,20
876,2901,2026-03-31,20
876,2901,2026-04-01,20
876,2901,2026-04-02,20
876,2901,2026-04-03,20
876,2901,2026-04-04,19
876,2901,2026-04-05,20
876,2901,2026-04-06,20
876,2901,2026-04-07,20
876,2901,2026-04-08,20
876,2901,2026-04-09,20
876,2901,2026-04-10,20
876,2901,2026-04-11,20
876,2901,2026-04-12,20
876,2901,2026-04-13,20
876,2901,2026-04-14,20
876,2901,2026-04-15,20
876,2901,2026-04-16,20
876,2901,2026-04-17,20
876,2902,2026-03-18,14
876,2902,2026-03-19,5
876,2902,2026-03-20,4
876,2902,2026-03-21,2
876,2902,2026-03-22,0
876,2902,2026-03-23,3
876,2902,2026-03-24,0
876,2902,2026-03-25,1
876,2902,2026-03-26,0
876,2902,2026-03-27,0
876,2902,2026-03-28,0
876,2902,2026-03-29,10
876,2902,2026-03-30,0
876,2902,2026-03-31,3
876,2902,2026-04-01,6
876,2902,2026-04-02,0
876,2902,2026-04-03,0
876,2902,2026-04-04,0
876,2902,2026-04-05,0
876,2902,2026-04-06,0
876,2902,2026-04-07,1
876,2902,2026-04-08,0
876,2902,2026-04-09,6
876,2902,2026-04-10,7
876,2902,2026-04-11,0
876,2902,2026-04-12,0
876,2902,2026-04-13,0
876,2902,2026-04-14,4
876,2902,2026-04-15,1
876,2902,2026-04-16,1
876,2902,2026-04-17,1
876,2888,2026-05-17,10
876,2888,2026-05-18,10
876,2888,2026-05-19,10
876,2888,2026-05-20,10
876,2888,2026-05-21,10
876,2888,2026-05-22,10
876,2888,2026-05-23,10
876,2888,2026-05-24,10
876,2888,2026-05-25,10
876,2888,2026-05-26,10
876,2888,2026-05-27,10
876,2888,2026-05-28,10
876,2888,2026-05-29,10
876,2888,2026-05-30,10
876,2888,2026-05-31,10
876,2888,2026-06-01,10
876,2888,2026-06-02,10
876,2888,2026-06-03,10
876,2888,2026-06-04,10
876,2888,2026-06-05,10
876,2888,2026-06-06,10
876,2888,2026-06-07,10
876,2888,2026-06-08,10
876,2888,2026-06-09,10
876,2888,2026-06-10,10
876,2888,2026-06-11,10
876,2888,2026-06-12,10
876,2888,2026-06-13,10
876,2888,2026-06-14,10
876,2888,2026-06-15,10
876,2888,2026-06-16,10
876,2889,2026-05-17,20
876,2889,2026-05-18,20
876,2889,2026-05-19,20
876,2889,2026-05-20,20
876,2889,2026-05-21,20
876,2889,2026-05-22,20
876,2889,2026-05-23,20
876,2889,2026-05-24,20
876,2889,2026-05-25,20
876,2889,2026-05-26,20
876,2889,2026-05-27,20
876,2889,2026-05-28,20
876,2889,2026-05-29,20
876,2889,2026-05-30,20
876,2889,2026-05-31,20
876,2889,2026-06-01,20
876,2889,2026-06-02,20
876,2889,2026-06-03,20
876,2889,2026-06-04,20
876,2889,2026-06-05,20
876,2889,2026-06-06,20
876,2889,2026-06-07,20
876,2889,2026-06-08,20
876,2889,2026-06-09,20
876,2889,2026-06-10,20
876,2889,2026-06-11,20
876,2889,2026-06-12,20
876,2889,2026-06-13,20
876,2889,2026-06-14,20
876,2889,2026-06-15,20
876,2889,2026-06-16,20
876,2890,2026-05-17,16
876,2890,2026-05-18,16
876,2890,2026-05-19,16
876,2890,2026-05-20,16
876,2890,2026-05-21,16
876,2890,2026-05-22,16
876,2890,2026-05-23,16
876,2890,2026-05-24,16
876,2890,2026-05-25,16
876,2890,2026-05-26,16
876,2890,2026-05-27,16
876,2890,2026-05-28,15
876,2890,2026-05-29,16
876,2890,2026-05-30,16
876,2890,2026-05-31,16
876,2890,2026-06-01,16
876,2890,2026-06-02,16
876,2890,2026-06-03,16
876,2890,2026-06-04,16
876,2890,2026-06-05,16
876,2890,2026-06-06,16
876,2890,2026-06-07,16
876,2890,2026-06-08,16
876,2890,2026-06-09,16
876,2890,2026-06-10,16
876,2890,2026-06-11,16
876,2890,2026-06-12,16
876,2890,2026-06-13,16
876,2890,2026-06-14,16
876,2890,2026-06-15,16
876,2890,2026-06-16,16
876,2891,2026-05-17,10
876,2891,2026-05-18,10
876,2891,2026-05-19,10
876,2891,2026-05-20,10
876,2891,2026-05-21,10
876,2891,2026-05-22,10
876,2891,2026-05-23,10
876,2891,2026-05-24,10
876,2891,2026-05-25,10
876,2891,2026-05-26,10
876,2891,2026-05-27,10
876,2891,2026-05-28,10
876,2891,2026-05-29,10
876,2891,2026-05-30,10
876,2891,2026-05-31,10
876,2891,2026-06-01,10
876,2891,2026-06-02,10
876,2891,2026-06-03,10
876,2891,2026-06-04,10
876,2891,2026-06-05,10
876,2891,2026-06-06,10
876,2891,2026-06-07,10
876,2891,2026-06-08,10
876,2891,2026-06-09,10
876,2891,2026-06-10,10
876,2891,2026-06-11,10
876,2891,2026-06-12,10
876,2891,2026-06-13,10
876,2891,2026-06-14,10
876,2891,2026-06-15,10
876,2891,2026-06-16,10
876,2892,2026-05-17,8
876,2892,2026-05-18,8
876,2892,2026-05-19,8
876,2892,2026-05-20,8
876,2892,2026-05-21,8
876,2892,2026-05-22,8
876,2892,2026-05-23,8
876,2892,2026-05-24,8
876,2892,2026-05-25,8
876,2892,2026-05-26,8
876,2892,2026-05-27,8
876,2892,2026-05-28,8
876,2892,2026-05-29,8
876,2892,2026-05-30,7
876,2892,2026-05-31,8
876,2892,2026-06-01,8
876,2892,2026-06-02,8
876,2892,2026-06-03,8
876,2892,2026-06-04,8
876,2892,2026-06-05,8
876,2892,2026-06-06,8
876,2892,2026-06-07,8
876,2892,2026-06-08,8
876,2892,2026-06-09,8
876,2892,2026-06-10,8
876,2892,2026-06-11,8
876,2892,2026-06-12,8
876,2892,2026-06-13,8
876,2892,2026-06-14,8
876,2892,2026-06-15,8
876,2892,2026-06-16,8
876,2893,2026-05-17,40
876,2893,2026-05-18,40
876,2893,2026-05-19,40
876,2893,2026-05-20,40
876,2893,2026-05-21,40
876,2893,2026-05-22,40
876,2893,2026-05-23,40
876,2893,2026-05-24,40
876,2893,2026-05-25,40
876,2893,2026-05-26,40
876,2893,2026-05-27,40
876,2893,2026-05-28,40
876,2893,2026-05-29,40
876,2893,2026-05-30,40
876,2893,2026-05-31,40
876,2893,2026-06-01,40
876,2893,2026-06-02,40
876,2893,2026-06-03,40
876,2893,2026-06-04,40
876,2893,2026-06-05,40
876,2893,2026-06-06,40
876,2893,2026-06-07,40
876,2893,2026-06-08,40
876,2893,2026-06-09,40
876,2893,2026-06-10,40
876,2893,2026-06-11,40
876,2893,2026-06-12,40
876,2893,2026-06-13,40
876,2893,2026-06-14,40
876,2893,2026-06-15,40
876,2893,2026-06-16,40
876,2894,2026-05-17,32
876,2894,2026-05-18,32
876,2894,2026-05-19,32
876,2894,2026-05-20,32
876,2894,2026-05-21,32
876,2894,2026-05-22,32
876,2894,2026-05-23,32
876,2894,2026-05-24,30
876,2894,2026-05-25,32
876,2894,2026-05-26,32
876,2894,2026-05-27,30
876,2894,2026-05-28,32
876,2894,2026-05-29,30
876,2894,2026-05-30,32
876,2894,2026-05-31,26
876,2894,2026-06-01,28
876,2894,2026-06-02,31
876,2894,2026-06-03,32
876,2894,2026-06-04,32
876,2894,2026-06-05,32
876,2894,2026-06-06,32
876,2894,2026-06-07,29
876,2894,2026-06-08,32
876,2894,2026-06-09,31
876,2894,2026-06-10,32
876,2894,2026-06-11,32
876,2894,2026-06-12,32
876,2894,2026-06-13,23
876,2894,2026-06-14,32
876,2894,2026-06-15,32
876,2894,2026-06-16,32
876,2895,2026-05-17,10
876,2895,2026-05-18,10
876,2895,2026-05-19,10
876,2895,2026-05-20,10
876,2895,2026-05-21,10
876,2895,2026-05-22,10
876,2895,2026-05-23,10
876,2895,2026-05-24,10
876,2895,2026-05-25,10
876,2895,2026-05-26,10
876,2895,2026-05-27,10
876,2895,2026-05-28,10
876,2895,2026-05-29,10
876,2895,2026-05-30,10
876,2895,2026-05-31,10
876,2895,2026-06-01,10
876,2895,2026-06-02,10
876,2895,2026-06-03,10
876,2895,2026-06-04,10
876,2895,2026-06-05,10
876,2895,2026-06-06,10
876,2895,2026-06-07,10
876,2895,2026-06-08,10
876,2895,2026-06-09,10
876,2895,2026-06-10,10
876,2895,2026-06-11,10
876,2895,2026-06-12,10
876,2895,2026-06-13,10
876,2895,2026-06-14,10
876,2895,2026-06-15,10
876,2895,2026-06-16,10
876,2896,2026-05-17,28
876,2896,2026-05-18,28
876,2896,2026-05-19,28
876,2896,2026-05-20,28
876,2896,2026-05-21,28
876,2896,2026-05-22,28
876,2896,2026-05-23,26
876,2896,2026-05-24,28
876,2896,2026-05-25,28
876,2896,2026-05-26,26
876,2896,2026-05-27,28
876,2896,2026-05-28,26
876,2896,2026-05-29,28
876,2896,2026-05-30,22
876,2896,2026-05-31,24
876,2896,2026-06-01,27
876,2896,2026-06-02,28
876,2896,2026-06-03,28
876,2896,2026-06-04,28
876,2896,2026-06-05,28
876,2896,2026-06-06,28
876,2896,2026-06-07,28
876,2896,2026-06-08,25
876,2896,2026-06-09,28
876,2896,2026-06-10,28
876,2896,2026-06-11,28
876,2896,2026-06-12,28
876,2896,2026-06-13,28
876,2896,2026-06-14,19
876,2896,2026-06-15,28
876,2896,2026-06-16,28
876,2897,2026-05-17,10
876,2897,2026-05-18,10
876,2897,2026-05-19,10
876,2897,2026-05-20,10
876,2897,2026-05-21,10
876,2897,2026-05-22,10
876,2897,2026-05-23,10
876,2897,2026-05-24,10
876,2897,2026-05-25,10
876,2897,2026-05-26,10
876,2897,2026-05-27,10
876,2897,2026-05-28,10
876,2897,2026-05-29,10
876,2897,2026-05-30,10
876,2897,2026-05-31,10
876,2897,2026-06-01,10
876,2897,2026-06-02,10
876,2897,2026-06-03,10
876,2897,2026-06-04,10
876,2897,2026-06-05,10
876,2897,2026-06-06,10
876,2897,2026-06-07,10
876,2897,2026-06-08,10
876,2897,2026-06-09,10
876,2897,2026-06-10,10
876,2897,2026-06-11,10
876,2897,2026-06-12,10
876,2897,2026-06-13,10
876,2897,2026-06-14,10
876,2897,2026-06-15,10
876,2897,2026-06-16,10
876,2898,2026-05-17,10
876,2898,2026-05-18,10
876,2898,2026-05-19,10
876,2898,2026-05-20,10
876,2898,2026-05-21,10
876,2898,2026-05-22,10
876,2898,2026-05-23,10
876,2898,2026-05-24,10
876,2898,2026-05-25,10
876,2898,2026-05-26,10
876,2898,2026-05-27,10
876,2898,2026-05-28,10
876,2898,2026-05-29,10
876,2898,2026-05-30,10
876,2898,2026-05-31,10
876,2898,2026-06-01,10
876,2898,2026-06-02,10
876,2898,2026-06-03,10
876,2898,2026-06-04,10
876,2898,2026-06-05,10
876,2898,2026-06-06,10
876,2898,2026-06-07,10
876,2898,2026-06-08,10
876,2898,2026-06-09,10
876,2898,2026-06-10,10
876,2898,2026-06-11,10
876,2898,2026-06-12,10
876,2898,2026-06-13,10
876,2898,2026-06-14,10
876,2898,2026-06-15,10
876,2898,2026-06-16,10
876,2899,2026-05-17,10
876,2899,2026-05-18,10
876,2899,2026-05-19,10
876,2899,2026-05-20,10
876,2899,2026-05-21,10
876,2899,2026-05-22,10
876,2899,2026-05-23,10
876,2899,2026-05-24,10
876,2899,2026-05-25,10
876,2899,2026-05-26,10
876,2899,2026-05-27,10
876,2899,2026-05-28,10
876,2899,2026-05-29,10
876,2899,2026-05-30,10
876,2899,2026-05-31,10
876,2899,2026-06-01,10
876,2899,2026-06-02,10
876,2899,2026-06-03,10
876,2899,2026-06-04,10
876,2899,2026-06-05,10
876,2899,2026-06-06,10
876,2899,2026-06-07,10
876,2899,2026-06-08,10
876,2899,2026-06-09,10
876,2899,2026-06-10,10
876,2899,2026-06-11,10
876,2899,2026-06-12,10
876,2899,2026-06-13,10
876,2899,2026-06-14,10
876,2899,2026-06-15,10
876,2899,2026-06-16,10
876,2900,2026-05-17,16
876,2900,2026-05-18,16
876,2900,2026-05-19,16
876,2900,2026-05-20,16
876,2900,2026-05-21,16
876,2900,2026-05-22,16
876,2900,2026-05-23,12
876,2900,2026-05-24,16
876,2900,2026-05-25,16
876,2900,2026-05-26,16
876,2900,2026-05-27,14
876,2900,2026-05-28,16
876,2900,2026-05-29,16
876,2900,2026-05-30,16
876,2900,2026-05-31,15
876,2900,2026-06-01,16
876,2900,2026-06-02,16
876,2900,2026-06-03,16
876,2900,2026-06-04,16
876,2900,2026-06-05,16
876,2900,2026-06-06,16
876,2900,2026-06-07,16
876,2900,2026-06-08,16
876,2900,2026-06-09,14
876,2900,2026-06-10,16
876,2900,2026-06-11,16
876,2900,2026-06-12,16
876,2900,2026-06-13,16
876,2900,2026-06-14,16
876,2900,2026-06-15,16
876,2900,2026-06-16,16
876,2901,2026-05-17,20
876,2901,2026-05-18,20
876,2901,2026-05-19,20
876,2901,2026-05-20,20
876,2901,2026-05-21,20
876,2901,2026-05-22,20
876,2901,2026-05-23,20
876,2901,2026-05-24,20
876,2901,2026-05-25,20
876,2901,2026-05-26,20
876,2901,2026-05-27,20
876,2901,2026-05-28,20
876,2901,2026-05-29,20
876,2901,2026-05-30,20
876,2901,2026-05-31,20
876,2901,2026-06-01,20
876,2901,2026-06-02,20
876,2901,2026-06-03,20
876,2901,2026-06-04,20
876,2901,2026-06-05,20
876,2901,2026-06-06,20
876,2901,2026-06-07,20
876,2901,2026-06-08,20
876,2901,2026-06-09,20
876,2901,2026-06-10,20
876,2901,2026-06-11,20
876,2901,2026-06-12,20
876,2901,2026-06-13,20
876,2901,2026-06-14,20
876,2901,2026-06-15,20
876,2901,2026-06-16,20
876,2902,2026-05-17,28
876,2902,2026-05-18,28
876,2902,2026-05-19,28
876,2902,2026-05-20,28
876,2902,2026-05-21,28
876,2902,2026-05-22,26
876,2902,2026-05-23,28
876,2902,2026-05-24,28
876,2902,2026-05-25,26
876,2902,2026-05-26,26
876,2902,2026-05-27,28
876,2902,2026-05-28,28
876,2902,2026-05-29,21
876,2902,2026-05-30,20
876,2902,2026-05-31,28
876,2902,2026-06-01,28
876,2902,2026-06-02,28
876,2902,2026-06-03,28
876,2902,2026-06-04,28
876,2902,2026-06-05,28
876,2902,2026-06-06,27
876,2902,2026-06-07,27
876,2902,2026-06-08,28
876,2902,2026-06-09,28
876,2902,2026-06-10,26
876,2902,2026-06-11,28
876,2902,2026-06-12,28
876,2902,2026-06-13,28
876,2902,2026-06-14,28
876,2902,2026-06-15,19
876,2902,2026-06-16,28
876,2888,2026-06-16,10
876,2888,2026-06-17,10
876,2888,2026-06-18,10
876,2888,2026-06-19,10
876,2888,2026-06-20,10
876,2888,2026-06-21,10
876,2888,2026-06-22,10
876,2888,2026-06-23,10
876,2888,2026-06-24,10
876,2888,2026-06-25,10
876,2888,2026-06-26,10
876,2888,2026-06-27,10
876,2888,2026-06-28,10
876,2888,2026-06-29,10
876,2888,2026-06-30,10
876,2888,2026-07-01,0
876,2888,2026-07-02,0
876,2888,2026-07-03,0
876,2888,2026-07-04,0
876,2888,2026-07-05,0
876,2888,2026-07-06,0
876,2888,2026-07-07,0
876,2888,2026-07-08,0
876,2888,2026-07-09,0
876,2888,2026-07-10,0
876,2888,2026-07-11,0
876,2888,2026-07-12,0
876,2888,2026-07-13,0
876,2888,2026-07-14,0
876,2888,2026-07-15,0
876,2888,2026-07-16,0
876,2889,2026-06-16,20
876,2889,2026-06-17,20
876,2889,2026-06-18,20
876,2889,2026-06-19,20
876,2889,2026-06-20,20
876,2889,2026-06-21,20
876,2889,2026-06-22,20
876,2889,2026-06-23,20
876,2889,2026-06-24,20
876,2889,2026-06-25,20
876,2889,2026-06-26,20
876,2889,2026-06-27,20
876,2889,2026-06-28,20
876,2889,2026-06-29,20
876,2889,2026-06-30,20
876,2889,2026-07-01,0
876,2889,2026-07-02,0
876,2889,2026-07-03,0
876,2889,2026-07-04,0
876,2889,2026-07-05,0
876,2889,2026-07-06,0
876,2889,2026-07-07,0
876,2889,2026-07-08,0
876,2889,2026-07-09,0
876,2889,2026-07-10,0
876,2889,2026-07-11,0
876,2889,2026-07-12,0
876,2889,2026-07-13,0
876,2889,2026-07-14,0
876,2889,2026-07-15,0
876,2889,2026-07-16,0
876,2890,2026-06-16,16
876,2890,2026-06-17,16
876,2890,2026-06-18,16
876,2890,2026-06-19,16
876,2890,2026-06-20,16
876,2890,2026-06-21,16
876,2890,2026-06-22,16
876,2890,2026-06-23,16
876,2890,2026-06-24,16
876,2890,2026-06-25,16
876,2890,2026-06-26,16
876,2890,2026-06-27,11
876,2890,2026-06-28,16
876,2890,2026-06-29,16
876,2890,2026-06-30,16
876,2890,2026-07-01,0
876,2890,2026-07-02,0
876,2890,2026-07-03,0
876,2890,2026-07-04,0
876,2890,2026-07-05,0
876,2890,2026-07-06,0
876,2890,2026-07-07,0
876,2890,2026-07-08,0
876,2890,2026-07-09,0
876,2890,2026-07-10,0
876,2890,2026-07-11,0
876,2890,2026-07-12,0
876,2890,2026-07-13,0
876,2890,2026-07-14,0
876,2890,2026-07-15,0
876,2890,2026-07-16,0
876,2891,2026-06-16,10
876,2891,2026-06-17,10
876,2891,2026-06-18,10
876,2891,2026-06-19,10
876,2891,2026-06-20,10
876,2891,2026-06-21,10
876,2891,2026-06-22,10
876,2891,2026-06-23,10
876,2891,2026-06-24,10
876,2891,2026-06-25,10
876,2891,2026-06-26,10
876,2891,2026-06-27,10
876,2891,2026-06-28,10
876,2891,2026-06-29,10
876,2891,2026-06-30,10
876,2891,2026-07-01,0
876,2891,2026-07-02,0
876,2891,2026-07-03,0
876,2891,2026-07-04,0
876,2891,2026-07-05,0
876,2891,2026-07-06,0
876,2891,2026-07-07,0
876,2891,2026-07-08,0
876,2891,2026-07-09,0
876,2891,2026-07-10,0
876,2891,2026-07-11,0
876,2891,2026-07-12,0
876,2891,2026-07-13,0
876,2891,2026-07-14,0
876,2891,2026-07-15,0
876,2891,2026-07-16,0
876,2892,2026-06-16,8
876,2892,2026-06-17,8
876,2892,2026-06-18,8
876,2892,2026-06-19,8
876,2892,2026-06-20,8
876,2892,2026-06-21,8
876,2892,2026-06-22,8
876,2892,2026-06-23,8
876,2892,2026-06-24,8
876,2892,2026-06-25,8
876,2892,2026-06-26,8
876,2892,2026-06-27,8
876,2892,2026-06-28,8
876,2892,2026-06-29,8
876,2892,2026-06-30,8
876,2892,2026-07-01,0
876,2892,2026-07-02,0
876,2892,2026-07-03,0
876,2892,2026-07-04,0
876,2892,2026-07-05,0
876,2892,2026-07-06,0
876,2892,2026-07-07,0
876,2892,2026-07-08,0
876,2892,2026-07-09,0
876,2892,2026-07-10,0
876,2892,2026-07-11,0
876,2892,2026-07-12,0
876,2892,2026-07-13,0
876,2892,2026-07-14,0
876,2892,2026-07-15,0
876,2892,2026-07-16,0
876,2893,2026-06-16,40
876,2893,2026-06-17,40
876,2893,2026-06-18,40
876,2893,2026-06-19,40
876,2893,2026-06-20,40
876,2893,2026-06-21,40
876,2893,2026-06-22,39
876,2893,2026-06-23,40
876,2893,2026-06-24,40
876,2893,2026-06-25,40
876,2893,2026-06-26,40
876,2893,2026-06-27,40
876,2893,2026-06-28,40
876,2893,2026-06-29,40
876,2893,2026-06-30,40
876,2893,2026-07-01,0
876,2893,2026-07-02,0
876,2893,2026-07-03,0
876,2893,2026-07-04,0
876,2893,2026-07-05,0
876,2893,2026-07-06,0
876,2893,2026-07-07,0
876,2893,2026-07-08,0
876,2893,2026-07-09,0
876,2893,2026-07-10,0
876,2893,2026-07-11,0
876,2893,2026-07-12,0
876,2893,2026-07-13,0
876,2893,2026-07-14,0
876,2893,2026-07-15,0
876,2893,2026-07-16,0
876,2894,2026-06-16,32
876,2894,2026-06-17,32
876,2894,2026-06-18,32
876,2894,2026-06-19,32
876,2894,2026-06-20,32
876,2894,2026-06-21,32
876,2894,2026-06-22,32
876,2894,2026-06-23,27
876,2894,2026-06-24,32
876,2894,2026-06-25,32
876,2894,2026-06-26,32
876,2894,2026-06-27,32
876,2894,2026-06-28,32
876,2894,2026-06-29,28
876,2894,2026-06-30,32
876,2894,2026-07-01,0
876,2894,2026-07-02,0
876,2894,2026-07-03,0
876,2894,2026-07-04,0
876,2894,2026-07-05,0
876,2894,2026-07-06,0
876,2894,2026-07-07,0
876,2894,2026-07-08,0
876,2894,2026-07-09,0
876,2894,2026-07-10,0
876,2894,2026-07-11,0
876,2894,2026-07-12,0
876,2894,2026-07-13,0
876,2894,2026-07-14,0
876,2894,2026-07-15,0
876,2894,2026-07-16,0
876,2895,2026-06-16,10
876,2895,2026-06-17,10
876,2895,2026-06-18,10
876,2895,2026-06-19,10
876,2895,2026-06-20,10
876,2895,2026-06-21,10
876,2895,2026-06-22,10
876,2895,2026-06-23,10
876,2895,2026-06-24,7
876,2895,2026-06-25,10
876,2895,2026-06-26,10
876,2895,2026-06-27,10
876,2895,2026-06-28,10
876,2895,2026-06-29,10
876,2895,2026-06-30,10
876,2895,2026-07-01,0
876,2895,2026-07-02,0
876,2895,2026-07-03,0
876,2895,2026-07-04,0
876,2895,2026-07-05,0
876,2895,2026-07-06,0
876,2895,2026-07-07,0
876,2895,2026-07-08,0
876,2895,2026-07-09,0
876,2895,2026-07-10,0
876,2895,2026-07-11,0
876,2895,2026-07-12,0
876,2895,2026-07-13,0
876,2895,2026-07-14,0
876,2895,2026-07-15,0
876,2895,2026-07-16,0
876,2896,2026-06-16,28
876,2896,2026-06-17,28
876,2896,2026-06-18,28
876,2896,2026-06-19,28
876,2896,2026-06-20,28
876,2896,2026-06-21,27
876,2896,2026-06-22,28
876,2896,2026-06-23,28
876,2896,2026-06-24,26
876,2896,2026-06-25,28
876,2896,2026-06-26,28
876,2896,2026-06-27,28
876,2896,2026-06-28,24
876,2896,2026-06-29,28
876,2896,2026-06-30,28
876,2896,2026-07-01,0
876,2896,2026-07-02,0
876,2896,2026-07-03,0
876,2896,2026-07-04,0
876,2896,2026-07-05,0
876,2896,2026-07-06,0
876,2896,2026-07-07,0
876,2896,2026-07-08,0
876,2896,2026-07-09,0
876,2896,2026-07-10,0
876,2896,2026-07-11,0
876,2896,2026-07-12,0
876,2896,2026-07-13,0
876,2896,2026-07-14,0
876,2896,2026-07-15,0
876,2896,2026-07-16,0
876,2897,2026-06-16,10
876,2897,2026-06-17,10
876,2897,2026-06-18,10
876,2897,2026-06-19,10
876,2897,2026-06-20,10
876,2897,2026-06-21,10
876,2897,2026-06-22,10
876,2897,2026-06-23,10
876,2897,2026-06-24,10
876,2897,2026-06-25,10
876,2897,2026-06-26,10
876,2897,2026-06-27,10
876,2897,2026-06-28,10
876,2897,2026-06-29,10
876,2897,2026-06-30,10
876,2897,2026-07-01,0
876,2897,2026-07-02,0
876,2897,2026-07-03,0
876,2897,2026-07-04,0
876,2897,2026-07-05,0
876,2897,2026-07-06,0
876,2897,2026-07-07,0
876,2897,2026-07-08,0
876,2897,2026-07-09,0
876,2897,2026-07-10,0
876,2897,2026-07-11,0
876,2897,2026-07-12,0
876,2897,2026-07-13,0
876,2897,2026-07-14,0
876,2897,2026-07-15,0
876,2897,2026-07-16,0
876,2898,2026-06-16,10
876,2898,2026-06-17,10
876,2898,2026-06-18,10
876,2898,2026-06-19,10
876,2898,2026-06-20,9
876,2898,2026-06-21,10
876,2898,2026-06-22,10
876,2898,2026-06-23,10
876,2898,2026-06-24,10
876,2898,2026-06-25,10
876,2898,2026-06-26,10
876,2898,2026-06-27,10
876,2898,2026-06-28,10
876,2898,2026-06-29,10
876,2898,2026-06-30,10
876,2898,2026-07-01,0
876,2898,2026-07-02,0
876,2898,2026-07-03,0
876,2898,2026-07-04,0
876,2898,2026-07-05,0
876,2898,2026-07-06,0
876,2898,2026-07-07,0
876,2898,2026-07-08,0
876,2898,2026-07-09,0
876,2898,2026-07-10,0
876,2898,2026-07-11,0
876,2898,2026-07-12,0
876,2898,2026-07-13,0
876,2898,2026-07-14,0
876,2898,2026-07-15,0
876,2898,2026-07-16,0
876,2899,2026-06-16,10
876,2899,2026-06-17,10
876,2899,2026-06-18,10
876,2899,2026-06-19,10
876,2899,2026-06-20,10
876,2899,2026-06-21,10
876,2899,2026-06-22,10
876,2899,2026-06-23,10
876,2899,2026-06-24,10
876,2899,2026-06-25,10
876,2899,2026-06-26,10
876,2899,2026-06-27,10
876,2899,2026-06-28,10
876,2899,2026-06-29,10
876,2899,2026-06-30,10
876,2899,2026-07-01,0
876,2899,2026-07-02,0
876,2899,2026-07-03,0
876,2899,2026-07-04,0
876,2899,2026-07-05,0
876,2899,2026-07-06,0
876,2899,2026-07-07,0
876,2899,2026-07-08,0
876,2899,2026-07-09,0
876,2899,2026-07-10,0
876,2899,2026-07-11,0
876,2899,2026-07-12,0
876,2899,2026-07-13,0
876,2899,2026-07-14,0
876,2899,2026-07-15,0
876,2899,2026-07-16,0
876,2900,2026-06-16,16
876,2900,2026-06-17,16
876,2900,2026-06-18,16
876,2900,2026-06-19,16
876,2900,2026-06-20,16
876,2900,2026-06-21,16
876,2900,2026-06-22,16
876,2900,2026-06-23,16
876,2900,2026-06-24,16
876,2900,2026-06-25,14
876,2900,2026-06-26,16
876,2900,2026-06-27,16
876,2900,2026-06-28,16
876,2900,2026-06-29,16
876,2900,2026-06-30,16
876,2900,2026-07-01,0
876,2900,2026-07-02,0
876,2900,2026-07-03,0
876,2900,2026-07-04,0
876,2900,2026-07-05,0
876,2900,2026-07-06,0
876,2900,2026-07-07,0
876,2900,2026-07-08,0
876,2900,2026-07-09,0
876,2900,2026-07-10,0
876,2900,2026-07-11,0
876,2900,2026-07-12,0
876,2900,2026-07-13,0
876,2900,2026-07-14,0
876,2900,2026-07-15,0
876,2900,2026-07-16,0
876,2901,2026-06-16,20
876,2901,2026-06-17,20
876,2901,2026-06-18,20
876,2901,2026-06-19,20
876,2901,2026-06-20,20
876,2901,2026-06-21,20
876,2901,2026-06-22,20
876,2901,2026-06-23,19
876,2901,2026-06-24,20
876,2901,2026-06-25,20
876,2901,2026-06-26,20
876,2901,2026-06-27,20
876,2901,2026-06-28,20
876,2901,2026-06-29,20
876,2901,2026-06-30,20
876,2901,2026-07-01,0
876,2901,2026-07-02,0
876,2901,2026-07-03,0
876,2901,2026-07-04,0
876,2901,2026-07-05,0
876,2901,2026-07-06,0
876,2901,2026-07-07,0
876,2901,2026-07-08,0
876,2901,2026-07-09,0
876,2901,2026-07-10,0
876,2901,2026-07-11,0
876,2901,2026-07-12,0
876,2901,2026-07-13,0
876,2901,2026-07-14,0
876,2901,2026-07-15,0
876,2901,2026-07-16,0
876,2902,2026-06-16,28
876,2902,2026-06-17,28
876,2902,2026-06-18,28
876,2902,2026-06-19,28
876,2902,2026-06-20,28
876,2902,2026-06-21,28
876,2902,2026-06-22,28
876,2902,2026-06-23,28
876,2902,2026-06-24,28
876,2902,2026-06-25,28
876,2902,2026-06-26,23
876,2902,2026-06-27,24
876,2902,2026-06-28,28
876,2902,2026-06-29,28
876,2902,2026-06-30,28
876,2902,2026-07-01,0
876,2902,2026-07-02,0
876,2902,2026-07-03,0
876,2902,2026-07-04,0
876,2902,2026-07-05,0
876,2902,2026-07-06,0
876,2902,2026-07-07,0
876,2902,2026-07-08,0
876,2902,2026-07-09,0
876,2902,2026-07-10,0
876,2902,2026-07-11,0
876,2902,2026-07-12,0
876,2902,2026-07-13,0
876,2902,2026-07-14,0
876,2902,2026-07-15,0
876,2902,2026-07-16,0
876,2888,2026-04-17,10
876,2888,2026-04-18,10
876,2888,2026-04-19,10
876,2888,2026-04-20,10
876,2888,2026-04-21,10
876,2888,2026-04-22,10
876,2888,2026-04-23,10
876,2888,2026-04-24,10
876,2888,2026-04-25,10
876,2888,2026-04-26,10
876,2888,2026-04-27,8
876,2888,2026-04-28,10
876,2888,2026-04-29,10
876,2888,2026-04-30,10
876,2888,2026-05-01,10
876,2888,2026-05-02,10
876,2888,2026-05-03,10
876,2888,2026-05-04,10
876,2888,2026-05-05,10
876,2888,2026-05-06,10
876,2888,2026-05-07,10
876,2888,2026-05-08,10
876,2888,2026-05-09,10
876,2888,2026-05-10,10
876,2888,2026-05-11,10
876,2888,2026-05-12,10
876,2888,2026-05-13,10
876,2888,2026-05-14,10
876,2888,2026-05-15,10
876,2888,2026-05-16,10
876,2888,2026-05-17,10
876,2889,2026-04-17,20
876,2889,2026-04-18,20
876,2889,2026-04-19,20
876,2889,2026-04-20,20
876,2889,2026-04-21,20
876,2889,2026-04-22,20
876,2889,2026-04-23,20
876,2889,2026-04-24,20
876,2889,2026-04-25,20
876,2889,2026-04-26,20
876,2889,2026-04-27,20
876,2889,2026-04-28,20
876,2889,2026-04-29,20
876,2889,2026-04-30,20
876,2889,2026-05-01,20
876,2889,2026-05-02,20
876,2889,2026-05-03,20
876,2889,2026-05-04,20
876,2889,2026-05-05,20
876,2889,2026-05-06,20
876,2889,2026-05-07,20
876,2889,2026-05-08,20
876,2889,2026-05-09,20
876,2889,2026-05-10,20
876,2889,2026-05-11,20
876,2889,2026-05-12,20
876,2889,2026-05-13,20
876,2889,2026-05-14,20
876,2889,2026-05-15,20
876,2889,2026-05-16,20
876,2889,2026-05-17,20
876,2890,2026-04-17,13
876,2890,2026-04-18,12
876,2890,2026-04-19,11
876,2890,2026-04-20,8
876,2890,2026-04-21,6
876,2890,2026-04-22,16
876,2890,2026-04-23,13
876,2890,2026-04-24,6
876,2890,2026-04-25,12
876,2890,2026-04-26,16
876,2890,2026-04-27,15
876,2890,2026-04-28,11
876,2890,2026-04-29,16
876,2890,2026-04-30,16
876,2890,2026-05-01,12
876,2890,2026-05-02,16
876,2890,2026-05-03,16
876,2890,2026-05-04,16
876,2890,2026-05-05,15
876,2890,2026-05-06,16
876,2890,2026-05-07,16
876,2890,2026-05-08,16
876,2890,2026-05-09,16
876,2890,2026-05-10,16
876,2890,2026-05-11,16
876,2890,2026-05-12,16
876,2890,2026-05-13,16
876,2890,2026-05-14,16
876,2890,2026-05-15,16
876,2890,2026-05-16,16
876,2890,2026-05-17,16
876,2891,2026-04-17,10
876,2891,2026-04-18,10
876,2891,2026-04-19,10
876,2891,2026-04-20,10
876,2891,2026-04-21,10
876,2891,2026-04-22,10
876,2891,2026-04-23,10
876,2891,2026-04-24,10
876,2891,2026-04-25,10
876,2891,2026-04-26,10
876,2891,2026-04-27,10
876,2891,2026-04-28,8
876,2891,2026-04-29,10
876,2891,2026-04-30,10
876,2891,2026-05-01,10
876,2891,2026-05-02,10
876,2891,2026-05-03,10
876,2891,2026-05-04,10
876,2891,2026-05-05,10
876,2891,2026-05-06,10
876,2891,2026-05-07,10
876,2891,2026-05-08,10
876,2891,2026-05-09,10
876,2891,2026-05-10,10
876,2891,2026-05-11,10
876,2891,2026-05-12,10
876,2891,2026-05-13,10
876,2891,2026-05-14,10
876,2891,2026-05-15,10
876,2891,2026-05-16,10
876,2891,2026-05-17,10
876,2892,2026-04-17,1
876,2892,2026-04-18,8
876,2892,2026-04-19,8
876,2892,2026-04-20,4
876,2892,2026-04-21,2
876,2892,2026-04-22,8
876,2892,2026-04-23,6
876,2892,2026-04-24,3
876,2892,2026-04-25,6
876,2892,2026-04-26,8
876,2892,2026-04-27,0
876,2892,2026-04-28,4
876,2892,2026-04-29,6
876,2892,2026-04-30,8
876,2892,2026-05-01,7
876,2892,2026-05-02,8
876,2892,2026-05-03,8
876,2892,2026-05-04,8
876,2892,2026-05-05,8
876,2892,2026-05-06,8
876,2892,2026-05-07,8
876,2892,2026-05-08,8
876,2892,2026-05-09,5
876,2892,2026-05-10,8
876,2892,2026-05-11,8
876,2892,2026-05-12,8
876,2892,2026-05-13,8
876,2892,2026-05-14,8
876,2892,2026-05-15,5
876,2892,2026-05-16,0
876,2892,2026-05-17,8
876,2893,2026-04-17,39
876,2893,2026-04-18,40
876,2893,2026-04-19,38
876,2893,2026-04-20,39
876,2893,2026-04-21,40
876,2893,2026-04-22,40
876,2893,2026-04-23,40
876,2893,2026-04-24,40
876,2893,2026-04-25,40
876,2893,2026-04-26,35
876,2893,2026-04-27,40
876,2893,2026-04-28,40
876,2893,2026-04-29,40
876,2893,2026-04-30,38
876,2893,2026-05-01,40
876,2893,2026-05-02,40
876,2893,2026-05-03,40
876,2893,2026-05-04,40
876,2893,2026-05-05,40
876,2893,2026-05-06,40
876,2893,2026-05-07,40
876,2893,2026-05-08,40
876,2893,2026-05-09,40
876,2893,2026-05-10,40
876,2893,2026-05-11,40
876,2893,2026-05-12,40
876,2893,2026-05-13,40
876,2893,2026-05-14,40
876,2893,2026-05-15,40
876,2893,2026-05-16,40
876,2893,2026-05-17,40
876,2894,2026-04-17,9
876,2894,2026-04-18,12
876,2894,2026-04-19,5
876,2894,2026-04-20,6
876,2894,2026-04-21,17
876,2894,2026-04-22,10
876,2894,2026-04-23,5
876,2894,2026-04-24,7
876,2894,2026-04-25,3
876,2894,2026-04-26,0
876,2894,2026-04-27,3
876,2894,2026-04-28,7
876,2894,2026-04-29,13
876,2894,2026-04-30,8
876,2894,2026-05-01,0
876,2894,2026-05-02,20
876,2894,2026-05-03,15
876,2894,2026-05-04,27
876,2894,2026-05-05,29
876,2894,2026-05-06,32
876,2894,2026-05-07,28
876,2894,2026-05-08,27
876,2894,2026-05-09,21
876,2894,2026-05-10,20
876,2894,2026-05-11,32
876,2894,2026-05-12,32
876,2894,2026-05-13,29
876,2894,2026-05-14,32
876,2894,2026-05-15,24
876,2894,2026-05-16,16
876,2894,2026-05-17,32
876,2895,2026-04-17,10
876,2895,2026-04-18,8
876,2895,2026-04-19,10
876,2895,2026-04-20,10
876,2895,2026-04-21,9
876,2895,2026-04-22,10
876,2895,2026-04-23,10
876,2895,2026-04-24,10
876,2895,2026-04-25,6
876,2895,2026-04-26,10
876,2895,2026-04-27,9
876,2895,2026-04-28,10
876,2895,2026-04-29,8
876,2895,2026-04-30,10
876,2895,2026-05-01,10
876,2895,2026-05-02,10
876,2895,2026-05-03,10
876,2895,2026-05-04,10
876,2895,2026-05-05,10
876,2895,2026-05-06,10
876,2895,2026-05-07,10
876,2895,2026-05-08,10
876,2895,2026-05-09,10
876,2895,2026-05-10,10
876,2895,2026-05-11,10
876,2895,2026-05-12,10
876,2895,2026-05-13,10
876,2895,2026-05-14,10
876,2895,2026-05-15,10
876,2895,2026-05-16,10
876,2895,2026-05-17,10
876,2896,2026-04-17,1
876,2896,2026-04-18,10
876,2896,2026-04-19,3
876,2896,2026-04-20,6
876,2896,2026-04-21,6
876,2896,2026-04-22,2
876,2896,2026-04-23,0
876,2896,2026-04-24,1
876,2896,2026-04-25,0
876,2896,2026-04-26,2
876,2896,2026-04-27,0
876,2896,2026-04-28,6
876,2896,2026-04-29,2
876,2896,2026-04-30,5
876,2896,2026-05-01,15
876,2896,2026-05-02,1
876,2896,2026-05-03,11
876,2896,2026-05-04,21
876,2896,2026-05-05,26
876,2896,2026-05-06,27
876,2896,2026-05-07,28
876,2896,2026-05-08,20
876,2896,2026-05-09,24
876,2896,2026-05-10,20
876,2896,2026-05-11,28
876,2896,2026-05-12,28
876,2896,2026-05-13,28
876,2896,2026-05-14,25
876,2896,2026-05-15,28
876,2896,2026-05-16,28
876,2896,2026-05-17,28
876,2897,2026-04-17,10
876,2897,2026-04-18,10
876,2897,2026-04-19,10
876,2897,2026-04-20,10
876,2897,2026-04-21,10
876,2897,2026-04-22,10
876,2897,2026-04-23,10
876,2897,2026-04-24,10
876,2897,2026-04-25,10
876,2897,2026-04-26,10
876,2897,2026-04-27,10
876,2897,2026-04-28,10
876,2897,2026-04-29,10
876,2897,2026-04-30,10
876,2897,2026-05-01,10
876,2897,2026-05-02,10
876,2897,2026-05-03,10
876,2897,2026-05-04,10
876,2897,2026-05-05,10
876,2897,2026-05-06,10
876,2897,2026-05-07,10
876,2897,2026-05-08,10
876,2897,2026-05-09,10
876,2897,2026-05-10,10
876,2897,2026-05-11,10
876,2897,2026-05-12,10
876,2897,2026-05-13,10
876,2897,2026-05-14,10
876,2897,2026-05-15,10
876,2897,2026-05-16,10
876,2897,2026-05-17,10
876,2898,2026-04-17,10
876,2898,2026-04-18,10
876,2898,2026-04-19,8
876,2898,2026-04-20,10
876,2898,2026-04-21,10
876,2898,2026-04-22,10
876,2898,2026-04-23,9
876,2898,2026-04-24,6
876,2898,2026-04-25,6
876,2898,2026-04-26,10
876,2898,2026-04-27,10
876,2898,2026-04-28,10
876,2898,2026-04-29,10
876,2898,2026-04-30,10
876,2898,2026-05-01,10
876,2898,2026-05-02,10
876,2898,2026-05-03,10
876,2898,2026-05-04,10
876,2898,2026-05-05,10
876,2898,2026-05-06,10
876,2898,2026-05-07,10
876,2898,2026-05-08,10
876,2898,2026-05-09,10
876,2898,2026-05-10,10
876,2898,2026-05-11,10
876,2898,2026-05-12,10
876,2898,2026-05-13,10
876,2898,2026-05-14,10
876,2898,2026-05-15,10
876,2898,2026-05-16,10
876,2898,2026-05-17,10
876,2899,2026-04-17,8
876,2899,2026-04-18,10
876,2899,2026-04-19,10
876,2899,2026-04-20,9
876,2899,2026-04-21,9
876,2899,2026-04-22,9
876,2899,2026-04-23,10
876,2899,2026-04-24,10
876,2899,2026-04-25,10
876,2899,2026-04-26,8
876,2899,2026-04-27,8
876,2899,2026-04-28,10
876,2899,2026-04-29,10
876,2899,2026-04-30,10
876,2899,2026-05-01,10
876,2899,2026-05-02,10
876,2899,2026-05-03,10
876,2899,2026-05-04,10
876,2899,2026-05-05,10
876,2899,2026-05-06,10
876,2899,2026-05-07,10
876,2899,2026-05-08,10
876,2899,2026-05-09,10
876,2899,2026-05-10,10
876,2899,2026-05-11,10
876,2899,2026-05-12,10
876,2899,2026-05-13,10
876,2899,2026-05-14,10
876,2899,2026-05-15,10
876,2899,2026-05-16,10
876,2899,2026-05-17,10
876,2900,2026-04-17,6
876,2900,2026-04-18,2
876,2900,2026-04-19,11
876,2900,2026-04-20,0
876,2900,2026-04-21,0
876,2900,2026-04-22,0
876,2900,2026-04-23,6
876,2900,2026-04-24,7
876,2900,2026-04-25,4
876,2900,2026-04-26,0
876,2900,2026-04-27,7
876,2900,2026-04-28,0
876,2900,2026-04-29,7
876,2900,2026-04-30,12
876,2900,2026-05-01,1
876,2900,2026-05-02,9
876,2900,2026-05-03,16
876,2900,2026-05-04,16
876,2900,2026-05-05,16
876,2900,2026-05-06,16
876,2900,2026-05-07,11
876,2900,2026-05-08,12
876,2900,2026-05-09,14
876,2900,2026-05-10,16
876,2900,2026-05-11,16
876,2900,2026-05-12,16
876,2900,2026-05-13,16
876,2900,2026-05-14,16
876,2900,2026-05-15,4
876,2900,2026-05-16,16
876,2900,2026-05-17,16
876,2901,2026-04-17,20
876,2901,2026-04-18,20
876,2901,2026-04-19,20
876,2901,2026-04-20,20
876,2901,2026-04-21,20
876,2901,2026-04-22,20
876,2901,2026-04-23,20
876,2901,2026-04-24,20
876,2901,2026-04-25,20
876,2901,2026-04-26,20
876,2901,2026-04-27,20
876,2901,2026-04-28,20
876,2901,2026-04-29,20
876,2901,2026-04-30,20
876,2901,2026-05-01,20
876,2901,2026-05-02,20
876,2901,2026-05-03,20
876,2901,2026-05-04,20
876,2901,2026-05-05,20
876,2901,2026-05-06,20
876,2901,2026-05-07,20
876,2901,2026-05-08,20
876,2901,2026-05-09,20
876,2901,2026-05-10,20
876,2901,2026-05-11,20
876,2901,2026-05-12,20
876,2901,2026-05-13,20
876,2901,2026-05-14,20
876,2901,2026-05-15,20
876,2901,2026-05-16,20
876,2901,2026-05-17,20
876,2902,2026-04-17,1
876,2902,2026-04-18,0
876,2902,2026-04-19,2
876,2902,2026-04-20,11
876,2902,2026-04-21,1
876,2902,2026-04-22,0
876,2902,2026-04-23,1
876,2902,2026-04-24,3
876,2902,2026-04-25,0
876,2902,2026-04-26,6
876,2902,2026-04-27,12
876,2902,2026-04-28,8
876,2902,2026-04-29,13
876,2902,2026-04-30,26
876,2902,2026-05-01,10
876,2902,2026-05-02,11
876,2902,2026-05-03,25
876,2902,2026-05-04,28
876,2902,2026-05-05,27
876,2902,2026-05-06,27
876,2902,2026-05-07,22
876,2902,2026-05-08,28
876,2902,2026-05-09,28
876,2902,2026-05-10,28
876,2902,2026-05-11,28
876,2902,2026-05-12,28
876,2902,2026-05-13,28
876,2902,2026-05-14,28
876,2902,2026-05-15,24
876,2902,2026-05-16,28
876,2902,2026-05-17,28
876,2888,2026-07-16,0
876,2888,2026-07-17,0
876,2888,2026-07-18,0
876,2888,2026-07-19,0
876,2888,2026-07-20,0
876,2888,2026-07-21,0
876,2888,2026-07-22,0
876,2888,2026-07-23,0
876,2888,2026-07-24,0
876,2888,2026-07-25,0
876,2888,2026-07-26,0
876,2888,2026-07-27,0
876,2888,2026-07-28,0
876,2888,2026-07-29,0
876,2888,2026-07-30,0
876,2888,2026-07-31,0
876,2888,2026-08-01,0
876,2888,2026-08-02,0
876,2888,2026-08-03,0
876,2888,2026-08-04,0
876,2888,2026-08-05,0
876,2888,2026-08-06,0
876,2888,2026-08-07,0
876,2888,2026-08-08,0
876,2888,2026-08-09,0
876,2888,2026-08-10,0
876,2888,2026-08-11,0
876,2888,2026-08-12,0
876,2888,2026-08-13,0
876,2888,2026-08-14,0
876,2888,2026-08-15,0
876,2889,2026-07-16,0
876,2889,2026-07-17,0
876,2889,2026-07-18,0
876,2889,2026-07-19,0
876,2889,2026-07-20,0
876,2889,2026-07-21,0
876,2889,2026-07-22,0
876,2889,2026-07-23,0
876,2889,2026-07-24,0
876,2889,2026-07-25,0
876,2889,2026-07-26,0
876,2889,2026-07-27,0
876,2889,2026-07-28,0
876,2889,2026-07-29,0
876,2889,2026-07-30,0
876,2889,2026-07-31,0
876,2889,2026-08-01,0
876,2889,2026-08-02,0
876,2889,2026-08-03,0
876,2889,2026-08-04,0
876,2889,2026-08-05,0
876,2889,2026-08-06,0
876,2889,2026-08-07,0
876,2889,2026-08-08,0
876,2889,2026-08-09,0
876,2889,2026-08-10,0
876,2889,2026-08-11,0
876,2889,2026-08-12,0
876,2889,2026-08-13,0
876,2889,2026-08-14,0
876,2889,2026-08-15,0
876,2890,2026-07-16,0
876,2890,2026-07-17,0
876,2890,2026-07-18,0
876,2890,2026-07-19,0
876,2890,2026-07-20,0
876,2890,2026-07-21,0
876,2890,2026-07-22,0
876,2890,2026-07-23,0
876,2890,2026-07-24,0
876,2890,2026-07-25,0
876,2890,2026-07-26,0
876,2890,2026-07-27,0
876,2890,2026-07-28,0
876,2890,2026-07-29,0
876,2890,2026-07-30,0
876,2890,2026-07-31,0
876,2890,2026-08-01,0
876,2890,2026-08-02,0
876,2890,2026-08-03,0
876,2890,2026-08-04,0
876,2890,2026-08-05,0
876,2890,2026-08-06,0
876,2890,2026-08-07,0
876,2890,2026-08-08,0
876,2890,2026-08-09,0
876,2890,2026-08-10,0
876,2890,2026-08-11,0
876,2890,2026-08-12,0
876,2890,2026-08-13,0
876,2890,2026-08-14,0
876,2890,2026-08-15,0
876,2891,2026-07-16,0
876,2891,2026-07-17,0
876,2891,2026-07-18,0
876,2891,2026-07-19,0
876,2891,2026-07-20,0
876,2891,2026-07-21,0
876,2891,2026-07-22,0
876,2891,2026-07-23,0
876,2891,2026-07-24,0
876,2891,2026-07-25,0
876,2891,2026-07-26,0
876,2891,2026-07-27,0
876,2891,2026-07-28,0
876,2891,2026-07-29,0
876,2891,2026-07-30,0
876,2891,2026-07-31,0
876,2891,2026-08-01,0
876,2891,2026-08-02,0
876,2891,2026-08-03,0
876,2891,2026-08-04,0
876,2891,2026-08-05,0
876,2891,2026-08-06,0
876,2891,2026-08-07,0
876,2891,2026-08-08,0
876,2891,2026-08-09,0
876,2891,2026-08-10,0
876,2891,2026-08-11,0
876,2891,2026-08-12,0
876,2891,2026-08-13,0
876,2891,2026-08-14,0
876,2891,2026-08-15,0
876,2892,2026-07-16,0
876,2892,2026-07-17,0
876,2892,2026-07-18,0
876,2892,2026-07-19,0
876,2892,2026-07-20,0
876,2892,2026-07-21,0
876,2892,2026-07-22,0
876,2892,2026-07-23,0
876,2892,2026-07-24,0
876,2892,2026-07-25,0
876,2892,2026-07-26,0
876,2892,2026-07-27,0
876,2892,2026-07-28,0
876,2892,2026-07-29,0
876,2892,2026-07-30,0
876,2892,2026-07-31,0
876,2892,2026-08-01,0
876,2892,2026-08-02,0
876,2892,2026-08-03,0
876,2892,2026-08-04,0
876,2892,2026-08-05,0
876,2892,2026-08-06,0
876,2892,2026-08-07,0
876,2892,2026-08-08,0
876,2892,2026-08-09,0
876,2892,2026-08-10,0
876,2892,2026-08-11,0
876,2892,2026-08-12,0
876,2892,2026-08-13,0
876,2892,2026-08-14,0
876,2892,2026-08-15,0
876,2893,2026-07-16,0
876,2893,2026-07-17,0
876,2893,2026-07-18,0
876,2893,2026-07-19,0
876,2893,2026-07-20,0
876,2893,2026-07-21,0
876,2893,2026-07-22,0
876,2893,2026-07-23,0
876,2893,2026-07-24,0
876,2893,2026-07-25,0
876,2893,2026-07-26,0
876,2893,2026-07-27,0
876,2893,2026-07-28,0
876,2893,2026-07-29,0
876,2893,2026-07-30,0
876,2893,2026-07-31,0
876,2893,2026-08-01,0
876,2893,2026-08-02,0
876,2893,2026-08-03,0
876,2893,2026-08-04,0
876,2893,2026-08-05,0
876,2893,2026-08-06,0
876,2893,2026-08-07,0
876,2893,2026-08-08,0
876,2893,2026-08-09,0
876,2893,2026-08-10,0
876,2893,2026-08-11,0
876,2893,2026-08-12,0
876,2893,2026-08-13,0
876,2893,2026-08-14,0
876,2893,2026-08-15,0
876,2894,2026-07-16,0
876,2894,2026-07-17,0
876,2894,2026-07-18,0
876,2894,2026-07-19,0
876,2894,2026-07-20,0
876,2894,2026-07-21,0
876,2894,2026-07-22,0
876,2894,2026-07-23,0
876,2894,2026-07-24,0
876,2894,2026-07-25,0
876,2894,2026-07-26,0
876,2894,2026-07-27,0
876,2894,2026-07-28,0
876,2894,2026-07-29,0
876,2894,2026-07-30,0
876,2894,2026-07-31,0
876,2894,2026-08-01,0
876,2894,2026-08-02,0
876,2894,2026-08-03,0
876,2894,2026-08-04,0
876,2894,2026-08-05,0
876,2894,2026-08-06,0
876,2894,2026-08-07,0
876,2894,2026-08-08,0
876,2894,2026-08-09,0
876,2894,2026-08-10,0
876,2894,2026-08-11,0
876,2894,2026-08-12,0
876,2894,2026-08-13,0
876,2894,2026-08-14,0
876,2894,2026-08-15,0
876,2895,2026-07-16,0
876,2895,2026-07-17,0
876,2895,2026-07-18,0
876,2895,2026-07-19,0
876,2895,2026-07-20,0
876,2895,2026-07-21,0
876,2895,2026-07-22,0
876,2895,2026-07-23,0
876,2895,2026-07-24,0
876,2895,2026-07-25,0
876,2895,2026-07-26,0
876,2895,2026-07-27,0
876,2895,2026-07-28,0
876,2895,2026-07-29,0
876,2895,2026-07-30,0
876,2895,2026-07-31,0
876,2895,2026-08-01,0
876,2895,2026-08-02,0
876,2895,2026-08-03,0
876,2895,2026-08-04,0
876,2895,2026-08-05,0
876,2895,2026-08-06,0
876,2895,2026-08-07,0
876,2895,2026-08-08,0
876,2895,2026-08-09,0
876,2895,2026-08-10,0
876,2895,2026-08-11,0
876,2895,2026-08-12,0
876,2895,2026-08-13,0
876,2895,2026-08-14,0
876,2895,2026-08-15,0
876,2896,2026-07-16,0
876,2896,2026-07-17,0
876,2896,2026-07-18,0
876,2896,2026-07-19,0
876,2896,2026-07-20,0
876,2896,2026-07-21,0
876,2896,2026-07-22,0
876,2896,2026-07-23,0
876,2896,2026-07-24,0
876,2896,2026-07-25,0
876,2896,2026-07-26,0
876,2896,2026-07-27,0
876,2896,2026-07-28,0
876,2896,2026-07-29,0
876,2896,2026-07-30,0
876,2896,2026-07-31,0
876,2896,2026-08-01,0
876,2896,2026-08-02,0
876,2896,2026-08-03,0
876,2896,2026-08-04,0
876,2896,2026-08-05,0
876,2896,2026-08-06,0
876,2896,2026-08-07,0
876,2896,2026-08-08,0
876,2896,2026-08-09,0
876,2896,2026-08-10,0
876,2896,2026-08-11,0
876,2896,2026-08-12,0
876,2896,2026-08-13,0
876,2896,2026-08-14,0
876,2896,2026-08-15,0
876,2897,2026-07-16,0
876,2897,2026-07-17,0
876,2897,2026-07-18,0
876,2897,2026-07-19,0
876,2897,2026-07-20,0
876,2897,2026-07-21,0
876,2897,2026-07-22,0
876,2897,2026-07-23,0
876,2897,2026-07-24,0
876,2897,2026-07-25,0
876,2897,2026-07-26,0
876,2897,2026-07-27,0
876,2897,2026-07-28,0
876,2897,2026-07-29,0
876,2897,2026-07-30,0
876,2897,2026-07-31,0
876,2897,2026-08-01,0
876,2897,2026-08-02,0
876,2897,2026-08-03,0
876,2897,2026-08-04,0
876,2897,2026-08-05,0
876,2897,2026-08-06,0
876,2897,2026-08-07,0
876,2897,2026-08-08,0
876,2897,2026-08-09,0
876,2897,2026-08-10,0
876,2897,2026-08-11,0
876,2897,2026-08-12,0
876,2897,2026-08-13,0
876,2897,2026-08-14,0
876,2897,2026-08-15,0
876,2898,2026-07-16,0
876,2898,2026-07-17,0
876,2898,2026-07-18,0
876,2898,2026-07-19,0
876,2898,2026-07-20,0
876,2898,2026-07-21,0
876,2898,2026-07-22,0
876,2898,2026-07-23,0
876,2898,2026-07-24,0
876,2898,2026-07-25,0
876,2898,2026-07-26,0
876,2898,2026-07-27,0
876,2898,2026-07-28,0
876,2898,2026-07-29,0
876,2898,2026-07-30,0
876,2898,2026-07-31,0
876,2898,2026-08-01,0
876,2898,2026-08-02,0
876,2898,2026-08-03,0
876,2898,2026-08-04,0
876,2898,2026-08-05,0
876,2898,2026-08-06,0
876,2898,2026-08-07,0
876,2898,2026-08-08,0
876,2898,2026-08-09,0
876,2898,2026-08-10,0
876,2898,2026-08-11,0
876,2898,2026-08-12,0
876,2898,2026-08-13,0
876,2898,2026-08-14,0
876,2898,2026-08-15,0
876,2899,2026-07-16,0
876,2899,2026-07-17,0
876,2899,2026-07-18,0
876,2899,2026-07-19,0
876,2899,2026-07-20,0
876,2899,2026-07-21,0
876,2899,2026-07-22,0
876,2899,2026-07-23,0
876,2899,2026-07-24,0
876,2899,2026-07-25,0
876,2899,2026-07-26,0
876,2899,2026-07-27,0
876,2899,2026-07-28,0
876,2899,2026-07-29,0
876,2899,2026-07-30,0
876,2899,2026-07-31,0
876,2899,2026-08-01,0
876,2899,2026-08-02,0
876,2899,2026-08-03,0
876,2899,2026-08-04,0
876,2899,2026-08-05,0
876,2899,2026-08-06,0
876,2899,2026-08-07,0
876,2899,2026-08-08,0
876,2899,2026-08-09,0
876,2899,2026-08-10,0
876,2899,2026-08-11,0
876,2899,2026-08-12,0
876,2899,2026-08-13,0
876,2899,2026-08-14,0
876,2899,2026-08-15,0
876,2900,2026-07-16,0
876,2900,2026-07-17,0
876,2900,2026-07-18,0
876,2900,2026-07-19,0
876,2900,2026-07-20,0
876,2900,2026-07-21,0
876,2900,2026-07-22,0
876,2900,2026-07-23,0
876,2900,2026-07-24,0
876,2900,2026-07-25,0
876,2900,2026-07-26,0
876,2900,2026-07-27,0
876,2900,2026-07-28,0
876,2900,2026-07-29,0
876,2900,2026-07-30,0
876,2900,2026-07-31,0
876,2900,2026-08-01,0
876,2900,2026-08-02,0
876,2900,2026-08-03,0
876,2900,2026-08-04,0
876,2900,2026-08-05,0
876,2900,2026-08-06,0
876,2900,2026-08-07,0
876,2900,2026-08-08,0
876,2900,2026-08-09,0
876,2900,2026-08-10,0
876,2900,2026-08-11,0
876,2900,2026-08-12,0
876,2900,2026-08-13,0
876,2900,2026-08-14,0
876,2900,2026-08-15,0
876,2901,2026-07-16,0
876,2901,2026-07-17,0
876,2901,2026-07-18,0
876,2901,2026-07-19,0
876,2901,2026-07-20,0
876,2901,2026-07-21,0
876,2901,2026-07-22,0
876,2901,2026-07-23,0
876,2901,2026-07-24,0
876,2901,2026-07-25,0
876,2901,2026-07-26,0
876,2901,2026-07-27,0
876,2901,2026-07-28,0
876,2901,2026-07-29,0
876,2901,2026-07-30,0
876,2901,2026-07-31,0
876,2901,2026-08-01,0
876,2901,2026-08-02,0
876,2901,2026-08-03,0
876,2901,2026-08-04,0
876,2901,2026-08-05,0
876,2901,2026-08-06,0
876,2901,2026-08-07,0
876,2901,2026-08-08,0
876,2901,2026-08-09,0
876,2901,2026-08-10,0
876,2901,2026-08-11,0
876,2901,2026-08-12,0
876,2901,2026-08-13,0
876,2901,2026-08-14,0
876,2901,2026-08-15,0
876,2902,2026-07-16,0
876,2902,2026-07-17,0
876,2902,2026-07-18,0
876,2902,2026-07-19,0
876,2902,2026-07-20,0
876,2902,2026-07-21,0
876,2902,2026-07-22,0
876,2902,2026-07-23,0
876,2902,2026-07-24,0
876,2902,2026-07-25,0
876,2902,2026-07-26,0
876,2902,2026-07-27,0
876,2902,2026-07-28,0
876,2902,2026-07-29,0
876,2902,2026-07-30,0
876,2902,2026-07-31,0
876,2902,2026-08-01,0
876,2902,2026-08-02,0
876,2902,2026-08-03,0
876,2902,2026-08-04,0
876,2902,2026-08-05,0
876,2902,2026-08-06,0
876,2902,2026-08-07,0
876,2902,2026-08-08,0
876,2902,2026-08-09,0
876,2902,2026-08-10,0
876,2902,2026-08-11,0
876,2902,2026-08-12,0
876,2902,2026-08-13,0
876,2902,2026-08-14,0
876,2902,2026-08-15,0
876,2888,2026-08-15,0
876,2888,2026-08-16,0
876,2888,2026-08-17,0
876,2888,2026-08-18,0
876,2888,2026-08-19,0
876,2888,2026-08-20,0
876,2888,2026-08-21,0
876,2888,2026-08-22,0
876,2888,2026-08-23,0
876,2888,2026-08-24,0
876,2888,2026-08-25,0
876,2888,2026-08-26,0
876,2888,2026-08-27,0
876,2888,2026-08-28,0
876,2888,2026-08-29,0
876,2888,2026-08-30,0
876,2888,2026-08-31,0
876,2888,2026-09-01,0
876,2888,2026-09-02,0
876,2888,2026-09-03,0
876,2888,2026-09-04,0
876,2888,2026-09-05,0
876,2888,2026-09-06,0
876,2888,2026-09-07,0
876,2888,2026-09-08,0
876,2888,2026-09-09,0
876,2888,2026-09-10,0
876,2888,2026-09-11,0
876,2888,2026-09-12,0
876,2888,2026-09-13,0
876,2888,2026-09-14,0
876,2889,2026-08-15,0
876,2889,2026-08-16,0
876,2889,2026-08-17,0
876,2889,2026-08-18,0
876,2889,2026-08-19,0
876,2889,2026-08-20,0
876,2889,2026-08-21,0
876,2889,2026-08-22,0
876,2889,2026-08-23,0
876,2889,2026-08-24,0
876,2889,2026-08-25,0
876,2889,2026-08-26,0
876,2889,2026-08-27,0
876,2889,2026-08-28,0
876,2889,2026-08-29,0
876,2889,2026-08-30,0
876,2889,2026-08-31,0
876,2889,2026-09-01,0
876,2889,2026-09-02,0
876,2889,2026-09-03,0
876,2889,2026-09-04,0
876,2889,2026-09-05,0
876,2889,2026-09-06,0
876,2889,2026-09-07,0
876,2889,2026-09-08,0
876,2889,2026-09-09,0
876,2889,2026-09-10,0
876,2889,2026-09-11,0
876,2889,2026-09-12,0
876,2889,2026-09-13,0
876,2889,2026-09-14,0
876,2890,2026-08-15,0
876,2890,2026-08-16,0
876,2890,2026-08-17,0
876,2890,2026-08-18,0
876,2890,2026-08-19,0
876,2890,2026-08-20,0
876,2890,2026-08-21,0
876,2890,2026-08-22,0
876,2890,2026-08-23,0
876,2890,2026-08-24,0
876,2890,2026-08-25,0
876,2890,2026-08-26,0
876,2890,2026-08-27,0
876,2890,2026-08-28,0
876,2890,2026-08-29,0
876,2890,2026-08-30,0
876,2890,2026-08-31,0
876,2890,2026-09-01,0
876,2890,2026-09-02,0
876,2890,2026-09-03,0
876,2890,2026-09-04,0
876,2890,2026-09-05,0
876,2890,2026-09-06,0
876,2890,2026-09-07,0
876,2890,2026-09-08,0
876,2890,2026-09-09,0
876,2890,2026-09-10,0
876,2890,2026-09-11,0
876,2890,2026-09-12,0
876,2890,2026-09-13,0
876,2890,2026-09-14,0
876,2891,2026-08-15,0
876,2891,2026-08-16,0
876,2891,2026-08-17,0
876,2891,2026-08-18,0
876,2891,2026-08-19,0
876,2891,2026-08-20,0
876,2891,2026-08-21,0
876,2891,2026-08-22,0
876,2891,2026-08-23,0
876,2891,2026-08-24,0
876,2891,2026-08-25,0
876,2891,2026-08-26,0
876,2891,2026-08-27,0
876,2891,2026-08-28,0
876,2891,2026-08-29,0
876,2891,2026-08-30,0
876,2891,2026-08-31,0
876,2891,2026-09-01,0
876,2891,2026-09-02,0
876,2891,2026-09-03,0
876,2891,2026-09-04,0
876,2891,2026-09-05,0
876,2891,2026-09-06,0
876,2891,2026-09-07,0
876,2891,2026-09-08,0
876,2891,2026-09-09,0
876,2891,2026-09-10,0
876,2891,2026-09-11,0
876,2891,2026-09-12,0
876,2891,2026-09-13,0
876,2891,2026-09-14,0
876,2892,2026-08-15,0
876,2892,2026-08-16,0
876,2892,2026-08-17,0
876,2892,2026-08-18,0
876,2892,2026-08-19,0
876,2892,2026-08-20,0
876,2892,2026-08-21,0
876,2892,2026-08-22,0
876,2892,2026-08-23,0
876,2892,2026-08-24,0
876,2892,2026-08-25,0
876,2892,2026-08-26,0
876,2892,2026-08-27,0
876,2892,2026-08-28,0
876,2892,2026-08-29,0
876,2892,2026-08-30,0
876,2892,2026-08-31,0
876,2892,2026-09-01,0
876,2892,2026-09-02,0
876,2892,2026-09-03,0
876,2892,2026-09-04,0
876,2892,2026-09-05,0
876,2892,2026-09-06,0
876,2892,2026-09-07,0
876,2892,2026-09-08,0
876,2892,2026-09-09,0
876,2892,2026-09-10,0
876,2892,2026-09-11,0
876,2892,2026-09-12,0
876,2892,2026-09-13,0
876,2892,2026-09-14,0
876,2893,2026-08-15,0
876,2893,2026-08-16,0
876,2893,2026-08-17,0
876,2893,2026-08-18,0
876,2893,2026-08-19,0
876,2893,2026-08-20,0
876,2893,2026-08-21,0
876,2893,2026-08-22,0
876,2893,2026-08-23,0
876,2893,2026-08-24,0
876,2893,2026-08-25,0
876,2893,2026-08-26,0
876,2893,2026-08-27,0
876,2893,2026-08-28,0
876,2893,2026-08-29,0
876,2893,2026-08-30,0
876,2893,2026-08-31,0
876,2893,2026-09-01,0
876,2893,2026-09-02,0
876,2893,2026-09-03,0
876,2893,2026-09-04,0
876,2893,2026-09-05,0
876,2893,2026-09-06,0
876,2893,2026-09-07,0
876,2893,2026-09-08,0
876,2893,2026-09-09,0
876,2893,2026-09-10,0
876,2893,2026-09-11,0
876,2893,2026-09-12,0
876,2893,2026-09-13,0
876,2893,2026-09-14,0
876,2894,2026-08-15,0
876,2894,2026-08-16,0
876,2894,2026-08-17,0
876,2894,2026-08-18,0
876,2894,2026-08-19,0
876,2894,2026-08-20,0
876,2894,2026-08-21,0
876,2894,2026-08-22,0
876,2894,2026-08-23,0
876,2894,2026-08-24,0
876,2894,2026-08-25,0
876,2894,2026-08-26,0
876,2894,2026-08-27,0
876,2894,2026-08-28,0
876,2894,2026-08-29,0
876,2894,2026-08-30,0
876,2894,2026-08-31,0
876,2894,2026-09-01,0
876,2894,2026-09-02,0
876,2894,2026-09-03,0
876,2894,2026-09-04,0
876,2894,2026-09-05,0
876,2894,2026-09-06,0
876,2894,2026-09-07,0
876,2894,2026-09-08,0
876,2894,2026-09-09,0
876,2894,2026-09-10,0
876,2894,2026-09-11,0
876,2894,2026-09-12,0
876,2894,2026-09-13,0
876,2894,2026-09-14,0
876,2895,2026-08-15,0
876,2895,2026-08-16,0
876,2895,2026-08-17,0
876,2895,2026-08-18,0
876,2895,2026-08-19,0
876,2895,2026-08-20,0
876,2895,2026-08-21,0
876,2895,2026-08-22,0
876,2895,2026-08-23,0
876,2895,2026-08-24,0
876,2895,2026-08-25,0
876,2895,2026-08-26,0
876,2895,2026-08-27,0
876,2895,2026-08-28,0
876,2895,2026-08-29,0
876,2895,2026-08-30,0
876,2895,2026-08-31,0
876,2895,2026-09-01,0
876,2895,2026-09-02,0
876,2895,2026-09-03,0
876,2895,2026-09-04,0
876,2895,2026-09-05,0
876,2895,2026-09-06,0
876,2895,2026-09-07,0
876,2895,2026-09-08,0
876,2895,2026-09-09,0
876,2895,2026-09-10,0
876,2895,2026-09-11,0
876,2895,2026-09-12,0
876,2895,2026-09-13,0
876,2895,2026-09-14,0
876,2896,2026-08-15,0
876,2896,2026-08-16,0
876,2896,2026-08-17,0
876,2896,2026-08-18,0
876,2896,2026-08-19,0
876,2896,2026-08-20,0
876,2896,2026-08-21,0
876,2896,2026-08-22,0
876,2896,2026-08-23,0
876,2896,2026-08-24,0
876,2896,2026-08-25,0
876,2896,2026-08-26,0
876,2896,2026-08-27,0
876,2896,2026-08-28,0
876,2896,2026-08-29,0
876,2896,2026-08-30,0
876,2896,2026-08-31,0
876,2896,2026-09-01,0
876,2896,2026-09-02,0
876,2896,2026-09-03,0
876,2896,2026-09-04,0
876,2896,2026-09-05,0
876,2896,2026-09-06,0
876,2896,2026-09-07,0
876,2896,2026-09-08,0
876,2896,2026-09-09,0
876,2896,2026-09-10,0
876,2896,2026-09-11,0
876,2896,2026-09-12,0
876,2896,2026-09-13,0
876,2896,2026-09-14,0
876,2897,2026-08-15,0
876,2897,2026-08-16,0
876,2897,2026-08-17,0
876,2897,2026-08-18,0
876,2897,2026-08-19,0
876,2897,2026-08-20,0
876,2897,2026-08-21,0
876,2897,2026-08-22,0
876,2897,2026-08-23,0
876,2897,2026-08-24,0
876,2897,2026-08-25,0
876,2897,2026-08-26,0
876,2897,2026-08-27,0
876,2897,2026-08-28,0
876,2897,2026-08-29,0
876,2897,2026-08-30,0
876,2897,2026-08-31,0
876,2897,2026-09-01,0
876,2897,2026-09-02,0
876,2897,2026-09-03,0
876,2897,2026-09-04,0
876,2897,2026-09-05,0
876,2897,2026-09-06,0
876,2897,2026-09-07,0
876,2897,2026-09-08,0
876,2897,2026-09-09,0
876,2897,2026-09-10,0
876,2897,2026-09-11,0
876,2897,2026-09-12,0
876,2897,2026-09-13,0
876,2897,2026-09-14,0
876,2898,2026-08-15,0
876,2898,2026-08-16,0
876,2898,2026-08-17,0
876,2898,2026-08-18,0
876,2898,2026-08-19,0
876,2898,2026-08-20,0
876,2898,2026-08-21,0
876,2898,2026-08-22,0
876,2898,2026-08-23,0
876,2898,2026-08-24,0
876,2898,2026-08-25,0
876,2898,2026-08-26,0
876,2898,2026-08-27,0
876,2898,2026-08-28,0
876,2898,2026-08-29,0
876,2898,2026-08-30,0
876,2898,2026-08-31,0
876,2898,2026-09-01,0
876,2898,2026-09-02,0
876,2898,2026-09-03,0
876,2898,2026-09-04,0
876,2898,2026-09-05,0
876,2898,2026-09-06,0
876,2898,2026-09-07,0
876,2898,2026-09-08,0
876,2898,2026-09-09,0
876,2898,2026-09-10,0
876,2898,2026-09-11,0
876,2898,2026-09-12,0
876,2898,2026-09-13,0
876,2898,2026-09-14,0
876,2899,2026-08-15,0
876,2899,2026-08-16,0
876,2899,2026-08-17,0
876,2899,2026-08-18,0
876,2899,2026-08-19,0
876,2899,2026-08-20,0
876,2899,2026-08-21,0
876,2899,2026-08-22,0
876,2899,2026-08-23,0
876,2899,2026-08-24,0
876,2899,2026-08-25,0
876,2899,2026-08-26,0
876,2899,2026-08-27,0
876,2899,2026-08-28,0
876,2899,2026-08-29,0
876,2899,2026-08-30,0
876,2899,2026-08-31,0
876,2899,2026-09-01,0
876,2899,2026-09-02,0
876,2899,2026-09-03,0
876,2899,2026-09-04,0
876,2899,2026-09-05,0
876,2899,2026-09-06,0
876,2899,2026-09-07,0
876,2899,2026-09-08,0
876,2899,2026-09-09,0
876,2899,2026-09-10,0
876,2899,2026-09-11,0
876,2899,2026-09-12,0
876,2899,2026-09-13,0
876,2899,2026-09-14,0
876,2900,2026-08-15,0
876,2900,2026-08-16,0
876,2900,2026-08-17,0
876,2900,2026-08-18,0
876,2900,2026-08-19,0
876,2900,2026-08-20,0
876,2900,2026-08-21,0
876,2900,2026-08-22,0
876,2900,2026-08-23,0
876,2900,2026-08-24,0
876,2900,2026-08-25,0
876,2900,2026-08-26,0
876,2900,2026-08-27,0
876,2900,2026-08-28,0
876,2900,2026-08-29,0
876,2900,2026-08-30,0
876,2900,2026-08-31,0
876,2900,2026-09-01,0
876,2900,2026-09-02,0
876,2900,2026-09-03,0
876,2900,2026-09-04,0
876,2900,2026-09-05,0
876,2900,2026-09-06,0
876,2900,2026-09-07,0
876,2900,2026-09-08,0
876,2900,2026-09-09,0
876,2900,2026-09-10,0
876,2900,2026-09-11,0
876,2900,2026-09-12,0
876,2900,2026-09-13,0
876,2900,2026-09-14,0
876,2901,2026-08-15,0
876,2901,2026-08-16,0
876,2901,2026-08-17,0
876,2901,2026-08-18,0
876,2901,2026-08-19,0
876,2901,2026-08-20,0
876,2901,2026-08-21,0
876,2901,2026-08-22,0
876,2901,2026-08-23,0
876,2901,2026-08-24,0
876,2901,2026-08-25,0
876,2901,2026-08-26,0
876,2901,2026-08-27,0
876,2901,2026-08-28,0
876,2901,2026-08-29,0
876,2901,2026-08-30,0
876,2901,2026-08-31,0
876,2901,2026-09-01,0
876,2901,2026-09-02,0
876,2901,2026-09-03,0
876,2901,2026-09-04,0
876,2901,2026-09-05,0
876,2901,2026-09-06,0
876,2901,2026-09-07,0
876,2901,2026-09-08,0
876,2901,2026-09-09,0
876,2901,2026-09-10,0
876,2901,2026-09-11,0
876,2901,2026-09-12,0
876,2901,2026-09-13,0
876,2901,2026-09-14,0
876,2902,2026-08-15,0
876,2902,2026-08-16,0
876,2902,2026-08-17,0
876,2902,2026-08-18,0
876,2902,2026-08-19,0
876,2902,2026-08-20,0
876,2902,2026-08-21,0
876,2902,2026-08-22,0
876,2902,2026-08-23,0
876,2902,2026-08-24,0
876,2902,2026-08-25,0
876,2902,2026-08-26,0
876,2902,2026-08-27,0
876,2902,2026-08-28,0
876,2902,2026-08-29,0
876,2902,2026-08-30,0
876,2902,2026-08-31,0
876,2902,2026-09-01,0
876,2902,2026-09-02,0
876,2902,2026-09-03,0
876,2902,2026-09-04,0
876,2902,2026-09-05,0
876,2902,2026-09-06,0
876,2902,2026-09-07,0
876,2902,2026-09-08,0
876,2902,2026-09-09,0
876,2902,2026-09-10,0
876,2902,2026-09-11,0
876,2902,2026-09-12,0
876,2902,2026-09-13,0
876,2902,2026-09-14,0
876,2888,2026-09-14,0
876,2888,2026-09-15,0
876,2888,2026-09-16,0
876,2888,2026-09-17,0
876,2888,2026-09-18,0
876,2888,2026-09-19,0
876,2888,2026-09-20,0
876,2888,2026-09-21,0
876,2888,2026-09-22,0
876,2888,2026-09-23,0
876,2888,2026-09-24,0
876,2888,2026-09-25,0
876,2888,2026-09-26,0
876,2888,2026-09-27,0
876,2888,2026-09-28,0
876,2888,2026-09-29,0
876,2888,2026-09-30,0
876,2888,2026-10-01,0
876,2888,2026-10-02,0
876,2888,2026-10-03,0
876,2888,2026-10-04,0
876,2888,2026-10-05,0
876,2888,2026-10-06,0
876,2888,2026-10-07,0
876,2888,2026-10-08,0
876,2888,2026-10-09,0
876,2888,2026-10-10,0
876,2888,2026-10-11,0
876,2888,2026-10-12,0
876,2888,2026-10-13,0
876,2888,2026-10-14,0
876,2889,2026-09-14,0
876,2889,2026-09-15,0
876,2889,2026-09-16,0
876,2889,2026-09-17,0
876,2889,2026-09-18,0
876,2889,2026-09-19,0
876,2889,2026-09-20,0
876,2889,2026-09-21,0
876,2889,2026-09-22,0
876,2889,2026-09-23,0
876,2889,2026-09-24,0
876,2889,2026-09-25,0
876,2889,2026-09-26,0
876,2889,2026-09-27,0
876,2889,2026-09-28,0
876,2889,2026-09-29,0
876,2889,2026-09-30,0
876,2889,2026-10-01,0
876,2889,2026-10-02,0
876,2889,2026-10-03,0
876,2889,2026-10-04,0
876,2889,2026-10-05,0
876,2889,2026-10-06,0
876,2889,2026-10-07,0
876,2889,2026-10-08,0
876,2889,2026-10-09,0
876,2889,2026-10-10,0
876,2889,2026-10-11,0
876,2889,2026-10-12,0
876,2889,2026-10-13,0
876,2889,2026-10-14,0
876,2890,2026-09-14,0
876,2890,2026-09-15,0
876,2890,2026-09-16,0
876,2890,2026-09-17,0
876,2890,2026-09-18,0
876,2890,2026-09-19,0
876,2890,2026-09-20,0
876,2890,2026-09-21,0
876,2890,2026-09-22,0
876,2890,2026-09-23,0
876,2890,2026-09-24,0
876,2890,2026-09-25,0
876,2890,2026-09-26,0
876,2890,2026-09-27,0
876,2890,2026-09-28,0
876,2890,2026-09-29,0
876,2890,2026-09-30,0
876,2890,2026-10-01,0
876,2890,2026-10-02,0
876,2890,2026-10-03,0
876,2890,2026-10-04,0
876,2890,2026-10-05,0
876,2890,2026-10-06,0
876,2890,2026-10-07,0
876,2890,2026-10-08,0
876,2890,2026-10-09,0
876,2890,2026-10-10,0
876,2890,2026-10-11,0
876,2890,2026-10-12,0
876,2890,2026-10-13,0
876,2890,2026-10-14,0
876,2891,2026-09-14,0
876,2891,2026-09-15,0
876,2891,2026-09-16,0
876,2891,2026-09-17,0
876,2891,2026-09-18,0
876,2891,2026-09-19,0
876,2891,2026-09-20,0
876,2891,2026-09-21,0
876,2891,2026-09-22,0
876,2891,2026-09-23,0
876,2891,2026-09-24,0
876,2891,2026-09-25,0
876,2891,2026-09-26,0
876,2891,2026-09-27,0
876,2891,2026-09-28,0
876,2891,2026-09-29,0
876,2891,2026-09-30,0
876,2891,2026-10-01,0
876,2891,2026-10-02,0
876,2891,2026-10-03,0
876,2891,2026-10-04,0
876,2891,2026-10-05,0
876,2891,2026-10-06,0
876,2891,2026-10-07,0
876,2891,2026-10-08,0
876,2891,2026-10-09,0
876,2891,2026-10-10,0
876,2891,2026-10-11,0
876,2891,2026-10-12,0
876,2891,2026-10-13,0
876,2891,2026-10-14,0
876,2892,2026-09-14,0
876,2892,2026-09-15,0
876,2892,2026-09-16,0
876,2892,2026-09-17,0
876,2892,2026-09-18,0
876,2892,2026-09-19,0
876,2892,2026-09-20,0
876,2892,2026-09-21,0
876,2892,2026-09-22,0
876,2892,2026-09-23,0
876,2892,2026-09-24,0
876,2892,2026-09-25,0
876,2892,2026-09-26,0
876,2892,2026-09-27,0
876,2892,2026-09-28,0
876,2892,2026-09-29,0
876,2892,2026-09-30,0
876,2892,2026-10-01,0
876,2892,2026-10-02,0
876,2892,2026-10-03,0
876,2892,2026-10-04,0
876,2892,2026-10-05,0
876,2892,2026-10-06,0
876,2892,2026-10-07,0
876,2892,2026-10-08,0
876,2892,2026-10-09,0
876,2892,2026-10-10,0
876,2892,2026-10-11,0
876,2892,2026-10-12,0
876,2892,2026-10-13,0
876,2892,2026-10-14,0
876,2893,2026-09-14,0
876,2893,2026-09-15,0
876,2893,2026-09-16,0
876,2893,2026-09-17,0
876,2893,2026-09-18,0
876,2893,2026-09-19,0
876,2893,2026-09-20,0
876,2893,2026-09-21,0
876,2893,2026-09-22,0
876,2893,2026-09-23,0
876,2893,2026-09-24,0
876,2893,2026-09-25,0
876,2893,2026-09-26,0
876,2893,2026-09-27,0
876,2893,2026-09-28,0
876,2893,2026-09-29,0
876,2893,2026-09-30,0
876,2893,2026-10-01,0
876,2893,2026-10-02,0
876,2893,2026-10-03,0
876,2893,2026-10-04,0
876,2893,2026-10-05,0
876,2893,2026-10-06,0
876,2893,2026-10-07,0
876,2893,2026-10-08,0
876,2893,2026-10-09,0
876,2893,2026-10-10,0
876,2893,2026-10-11,0
876,2893,2026-10-12,0
876,2893,2026-10-13,0
876,2893,2026-10-14,0
876,2894,2026-09-14,0
876,2894,2026-09-15,0
876,2894,2026-09-16,0
876,2894,2026-09-17,0
876,2894,2026-09-18,0
876,2894,2026-09-19,0
876,2894,2026-09-20,0
876,2894,2026-09-21,0
876,2894,2026-09-22,0
876,2894,2026-09-23,0
876,2894,2026-09-24,0
876,2894,2026-09-25,0
876,2894,2026-09-26,0
876,2894,2026-09-27,0
876,2894,2026-09-28,0
876,2894,2026-09-29,0
876,2894,2026-09-30,0
876,2894,2026-10-01,0
876,2894,2026-10-02,0
876,2894,2026-10-03,0
876,2894,2026-10-04,0
876,2894,2026-10-05,0
876,2894,2026-10-06,0
876,2894,2026-10-07,0
876,2894,2026-10-08,0
876,2894,2026-10-09,0
876,2894,2026-10-10,0
876,2894,2026-10-11,0
876,2894,2026-10-12,0
876,2894,2026-10-13,0
876,2894,2026-10-14,0
876,2895,2026-09-14,0
876,2895,2026-09-15,0
876,2895,2026-09-16,0
876,2895,2026-09-17,0
876,2895,2026-09-18,0
876,2895,2026-09-19,0
876,2895,2026-09-20,0
876,2895,2026-09-21,0
876,2895,2026-09-22,0
876,2895,2026-09-23,0
876,2895,2026-09-24,0
876,2895,2026-09-25,0
876,2895,2026-09-26,0
876,2895,2026-09-27,0
876,2895,2026-09-28,0
876,2895,2026-09-29,0
876,2895,2026-09-30,0
876,2895,2026-10-01,0
876,2895,2026-10-02,0
876,2895,2026-10-03,0
876,2895,2026-10-04,0
876,2895,2026-10-05,0
876,2895,2026-10-06,0
876,2895,2026-10-07,0
876,2895,2026-10-08,0
876,2895,2026-10-09,0
876,2895,2026-10-10,0
876,2895,2026-10-11,0
876,2895,2026-10-12,0
876,2895,2026-10-13,0
876,2895,2026-10-14,0
876,2896,2026-09-14,0
876,2896,2026-09-15,0
876,2896,2026-09-16,0
876,2896,2026-09-17,0
876,2896,2026-09-18,0
876,2896,2026-09-19,0
876,2896,2026-09-20,0
876,2896,2026-09-21,0
876,2896,2026-09-22,0
876,2896,2026-09-23,0
876,2896,2026-09-24,0
876,2896,2026-09-25,0
876,2896,2026-09-26,0
876,2896,2026-09-27,0
876,2896,2026-09-28,0
876,2896,2026-09-29,0
876,2896,2026-09-30,0
876,2896,2026-10-01,0
876,2896,2026-10-02,0
876,2896,2026-10-03,0
876,2896,2026-10-04,0
876,2896,2026-10-05,0
876,2896,2026-10-06,0
876,2896,2026-10-07,0
876,2896,2026-10-08,0
876,2896,2026-10-09,0
876,2896,2026-10-10,0
876,2896,2026-10-11,0
876,2896,2026-10-12,0
876,2896,2026-10-13,0
876,2896,2026-10-14,0
876,2897,2026-09-14,0
876,2897,2026-09-15,0
876,2897,2026-09-16,0
876,2897,2026-09-17,0
876,2897,2026-09-18,0
876,2897,2026-09-19,0
876,2897,2026-09-20,0
876,2897,2026-09-21,0
876,2897,2026-09-22,0
876,2897,2026-09-23,0
876,2897,2026-09-24,0
876,2897,2026-09-25,0
876,2897,2026-09-26,0
876,2897,2026-09-27,0
876,2897,2026-09-28,0
876,2897,2026-09-29,0
876,2897,2026-09-30,0
876,2897,2026-10-01,0
876,2897,2026-10-02,0
876,2897,2026-10-03,0
876,2897,2026-10-04,0
876,2897,2026-10-05,0
876,2897,2026-10-06,0
876,2897,2026-10-07,0
876,2897,2026-10-08,0
876,2897,2026-10-09,0
876,2897,2026-10-10,0
876,2897,2026-10-11,0
876,2897,2026-10-12,0
876,2897,2026-10-13,0
876,2897,2026-10-14,0
876,2898,2026-09-14,0
876,2898,2026-09-15,0
876,2898,2026-09-16,0
876,2898,2026-09-17,0
876,2898,2026-09-18,0
876,2898,2026-09-19,0
876,2898,2026-09-20,0
876,2898,2026-09-21,0
876,2898,2026-09-22,0
876,2898,2026-09-23,0
876,2898,2026-09-24,0
876,2898,2026-09-25,0
876,2898,2026-09-26,0
876,2898,2026-09-27,0
876,2898,2026-09-28,0
876,2898,2026-09-29,0
876,2898,2026-09-30,0
876,2898,2026-10-01,0
876,2898,2026-10-02,0
876,2898,2026-10-03,0
876,2898,2026-10-04,0
876,2898,2026-10-05,0
876,2898,2026-10-06,0
876,2898,2026-10-07,0
876,2898,2026-10-08,0
876,2898,2026-10-09,0
876,2898,2026-10-10,0
876,2898,2026-10-11,0
876,2898,2026-10-12,0
876,2898,2026-10-13,0
876,2898,2026-10-14,0
876,2899,2026-09-14,0
876,2899,2026-09-15,0
876,2899,2026-09-16,0
876,2899,2026-09-17,0
876,2899,2026-09-18,0
876,2899,2026-09-19,0
876,2899,2026-09-20,0
876,2899,2026-09-21,0
876,2899,2026-09-22,0
876,2899,2026-09-23,0
876,2899,2026-09-24,0
876,2899,2026-09-25,0
876,2899,2026-09-26,0
876,2899,2026-09-27,0
876,2899,2026-09-28,0
876,2899,2026-09-29,0
876,2899,2026-09-30,0
876,2899,2026-10-01,0
876,2899,2026-10-02,0
876,2899,2026-10-03,0
876,2899,2026-10-04,0
876,2899,2026-10-05,0
876,2899,2026-10-06,0
876,2899,2026-10-07,0
876,2899,2026-10-08,0
876,2899,2026-10-09,0
876,2899,2026-10-10,0
876,2899,2026-10-11,0
876,2899,2026-10-12,0
876,2899,2026-10-13,0
876,2899,2026-10-14,0
876,2900,2026-09-14,0
876,2900,2026-09-15,0
876,2900,2026-09-16,0
876,2900,2026-09-17,0
876,2900,2026-09-18,0
876,2900,2026-09-19,0
876,2900,2026-09-20,0
876,2900,2026-09-21,0
876,2900,2026-09-22,0
876,2900,2026-09-23,0
876,2900,2026-09-24,0
876,2900,2026-09-25,0
876,2900,2026-09-26,0
876,2900,2026-09-27,0
876,2900,2026-09-28,0
876,2900,2026-09-29,0
876,2900,2026-09-30,0
876,2900,2026-10-01,0
876,2900,2026-10-02,0
876,2900,2026-10-03,0
876,2900,2026-10-04,0
876,2900,2026-10-05,0
876,2900,2026-10-06,0
876,2900,2026-10-07,0
876,2900,2026-10-08,0
876,2900,2026-10-09,0
876,2900,2026-10-10,0
876,2900,2026-10-11,0
876,2900,2026-10-12,0
876,2900,2026-10-13,0
876,2900,2026-10-14,0
876,2901,2026-09-14,0
876,2901,2026-09-15,0
876,2901,2026-09-16,0
876,2901,2026-09-17,0
876,2901,2026-09-18,0
876,2901,2026-09-19,0
876,2901,2026-09-20,0
876,2901,2026-09-21,0
876,2901,2026-09-22,0
876,2901,2026-09-23,0
876,2901,2026-09-24,0
876,2901,2026-09-25,0
876,2901,2026-09-26,0
876,2901,2026-09-27,0
876,2901,2026-09-28,0
876,2901,2026-09-29,0
876,2901,2026-09-30,0
876,2901,2026-10-01,0
876,2901,2026-10-02,0
876,2901,2026-10-03,0
876,2901,2026-10-04,0
876,2901,2026-10-05,0
876,2901,2026-10-06,0
876,2901,2026-10-07,0
876,2901,2026-10-08,0
876,2901,2026-10-09,0
876,2901,2026-10-10,0
876,2901,2026-10-11,0
876,2901,2026-10-12,0
876,2901,2026-10-13,0
876,2901,2026-10-14,0
876,2902,2026-09-14,0
876,2902,2026-09-15,0
876,2902,2026-09-16,0
876,2902,2026-09-17,0
876,2902,2026-09-18,0
876,2902,2026-09-19,0
876,2902,2026-09-20,0
876,2902,2026-09-21,0
876,2902,2026-09-22,0
876,2902,2026-09-23,0
876,2902,2026-09-24,0
876,2902,2026-09-25,0
876,2902,2026-09-26,0
876,2902,2026-09-27,0
876,2902,2026-09-28,0
876,2902,2026-09-29,0
876,2902,2026-09-30,0
876,2902,2026-10-01,0
876,2902,2026-10-02,0
876,2902,2026-10-03,0
876,2902,2026-10-04,0
876,2902,2026-10-05,0
876,2902,2026-10-06,0
876,2902,2026-10-07,0
876,2902,2026-10-08,0
876,2902,2026-10-09,0
876,2902,2026-10-10,0
876,2902,2026-10-11,0
876,2902,2026-10-12,0
876,2902,2026-10-13,0
876,2902,2026-10-14,0
876,2888,2026-02-16,9
876,2888,2026-02-17,8
876,2888,2026-02-18,10
876,2888,2026-02-19,8
876,2888,2026-02-20,10
876,2888,2026-02-21,10
876,2888,2026-02-22,6
876,2888,2026-02-23,10
876,2888,2026-02-24,10
876,2888,2026-02-25,10
876,2888,2026-02-26,10
876,2888,2026-02-27,10
876,2888,2026-02-28,10
876,2888,2026-03-01,10
876,2888,2026-03-02,10
876,2888,2026-03-03,9
876,2888,2026-03-04,10
876,2888,2026-03-05,7
876,2888,2026-03-06,10
876,2888,2026-03-07,1
876,2888,2026-03-08,10
876,2888,2026-03-09,10
876,2888,2026-03-10,4
876,2888,2026-03-11,10
876,2888,2026-03-12,10
876,2888,2026-03-13,8
876,2888,2026-03-14,10
876,2888,2026-03-15,9
876,2888,2026-03-16,10
876,2888,2026-03-17,10
876,2888,2026-03-18,10
876,2889,2026-02-16,19
876,2889,2026-02-17,20
876,2889,2026-02-18,18
876,2889,2026-02-19,20
876,2889,2026-02-20,18
876,2889,2026-02-21,20
876,2889,2026-02-22,20
876,2889,2026-02-23,20
876,2889,2026-02-24,19
876,2889,2026-02-25,20
876,2889,2026-02-26,20
876,2889,2026-02-27,20
876,2889,2026-02-28,20
876,2889,2026-03-01,20
876,2889,2026-03-02,20
876,2889,2026-03-03,18
876,2889,2026-03-04,17
876,2889,2026-03-05,20
876,2889,2026-03-06,20
876,2889,2026-03-07,20
876,2889,2026-03-08,20
876,2889,2026-03-09,13
876,2889,2026-03-10,20
876,2889,2026-03-11,17
876,2889,2026-03-12,18
876,2889,2026-03-13,20
876,2889,2026-03-14,20
876,2889,2026-03-15,20
876,2889,2026-03-16,20
876,2889,2026-03-17,17
876,2889,2026-03-18,20
876,2890,2026-02-16,15
876,2890,2026-02-17,10
876,2890,2026-02-18,7
876,2890,2026-02-19,11
876,2890,2026-02-20,14
876,2890,2026-02-21,10
876,2890,2026-02-22,6
876,2890,2026-02-23,16
876,2890,2026-02-24,13
876,2890,2026-02-25,16
876,2890,2026-02-26,14
876,2890,2026-02-27,15
876,2890,2026-02-28,11
876,2890,2026-03-01,13
876,2890,2026-03-02,12
876,2890,2026-03-03,16
876,2890,2026-03-04,8
876,2890,2026-03-05,14
876,2890,2026-03-06,13
876,2890,2026-03-07,14
876,2890,2026-03-08,14
876,2890,2026-03-09,14
876,2890,2026-03-10,14
876,2890,2026-03-11,13
876,2890,2026-03-12,11
876,2890,2026-03-13,16
876,2890,2026-03-14,9
876,2890,2026-03-15,16
876,2890,2026-03-16,7
876,2890,2026-03-17,14
876,2890,2026-03-18,14
876,2891,2026-02-16,10
876,2891,2026-02-17,9
876,2891,2026-02-18,10
876,2891,2026-02-19,8
876,2891,2026-02-20,6
876,2891,2026-02-21,8
876,2891,2026-02-22,10
876,2891,2026-02-23,6
876,2891,2026-02-24,10
876,2891,2026-02-25,10
876,2891,2026-02-26,10
876,2891,2026-02-27,10
876,2891,2026-02-28,8
876,2891,2026-03-01,10
876,2891,2026-03-02,10
876,2891,2026-03-03,10
876,2891,2026-03-04,6
876,2891,2026-03-05,10
876,2891,2026-03-06,7
876,2891,2026-03-07,10
876,2891,2026-03-08,10
876,2891,2026-03-09,9
876,2891,2026-03-10,8
876,2891,2026-03-11,10
876,2891,2026-03-12,9
876,2891,2026-03-13,5
876,2891,2026-03-14,10
876,2891,2026-03-15,10
876,2891,2026-03-16,9
876,2891,2026-03-17,10
876,2891,2026-03-18,10
876,2892,2026-02-16,8
876,2892,2026-02-17,8
876,2892,2026-02-18,8
876,2892,2026-02-19,8
876,2892,2026-02-20,7
876,2892,2026-02-21,6
876,2892,2026-02-22,5
876,2892,2026-02-23,8
876,2892,2026-02-24,8
876,2892,2026-02-25,8
876,2892,2026-02-26,8
876,2892,2026-02-27,6
876,2892,2026-02-28,8
876,2892,2026-03-01,3
876,2892,2026-03-02,8
876,2892,2026-03-03,8
876,2892,2026-03-04,4
876,2892,2026-03-05,8
876,2892,2026-03-06,2
876,2892,2026-03-07,4
876,2892,2026-03-08,8
876,2892,2026-03-09,0
876,2892,2026-03-10,8
876,2892,2026-03-11,1
876,2892,2026-03-12,4
876,2892,2026-03-13,0
876,2892,2026-03-14,3
876,2892,2026-03-15,4
876,2892,2026-03-16,8
876,2892,2026-03-17,8
876,2892,2026-03-18,2
876,2893,2026-02-16,35
876,2893,2026-02-17,40
876,2893,2026-02-18,38
876,2893,2026-02-19,37
876,2893,2026-02-20,34
876,2893,2026-02-21,36
876,2893,2026-02-22,27
876,2893,2026-02-23,37
876,2893,2026-02-24,36
876,2893,2026-02-25,37
876,2893,2026-02-26,36
876,2893,2026-02-27,34
876,2893,2026-02-28,38
876,2893,2026-03-01,39
876,2893,2026-03-02,33
876,2893,2026-03-03,31
876,2893,2026-03-04,32
876,2893,2026-03-05,33
876,2893,2026-03-06,35
876,2893,2026-03-07,39
876,2893,2026-03-08,35
876,2893,2026-03-09,37
876,2893,2026-03-10,38
876,2893,2026-03-11,32
876,2893,2026-03-12,37
876,2893,2026-03-13,34
876,2893,2026-03-14,30
876,2893,2026-03-15,36
876,2893,2026-03-16,40
876,2893,2026-03-17,21
876,2893,2026-03-18,38
876,2894,2026-02-16,6
876,2894,2026-02-17,2
876,2894,2026-02-18,1
876,2894,2026-02-19,8
876,2894,2026-02-20,2
876,2894,2026-02-21,10
876,2894,2026-02-22,2
876,2894,2026-02-23,2
876,2894,2026-02-24,12
876,2894,2026-02-25,9
876,2894,2026-02-26,7
876,2894,2026-02-27,3
876,2894,2026-02-28,7
876,2894,2026-03-01,7
876,2894,2026-03-02,0
876,2894,2026-03-03,2
876,2894,2026-03-04,6
876,2894,2026-03-05,5
876,2894,2026-03-06,6
876,2894,2026-03-07,0
876,2894,2026-03-08,5
876,2894,2026-03-09,5
876,2894,2026-03-10,1
876,2894,2026-03-11,9
876,2894,2026-03-12,7
876,2894,2026-03-13,4
876,2894,2026-03-14,2
876,2894,2026-03-15,4
876,2894,2026-03-16,5
876,2894,2026-03-17,3
876,2894,2026-03-18,1
876,2895,2026-02-16,7
876,2895,2026-02-17,4
876,2895,2026-02-18,6
876,2895,2026-02-19,7
876,2895,2026-02-20,3
876,2895,2026-02-21,0
876,2895,2026-02-22,6
876,2895,2026-02-23,6
876,2895,2026-02-24,7
876,2895,2026-02-25,4
876,2895,2026-02-26,3
876,2895,2026-02-27,4
876,2895,2026-02-28,10
876,2895,2026-03-01,10
876,2895,2026-03-02,0
876,2895,2026-03-03,3
876,2895,2026-03-04,10
876,2895,2026-03-05,5
876,2895,2026-03-06,8
876,2895,2026-03-07,6
876,2895,2026-03-08,5
876,2895,2026-03-09,5
876,2895,2026-03-10,3
876,2895,2026-03-11,1
876,2895,2026-03-12,4
876,2895,2026-03-13,0
876,2895,2026-03-14,2
876,2895,2026-03-15,2
876,2895,2026-03-16,2
876,2895,2026-03-17,3
876,2895,2026-03-18,3
876,2896,2026-02-16,6
876,2896,2026-02-17,0
876,2896,2026-02-18,5
876,2896,2026-02-19,2
876,2896,2026-02-20,3
876,2896,2026-02-21,1
876,2896,2026-02-22,1
876,2896,2026-02-23,4
876,2896,2026-02-24,4
876,2896,2026-02-25,7
876,2896,2026-02-26,4
876,2896,2026-02-27,6
876,2896,2026-02-28,4
876,2896,2026-03-01,1
876,2896,2026-03-02,0
876,2896,2026-03-03,0
876,2896,2026-03-04,0
876,2896,2026-03-05,1
876,2896,2026-03-06,2
876,2896,2026-03-07,2
876,2896,2026-03-08,3
876,2896,2026-03-09,0
876,2896,2026-03-10,3
876,2896,2026-03-11,0
876,2896,2026-03-12,7
876,2896,2026-03-13,0
876,2896,2026-03-14,2
876,2896,2026-03-15,4
876,2896,2026-03-16,0
876,2896,2026-03-17,2
876,2896,2026-03-18,1
876,2897,2026-02-16,9
876,2897,2026-02-17,10
876,2897,2026-02-18,10
876,2897,2026-02-19,10
876,2897,2026-02-20,10
876,2897,2026-02-21,9
876,2897,2026-02-22,10
876,2897,2026-02-23,10
876,2897,2026-02-24,10
876,2897,2026-02-25,9
876,2897,2026-02-26,10
876,2897,2026-02-27,10
876,2897,2026-02-28,10
876,2897,2026-03-01,10
876,2897,2026-03-02,10
876,2897,2026-03-03,10
876,2897,2026-03-04,10
876,2897,2026-03-05,10
876,2897,2026-03-06,10
876,2897,2026-03-07,10
876,2897,2026-03-08,10
876,2897,2026-03-09,8
876,2897,2026-03-10,10
876,2897,2026-03-11,10
876,2897,2026-03-12,10
876,2897,2026-03-13,10
876,2897,2026-03-14,10
876,2897,2026-03-15,10
876,2897,2026-03-16,10
876,2897,2026-03-17,10
876,2897,2026-03-18,10
876,2898,2026-02-16,4
876,2898,2026-02-17,9
876,2898,2026-02-18,5
876,2898,2026-02-19,1
876,2898,2026-02-20,4
876,2898,2026-02-21,5
876,2898,2026-02-22,4
876,2898,2026-02-23,10
876,2898,2026-02-24,5
876,2898,2026-02-25,3
876,2898,2026-02-26,7
876,2898,2026-02-27,9
876,2898,2026-02-28,7
876,2898,2026-03-01,4
876,2898,2026-03-02,3
876,2898,2026-03-03,10
876,2898,2026-03-04,5
876,2898,2026-03-05,10
876,2898,2026-03-06,6
876,2898,2026-03-07,8
876,2898,2026-03-08,2
876,2898,2026-03-09,8
876,2898,2026-03-10,7
876,2898,2026-03-11,6
876,2898,2026-03-12,0
876,2898,2026-03-13,8
876,2898,2026-03-14,10
876,2898,2026-03-15,0
876,2898,2026-03-16,3
876,2898,2026-03-17,7
876,2898,2026-03-18,7
876,2899,2026-02-16,9
876,2899,2026-02-17,10
876,2899,2026-02-18,9
876,2899,2026-02-19,8
876,2899,2026-02-20,8
876,2899,2026-02-21,10
876,2899,2026-02-22,10
876,2899,2026-02-23,6
876,2899,2026-02-24,10
876,2899,2026-02-25,10
876,2899,2026-02-26,9
876,2899,2026-02-27,10
876,2899,2026-02-28,10
876,2899,2026-03-01,7
876,2899,2026-03-02,10
876,2899,2026-03-03,9
876,2899,2026-03-04,10
876,2899,2026-03-05,10
876,2899,2026-03-06,3
876,2899,2026-03-07,10
876,2899,2026-03-08,10
876,2899,2026-03-09,6
876,2899,2026-03-10,4
876,2899,2026-03-11,8
876,2899,2026-03-12,2
876,2899,2026-03-13,8
876,2899,2026-03-14,10
876,2899,2026-03-15,8
876,2899,2026-03-16,5
876,2899,2026-03-17,10
876,2899,2026-03-18,10
876,2900,2026-02-16,1
876,2900,2026-02-17,7
876,2900,2026-02-18,2
876,2900,2026-02-19,3
876,2900,2026-02-20,7
876,2900,2026-02-21,3
876,2900,2026-02-22,9
876,2900,2026-02-23,2
876,2900,2026-02-24,2
876,2900,2026-02-25,6
876,2900,2026-02-26,11
876,2900,2026-02-27,11
876,2900,2026-02-28,8
876,2900,2026-03-01,14
876,2900,2026-03-02,8
876,2900,2026-03-03,0
876,2900,2026-03-04,8
876,2900,2026-03-05,5
876,2900,2026-03-06,12
876,2900,2026-03-07,8
876,2900,2026-03-08,1
876,2900,2026-03-09,9
876,2900,2026-03-10,0
876,2900,2026-03-11,7
876,2900,2026-03-12,0
876,2900,2026-03-13,8
876,2900,2026-03-14,1
876,2900,2026-03-15,5
876,2900,2026-03-16,8
876,2900,2026-03-17,4
876,2900,2026-03-18,0
876,2901,2026-02-16,20
876,2901,2026-02-17,20
876,2901,2026-02-18,20
876,2901,2026-02-19,20
876,2901,2026-02-20,20
876,2901,2026-02-21,14
876,2901,2026-02-22,19
876,2901,2026-02-23,18
876,2901,2026-02-24,20
876,2901,2026-02-25,20
876,2901,2026-02-26,19
876,2901,2026-02-27,20
876,2901,2026-02-28,20
876,2901,2026-03-01,20
876,2901,2026-03-02,20
876,2901,2026-03-03,20
876,2901,2026-03-04,19
876,2901,2026-03-05,18
876,2901,2026-03-06,20
876,2901,2026-03-07,20
876,2901,2026-03-08,20
876,2901,2026-03-09,20
876,2901,2026-03-10,20
876,2901,2026-03-11,20
876,2901,2026-03-12,20
876,2901,2026-03-13,19
876,2901,2026-03-14,20
876,2901,2026-03-15,17
876,2901,2026-03-16,20
876,2901,2026-03-17,20
876,2901,2026-03-18,13
876,2902,2026-02-16,1
876,2902,2026-02-17,5
876,2902,2026-02-18,0
876,2902,2026-02-19,6
876,2902,2026-02-20,1
876,2902,2026-02-21,2
876,2902,2026-02-22,5
876,2902,2026-02-23,5
876,2902,2026-02-24,4
876,2902,2026-02-25,8
876,2902,2026-02-26,5
876,2902,2026-02-27,8
876,2902,2026-02-28,4
876,2902,2026-03-01,1
876,2902,2026-03-02,2
876,2902,2026-03-03,3
876,2902,2026-03-04,1
876,2902,2026-03-05,4
876,2902,2026-03-06,4
876,2902,2026-03-07,0
876,2902,2026-03-08,4
876,2902,2026-03-09,1
876,2902,2026-03-10,9
876,2902,2026-03-11,1
876,2902,2026-03-12,1
876,2902,2026-03-13,0
876,2902,2026-03-14,2
876,2902,2026-03-15,0
876,2902,2026-03-16,1
876,2902,2026-03-17,0
876,2902,2026-03-18,14
876,2888,2026-11-13,0
876,2888,2026-11-14,0
876,2888,2026-11-15,0
876,2888,2026-11-16,0
876,2888,2026-11-17,0
876,2888,2026-11-18,0
876,2888,2026-11-19,0
876,2888,2026-11-20,0
876,2888,2026-11-21,0
876,2888,2026-11-22,0
876,2888,2026-11-23,0
876,2888,2026-11-24,0
876,2888,2026-11-25,0
876,2888,2026-11-26,0
876,2888,2026-11-27,0
876,2888,2026-11-28,0
876,2888,2026-11-29,0
876,2888,2026-11-30,0
876,2888,2026-12-01,0
876,2888,2026-12-02,0
876,2888,2026-12-03,0
876,2888,2026-12-04,0
876,2888,2026-12-05,0
876,2888,2026-12-06,0
876,2888,2026-12-07,0
876,2888,2026-12-08,0
876,2888,2026-12-09,0
876,2888,2026-12-10,0
876,2888,2026-12-11,0
876,2888,2026-12-12,0
876,2888,2026-12-13,0
876,2889,2026-11-13,0
876,2889,2026-11-14,0
876,2889,2026-11-15,0
876,2889,2026-11-16,0
876,2889,2026-11-17,0
876,2889,2026-11-18,0
876,2889,2026-11-19,0
876,2889,2026-11-20,0
876,2889,2026-11-21,0
876,2889,2026-11-22,0
876,2889,2026-11-23,0
876,2889,2026-11-24,0
876,2889,2026-11-25,0
876,2889,2026-11-26,0
876,2889,2026-11-27,0
876,2889,2026-11-28,0
876,2889,2026-11-29,0
876,2889,2026-11-30,0
876,2889,2026-12-01,0
876,2889,2026-12-02,0
876,2889,2026-12-03,0
876,2889,2026-12-04,0
876,2889,2026-12-05,0
876,2889,2026-12-06,0
876,2889,2026-12-07,0
876,2889,2026-12-08,0
876,2889,2026-12-09,0
876,2889,2026-12-10,0
876,2889,2026-12-11,0
876,2889,2026-12-12,0
876,2889,2026-12-13,0
876,2890,2026-11-13,0
876,2890,2026-11-14,0
876,2890,2026-11-15,0
876,2890,2026-11-16,0
876,2890,2026-11-17,0
876,2890,2026-11-18,0
876,2890,2026-11-19,0
876,2890,2026-11-20,0
876,2890,2026-11-21,0
876,2890,2026-11-22,0
876,2890,2026-11-23,0
876,2890,2026-11-24,0
876,2890,2026-11-25,0
876,2890,2026-11-26,0
876,2890,2026-11-27,0
876,2890,2026-11-28,0
876,2890,2026-11-29,0
876,2890,2026-11-30,0
876,2890,2026-12-01,0
876,2890,2026-12-02,0
876,2890,2026-12-03,0
876,2890,2026-12-04,0
876,2890,2026-12-05,0
876,2890,2026-12-06,0
876,2890,2026-12-07,0
876,2890,2026-12-08,0
876,2890,2026-12-09,0
876,2890,2026-12-10,0
876,2890,2026-12-11,0
876,2890,2026-12-12,0
876,2890,2026-12-13,0
876,2891,2026-11-13,0
876,2891,2026-11-14,0
876,2891,2026-11-15,0
876,2891,2026-11-16,0
876,2891,2026-11-17,0
876,2891,2026-11-18,0
876,2891,2026-11-19,0
876,2891,2026-11-20,0
876,2891,2026-11-21,0
876,2891,2026-11-22,0
876,2891,2026-11-23,0
876,2891,2026-11-24,0
876,2891,2026-11-25,0
876,2891,2026-11-26,0
876,2891,2026-11-27,0
876,2891,2026-11-28,0
876,2891,2026-11-29,0
876,2891,2026-11-30,0
876,2891,2026-12-01,0
876,2891,2026-12-02,0
876,2891,2026-12-03,0
876,2891,2026-12-04,0
876,2891,2026-12-05,0
876,2891,2026-12-06,0
876,2891,2026-12-07,0
876,2891,2026-12-08,0
876,2891,2026-12-09,0
876,2891,2026-12-10,0
876,2891,2026-12-11,0
876,2891,2026-12-12,0
876,2891,2026-12-13,0
876,2892,2026-11-13,0
876,2892,2026-11-14,0
876,2892,2026-11-15,0
876,2892,2026-11-16,0
876,2892,2026-11-17,0
876,2892,2026-11-18,0
876,2892,2026-11-19,0
876,2892,2026-11-20,0
876,2892,2026-11-21,0
876,2892,2026-11-22,0
876,2892,2026-11-23,0
876,2892,2026-11-24,0
876,2892,2026-11-25,0
876,2892,2026-11-26,0
876,2892,2026-11-27,0
876,2892,2026-11-28,0
876,2892,2026-11-29,0
876,2892,2026-11-30,0
876,2892,2026-12-01,0
876,2892,2026-12-02,0
876,2892,2026-12-03,0
876,2892,2026-12-04,0
876,2892,2026-12-05,0
876,2892,2026-12-06,0
876,2892,2026-12-07,0
876,2892,2026-12-08,0
876,2892,2026-12-09,0
876,2892,2026-12-10,0
876,2892,2026-12-11,0
876,2892,2026-12-12,0
876,2892,2026-12-13,0
876,2893,2026-11-13,0
876,2893,2026-11-14,0
876,2893,2026-11-15,0
876,2893,2026-11-16,0
876,2893,2026-11-17,0
876,2893,2026-11-18,0
876,2893,2026-11-19,0
876,2893,2026-11-20,0
876,2893,2026-11-21,0
876,2893,2026-11-22,0
876,2893,2026-11-23,0
876,2893,2026-11-24,0
876,2893,2026-11-25,0
876,2893,2026-11-26,0
876,2893,2026-11-27,0
876,2893,2026-11-28,0
876,2893,2026-11-29,0
876,2893,2026-11-30,0
876,2893,2026-12-01,0
876,2893,2026-12-02,0
876,2893,2026-12-03,0
876,2893,2026-12-04,0
876,2893,2026-12-05,0
876,2893,2026-12-06,0
876,2893,2026-12-07,0
876,2893,2026-12-08,0
876,2893,2026-12-09,0
876,2893,2026-12-10,0
876,2893,2026-12-11,0
876,2893,2026-12-12,0
876,2893,2026-12-13,0
876,2894,2026-11-13,0
876,2894,2026-11-14,0
876,2894,2026-11-15,0
876,2894,2026-11-16,0
876,2894,2026-11-17,0
876,2894,2026-11-18,0
876,2894,2026-11-19,0
876,2894,2026-11-20,0
876,2894,2026-11-21,0
876,2894,2026-11-22,0
876,2894,2026-11-23,0
876,2894,2026-11-24,0
876,2894,2026-11-25,0
876,2894,2026-11-26,0
876,2894,2026-11-27,0
876,2894,2026-11-28,0
876,2894,2026-11-29,0
876,2894,2026-11-30,0
876,2894,2026-12-01,0
876,2894,2026-12-02,0
876,2894,2026-12-03,0
876,2894,2026-12-04,0
876,2894,2026-12-05,0
876,2894,2026-12-06,0
876,2894,2026-12-07,0
876,2894,2026-12-08,0
876,2894,2026-12-09,0
876,2894,2026-12-10,0
876,2894,2026-12-11,0
876,2894,2026-12-12,0
876,2894,2026-12-13,0
876,2895,2026-11-13,0
876,2895,2026-11-14,0
876,2895,2026-11-15,0
876,2895,2026-11-16,0
876,2895,2026-11-17,0
876,2895,2026-11-18,0
876,2895,2026-11-19,0
876,2895,2026-11-20,0
876,2895,2026-11-21,0
876,2895,2026-11-22,0
876,2895,2026-11-23,0
876,2895,2026-11-24,0
876,2895,2026-11-25,0
876,2895,2026-11-26,0
876,2895,2026-11-27,0
876,2895,2026-11-28,0
876,2895,2026-11-29,0
876,2895,2026-11-30,0
876,2895,2026-12-01,0
876,2895,2026-12-02,0
876,2895,2026-12-03,0
876,2895,2026-12-04,0
876,2895,2026-12-05,0
876,2895,2026-12-06,0
876,2895,2026-12-07,0
876,2895,2026-12-08,0
876,2895,2026-12-09,0
876,2895,2026-12-10,0
876,2895,2026-12-11,0
876,2895,2026-12-12,0
876,2895,2026-12-13,0
876,2896,2026-11-13,0
876,2896,2026-11-14,0
876,2896,2026-11-15,0
876,2896,2026-11-16,0
876,2896,2026-11-17,0
876,2896,2026-11-18,0
876,2896,2026-11-19,0
876,2896,2026-11-20,0
876,2896,2026-11-21,0
876,2896,2026-11-22,0
876,2896,2026-11-23,0
876,2896,2026-11-24,0
876,2896,2026-11-25,0
876,2896,2026-11-26,0
876,2896,2026-11-27,0
876,2896,2026-11-28,0
876,2896,2026-11-29,0
876,2896,2026-11-30,0
876,2896,2026-12-01,0
876,2896,2026-12-02,0
876,2896,2026-12-03,0
876,2896,2026-12-04,0
876,2896,2026-12-05,0
876,2896,2026-12-06,0
876,2896,2026-12-07,0
876,2896,2026-12-08,0
876,2896,2026-12-09,0
876,2896,2026-12-10,0
876,2896,2026-12-11,0
876,2896,2026-12-12,0
876,2896,2026-12-13,0
876,2897,2026-11-13,0
876,2897,2026-11-14,0
876,2897,2026-11-15,0
876,2897,2026-11-16,0
876,2897,2026-11-17,0
876,2897,2026-11-18,0
876,2897,2026-11-19,0
876,2897,2026-11-20,0
876,2897,2026-11-21,0
876,2897,2026-11-22,0
876,2897,2026-11-23,0
876,2897,2026-11-24,0
876,2897,2026-11-25,0
876,2897,2026-11-26,0
876,2897,2026-11-27,0
876,2897,2026-11-28,0
876,2897,2026-11-29,0
876,2897,2026-11-30,0
876,2897,2026-12-01,0
876,2897,2026-12-02,0
876,2897,2026-12-03,0
876,2897,2026-12-04,0
876,2897,2026-12-05,0
876,2897,2026-12-06,0
876,2897,2026-12-07,0
876,2897,2026-12-08,0
876,2897,2026-12-09,0
876,2897,2026-12-10,0
876,2897,2026-12-11,0
876,2897,2026-12-12,0
876,2897,2026-12-13,0
876,2898,2026-11-13,0
876,2898,2026-11-14,0
876,2898,2026-11-15,0
876,2898,2026-11-16,0
876,2898,2026-11-17,0
876,2898,2026-11-18,0
876,2898,2026-11-19,0
876,2898,2026-11-20,0
876,2898,2026-11-21,0
876,2898,2026-11-22,0
876,2898,2026-11-23,0
876,2898,2026-11-24,0
876,2898,2026-11-25,0
876,2898,2026-11-26,0
876,2898,2026-11-27,0
876,2898,2026-11-28,0
876,2898,2026-11-29,0
876,2898,2026-11-30,0
876,2898,2026-12-01,0
876,2898,2026-12-02,0
876,2898,2026-12-03,0
876,2898,2026-12-04,0
876,2898,2026-12-05,0
876,2898,2026-12-06,0
876,2898,2026-12-07,0
876,2898,2026-12-08,0
876,2898,2026-12-09,0
876,2898,2026-12-10,0
876,2898,2026-12-11,0
876,2898,2026-12-12,0
876,2898,2026-12-13,0
876,2899,2026-11-13,0
876,2899,2026-11-14,0
876,2899,2026-11-15,0
876,2899,2026-11-16,0
876,2899,2026-11-17,0
876,2899,2026-11-18,0
876,2899,2026-11-19,0
876,2899,2026-11-20,0
876,2899,2026-11-21,0
876,2899,2026-11-22,0
876,2899,2026-11-23,0
876,2899,2026-11-24,0
876,2899,2026-11-25,0
876,2899,2026-11-26,0
876,2899,2026-11-27,0
876,2899,2026-11-28,0
876,2899,2026-11-29,0
876,2899,2026-11-30,0
876,2899,2026-12-01,0
876,2899,2026-12-02,0
876,2899,2026-12-03,0
876,2899,2026-12-04,0
876,2899,2026-12-05,0
876,2899,2026-12-06,0
876,2899,2026-12-07,0
876,2899,2026-12-08,0
876,2899,2026-12-09,0
876,2899,2026-12-10,0
876,2899,2026-12-11,0
876,2899,2026-12-12,0
876,2899,2026-12-13,0
876,2900,2026-11-13,0
876,2900,2026-11-14,0
876,2900,2026-11-15,0
876,2900,2026-11-16,0
876,2900,2026-11-17,0
876,2900,2026-11-18,0
876,2900,2026-11-19,0
876,2900,2026-11-20,0
876,2900,2026-11-21,0
876,2900,2026-11-22,0
876,2900,2026-11-23,0
876,2900,2026-11-24,0
876,2900,2026-11-25,0
876,2900,2026-11-26,0
876,2900,2026-11-27,0
876,2900,2026-11-28,0
876,2900,2026-11-29,0
876,2900,2026-11-30,0
876,2900,2026-12-01,0
876,2900,2026-12-02,0
876,2900,2026-12-03,0
876,2900,2026-12-04,0
876,2900,2026-12-05,0
876,2900,2026-12-06,0
876,2900,2026-12-07,0
876,2900,2026-12-08,0
876,2900,2026-12-09,0
876,2900,2026-12-10,0
876,2900,2026-12-11,0
876,2900,2026-12-12,0
876,2900,2026-12-13,0
876,2901,2026-11-13,0
876,2901,2026-11-14,0
876,2901,2026-11-15,0
876,2901,2026-11-16,0
876,2901,2026-11-17,0
876,2901,2026-11-18,0
876,2901,2026-11-19,0
876,2901,2026-11-20,0
876,2901,2026-11-21,0
876,2901,2026-11-22,0
876,2901,2026-11-23,0
876,2901,2026-11-24,0
876,2901,2026-11-25,0
876,2901,2026-11-26,0
876,2901,2026-11-27,0
876,2901,2026-11-28,0
876,2901,2026-11-29,0
876,2901,2026-11-30,0
876,2901,2026-12-01,0
876,2901,2026-12-02,0
876,2901,2026-12-03,0
876,2901,2026-12-04,0
876,2901,2026-12-05,0
876,2901,2026-12-06,0
876,2901,2026-12-07,0
876,2901,2026-12-08,0
876,2901,2026-12-09,0
876,2901,2026-12-10,0
876,2901,2026-12-11,0
876,2901,2026-12-12,0
876,2901,2026-12-13,0
876,2902,2026-11-13,0
876,2902,2026-11-14,0
876,2902,2026-11-15,0
876,2902,2026-11-16,0
876,2902,2026-11-17,0
876,2902,2026-11-18,0
876,2902,2026-11-19,0
876,2902,2026-11-20,0
876,2902,2026-11-21,0
876,2902,2026-11-22,0
876,2902,2026-11-23,0
876,2902,2026-11-24,0
876,2902,2026-11-25,0
876,2902,2026-11-26,0
876,2902,2026-11-27,0
876,2902,2026-11-28,0
876,2902,2026-11-29,0
876,2902,2026-11-30,0
876,2902,2026-12-01,0
876,2902,2026-12-02,0
876,2902,2026-12-03,0
876,2902,2026-12-04,0
876,2902,2026-12-05,0
876,2902,2026-12-06,0
876,2902,2026-12-07,0
876,2902,2026-12-08,0
876,2902,2026-12-09,0
876,2902,2026-12-10,0
876,2902,2026-12-11,0
876,2902,2026-12-12,0
876,2902,2026-12-13,0
876,2888,2026-12-13,0
876,2888,2026-12-14,0
876,2888,2026-12-15,0
876,2888,2026-12-16,0
876,2888,2026-12-17,0
876,2888,2026-12-18,0
876,2888,2026-12-19,0
876,2888,2026-12-20,0
876,2888,2026-12-21,0
876,2888,2026-12-22,0
876,2888,2026-12-23,0
876,2888,2026-12-24,0
876,2888,2026-12-25,0
876,2888,2026-12-26,0
876,2888,2026-12-27,0
876,2888,2026-12-28,0
876,2888,2026-12-29,0
876,2888,2026-12-30,0
876,2888,2026-12-31,0
876,2888,2027-01-01,0
876,2888,2027-01-02,0
876,2888,2027-01-03,0
876,2888,2027-01-04,0
876,2888,2027-01-05,0
876,2888,2027-01-06,0
876,2888,2027-01-07,0
876,2888,2027-01-08,0
876,2888,2027-01-09,0
876,2888,2027-01-10,0
876,2888,2027-01-11,0
876,2888,2027-01-12,0
876,2889,2026-12-13,0
876,2889,2026-12-14,0
876,2889,2026-12-15,0
876,2889,2026-12-16,0
876,2889,2026-12-17,0
876,2889,2026-12-18,0
876,2889,2026-12-19,0
876,2889,2026-12-20,0
876,2889,2026-12-21,0
876,2889,2026-12-22,0
876,2889,2026-12-23,0
876,2889,2026-12-24,0
876,2889,2026-12-25,0
876,2889,2026-12-26,0
876,2889,2026-12-27,0
876,2889,2026-12-28,0
876,2889,2026-12-29,0
876,2889,2026-12-30,0
876,2889,2026-12-31,0
876,2889,2027-01-01,0
876,2889,2027-01-02,0
876,2889,2027-01-03,0
876,2889,2027-01-04,0
876,2889,2027-01-05,0
876,2889,2027-01-06,0
876,2889,2027-01-07,0
876,2889,2027-01-08,0
876,2889,2027-01-09,0
876,2889,2027-01-10,0
876,2889,2027-01-11,0
876,2889,2027-01-12,0
876,2890,2026-12-13,0
876,2890,2026-12-14,0
876,2890,2026-12-15,0
876,2890,2026-12-16,0
876,2890,2026-12-17,0
876,2890,2026-12-18,0
876,2890,2026-12-19,0
876,2890,2026-12-20,0
876,2890,2026-12-21,0
876,2890,2026-12-22,0
876,2890,2026-12-23,0
876,2890,2026-12-24,0
876,2890,2026-12-25,0
876,2890,2026-12-26,0
876,2890,2026-12-27,0
876,2890,2026-12-28,0
876,2890,2026-12-29,0
876,2890,2026-12-30,0
876,2890,2026-12-31,0
876,2890,2027-01-01,0
876,2890,2027-01-02,0
876,2890,2027-01-03,0
876,2890,2027-01-04,0
876,2890,2027-01-05,0
876,2890,2027-01-06,0
876,2890,2027-01-07,0
876,2890,2027-01-08,0
876,2890,2027-01-09,0
876,2890,2027-01-10,0
876,2890,2027-01-11,0
876,2890,2027-01-12,0
876,2891,2026-12-13,0
876,2891,2026-12-14,0
876,2891,2026-12-15,0
876,2891,2026-12-16,0
876,2891,2026-12-17,0
876,2891,2026-12-18,0
876,2891,2026-12-19,0
876,2891,2026-12-20,0
876,2891,2026-12-21,0
876,2891,2026-12-22,0
876,2891,2026-12-23,0
876,2891,2026-12-24,0
876,2891,2026-12-25,0
876,2891,2026-12-26,0
876,2891,2026-12-27,0
876,2891,2026-12-28,0
876,2891,2026-12-29,0
876,2891,2026-12-30,0
876,2891,2026-12-31,0
876,2891,2027-01-01,0
876,2891,2027-01-02,0
876,2891,2027-01-03,0
876,2891,2027-01-04,0
876,2891,2027-01-05,0
876,2891,2027-01-06,0
876,2891,2027-01-07,0
876,2891,2027-01-08,0
876,2891,2027-01-09,0
876,2891,2027-01-10,0
876,2891,2027-01-11,0
876,2891,2027-01-12,0
876,2892,2026-12-13,0
876,2892,2026-12-14,0
876,2892,2026-12-15,0
876,2892,2026-12-16,0
876,2892,2026-12-17,0
876,2892,2026-12-18,0
876,2892,2026-12-19,0
876,2892,2026-12-20,0
876,2892,2026-12-21,0
876,2892,2026-12-22,0
876,2892,2026-12-23,0
876,2892,2026-12-24,0
876,2892,2026-12-25,0
876,2892,2026-12-26,0
876,2892,2026-12-27,0
876,2892,2026-12-28,0
876,2892,2026-12-29,0
876,2892,2026-12-30,0
876,2892,2026-12-31,0
876,2892,2027-01-01,0
876,2892,2027-01-02,0
876,2892,2027-01-03,0
876,2892,2027-01-04,0
876,2892,2027-01-05,0
876,2892,2027-01-06,0
876,2892,2027-01-07,0
876,2892,2027-01-08,0
876,2892,2027-01-09,0
876,2892,2027-01-10,0
876,2892,2027-01-11,0
876,2892,2027-01-12,0
876,2893,2026-12-13,0
876,2893,2026-12-14,0
876,2893,2026-12-15,0
876,2893,2026-12-16,0
876,2893,2026-12-17,0
876,2893,2026-12-18,0
876,2893,2026-12-19,0
876,2893,2026-12-20,0
876,2893,2026-12-21,0
876,2893,2026-12-22,0
876,2893,2026-12-23,0
876,2893,2026-12-24,0
876,2893,2026-12-25,0
876,2893,2026-12-26,0
876,2893,2026-12-27,0
876,2893,2026-12-28,0
876,2893,2026-12-29,0
876,2893,2026-12-30,0
876,2893,2026-12-31,0
876,2893,2027-01-01,0
876,2893,2027-01-02,0
876,2893,2027-01-03,0
876,2893,2027-01-04,0
876,2893,2027-01-05,0
876,2893,2027-01-06,0
876,2893,2027-01-07,0
876,2893,2027-01-08,0
876,2893,2027-01-09,0
876,2893,2027-01-10,0
876,2893,2027-01-11,0
876,2893,2027-01-12,0
876,2894,2026-12-13,0
876,2894,2026-12-14,0
876,2894,2026-12-15,0
876,2894,2026-12-16,0
876,2894,2026-12-17,0
876,2894,2026-12-18,0
876,2894,2026-12-19,0
876,2894,2026-12-20,0
876,2894,2026-12-21,0
876,2894,2026-12-22,0
876,2894,2026-12-23,0
876,2894,2026-12-24,0
876,2894,2026-12-25,0
876,2894,2026-12-26,0
876,2894,2026-12-27,0
876,2894,2026-12-28,0
876,2894,2026-12-29,0
876,2894,2026-12-30,0
876,2894,2026-12-31,0
876,2894,2027-01-01,0
876,2894,2027-01-02,0
876,2894,2027-01-03,0
876,2894,2027-01-04,0
876,2894,2027-01-05,0
876,2894,2027-01-06,0
876,2894,2027-01-07,0
876,2894,2027-01-08,0
876,2894,2027-01-09,0
876,2894,2027-01-10,0
876,2894,2027-01-11,0
876,2894,2027-01-12,0
876,2895,2026-12-13,0
876,2895,2026-12-14,0
876,2895,2026-12-15,0
876,2895,2026-12-16,0
876,2895,2026-12-17,0
876,2895,2026-12-18,0
876,2895,2026-12-19,0
876,2895,2026-12-20,0
876,2895,2026-12-21,0
876,2895,2026-12-22,0
876,2895,2026-12-23,0
876,2895,2026-12-24,0
876,2895,2026-12-25,0
876,2895,2026-12-26,0
876,2895,2026-12-27,0
876,2895,2026-12-28,0
876,2895,2026-12-29,0
876,2895,2026-12-30,0
876,2895,2026-12-31,0
876,2895,2027-01-01,0
876,2895,2027-01-02,0
876,2895,2027-01-03,0
876,2895,2027-01-04,0
876,2895,2027-01-05,0
876,2895,2027-01-06,0
876,2895,2027-01-07,0
876,2895,2027-01-08,0
876,2895,2027-01-09,0
876,2895,2027-01-10,0
876,2895,2027-01-11,0
876,2895,2027-01-12,0
876,2896,2026-12-13,0
876,2896,2026-12-14,0
876,2896,2026-12-15,0
876,2896,2026-12-16,0
876,2896,2026-12-17,0
876,2896,2026-12-18,0
876,2896,2026-12-19,0
876,2896,2026-12-20,0
876,2896,2026-12-21,0
876,2896,2026-12-22,0
876,2896,2026-12-23,0
876,2896,2026-12-24,0
876,2896,2026-12-25,0
876,2896,2026-12-26,0
876,2896,2026-12-27,0
876,2896,2026-12-28,0
876,2896,2026-12-29,0
876,2896,2026-12-30,0
876,2896,2026-12-31,0
876,2896,2027-01-01,0
876,2896,2027-01-02,0
876,2896,2027-01-03,0
876,2896,2027-01-04,0
876,2896,2027-01-05,0
876,2896,2027-01-06,0
876,2896,2027-01-07,0
876,2896,2027-01-08,0
876,2896,2027-01-09,0
876,2896,2027-01-10,0
876,2896,2027-01-11,0
876,2896,2027-01-12,0
876,2897,2026-12-13,0
876,2897,2026-12-14,0
876,2897,2026-12-15,0
876,2897,2026-12-16,0
876,2897,2026-12-17,0
876,2897,2026-12-18,0
876,2897,2026-12-19,0
876,2897,2026-12-20,0
876,2897,2026-12-21,0
876,2897,2026-12-22,0
876,2897,2026-12-23,0
876,2897,2026-12-24,0
876,2897,2026-12-25,0
876,2897,2026-12-26,0
876,2897,2026-12-27,0
876,2897,2026-12-28,0
876,2897,2026-12-29,0
876,2897,2026-12-30,0
876,2897,2026-12-31,0
876,2897,2027-01-01,0
876,2897,2027-01-02,0
876,2897,2027-01-03,0
876,2897,2027-01-04,0
876,2897,2027-01-05,0
876,2897,2027-01-06,0
876,2897,2027-01-07,0
876,2897,2027-01-08,0
876,2897,2027-01-09,0
876,2897,2027-01-10,0
876,2897,2027-01-11,0
876,2897,2027-01-12,0
876,2898,2026-12-13,0
876,2898,2026-12-14,0
876,2898,2026-12-15,0
876,2898,2026-12-16,0
876,2898,2026-12-17,0
876,2898,2026-12-18,0
876,2898,2026-12-19,0
876,2898,2026-12-20,0
876,2898,2026-12-21,0
876,2898,2026-12-22,0
876,2898,2026-12-23,0
876,2898,2026-12-24,0
876,2898,2026-12-25,0
876,2898,2026-12-26,0
876,2898,2026-12-27,0
876,2898,2026-12-28,0
876,2898,2026-12-29,0
876,2898,2026-12-30,0
876,2898,2026-12-31,0
876,2898,2027-01-01,0
876,2898,2027-01-02,0
876,2898,2027-01-03,0
876,2898,2027-01-04,0
876,2898,2027-01-05,0
876,2898,2027-01-06,0
876,2898,2027-01-07,0
876,2898,2027-01-08,0
876,2898,2027-01-09,0
876,2898,2027-01-10,0
876,2898,2027-01-11,0
876,2898,2027-01-12,0
876,2899,2026-12-13,0
876,2899,2026-12-14,0
876,2899,2026-12-15,0
876,2899,2026-12-16,0
876,2899,2026-12-17,0
876,2899,2026-12-18,0
876,2899,2026-12-19,0
876,2899,2026-12-20,0
876,2899,2026-12-21,0
876,2899,2026-12-22,0
876,2899,2026-12-23,0
876,2899,2026-12-24,0
876,2899,2026-12-25,0
876,2899,2026-12-26,0
876,2899,2026-12-27,0
876,2899,2026-12-28,0
876,2899,2026-12-29,0
876,2899,2026-12-30,0
876,2899,2026-12-31,0
876,2899,2027-01-01,0
876,2899,2027-01-02,0
876,2899,2027-01-03,0
876,2899,2027-01-04,0
876,2899,2027-01-05,0
876,2899,2027-01-06,0
876,2899,2027-01-07,0
876,2899,2027-01-08,0
876,2899,2027-01-09,0
876,2899,2027-01-10,0
876,2899,2027-01-11,0
876,2899,2027-01-12,0
876,2900,2026-12-13,0
876,2900,2026-12-14,0
876,2900,2026-12-15,0
876,2900,2026-12-16,0
876,2900,2026-12-17,0
876,2900,2026-12-18,0
876,2900,2026-12-19,0
876,2900,2026-12-20,0
876,2900,2026-12-21,0
876,2900,2026-12-22,0
876,2900,2026-12-23,0
876,2900,2026-12-24,0
876,2900,2026-12-25,0
876,2900,2026-12-26,0
876,2900,2026-12-27,0
876,2900,2026-12-28,0
876,2900,2026-12-29,0
876,2900,2026-12-30,0
876,2900,2026-12-31,0
876,2900,2027-01-01,0
876,2900,2027-01-02,0
876,2900,2027-01-03,0
876,2900,2027-01-04,0
876,2900,2027-01-05,0
876,2900,2027-01-06,0
876,2900,2027-01-07,0
876,2900,2027-01-08,0
876,2900,2027-01-09,0
876,2900,2027-01-10,0
876,2900,2027-01-11,0
876,2900,2027-01-12,0
876,2901,2026-12-13,0
876,2901,2026-12-14,0
876,2901,2026-12-15,0
876,2901,2026-12-16,0
876,2901,2026-12-17,0
876,2901,2026-12-18,0
876,2901,2026-12-19,0
876,2901,2026-12-20,0
876,2901,2026-12-21,0
876,2901,2026-12-22,0
876,2901,2026-12-23,0
876,2901,2026-12-24,0
876,2901,2026-12-25,0
876,2901,2026-12-26,0
876,2901,2026-12-27,0
876,2901,2026-12-28,0
876,2901,2026-12-29,0
876,2901,2026-12-30,0
876,2901,2026-12-31,0
876,2901,2027-01-01,0
876,2901,2027-01-02,0
876,2901,2027-01-03,0
876,2901,2027-01-04,0
876,2901,2027-01-05,0
876,2901,2027-01-06,0
876,2901,2027-01-07,0
876,2901,2027-01-08,0
876,2901,2027-01-09,0
876,2901,2027-01-10,0
876,2901,2027-01-11,0
876,2901,2027-01-12,0
876,2902,2026-12-13,0
876,2902,2026-12-14,0
876,2902,2026-12-15,0
876,2902,2026-12-16,0
876,2902,2026-12-17,0
876,2902,2026-12-18,0
876,2902,2026-12-19,0
876,2902,2026-12-20,0
876,2902,2026-12-21,0
876,2902,2026-12-22,0
876,2902,2026-12-23,0
876,2902,2026-12-24,0
876,2902,2026-12-25,0
876,2902,2026-12-26,0
876,2902,2026-12-27,0
876,2902,2026-12-28,0
876,2902,2026-12-29,0
876,2902,2026-12-30,0
876,2902,2026-12-31,0
876,2902,2027-01-01,0
876,2902,2027-01-02,0
876,2902,2027-01-03,0
876,2902,2027-01-04,0
876,2902,2027-01-05,0
876,2902,2027-01-06,0
876,2902,2027-01-07,0
876,2902,2027-01-08,0
876,2902,2027-01-09,0
876,2902,2027-01-10,0
876,2902,2027-01-11,0
876,2902,2027-01-12,0
876,2888,2027-01-12,0
876,2888,2027-01-13,0
876,2888,2027-01-14,0
876,2888,2027-01-15,0
876,2888,2027-01-16,0
876,2888,2027-01-17,0
876,2888,2027-01-18,0
876,2888,2027-01-19,0
876,2888,2027-01-20,0
876,2888,2027-01-21,0
876,2888,2027-01-22,0
876,2888,2027-01-23,0
876,2888,2027-01-24,0
876,2888,2027-01-25,0
876,2888,2027-01-26,0
876,2888,2027-01-27,0
876,2888,2027-01-28,0
876,2888,2027-01-29,0
876,2888,2027-01-30,0
876,2888,2027-01-31,0
876,2888,2027-02-01,0
876,2888,2027-02-02,0
876,2888,2027-02-03,0
876,2888,2027-02-04,0
876,2888,2027-02-05,0
876,2888,2027-02-06,0
876,2888,2027-02-07,0
876,2888,2027-02-08,0
876,2888,2027-02-09,0
876,2888,2027-02-10,0
876,2888,2027-02-11,0
876,2889,2027-01-12,0
876,2889,2027-01-13,0
876,2889,2027-01-14,0
876,2889,2027-01-15,0
876,2889,2027-01-16,0
876,2889,2027-01-17,0
876,2889,2027-01-18,0
876,2889,2027-01-19,0
876,2889,2027-01-20,0
876,2889,2027-01-21,0
876,2889,2027-01-22,0
876,2889,2027-01-23,0
876,2889,2027-01-24,0
876,2889,2027-01-25,0
876,2889,2027-01-26,0
876,2889,2027-01-27,0
876,2889,2027-01-28,0
876,2889,2027-01-29,0
876,2889,2027-01-30,0
876,2889,2027-01-31,0
876,2889,2027-02-01,0
876,2889,2027-02-02,0
876,2889,2027-02-03,0
876,2889,2027-02-04,0
876,2889,2027-02-05,0
876,2889,2027-02-06,0
876,2889,2027-02-07,0
876,2889,2027-02-08,0
876,2889,2027-02-09,0
876,2889,2027-02-10,0
876,2889,2027-02-11,0
876,2890,2027-01-12,0
876,2890,2027-01-13,0
876,2890,2027-01-14,0
876,2890,2027-01-15,0
876,2890,2027-01-16,0
876,2890,2027-01-17,0
876,2890,2027-01-18,0
876,2890,2027-01-19,0
876,2890,2027-01-20,0
876,2890,2027-01-21,0
876,2890,2027-01-22,0
876,2890,2027-01-23,0
876,2890,2027-01-24,0
876,2890,2027-01-25,0
876,2890,2027-01-26,0
876,2890,2027-01-27,0
876,2890,2027-01-28,0
876,2890,2027-01-29,0
876,2890,2027-01-30,0
876,2890,2027-01-31,0
876,2890,2027-02-01,0
876,2890,2027-02-02,0
876,2890,2027-02-03,0
876,2890,2027-02-04,0
876,2890,2027-02-05,0
876,2890,2027-02-06,0
876,2890,2027-02-07,0
876,2890,2027-02-08,0
876,2890,2027-02-09,0
876,2890,2027-02-10,0
876,2890,2027-02-11,0
876,2891,2027-01-12,0
876,2891,2027-01-13,0
876,2891,2027-01-14,0
876,2891,2027-01-15,0
876,2891,2027-01-16,0
876,2891,2027-01-17,0
876,2891,2027-01-18,0
876,2891,2027-01-19,0
876,2891,2027-01-20,0
876,2891,2027-01-21,0
876,2891,2027-01-22,0
876,2891,2027-01-23,0
876,2891,2027-01-24,0
876,2891,2027-01-25,0
876,2891,2027-01-26,0
876,2891,2027-01-27,0
876,2891,2027-01-28,0
876,2891,2027-01-29,0
876,2891,2027-01-30,0
876,2891,2027-01-31,0
876,2891,2027-02-01,0
876,2891,2027-02-02,0
876,2891,2027-02-03,0
876,2891,2027-02-04,0
876,2891,2027-02-05,0
876,2891,2027-02-06,0
876,2891,2027-02-07,0
876,2891,2027-02-08,0
876,2891,2027-02-09,0
876,2891,2027-02-10,0
876,2891,2027-02-11,0
876,2892,2027-01-12,0
876,2892,2027-01-13,0
876,2892,2027-01-14,0
876,2892,2027-01-15,0
876,2892,2027-01-16,0
876,2892,2027-01-17,0
876,2892,2027-01-18,0
876,2892,2027-01-19,0
876,2892,2027-01-20,0
876,2892,2027-01-21,0
876,2892,2027-01-22,0
876,2892,2027-01-23,0
876,2892,2027-01-24,0
876,2892,2027-01-25,0
876,2892,2027-01-26,0
876,2892,2027-01-27,0
876,2892,2027-01-28,0
876,2892,2027-01-29,0
876,2892,2027-01-30,0
876,2892,2027-01-31,0
876,2892,2027-02-01,0
876,2892,2027-02-02,0
876,2892,2027-02-03,0
876,2892,2027-02-04,0
876,2892,2027-02-05,0
876,2892,2027-02-06,0
876,2892,2027-02-07,0
876,2892,2027-02-08,0
876,2892,2027-02-09,0
876,2892,2027-02-10,0
876,2892,2027-02-11,0
876,2893,2027-01-12,0
876,2893,2027-01-13,0
876,2893,2027-01-14,0
876,2893,2027-01-15,0
876,2893,2027-01-16,0
876,2893,2027-01-17,0
876,2893,2027-01-18,0
876,2893,2027-01-19,0
876,2893,2027-01-20,0
876,2893,2027-01-21,0
876,2893,2027-01-22,0
876,2893,2027-01-23,0
876,2893,2027-01-24,0
876,2893,2027-01-25,0
876,2893,2027-01-26,0
876,2893,2027-01-27,0
876,2893,2027-01-28,0
876,2893,2027-01-29,0
876,2893,2027-01-30,0
876,2893,2027-01-31,0
876,2893,2027-02-01,0
876,2893,2027-02-02,0
876,2893,2027-02-03,0
876,2893,2027-02-04,0
876,2893,2027-02-05,0
876,2893,2027-02-06,0
876,2893,2027-02-07,0
876,2893,2027-02-08,0
876,2893,2027-02-09,0
876,2893,2027-02-10,0
876,2893,2027-02-11,0
876,2894,2027-01-12,0
876,2894,2027-01-13,0
876,2894,2027-01-14,0
876,2894,2027-01-15,0
876,2894,2027-01-16,0
876,2894,2027-01-17,0
876,2894,2027-01-18,0
876,2894,2027-01-19,0
876,2894,2027-01-20,0
876,2894,2027-01-21,0
876,2894,2027-01-22,0
876,2894,2027-01-23,0
876,2894,2027-01-24,0
876,2894,2027-01-25,0
876,2894,2027-01-26,0
876,2894,2027-01-27,0
876,2894,2027-01-28,0
876,2894,2027-01-29,0
876,2894,2027-01-30,0
876,2894,2027-01-31,0
876,2894,2027-02-01,0
876,2894,2027-02-02,0
876,2894,2027-02-03,0
876,2894,2027-02-04,0
876,2894,2027-02-05,0
876,2894,2027-02-06,0
876,2894,2027-02-07,0
876,2894,2027-02-08,0
876,2894,2027-02-09,0
876,2894,2027-02-10,0
876,2894,2027-02-11,0
876,2895,2027-01-12,0
876,2895,2027-01-13,0
876,2895,2027-01-14,0
876,2895,2027-01-15,0
876,2895,2027-01-16,0
876,2895,2027-01-17,0
876,2895,2027-01-18,0
876,2895,2027-01-19,0
876,2895,2027-01-20,0
876,2895,2027-01-21,0
876,2895,2027-01-22,0
876,2895,2027-01-23,0
876,2895,2027-01-24,0
876,2895,2027-01-25,0
876,2895,2027-01-26,0
876,2895,2027-01-27,0
876,2895,2027-01-28,0
876,2895,2027-01-29,0
876,2895,2027-01-30,0
876,2895,2027-01-31,0
876,2895,2027-02-01,0
876,2895,2027-02-02,0
876,2895,2027-02-03,0
876,2895,2027-02-04,0
876,2895,2027-02-05,0
876,2895,2027-02-06,0
876,2895,2027-02-07,0
876,2895,2027-02-08,0
876,2895,2027-02-09,0
876,2895,2027-02-10,0
876,2895,2027-02-11,0
876,2896,2027-01-12,0
876,2896,2027-01-13,0
876,2896,2027-01-14,0
876,2896,2027-01-15,0
876,2896,2027-01-16,0
876,2896,2027-01-17,0
876,2896,2027-01-18,0
876,2896,2027-01-19,0
876,2896,2027-01-20,0
876,2896,2027-01-21,0
876,2896,2027-01-22,0
876,2896,2027-01-23,0
876,2896,2027-01-24,0
876,2896,2027-01-25,0
876,2896,2027-01-26,0
876,2896,2027-01-27,0
876,2896,2027-01-28,0
876,2896,2027-01-29,0
876,2896,2027-01-30,0
876,2896,2027-01-31,0
876,2896,2027-02-01,0
876,2896,2027-02-02,0
876,2896,2027-02-03,0
876,2896,2027-02-04,0
876,2896,2027-02-05,0
876,2896,2027-02-06,0
876,2896,2027-02-07,0
876,2896,2027-02-08,0
876,2896,2027-02-09,0
876,2896,2027-02-10,0
876,2896,2027-02-11,0
876,2897,2027-01-12,0
876,2897,2027-01-13,0
876,2897,2027-01-14,0
876,2897,2027-01-15,0
876,2897,2027-01-16,0
876,2897,2027-01-17,0
876,2897,2027-01-18,0
876,2897,2027-01-19,0
876,2897,2027-01-20,0
876,2897,2027-01-21,0
876,2897,2027-01-22,0
876,2897,2027-01-23,0
876,2897,2027-01-24,0
876,2897,2027-01-25,0
876,2897,2027-01-26,0
876,2897,2027-01-27,0
876,2897,2027-01-28,0
876,2897,2027-01-29,0
876,2897,2027-01-30,0
876,2897,2027-01-31,0
876,2897,2027-02-01,0
876,2897,2027-02-02,0
876,2897,2027-02-03,0
876,2897,2027-02-04,0
876,2897,2027-02-05,0
876,2897,2027-02-06,0
876,2897,2027-02-07,0
876,2897,2027-02-08,0
876,2897,2027-02-09,0
876,2897,2027-02-10,0
876,2897,2027-02-11,0
876,2898,2027-01-12,0
876,2898,2027-01-13,0
876,2898,2027-01-14,0
876,2898,2027-01-15,0
876,2898,2027-01-16,0
876,2898,2027-01-17,0
876,2898,2027-01-18,0
876,2898,2027-01-19,0
876,2898,2027-01-20,0
876,2898,2027-01-21,0
876,2898,2027-01-22,0
876,2898,2027-01-23,0
876,2898,2027-01-24,0
876,2898,2027-01-25,0
876,2898,2027-01-26,0
876,2898,2027-01-27,0
876,2898,2027-01-28,0
876,2898,2027-01-29,0
876,2898,2027-01-30,0
876,2898,2027-01-31,0
876,2898,2027-02-01,0
876,2898,2027-02-02,0
876,2898,2027-02-03,0
876,2898,2027-02-04,0
876,2898,2027-02-05,0
876,2898,2027-02-06,0
876,2898,2027-02-07,0
876,2898,2027-02-08,0
876,2898,2027-02-09,0
876,2898,2027-02-10,0
876,2898,2027-02-11,0
876,2899,2027-01-12,0
876,2899,2027-01-13,0
876,2899,2027-01-14,0
876,2899,2027-01-15,0
876,2899,2027-01-16,0
876,2899,2027-01-17,0
876,2899,2027-01-18,0
876,2899,2027-01-19,0
876,2899,2027-01-20,0
876,2899,2027-01-21,0
876,2899,2027-01-22,0
876,2899,2027-01-23,0
876,2899,2027-01-24,0
876,2899,2027-01-25,0
876,2899,2027-01-26,0
876,2899,2027-01-27,0
876,2899,2027-01-28,0
876,2899,2027-01-29,0
876,2899,2027-01-30,0
876,2899,2027-01-31,0
876,2899,2027-02-01,0
876,2899,2027-02-02,0
876,2899,2027-02-03,0
876,2899,2027-02-04,0
876,2899,2027-02-05,0
876,2899,2027-02-06,0
876,2899,2027-02-07,0
876,2899,2027-02-08,0
876,2899,2027-02-09,0
876,2899,2027-02-10,0
876,2899,2027-02-11,0
876,2900,2027-01-12,0
876,2900,2027-01-13,0
876,2900,2027-01-14,0
876,2900,2027-01-15,0
876,2900,2027-01-16,0
876,2900,2027-01-17,0
876,2900,2027-01-18,0
876,2900,2027-01-19,0
876,2900,2027-01-20,0
876,2900,2027-01-21,0
876,2900,2027-01-22,0
876,2900,2027-01-23,0
876,2900,2027-01-24,0
876,2900,2027-01-25,0
876,2900,2027-01-26,0
876,2900,2027-01-27,0
876,2900,2027-01-28,0
876,2900,2027-01-29,0
876,2900,2027-01-30,0
876,2900,2027-01-31,0
876,2900,2027-02-01,0
876,2900,2027-02-02,0
876,2900,2027-02-03,0
876,2900,2027-02-04,0
876,2900,2027-02-05,0
876,2900,2027-02-06,0
876,2900,2027-02-07,0
876,2900,2027-02-08,0
876,2900,2027-02-09,0
876,2900,2027-02-10,0
876,2900,2027-02-11,0
876,2901,2027-01-12,0
876,2901,2027-01-13,0
876,2901,2027-01-14,0
876,2901,2027-01-15,0
876,2901,2027-01-16,0
876,2901,2027-01-17,0
876,2901,2027-01-18,0
876,2901,2027-01-19,0
876,2901,2027-01-20,0
876,2901,2027-01-21,0
876,2901,2027-01-22,0
876,2901,2027-01-23,0
876,2901,2027-01-24,0
876,2901,2027-01-25,0
876,2901,2027-01-26,0
876,2901,2027-01-27,0
876,2901,2027-01-28,0
876,2901,2027-01-29,0
876,2901,2027-01-30,0
876,2901,2027-01-31,0
876,2901,2027-02-01,0
876,2901,2027-02-02,0
876,2901,2027-02-03,0
876,2901,2027-02-04,0
876,2901,2027-02-05,0
876,2901,2027-02-06,0
876,2901,2027-02-07,0
876,2901,2027-02-08,0
876,2901,2027-02-09,0
876,2901,2027-02-10,0
876,2901,2027-02-11,0
876,2902,2027-01-12,0
876,2902,2027-01-13,0
876,2902,2027-01-14,0
876,2902,2027-01-15,0
876,2902,2027-01-16,0
876,2902,2027-01-17,0
876,2902,2027-01-18,0
876,2902,2027-01-19,0
876,2902,2027-01-20,0
876,2902,2027-01-21,0
876,2902,2027-01-22,0
876,2902,2027-01-23,0
876,2902,2027-01-24,0
876,2902,2027-01-25,0
876,2902,2027-01-26,0
876,2902,2027-01-27,0
876,2902,2027-01-28,0
876,2902,2027-01-29,0
876,2902,2027-01-30,0
876,2902,2027-01-31,0
876,2902,2027-02-01,0
876,2902,2027-02-02,0
876,2902,2027-02-03,0
876,2902,2027-02-04,0
876,2902,2027-02-05,0
876,2902,2027-02-06,0
876,2902,2027-02-07,0
876,2902,2027-02-08,0
876,2902,2027-02-09,0
876,2902,2027-02-10,0
876,2902,2027-02-11,0
876,2888,2026-10-14,0
876,2888,2026-10-15,0
876,2888,2026-10-16,0
876,2888,2026-10-17,0
876,2888,2026-10-18,0
876,2888,2026-10-19,0
876,2888,2026-10-20,0
876,2888,2026-10-21,0
876,2888,2026-10-22,0
876,2888,2026-10-23,0
876,2888,2026-10-24,0
876,2888,2026-10-25,0
876,2888,2026-10-26,0
876,2888,2026-10-27,0
876,2888,2026-10-28,0
876,2888,2026-10-29,0
876,2888,2026-10-30,0
876,2888,2026-10-31,0
876,2888,2026-11-01,0
876,2888,2026-11-02,0
876,2888,2026-11-03,0
876,2888,2026-11-04,0
876,2888,2026-11-05,0
876,2888,2026-11-06,0
876,2888,2026-11-07,0
876,2888,2026-11-08,0
876,2888,2026-11-09,0
876,2888,2026-11-10,0
876,2888,2026-11-11,0
876,2888,2026-11-12,0
876,2888,2026-11-13,0
876,2889,2026-10-14,0
876,2889,2026-10-15,0
876,2889,2026-10-16,0
876,2889,2026-10-17,0
876,2889,2026-10-18,0
876,2889,2026-10-19,0
876,2889,2026-10-20,0
876,2889,2026-10-21,0
876,2889,2026-10-22,0
876,2889,2026-10-23,0
876,2889,2026-10-24,0
876,2889,2026-10-25,0
876,2889,2026-10-26,0
876,2889,2026-10-27,0
876,2889,2026-10-28,0
876,2889,2026-10-29,0
876,2889,2026-10-30,0
876,2889,2026-10-31,0
876,2889,2026-11-01,0
876,2889,2026-11-02,0
876,2889,2026-11-03,0
876,2889,2026-11-04,0
876,2889,2026-11-05,0
876,2889,2026-11-06,0
876,2889,2026-11-07,0
876,2889,2026-11-08,0
876,2889,2026-11-09,0
876,2889,2026-11-10,0
876,2889,2026-11-11,0
876,2889,2026-11-12,0
876,2889,2026-11-13,0
876,2890,2026-10-14,0
876,2890,2026-10-15,0
876,2890,2026-10-16,0
876,2890,2026-10-17,0
876,2890,2026-10-18,0
876,2890,2026-10-19,0
876,2890,2026-10-20,0
876,2890,2026-10-21,0
876,2890,2026-10-22,0
876,2890,2026-10-23,0
876,2890,2026-10-24,0
876,2890,2026-10-25,0
876,2890,2026-10-26,0
876,2890,2026-10-27,0
876,2890,2026-10-28,0
876,2890,2026-10-29,0
876,2890,2026-10-30,0
876,2890,2026-10-31,0
876,2890,2026-11-01,0
876,2890,2026-11-02,0
876,2890,2026-11-03,0
876,2890,2026-11-04,0
876,2890,2026-11-05,0
876,2890,2026-11-06,0
876,2890,2026-11-07,0
876,2890,2026-11-08,0
876,2890,2026-11-09,0
876,2890,2026-11-10,0
876,2890,2026-11-11,0
876,2890,2026-11-12,0
876,2890,2026-11-13,0
876,2891,2026-10-14,0
876,2891,2026-10-15,0
876,2891,2026-10-16,0
876,2891,2026-10-17,0
876,2891,2026-10-18,0
876,2891,2026-10-19,0
876,2891,2026-10-20,0
876,2891,2026-10-21,0
876,2891,2026-10-22,0
876,2891,2026-10-23,0
876,2891,2026-10-24,0
876,2891,2026-10-25,0
876,2891,2026-10-26,0
876,2891,2026-10-27,0
876,2891,2026-10-28,0
876,2891,2026-10-29,0
876,2891,2026-10-30,0
876,2891,2026-10-31,0
876,2891,2026-11-01,0
876,2891,2026-11-02,0
876,2891,2026-11-03,0
876,2891,2026-11-04,0
876,2891,2026-11-05,0
876,2891,2026-11-06,0
876,2891,2026-11-07,0
876,2891,2026-11-08,0
876,2891,2026-11-09,0
876,2891,2026-11-10,0
876,2891,2026-11-11,0
876,2891,2026-11-12,0
876,2891,2026-11-13,0
876,2892,2026-10-14,0
876,2892,2026-10-15,0
876,2892,2026-10-16,0
876,2892,2026-10-17,0
876,2892,2026-10-18,0
876,2892,2026-10-19,0
876,2892,2026-10-20,0
876,2892,2026-10-21,0
876,2892,2026-10-22,0
876,2892,2026-10-23,0
876,2892,2026-10-24,0
876,2892,2026-10-25,0
876,2892,2026-10-26,0
876,2892,2026-10-27,0
876,2892,2026-10-28,0
876,2892,2026-10-29,0
876,2892,2026-10-30,0
876,2892,2026-10-31,0
876,2892,2026-11-01,0
876,2892,2026-11-02,0
876,2892,2026-11-03,0
876,2892,2026-11-04,0
876,2892,2026-11-05,0
876,2892,2026-11-06,0
876,2892,2026-11-07,0
876,2892,2026-11-08,0
876,2892,2026-11-09,0
876,2892,2026-11-10,0
876,2892,2026-11-11,0
876,2892,2026-11-12,0
876,2892,2026-11-13,0
876,2893,2026-10-14,0
876,2893,2026-10-15,0
876,2893,2026-10-16,0
876,2893,2026-10-17,0
876,2893,2026-10-18,0
876,2893,2026-10-19,0
876,2893,2026-10-20,0
876,2893,2026-10-21,0
876,2893,2026-10-22,0
876,2893,2026-10-23,0
876,2893,2026-10-24,0
876,2893,2026-10-25,0
876,2893,2026-10-26,0
876,2893,2026-10-27,0
876,2893,2026-10-28,0
876,2893,2026-10-29,0
876,2893,2026-10-30,0
876,2893,2026-10-31,0
876,2893,2026-11-01,0
876,2893,2026-11-02,0
876,2893,2026-11-03,0
876,2893,2026-11-04,0
876,2893,2026-11-05,0
876,2893,2026-11-06,0
876,2893,2026-11-07,0
876,2893,2026-11-08,0
876,2893,2026-11-09,0
876,2893,2026-11-10,0
876,2893,2026-11-11,0
876,2893,2026-11-12,0
876,2893,2026-11-13,0
876,2894,2026-10-14,0
876,2894,2026-10-15,0
876,2894,2026-10-16,0
876,2894,2026-10-17,0
876,2894,2026-10-18,0
876,2894,2026-10-19,0
876,2894,2026-10-20,0
876,2894,2026-10-21,0
876,2894,2026-10-22,0
876,2894,2026-10-23,0
876,2894,2026-10-24,0
876,2894,2026-10-25,0
876,2894,2026-10-26,0
876,2894,2026-10-27,0
876,2894,2026-10-28,0
876,2894,2026-10-29,0
876,2894,2026-10-30,0
876,2894,2026-10-31,0
876,2894,2026-11-01,0
876,2894,2026-11-02,0
876,2894,2026-11-03,0
876,2894,2026-11-04,0
876,2894,2026-11-05,0
876,2894,2026-11-06,0
876,2894,2026-11-07,0
876,2894,2026-11-08,0
876,2894,2026-11-09,0
876,2894,2026-11-10,0
876,2894,2026-11-11,0
876,2894,2026-11-12,0
876,2894,2026-11-13,0
876,2895,2026-10-14,0
876,2895,2026-10-15,0
876,2895,2026-10-16,0
876,2895,2026-10-17,0
876,2895,2026-10-18,0
876,2895,2026-10-19,0
876,2895,2026-10-20,0
876,2895,2026-10-21,0
876,2895,2026-10-22,0
876,2895,2026-10-23,0
876,2895,2026-10-24,0
876,2895,2026-10-25,0
876,2895,2026-10-26,0
876,2895,2026-10-27,0
876,2895,2026-10-28,0
876,2895,2026-10-29,0
876,2895,2026-10-30,0
876,2895,2026-10-31,0
876,2895,2026-11-01,0
876,2895,2026-11-02,0
876,2895,2026-11-03,0
876,2895,2026-11-04,0
876,2895,2026-11-05,0
876,2895,2026-11-06,0
876,2895,2026-11-07,0
876,2895,2026-11-08,0
876,2895,2026-11-09,0
876,2895,2026-11-10,0
876,2895,2026-11-11,0
876,2895,2026-11-12,0
876,2895,2026-11-13,0
876,2896,2026-10-14,0
876,2896,2026-10-15,0
876,2896,2026-10-16,0
876,2896,2026-10-17,0
876,2896,2026-10-18,0
876,2896,2026-10-19,0
876,2896,2026-10-20,0
876,2896,2026-10-21,0
876,2896,2026-10-22,0
876,2896,2026-10-23,0
876,2896,2026-10-24,0
876,2896,2026-10-25,0
876,2896,2026-10-26,0
876,2896,2026-10-27,0
876,2896,2026-10-28,0
876,2896,2026-10-29,0
876,2896,2026-10-30,0
876,2896,2026-10-31,0
876,2896,2026-11-01,0
876,2896,2026-11-02,0
876,2896,2026-11-03,0
876,2896,2026-11-04,0
876,2896,2026-11-05,0
876,2896,2026-11-06,0
876,2896,2026-11-07,0
876,2896,2026-11-08,0
876,2896,2026-11-09,0
876,2896,2026-11-10,0
876,2896,2026-11-11,0
876,2896,2026-11-12,0
876,2896,2026-11-13,0
876,2897,2026-10-14,0
876,2897,2026-10-15,0
876,2897,2026-10-16,0
876,2897,2026-10-17,0
876,2897,2026-10-18,0
876,2897,2026-10-19,0
876,2897,2026-10-20,0
876,2897,2026-10-21,0
876,2897,2026-10-22,0
876,2897,2026-10-23,0
876,2897,2026-10-24,0
876,2897,2026-10-25,0
876,2897,2026-10-26,0
876,2897,2026-10-27,0
876,2897,2026-10-28,0
876,2897,2026-10-29,0
876,2897,2026-10-30,0
876,2897,2026-10-31,0
876,2897,2026-11-01,0
876,2897,2026-11-02,0
876,2897,2026-11-03,0
876,2897,2026-11-04,0
876,2897,2026-11-05,0
876,2897,2026-11-06,0
876,2897,2026-11-07,0
876,2897,2026-11-08,0
876,2897,2026-11-09,0
876,2897,2026-11-10,0
876,2897,2026-11-11,0
876,2897,2026-11-12,0
876,2897,2026-11-13,0
876,2898,2026-10-14,0
876,2898,2026-10-15,0
876,2898,2026-10-16,0
876,2898,2026-10-17,0
876,2898,2026-10-18,0
876,2898,2026-10-19,0
876,2898,2026-10-20,0
876,2898,2026-10-21,0
876,2898,2026-10-22,0
876,2898,2026-10-23,0
876,2898,2026-10-24,0
876,2898,2026-10-25,0
876,2898,2026-10-26,0
876,2898,2026-10-27,0
876,2898,2026-10-28,0
876,2898,2026-10-29,0
876,2898,2026-10-30,0
876,2898,2026-10-31,0
876,2898,2026-11-01,0
876,2898,2026-11-02,0
876,2898,2026-11-03,0
876,2898,2026-11-04,0
876,2898,2026-11-05,0
876,2898,2026-11-06,0
876,2898,2026-11-07,0
876,2898,2026-11-08,0
876,2898,2026-11-09,0
876,2898,2026-11-10,0
876,2898,2026-11-11,0
876,2898,2026-11-12,0
876,2898,2026-11-13,0
876,2899,2026-10-14,0
876,2899,2026-10-15,0
876,2899,2026-10-16,0
876,2899,2026-10-17,0
876,2899,2026-10-18,0
876,2899,2026-10-19,0
876,2899,2026-10-20,0
876,2899,2026-10-21,0
876,2899,2026-10-22,0
876,2899,2026-10-23,0
876,2899,2026-10-24,0
876,2899,2026-10-25,0
876,2899,2026-10-26,0
876,2899,2026-10-27,0
876,2899,2026-10-28,0
876,2899,2026-10-29,0
876,2899,2026-10-30,0
876,2899,2026-10-31,0
876,2899,2026-11-01,0
876,2899,2026-11-02,0
876,2899,2026-11-03,0
876,2899,2026-11-04,0
876,2899,2026-11-05,0
876,2899,2026-11-06,0
876,2899,2026-11-07,0
876,2899,2026-11-08,0
876,2899,2026-11-09,0
876,2899,2026-11-10,0
876,2899,2026-11-11,0
876,2899,2026-11-12,0
876,2899,2026-11-13,0
876,2900,2026-10-14,0
876,2900,2026-10-15,0
876,2900,2026-10-16,0
876,2900,2026-10-17,0
876,2900,2026-10-18,0
876,2900,2026-10-19,0
876,2900,2026-10-20,0
876,2900,2026-10-21,0
876,2900,2026-10-22,0
876,2900,2026-10-23,0
876,2900,2026-10-24,0
876,2900,2026-10-25,0
876,2900,2026-10-26,0
876,2900,2026-10-27,0
876,2900,2026-10-28,0
876,2900,2026-10-29,0
876,2900,2026-10-30,0
876,2900,2026-10-31,0
876,2900,2026-11-01,0
876,2900,2026-11-02,0
876,2900,2026-11-03,0
876,2900,2026-11-04,0
876,2900,2026-11-05,0
876,2900,2026-11-06,0
876,2900,2026-11-07,0
876,2900,2026-11-08,0
876,2900,2026-11-09,0
876,2900,2026-11-10,0
876,2900,2026-11-11,0
876,2900,2026-11-12,0
876,2900,2026-11-13,0
876,2901,2026-10-14,0
876,2901,2026-10-15,0
876,2901,2026-10-16,0
876,2901,2026-10-17,0
876,2901,2026-10-18,0
876,2901,2026-10-19,0
876,2901,2026-10-20,0
876,2901,2026-10-21,0
876,2901,2026-10-22,0
876,2901,2026-10-23,0
876,2901,2026-10-24,0
876,2901,2026-10-25,0
876,2901,2026-10-26,0
876,2901,2026-10-27,0
876,2901,2026-10-28,0
876,2901,2026-10-29,0
876,2901,2026-10-30,0
876,2901,2026-10-31,0
876,2901,2026-11-01,0
876,2901,2026-11-02,0
876,2901,2026-11-03,0
876,2901,2026-11-04,0
876,2901,2026-11-05,0
876,2901,2026-11-06,0
876,2901,2026-11-07,0
876,2901,2026-11-08,0
876,2901,2026-11-09,0
876,2901,2026-11-10,0
876,2901,2026-11-11,0
876,2901,2026-11-12,0
876,2901,2026-11-13,0
876,2902,2026-10-14,0
876,2902,2026-10-15,0
876,2902,2026-10-16,0
876,2902,2026-10-17,0
876,2902,2026-10-18,0
876,2902,2026-10-19,0
876,2902,2026-10-20,0
876,2902,2026-10-21,0
876,2902,2026-10-22,0
876,2902,2026-10-23,0
876,2902,2026-10-24,0
876,2902,2026-10-25,0
876,2902,2026-10-26,0
876,2902,2026-10-27,0
876,2902,2026-10-28,0
876,2902,2026-10-29,0
876,2902,2026-10-30,0
876,2902,2026-10-31,0
876,2902,2026-11-01,0
876,2902,2026-11-02,0
876,2902,2026-11-03,0
876,2902,2026-11-04,0
876,2902,2026-11-05,0
876,2902,2026-11-06,0
876,2902,2026-11-07,0
876,2902,2026-11-08,0
876,2902,2026-11-09,0
876,2902,2026-11-10,0
876,2902,2026-11-11,0
876,2902,2026-11-12,0
876,2902,2026-11-13,0
876,2888,2027-02-11,0
876,2888,2027-02-12,0
876,2888,2027-02-13,0
876,2888,2027-02-14,0
876,2888,2027-02-15,0
876,2888,2027-02-16,0
876,2888,2027-02-17,0
876,2888,2027-02-18,0
876,2888,2027-02-19,0
876,2888,2027-02-20,0
876,2888,2027-02-21,0
876,2888,2027-02-22,0
876,2888,2027-02-23,0
876,2888,2027-02-24,0
876,2888,2027-02-25,0
876,2888,2027-02-26,0
876,2888,2027-02-27,0
876,2888,2027-02-28,0
876,2888,2027-03-01,0
876,2888,2027-03-02,0
876,2888,2027-03-03,0
876,2888,2027-03-04,0
876,2888,2027-03-05,0
876,2888,2027-03-06,0
876,2888,2027-03-07,0
876,2888,2027-03-08,0
876,2888,2027-03-09,0
876,2888,2027-03-10,0
876,2888,2027-03-11,0
876,2888,2027-03-12,0
876,2888,2027-03-13,0
876,2889,2027-02-11,0
876,2889,2027-02-12,0
876,2889,2027-02-13,0
876,2889,2027-02-14,0
876,2889,2027-02-15,0
876,2889,2027-02-16,0
876,2889,2027-02-17,0
876,2889,2027-02-18,0
876,2889,2027-02-19,0
876,2889,2027-02-20,0
876,2889,2027-02-21,0
876,2889,2027-02-22,0
876,2889,2027-02-23,0
876,2889,2027-02-24,0
876,2889,2027-02-25,0
876,2889,2027-02-26,0
876,2889,2027-02-27,0
876,2889,2027-02-28,0
876,2889,2027-03-01,0
876,2889,2027-03-02,0
876,2889,2027-03-03,0
876,2889,2027-03-04,0
876,2889,2027-03-05,0
876,2889,2027-03-06,0
876,2889,2027-03-07,0
876,2889,2027-03-08,0
876,2889,2027-03-09,0
876,2889,2027-03-10,0
876,2889,2027-03-11,0
876,2889,2027-03-12,0
876,2889,2027-03-13,0
876,2890,2027-02-11,0
876,2890,2027-02-12,0
876,2890,2027-02-13,0
876,2890,2027-02-14,0
876,2890,2027-02-15,0
876,2890,2027-02-16,0
876,2890,2027-02-17,0
876,2890,2027-02-18,0
876,2890,2027-02-19,0
876,2890,2027-02-20,0
876,2890,2027-02-21,0
876,2890,2027-02-22,0
876,2890,2027-02-23,0
876,2890,2027-02-24,0
876,2890,2027-02-25,0
876,2890,2027-02-26,0
876,2890,2027-02-27,0
876,2890,2027-02-28,0
876,2890,2027-03-01,0
876,2890,2027-03-02,0
876,2890,2027-03-03,0
876,2890,2027-03-04,0
876,2890,2027-03-05,0
876,2890,2027-03-06,0
876,2890,2027-03-07,0
876,2890,2027-03-08,0
876,2890,2027-03-09,0
876,2890,2027-03-10,0
876,2890,2027-03-11,0
876,2890,2027-03-12,0
876,2890,2027-03-13,0
876,2891,2027-02-11,0
876,2891,2027-02-12,0
876,2891,2027-02-13,0
876,2891,2027-02-14,0
876,2891,2027-02-15,0
876,2891,2027-02-16,0
876,2891,2027-02-17,0
876,2891,2027-02-18,0
876,2891,2027-02-19,0
876,2891,2027-02-20,0
876,2891,2027-02-21,0
876,2891,2027-02-22,0
876,2891,2027-02-23,0
876,2891,2027-02-24,0
876,2891,2027-02-25,0
876,2891,2027-02-26,0
876,2891,2027-02-27,0
876,2891,2027-02-28,0
876,2891,2027-03-01,0
876,2891,2027-03-02,0
876,2891,2027-03-03,0
876,2891,2027-03-04,0
876,2891,2027-03-05,0
876,2891,2027-03-06,0
876,2891,2027-03-07,0
876,2891,2027-03-08,0
876,2891,2027-03-09,0
876,2891,2027-03-10,0
876,2891,2027-03-11,0
876,2891,2027-03-12,0
876,2891,2027-03-13,0
876,2892,2027-02-11,0
876,2892,2027-02-12,0
876,2892,2027-02-13,0
876,2892,2027-02-14,0
876,2892,2027-02-15,0
876,2892,2027-02-16,0
876,2892,2027-02-17,0
876,2892,2027-02-18,0
876,2892,2027-02-19,0
876,2892,2027-02-20,0
876,2892,2027-02-21,0
876,2892,2027-02-22,0
876,2892,2027-02-23,0
876,2892,2027-02-24,0
876,2892,2027-02-25,0
876,2892,2027-02-26,0
876,2892,2027-02-27,0
876,2892,2027-02-28,0
876,2892,2027-03-01,0
876,2892,2027-03-02,0
876,2892,2027-03-03,0
876,2892,2027-03-04,0
876,2892,2027-03-05,0
876,2892,2027-03-06,0
876,2892,2027-03-07,0
876,2892,2027-03-08,0
876,2892,2027-03-09,0
876,2892,2027-03-10,0
876,2892,2027-03-11,0
876,2892,2027-03-12,0
876,2892,2027-03-13,0
876,2893,2027-02-11,0
876,2893,2027-02-12,0
876,2893,2027-02-13,0
876,2893,2027-02-14,0
876,2893,2027-02-15,0
876,2893,2027-02-16,0
876,2893,2027-02-17,0
876,2893,2027-02-18,0
876,2893,2027-02-19,0
876,2893,2027-02-20,0
876,2893,2027-02-21,0
876,2893,2027-02-22,0
876,2893,2027-02-23,0
876,2893,2027-02-24,0
876,2893,2027-02-25,0
876,2893,2027-02-26,0
876,2893,2027-02-27,0
876,2893,2027-02-28,0
876,2893,2027-03-01,0
876,2893,2027-03-02,0
876,2893,2027-03-03,0
876,2893,2027-03-04,0
876,2893,2027-03-05,0
876,2893,2027-03-06,0
876,2893,2027-03-07,0
876,2893,2027-03-08,0
876,2893,2027-03-09,0
876,2893,2027-03-10,0
876,2893,2027-03-11,0
876,2893,2027-03-12,0
876,2893,2027-03-13,0
876,2894,2027-02-11,0
876,2894,2027-02-12,0
876,2894,2027-02-13,0
876,2894,2027-02-14,0
876,2894,2027-02-15,0
876,2894,2027-02-16,0
876,2894,2027-02-17,0
876,2894,2027-02-18,0
876,2894,2027-02-19,0
876,2894,2027-02-20,0
876,2894,2027-02-21,0
876,2894,2027-02-22,0
876,2894,2027-02-23,0
876,2894,2027-02-24,0
876,2894,2027-02-25,0
876,2894,2027-02-26,0
876,2894,2027-02-27,0
876,2894,2027-02-28,0
876,2894,2027-03-01,0
876,2894,2027-03-02,0
876,2894,2027-03-03,0
876,2894,2027-03-04,0
876,2894,2027-03-05,0
876,2894,2027-03-06,0
876,2894,2027-03-07,0
876,2894,2027-03-08,0
876,2894,2027-03-09,0
876,2894,2027-03-10,0
876,2894,2027-03-11,0
876,2894,2027-03-12,0
876,2894,2027-03-13,0
876,2895,2027-02-11,0
876,2895,2027-02-12,0
876,2895,2027-02-13,0
876,2895,2027-02-14,0
876,2895,2027-02-15,0
876,2895,2027-02-16,0
876,2895,2027-02-17,0
876,2895,2027-02-18,0
876,2895,2027-02-19,0
876,2895,2027-02-20,0
876,2895,2027-02-21,0
876,2895,2027-02-22,0
876,2895,2027-02-23,0
876,2895,2027-02-24,0
876,2895,2027-02-25,0
876,2895,2027-02-26,0
876,2895,2027-02-27,0
876,2895,2027-02-28,0
876,2895,2027-03-01,0
876,2895,2027-03-02,0
876,2895,2027-03-03,0
876,2895,2027-03-04,0
876,2895,2027-03-05,0
876,2895,2027-03-06,0
876,2895,2027-03-07,0
876,2895,2027-03-08,0
876,2895,2027-03-09,0
876,2895,2027-03-10,0
876,2895,2027-03-11,0
876,2895,2027-03-12,0
876,2895,2027-03-13,0
876,2896,2027-02-11,0
876,2896,2027-02-12,0
876,2896,2027-02-13,0
876,2896,2027-02-14,0
876,2896,2027-02-15,0
876,2896,2027-02-16,0
876,2896,2027-02-17,0
876,2896,2027-02-18,0
876,2896,2027-02-19,0
876,2896,2027-02-20,0
876,2896,2027-02-21,0
876,2896,2027-02-22,0
876,2896,2027-02-23,0
876,2896,2027-02-24,0
876,2896,2027-02-25,0
876,2896,2027-02-26,0
876,2896,2027-02-27,0
876,2896,2027-02-28,0
876,2896,2027-03-01,0
876,2896,2027-03-02,0
876,2896,2027-03-03,0
876,2896,2027-03-04,0
876,2896,2027-03-05,0
876,2896,2027-03-06,0
876,2896,2027-03-07,0
876,2896,2027-03-08,0
876,2896,2027-03-09,0
876,2896,2027-03-10,0
876,2896,2027-03-11,0
876,2896,2027-03-12,0
876,2896,2027-03-13,0
876,2897,2027-02-11,0
876,2897,2027-02-12,0
876,2897,2027-02-13,0
876,2897,2027-02-14,0
876,2897,2027-02-15,0
876,2897,2027-02-16,0
876,2897,2027-02-17,0
876,2897,2027-02-18,0
876,2897,2027-02-19,0
876,2897,2027-02-20,0
876,2897,2027-02-21,0
876,2897,2027-02-22,0
876,2897,2027-02-23,0
876,2897,2027-02-24,0
876,2897,2027-02-25,0
876,2897,2027-02-26,0
876,2897,2027-02-27,0
876,2897,2027-02-28,0
876,2897,2027-03-01,0
876,2897,2027-03-02,0
876,2897,2027-03-03,0
876,2897,2027-03-04,0
876,2897,2027-03-05,0
876,2897,2027-03-06,0
876,2897,2027-03-07,0
876,2897,2027-03-08,0
876,2897,2027-03-09,0
876,2897,2027-03-10,0
876,2897,2027-03-11,0
876,2897,2027-03-12,0
876,2897,2027-03-13,0
876,2898,2027-02-11,0
876,2898,2027-02-12,0
876,2898,2027-02-13,0
876,2898,2027-02-14,0
876,2898,2027-02-15,0
876,2898,2027-02-16,0
876,2898,2027-02-17,0
876,2898,2027-02-18,0
876,2898,2027-02-19,0
876,2898,2027-02-20,0
876,2898,2027-02-21,0
876,2898,2027-02-22,0
876,2898,2027-02-23,0
876,2898,2027-02-24,0
876,2898,2027-02-25,0
876,2898,2027-02-26,0
876,2898,2027-02-27,0
876,2898,2027-02-28,0
876,2898,2027-03-01,0
876,2898,2027-03-02,0
876,2898,2027-03-03,0
876,2898,2027-03-04,0
876,2898,2027-03-05,0
876,2898,2027-03-06,0
876,2898,2027-03-07,0
876,2898,2027-03-08,0
876,2898,2027-03-09,0
876,2898,2027-03-10,0
876,2898,2027-03-11,0
876,2898,2027-03-12,0
876,2898,2027-03-13,0
876,2899,2027-02-11,0
876,2899,2027-02-12,0
876,2899,2027-02-13,0
876,2899,2027-02-14,0
876,2899,2027-02-15,0
876,2899,2027-02-16,0
876,2899,2027-02-17,0
876,2899,2027-02-18,0
876,2899,2027-02-19,0
876,2899,2027-02-20,0
876,2899,2027-02-21,0
876,2899,2027-02-22,0
876,2899,2027-02-23,0
876,2899,2027-02-24,0
876,2899,2027-02-25,0
876,2899,2027-02-26,0
876,2899,2027-02-27,0
876,2899,2027-02-28,0
876,2899,2027-03-01,0
876,2899,2027-03-02,0
876,2899,2027-03-03,0
876,2899,2027-03-04,0
876,2899,2027-03-05,0
876,2899,2027-03-06,0
876,2899,2027-03-07,0
876,2899,2027-03-08,0
876,2899,2027-03-09,0
876,2899,2027-03-10,0
876,2899,2027-03-11,0
876,2899,2027-03-12,0
876,2899,2027-03-13,0
876,2900,2027-02-11,0
876,2900,2027-02-12,0
876,2900,2027-02-13,0
876,2900,2027-02-14,0
876,2900,2027-02-15,0
876,2900,2027-02-16,0
876,2900,2027-02-17,0
876,2900,2027-02-18,0
876,2900,2027-02-19,0
876,2900,2027-02-20,0
876,2900,2027-02-21,0
876,2900,2027-02-22,0
876,2900,2027-02-23,0
876,2900,2027-02-24,0
876,2900,2027-02-25,0
876,2900,2027-02-26,0
876,2900,2027-02-27,0
876,2900,2027-02-28,0
876,2900,2027-03-01,0
876,2900,2027-03-02,0
876,2900,2027-03-03,0
876,2900,2027-03-04,0
876,2900,2027-03-05,0
876,2900,2027-03-06,0
876,2900,2027-03-07,0
876,2900,2027-03-08,0
876,2900,2027-03-09,0
876,2900,2027-03-10,0
876,2900,2027-03-11,0
876,2900,2027-03-12,0
876,2900,2027-03-13,0
876,2901,2027-02-11,0
876,2901,2027-02-12,0
876,2901,2027-02-13,0
876,2901,2027-02-14,0
876,2901,2027-02-15,0
876,2901,2027-02-16,0
876,2901,2027-02-17,0
876,2901,2027-02-18,0
876,2901,2027-02-19,0
876,2901,2027-02-20,0
876,2901,2027-02-21,0
876,2901,2027-02-22,0
876,2901,2027-02-23,0
876,2901,2027-02-24,0
876,2901,2027-02-25,0
876,2901,2027-02-26,0
876,2901,2027-02-27,0
876,2901,2027-02-28,0
876,2901,2027-03-01,0
876,2901,2027-03-02,0
876,2901,2027-03-03,0
876,2901,2027-03-04,0
876,2901,2027-03-05,0
876,2901,2027-03-06,0
876,2901,2027-03-07,0
876,2901,2027-03-08,0
876,2901,2027-03-09,0
876,2901,2027-03-10,0
876,2901,2027-03-11,0
876,2901,2027-03-12,0
876,2901,2027-03-13,0
876,2902,2027-02-11,0
876,2902,2027-02-12,0
876,2902,2027-02-13,0
876,2902,2027-02-14,0
876,2902,2027-02-15,0
876,2902,2027-02-16,0
876,2902,2027-02-17,0
876,2902,2027-02-18,0
876,2902,2027-02-19,0
876,2902,2027-02-20,0
876,2902,2027-02-21,0
876,2902,2027-02-22,0
876,2902,2027-02-23,0
876,2902,2027-02-24,0
876,2902,2027-02-25,0
876,2902,2027-02-26,0
876,2902,2027-02-27,0
876,2902,2027-02-28,0
876,2902,2027-03-01,0
876,2902,2027-03-02,0
876,2902,2027-03-03,0
876,2902,2027-03-04,0
876,2902,2027-03-05,0
876,2902,2027-03-06,0
876,2902,2027-03-07,0
876,2902,2027-03-08,0
876,2902,2027-03-09,0
876,2902,2027-03-10,0
876,2902,2027-03-11,0
876,2902,2027-03-12,0
876,2902,2027-03-13,0
873,2857,2026-02-16,0
873,2857,2026-02-17,0
873,2857,2026-02-18,0
873,2857,2026-02-19,0
873,2857,2026-02-20,0
873,2857,2026-02-21,0
873,2857,2026-02-22,0
873,2857,2026-02-23,0
873,2857,2026-02-24,0
873,2857,2026-02-25,0
873,2857,2026-02-26,0
873,2857,2026-02-27,0
873,2857,2026-02-28,0
873,2857,2026-03-01,0
873,2857,2026-03-02,0
873,2857,2026-03-03,0
873,2857,2026-03-04,0
873,2857,2026-03-05,0
873,2857,2026-03-06,0
873,2857,2026-03-07,0
873,2857,2026-03-08,0
873,2857,2026-03-09,0
873,2857,2026-03-10,0
873,2857,2026-03-11,0
873,2857,2026-03-12,0
873,2857,2026-03-13,0
873,2857,2026-03-14,0
873,2857,2026-03-15,0
873,2857,2026-03-16,0
873,2857,2026-03-17,0
873,2857,2026-03-18,0
873,2858,2026-02-16,0
873,2858,2026-02-17,0
873,2858,2026-02-18,0
873,2858,2026-02-19,0
873,2858,2026-02-20,0
873,2858,2026-02-21,0
873,2858,2026-02-22,0
873,2858,2026-02-23,0
873,2858,2026-02-24,0
873,2858,2026-02-25,0
873,2858,2026-02-26,0
873,2858,2026-02-27,0
873,2858,2026-02-28,0
873,2858,2026-03-01,0
873,2858,2026-03-02,0
873,2858,2026-03-03,0
873,2858,2026-03-04,0
873,2858,2026-03-05,0
873,2858,2026-03-06,0
873,2858,2026-03-07,0
873,2858,2026-03-08,0
873,2858,2026-03-09,0
873,2858,2026-03-10,0
873,2858,2026-03-11,0
873,2858,2026-03-12,0
873,2858,2026-03-13,0
873,2858,2026-03-14,0
873,2858,2026-03-15,0
873,2858,2026-03-16,0
873,2858,2026-03-17,0
873,2858,2026-03-18,0
873,2859,2026-02-16,0
873,2859,2026-02-17,0
873,2859,2026-02-18,0
873,2859,2026-02-19,0
873,2859,2026-02-20,0
873,2859,2026-02-21,0
873,2859,2026-02-22,0
873,2859,2026-02-23,0
873,2859,2026-02-24,0
873,2859,2026-02-25,0
873,2859,2026-02-26,0
873,2859,2026-02-27,0
873,2859,2026-02-28,0
873,2859,2026-03-01,0
873,2859,2026-03-02,0
873,2859,2026-03-03,0
873,2859,2026-03-04,0
873,2859,2026-03-05,0
873,2859,2026-03-06,0
873,2859,2026-03-07,0
873,2859,2026-03-08,0
873,2859,2026-03-09,0
873,2859,2026-03-10,0
873,2859,2026-03-11,0
873,2859,2026-03-12,0
873,2859,2026-03-13,0
873,2859,2026-03-14,0
873,2859,2026-03-15,0
873,2859,2026-03-16,0
873,2859,2026-03-17,0
873,2859,2026-03-18,0
873,2857,2026-06-16,0
873,2857,2026-06-17,0
873,2857,2026-06-18,0
873,2857,2026-06-19,0
873,2857,2026-06-20,0
873,2857,2026-06-21,0
873,2857,2026-06-22,0
873,2857,2026-06-23,0
873,2857,2026-06-24,0
873,2857,2026-06-25,0
873,2857,2026-06-26,0
873,2857,2026-06-27,0
873,2857,2026-06-28,0
873,2857,2026-06-29,0
873,2857,2026-06-30,0
873,2857,2026-07-01,0
873,2857,2026-07-02,0
873,2857,2026-07-03,0
873,2857,2026-07-04,0
873,2857,2026-07-05,0
873,2857,2026-07-06,0
873,2857,2026-07-07,0
873,2857,2026-07-08,0
873,2857,2026-07-09,0
873,2857,2026-07-10,0
873,2857,2026-07-11,0
873,2857,2026-07-12,0
873,2857,2026-07-13,0
873,2857,2026-07-14,0
873,2857,2026-07-15,0
873,2857,2026-07-16,0
873,2858,2026-06-16,0
873,2858,2026-06-17,0
873,2858,2026-06-18,0
873,2858,2026-06-19,0
873,2858,2026-06-20,0
873,2858,2026-06-21,0
873,2858,2026-06-22,0
873,2858,2026-06-23,0
873,2858,2026-06-24,0
873,2858,2026-06-25,0
873,2858,2026-06-26,0
873,2858,2026-06-27,0
873,2858,2026-06-28,0
873,2858,2026-06-29,0
873,2858,2026-06-30,0
873,2858,2026-07-01,0
873,2858,2026-07-02,0
873,2858,2026-07-03,0
873,2858,2026-07-04,0
873,2858,2026-07-05,0
873,2858,2026-07-06,0
873,2858,2026-07-07,0
873,2858,2026-07-08,0
873,2858,2026-07-09,0
873,2858,2026-07-10,0
873,2858,2026-07-11,0
873,2858,2026-07-12,0
873,2858,2026-07-13,0
873,2858,2026-07-14,0
873,2858,2026-07-15,0
873,2858,2026-07-16,0
873,2859,2026-06-16,0
873,2859,2026-06-17,0
873,2859,2026-06-18,0
873,2859,2026-06-19,0
873,2859,2026-06-20,0
873,2859,2026-06-21,0
873,2859,2026-06-22,0
873,2859,2026-06-23,0
873,2859,2026-06-24,0
873,2859,2026-06-25,0
873,2859,2026-06-26,0
873,2859,2026-06-27,0
873,2859,2026-06-28,0
873,2859,2026-06-29,0
873,2859,2026-06-30,0
873,2859,2026-07-01,0
873,2859,2026-07-02,0
873,2859,2026-07-03,0
873,2859,2026-07-04,0
873,2859,2026-07-05,0
873,2859,2026-07-06,0
873,2859,2026-07-07,0
873,2859,2026-07-08,0
873,2859,2026-07-09,0
873,2859,2026-07-10,0
873,2859,2026-07-11,0
873,2859,2026-07-12,0
873,2859,2026-07-13,0
873,2859,2026-07-14,0
873,2859,2026-07-15,0
873,2859,2026-07-16,0
873,2857,2026-05-17,0
873,2857,2026-05-18,0
873,2857,2026-05-19,0
873,2857,2026-05-20,0
873,2857,2026-05-21,0
873,2857,2026-05-22,0
873,2857,2026-05-23,0
873,2857,2026-05-24,0
873,2857,2026-05-25,0
873,2857,2026-05-26,0
873,2857,2026-05-27,0
873,2857,2026-05-28,0
873,2857,2026-05-29,0
873,2857,2026-05-30,0
873,2857,2026-05-31,0
873,2857,2026-06-01,0
873,2857,2026-06-02,0
873,2857,2026-06-03,0
873,2857,2026-06-04,0
873,2857,2026-06-05,0
873,2857,2026-06-06,0
873,2857,2026-06-07,0
873,2857,2026-06-08,0
873,2857,2026-06-09,0
873,2857,2026-06-10,0
873,2857,2026-06-11,0
873,2857,2026-06-12,0
873,2857,2026-06-13,0
873,2857,2026-06-14,0
873,2857,2026-06-15,0
873,2857,2026-06-16,0
873,2858,2026-05-17,0
873,2858,2026-05-18,0
873,2858,2026-05-19,0
873,2858,2026-05-20,0
873,2858,2026-05-21,0
873,2858,2026-05-22,0
873,2858,2026-05-23,0
873,2858,2026-05-24,0
873,2858,2026-05-25,0
873,2858,2026-05-26,0
873,2858,2026-05-27,0
873,2858,2026-05-28,0
873,2858,2026-05-29,0
873,2858,2026-05-30,0
873,2858,2026-05-31,0
873,2858,2026-06-01,0
873,2858,2026-06-02,0
873,2858,2026-06-03,0
873,2858,2026-06-04,0
873,2858,2026-06-05,0
873,2858,2026-06-06,0
873,2858,2026-06-07,0
873,2858,2026-06-08,0
873,2858,2026-06-09,0
873,2858,2026-06-10,0
873,2858,2026-06-11,0
873,2858,2026-06-12,0
873,2858,2026-06-13,0
873,2858,2026-06-14,0
873,2858,2026-06-15,0
873,2858,2026-06-16,0
873,2859,2026-05-17,0
873,2859,2026-05-18,0
873,2859,2026-05-19,0
873,2859,2026-05-20,0
873,2859,2026-05-21,0
873,2859,2026-05-22,0
873,2859,2026-05-23,0
873,2859,2026-05-24,0
873,2859,2026-05-25,0
873,2859,2026-05-26,0
873,2859,2026-05-27,0
873,2859,2026-05-28,0
873,2859,2026-05-29,0
873,2859,2026-05-30,0
873,2859,2026-05-31,0
873,2859,2026-06-01,0
873,2859,2026-06-02,0
873,2859,2026-06-03,0
873,2859,2026-06-04,0
873,2859,2026-06-05,0
873,2859,2026-06-06,0
873,2859,2026-06-07,0
873,2859,2026-06-08,0
873,2859,2026-06-09,0
873,2859,2026-06-10,0
873,2859,2026-06-11,0
873,2859,2026-06-12,0
873,2859,2026-06-13,0
873,2859,2026-06-14,0
873,2859,2026-06-15,0
873,2859,2026-06-16,0
873,2857,2026-07-16,0
873,2857,2026-07-17,0
873,2857,2026-07-18,0
873,2857,2026-07-19,0
873,2857,2026-07-20,0
873,2857,2026-07-21,0
873,2857,2026-07-22,0
873,2857,2026-07-23,0
873,2857,2026-07-24,0
873,2857,2026-07-25,0
873,2857,2026-07-26,0
873,2857,2026-07-27,0
873,2857,2026-07-28,0
873,2857,2026-07-29,0
873,2857,2026-07-30,0
873,2857,2026-07-31,0
873,2857,2026-08-01,0
873,2857,2026-08-02,0
873,2857,2026-08-03,0
873,2857,2026-08-04,0
873,2857,2026-08-05,0
873,2857,2026-08-06,0
873,2857,2026-08-07,0
873,2857,2026-08-08,0
873,2857,2026-08-09,0
873,2857,2026-08-10,0
873,2857,2026-08-11,0
873,2857,2026-08-12,0
873,2857,2026-08-13,0
873,2857,2026-08-14,0
873,2857,2026-08-15,0
873,2858,2026-07-16,0
873,2858,2026-07-17,0
873,2858,2026-07-18,0
873,2858,2026-07-19,0
873,2858,2026-07-20,0
873,2858,2026-07-21,0
873,2858,2026-07-22,0
873,2858,2026-07-23,0
873,2858,2026-07-24,0
873,2858,2026-07-25,0
873,2858,2026-07-26,0
873,2858,2026-07-27,0
873,2858,2026-07-28,0
873,2858,2026-07-29,0
873,2858,2026-07-30,0
873,2858,2026-07-31,0
873,2858,2026-08-01,0
873,2858,2026-08-02,0
873,2858,2026-08-03,0
873,2858,2026-08-04,0
873,2858,2026-08-05,0
873,2858,2026-08-06,0
873,2858,2026-08-07,0
873,2858,2026-08-08,0
873,2858,2026-08-09,0
873,2858,2026-08-10,0
873,2858,2026-08-11,0
873,2858,2026-08-12,0
873,2858,2026-08-13,0
873,2858,2026-08-14,0
873,2858,2026-08-15,0
873,2859,2026-07-16,0
873,2859,2026-07-17,0
873,2859,2026-07-18,0
873,2859,2026-07-19,0
873,2859,2026-07-20,0
873,2859,2026-07-21,0
873,2859,2026-07-22,0
873,2859,2026-07-23,0
873,2859,2026-07-24,0
873,2859,2026-07-25,0
873,2859,2026-07-26,0
873,2859,2026-07-27,0
873,2859,2026-07-28,0
873,2859,2026-07-29,0
873,2859,2026-07-30,0
873,2859,2026-07-31,0
873,2859,2026-08-01,0
873,2859,2026-08-02,0
873,2859,2026-08-03,0
873,2859,2026-08-04,0
873,2859,2026-08-05,0
873,2859,2026-08-06,0
873,2859,2026-08-07,0
873,2859,2026-08-08,0
873,2859,2026-08-09,0
873,2859,2026-08-10,0
873,2859,2026-08-11,0
873,2859,2026-08-12,0
873,2859,2026-08-13,0
873,2859,2026-08-14,0
873,2859,2026-08-15,0
873,2857,2026-08-15,0
873,2857,2026-08-16,0
873,2857,2026-08-17,0
873,2857,2026-08-18,0
873,2857,2026-08-19,0
873,2857,2026-08-20,0
873,2857,2026-08-21,0
873,2857,2026-08-22,0
873,2857,2026-08-23,0
873,2857,2026-08-24,0
873,2857,2026-08-25,0
873,2857,2026-08-26,0
873,2857,2026-08-27,0
873,2857,2026-08-28,0
873,2857,2026-08-29,0
873,2857,2026-08-30,0
873,2857,2026-08-31,0
873,2857,2026-09-01,0
873,2857,2026-09-02,0
873,2857,2026-09-03,0
873,2857,2026-09-04,0
873,2857,2026-09-05,0
873,2857,2026-09-06,0
873,2857,2026-09-07,0
873,2857,2026-09-08,0
873,2857,2026-09-09,0
873,2857,2026-09-10,0
873,2857,2026-09-11,0
873,2857,2026-09-12,0
873,2857,2026-09-13,0
873,2857,2026-09-14,0
873,2858,2026-08-15,0
873,2858,2026-08-16,0
873,2858,2026-08-17,0
873,2858,2026-08-18,0
873,2858,2026-08-19,0
873,2858,2026-08-20,0
873,2858,2026-08-21,0
873,2858,2026-08-22,0
873,2858,2026-08-23,0
873,2858,2026-08-24,0
873,2858,2026-08-25,0
873,2858,2026-08-26,0
873,2858,2026-08-27,0
873,2858,2026-08-28,0
873,2858,2026-08-29,0
873,2858,2026-08-30,0
873,2858,2026-08-31,0
873,2858,2026-09-01,0
873,2858,2026-09-02,0
873,2858,2026-09-03,0
873,2858,2026-09-04,0
873,2858,2026-09-05,0
873,2858,2026-09-06,0
873,2858,2026-09-07,0
873,2858,2026-09-08,0
873,2858,2026-09-09,0
873,2858,2026-09-10,0
873,2858,2026-09-11,0
873,2858,2026-09-12,0
873,2858,2026-09-13,0
873,2858,2026-09-14,0
873,2859,2026-08-15,0
873,2859,2026-08-16,0
873,2859,2026-08-17,0
873,2859,2026-08-18,0
873,2859,2026-08-19,0
873,2859,2026-08-20,0
873,2859,2026-08-21,0
873,2859,2026-08-22,0
873,2859,2026-08-23,0
873,2859,2026-08-24,0
873,2859,2026-08-25,0
873,2859,2026-08-26,0
873,2859,2026-08-27,0
873,2859,2026-08-28,0
873,2859,2026-08-29,0
873,2859,2026-08-30,0
873,2859,2026-08-31,0
873,2859,2026-09-01,0
873,2859,2026-09-02,0
873,2859,2026-09-03,0
873,2859,2026-09-04,0
873,2859,2026-09-05,0
873,2859,2026-09-06,0
873,2859,2026-09-07,0
873,2859,2026-09-08,0
873,2859,2026-09-09,0
873,2859,2026-09-10,0
873,2859,2026-09-11,0
873,2859,2026-09-12,0
873,2859,2026-09-13,0
873,2859,2026-09-14,0
873,2857,2026-04-17,0
873,2857,2026-04-18,0
873,2857,2026-04-19,0
873,2857,2026-04-20,0
873,2857,2026-04-21,0
873,2857,2026-04-22,0
873,2857,2026-04-23,0
873,2857,2026-04-24,0
873,2857,2026-04-25,0
873,2857,2026-04-26,0
873,2857,2026-04-27,0
873,2857,2026-04-28,0
873,2857,2026-04-29,0
873,2857,2026-04-30,0
873,2857,2026-05-01,0
873,2857,2026-05-02,0
873,2857,2026-05-03,0
873,2857,2026-05-04,0
873,2857,2026-05-05,0
873,2857,2026-05-06,0
873,2857,2026-05-07,0
873,2857,2026-05-08,0
873,2857,2026-05-09,0
873,2857,2026-05-10,0
873,2857,2026-05-11,0
873,2857,2026-05-12,0
873,2857,2026-05-13,0
873,2857,2026-05-14,0
873,2857,2026-05-15,0
873,2857,2026-05-16,0
873,2857,2026-05-17,0
873,2858,2026-04-17,0
873,2858,2026-04-18,0
873,2858,2026-04-19,0
873,2858,2026-04-20,0
873,2858,2026-04-21,0
873,2858,2026-04-22,0
873,2858,2026-04-23,0
873,2858,2026-04-24,0
873,2858,2026-04-25,0
873,2858,2026-04-26,0
873,2858,2026-04-27,0
873,2858,2026-04-28,0
873,2858,2026-04-29,0
873,2858,2026-04-30,0
873,2858,2026-05-01,0
873,2858,2026-05-02,0
873,2858,2026-05-03,0
873,2858,2026-05-04,0
873,2858,2026-05-05,0
873,2858,2026-05-06,0
873,2858,2026-05-07,0
873,2858,2026-05-08,0
873,2858,2026-05-09,0
873,2858,2026-05-10,0
873,2858,2026-05-11,0
873,2858,2026-05-12,0
873,2858,2026-05-13,0
873,2858,2026-05-14,0
873,2858,2026-05-15,0
873,2858,2026-05-16,0
873,2858,2026-05-17,0
873,2859,2026-04-17,0
873,2859,2026-04-18,0
873,2859,2026-04-19,0
873,2859,2026-04-20,0
873,2859,2026-04-21,0
873,2859,2026-04-22,0
873,2859,2026-04-23,0
873,2859,2026-04-24,0
873,2859,2026-04-25,0
873,2859,2026-04-26,0
873,2859,2026-04-27,0
873,2859,2026-04-28,0
873,2859,2026-04-29,0
873,2859,2026-04-30,0
873,2859,2026-05-01,0
873,2859,2026-05-02,0
873,2859,2026-05-03,0
873,2859,2026-05-04,0
873,2859,2026-05-05,0
873,2859,2026-05-06,0
873,2859,2026-05-07,0
873,2859,2026-05-08,0
873,2859,2026-05-09,0
873,2859,2026-05-10,0
873,2859,2026-05-11,0
873,2859,2026-05-12,0
873,2859,2026-05-13,0
873,2859,2026-05-14,0
873,2859,2026-05-15,0
873,2859,2026-05-16,0
873,2859,2026-05-17,0
873,2857,2026-11-13,0
873,2857,2026-11-14,0
873,2857,2026-11-15,0
873,2857,2026-11-16,0
873,2857,2026-11-17,0
873,2857,2026-11-18,0
873,2857,2026-11-19,0
873,2857,2026-11-20,0
873,2857,2026-11-21,0
873,2857,2026-11-22,0
873,2857,2026-11-23,0
873,2857,2026-11-24,0
873,2857,2026-11-25,0
873,2857,2026-11-26,0
873,2857,2026-11-27,0
873,2857,2026-11-28,0
873,2857,2026-11-29,0
873,2857,2026-11-30,0
873,2857,2026-12-01,0
873,2857,2026-12-02,0
873,2857,2026-12-03,0
873,2857,2026-12-04,0
873,2857,2026-12-05,0
873,2857,2026-12-06,0
873,2857,2026-12-07,0
873,2857,2026-12-08,0
873,2857,2026-12-09,0
873,2857,2026-12-10,0
873,2857,2026-12-11,0
873,2857,2026-12-12,0
873,2857,2026-12-13,0
873,2858,2026-11-13,0
873,2858,2026-11-14,0
873,2858,2026-11-15,0
873,2858,2026-11-16,0
873,2858,2026-11-17,0
873,2858,2026-11-18,0
873,2858,2026-11-19,0
873,2858,2026-11-20,0
873,2858,2026-11-21,0
873,2858,2026-11-22,0
873,2858,2026-11-23,0
873,2858,2026-11-24,0
873,2858,2026-11-25,0
873,2858,2026-11-26,0
873,2858,2026-11-27,0
873,2858,2026-11-28,0
873,2858,2026-11-29,0
873,2858,2026-11-30,0
873,2858,2026-12-01,0
873,2858,2026-12-02,0
873,2858,2026-12-03,0
873,2858,2026-12-04,0
873,2858,2026-12-05,0
873,2858,2026-12-06,0
873,2858,2026-12-07,0
873,2858,2026-12-08,0
873,2858,2026-12-09,0
873,2858,2026-12-10,0
873,2858,2026-12-11,0
873,2858,2026-12-12,0
873,2858,2026-12-13,0
873,2859,2026-11-13,0
873,2859,2026-11-14,0
873,2859,2026-11-15,0
873,2859,2026-11-16,0
873,2859,2026-11-17,0
873,2859,2026-11-18,0
873,2859,2026-11-19,0
873,2859,2026-11-20,0
873,2859,2026-11-21,0
873,2859,2026-11-22,0
873,2859,2026-11-23,0
873,2859,2026-11-24,0
873,2859,2026-11-25,0
873,2859,2026-11-26,0
873,2859,2026-11-27,0
873,2859,2026-11-28,0
873,2859,2026-11-29,0
873,2859,2026-11-30,0
873,2859,2026-12-01,0
873,2859,2026-12-02,0
873,2859,2026-12-03,0
873,2859,2026-12-04,0
873,2859,2026-12-05,0
873,2859,2026-12-06,0
873,2859,2026-12-07,0
873,2859,2026-12-08,0
873,2859,2026-12-09,0
873,2859,2026-12-10,0
873,2859,2026-12-11,0
873,2859,2026-12-12,0
873,2859,2026-12-13,0
873,2857,2026-03-18,0
873,2857,2026-03-19,0
873,2857,2026-03-20,0
873,2857,2026-03-21,0
873,2857,2026-03-22,0
873,2857,2026-03-23,0
873,2857,2026-03-24,0
873,2857,2026-03-25,0
873,2857,2026-03-26,0
873,2857,2026-03-27,0
873,2857,2026-03-28,0
873,2857,2026-03-29,0
873,2857,2026-03-30,0
873,2857,2026-03-31,0
873,2857,2026-04-01,0
873,2857,2026-04-02,0
873,2857,2026-04-03,0
873,2857,2026-04-04,0
873,2857,2026-04-05,0
873,2857,2026-04-06,0
873,2857,2026-04-07,0
873,2857,2026-04-08,0
873,2857,2026-04-09,0
873,2857,2026-04-10,0
873,2857,2026-04-11,0
873,2857,2026-04-12,0
873,2857,2026-04-13,0
873,2857,2026-04-14,0
873,2857,2026-04-15,0
873,2857,2026-04-16,0
873,2857,2026-04-17,0
873,2858,2026-03-18,0
873,2858,2026-03-19,0
873,2858,2026-03-20,0
873,2858,2026-03-21,0
873,2858,2026-03-22,0
873,2858,2026-03-23,0
873,2858,2026-03-24,0
873,2858,2026-03-25,0
873,2858,2026-03-26,0
873,2858,2026-03-27,0
873,2858,2026-03-28,0
873,2858,2026-03-29,0
873,2858,2026-03-30,0
873,2858,2026-03-31,0
873,2858,2026-04-01,0
873,2858,2026-04-02,0
873,2858,2026-04-03,0
873,2858,2026-04-04,0
873,2858,2026-04-05,0
873,2858,2026-04-06,0
873,2858,2026-04-07,0
873,2858,2026-04-08,0
873,2858,2026-04-09,0
873,2858,2026-04-10,0
873,2858,2026-04-11,0
873,2858,2026-04-12,0
873,2858,2026-04-13,0
873,2858,2026-04-14,0
873,2858,2026-04-15,0
873,2858,2026-04-16,0
873,2858,2026-04-17,0
873,2859,2026-03-18,0
873,2859,2026-03-19,0
873,2859,2026-03-20,0
873,2859,2026-03-21,0
873,2859,2026-03-22,0
873,2859,2026-03-23,0
873,2859,2026-03-24,0
873,2859,2026-03-25,0
873,2859,2026-03-26,0
873,2859,2026-03-27,0
873,2859,2026-03-28,0
873,2859,2026-03-29,0
873,2859,2026-03-30,0
873,2859,2026-03-31,0
873,2859,2026-04-01,0
873,2859,2026-04-02,0
873,2859,2026-04-03,0
873,2859,2026-04-04,0
873,2859,2026-04-05,0
873,2859,2026-04-06,0
873,2859,2026-04-07,0
873,2859,2026-04-08,0
873,2859,2026-04-09,0
873,2859,2026-04-10,0
873,2859,2026-04-11,0
873,2859,2026-04-12,0
873,2859,2026-04-13,0
873,2859,2026-04-14,0
873,2859,2026-04-15,0
873,2859,2026-04-16,0
873,2859,2026-04-17,0
873,2857,2026-12-13,0
873,2857,2026-12-14,0
873,2857,2026-12-15,0
873,2857,2026-12-16,0
873,2857,2026-12-17,0
873,2857,2026-12-18,0
873,2857,2026-12-19,0
873,2857,2026-12-20,0
873,2857,2026-12-21,0
873,2857,2026-12-22,0
873,2857,2026-12-23,0
873,2857,2026-12-24,0
873,2857,2026-12-25,0
873,2857,2026-12-26,0
873,2857,2026-12-27,0
873,2857,2026-12-28,0
873,2857,2026-12-29,0
873,2857,2026-12-30,0
873,2857,2026-12-31,0
873,2857,2027-01-01,0
873,2857,2027-01-02,0
873,2857,2027-01-03,0
873,2857,2027-01-04,0
873,2857,2027-01-05,0
873,2857,2027-01-06,0
873,2857,2027-01-07,0
873,2857,2027-01-08,0
873,2857,2027-01-09,0
873,2857,2027-01-10,0
873,2857,2027-01-11,0
873,2857,2027-01-12,0
873,2858,2026-12-13,0
873,2858,2026-12-14,0
873,2858,2026-12-15,0
873,2858,2026-12-16,0
873,2858,2026-12-17,0
873,2858,2026-12-18,0
873,2858,2026-12-19,0
873,2858,2026-12-20,0
873,2858,2026-12-21,0
873,2858,2026-12-22,0
873,2858,2026-12-23,0
873,2858,2026-12-24,0
873,2858,2026-12-25,0
873,2858,2026-12-26,0
873,2858,2026-12-27,0
873,2858,2026-12-28,0
873,2858,2026-12-29,0
873,2858,2026-12-30,0
873,2858,2026-12-31,0
873,2858,2027-01-01,0
873,2858,2027-01-02,0
873,2858,2027-01-03,0
873,2858,2027-01-04,0
873,2858,2027-01-05,0
873,2858,2027-01-06,0
873,2858,2027-01-07,0
873,2858,2027-01-08,0
873,2858,2027-01-09,0
873,2858,2027-01-10,0
873,2858,2027-01-11,0
873,2858,2027-01-12,0
873,2859,2026-12-13,0
873,2859,2026-12-14,0
873,2859,2026-12-15,0
873,2859,2026-12-16,0
873,2859,2026-12-17,0
873,2859,2026-12-18,0
873,2859,2026-12-19,0
873,2859,2026-12-20,0
873,2859,2026-12-21,0
873,2859,2026-12-22,0
873,2859,2026-12-23,0
873,2859,2026-12-24,0
873,2859,2026-12-25,0
873,2859,2026-12-26,0
873,2859,2026-12-27,0
873,2859,2026-12-28,0
873,2859,2026-12-29,0
873,2859,2026-12-30,0
873,2859,2026-12-31,0
873,2859,2027-01-01,0
873,2859,2027-01-02,0
873,2859,2027-01-03,0
873,2859,2027-01-04,0
873,2859,2027-01-05,0
873,2859,2027-01-06,0
873,2859,2027-01-07,0
873,2859,2027-01-08,0
873,2859,2027-01-09,0
873,2859,2027-01-10,0
873,2859,2027-01-11,0
873,2859,2027-01-12,0
873,2857,2026-09-14,0
873,2857,2026-09-15,0
873,2857,2026-09-16,0
873,2857,2026-09-17,0
873,2857,2026-09-18,0
873,2857,2026-09-19,0
873,2857,2026-09-20,0
873,2857,2026-09-21,0
873,2857,2026-09-22,0
873,2857,2026-09-23,0
873,2857,2026-09-24,0
873,2857,2026-09-25,0
873,2857,2026-09-26,0
873,2857,2026-09-27,0
873,2857,2026-09-28,0
873,2857,2026-09-29,0
873,2857,2026-09-30,0
873,2857,2026-10-01,0
873,2857,2026-10-02,0
873,2857,2026-10-03,0
873,2857,2026-10-04,0
873,2857,2026-10-05,0
873,2857,2026-10-06,0
873,2857,2026-10-07,0
873,2857,2026-10-08,0
873,2857,2026-10-09,0
873,2857,2026-10-10,0
873,2857,2026-10-11,0
873,2857,2026-10-12,0
873,2857,2026-10-13,0
873,2857,2026-10-14,0
873,2858,2026-09-14,0
873,2858,2026-09-15,0
873,2858,2026-09-16,0
873,2858,2026-09-17,0
873,2858,2026-09-18,0
873,2858,2026-09-19,0
873,2858,2026-09-20,0
873,2858,2026-09-21,0
873,2858,2026-09-22,0
873,2858,2026-09-23,0
873,2858,2026-09-24,0
873,2858,2026-09-25,0
873,2858,2026-09-26,0
873,2858,2026-09-27,0
873,2858,2026-09-28,0
873,2858,2026-09-29,0
873,2858,2026-09-30,0
873,2858,2026-10-01,0
873,2858,2026-10-02,0
873,2858,2026-10-03,0
873,2858,2026-10-04,0
873,2858,2026-10-05,0
873,2858,2026-10-06,0
873,2858,2026-10-07,0
873,2858,2026-10-08,0
873,2858,2026-10-09,0
873,2858,2026-10-10,0
873,2858,2026-10-11,0
873,2858,2026-10-12,0
873,2858,2026-10-13,0
873,2858,2026-10-14,0
873,2859,2026-09-14,0
873,2859,2026-09-15,0
873,2859,2026-09-16,0
873,2859,2026-09-17,0
873,2859,2026-09-18,0
873,2859,2026-09-19,0
873,2859,2026-09-20,0
873,2859,2026-09-21,0
873,2859,2026-09-22,0
873,2859,2026-09-23,0
873,2859,2026-09-24,0
873,2859,2026-09-25,0
873,2859,2026-09-26,0
873,2859,2026-09-27,0
873,2859,2026-09-28,0
873,2859,2026-09-29,0
873,2859,2026-09-30,0
873,2859,2026-10-01,0
873,2859,2026-10-02,0
873,2859,2026-10-03,0
873,2859,2026-10-04,0
873,2859,2026-10-05,0
873,2859,2026-10-06,0
873,2859,2026-10-07,0
873,2859,2026-10-08,0
873,2859,2026-10-09,0
873,2859,2026-10-10,0
873,2859,2026-10-11,0
873,2859,2026-10-12,0
873,2859,2026-10-13,0
873,2859,2026-10-14,0
873,2857,2027-02-11,0
873,2857,2027-02-12,0
873,2857,2027-02-13,0
873,2857,2027-02-14,0
873,2857,2027-02-15,0
873,2857,2027-02-16,0
873,2857,2027-02-17,0
873,2857,2027-02-18,0
873,2857,2027-02-19,0
873,2857,2027-02-20,0
873,2857,2027-02-21,0
873,2857,2027-02-22,0
873,2857,2027-02-23,0
873,2857,2027-02-24,0
873,2857,2027-02-25,0
873,2857,2027-02-26,0
873,2857,2027-02-27,0
873,2857,2027-02-28,0
873,2857,2027-03-01,0
873,2857,2027-03-02,0
873,2857,2027-03-03,0
873,2857,2027-03-04,0
873,2857,2027-03-05,0
873,2857,2027-03-06,0
873,2857,2027-03-07,0
873,2857,2027-03-08,0
873,2857,2027-03-09,0
873,2857,2027-03-10,0
873,2857,2027-03-11,0
873,2857,2027-03-12,0
873,2857,2027-03-13,0
873,2858,2027-02-11,0
873,2858,2027-02-12,0
873,2858,2027-02-13,0
873,2858,2027-02-14,0
873,2858,2027-02-15,0
873,2858,2027-02-16,0
873,2858,2027-02-17,0
873,2858,2027-02-18,0
873,2858,2027-02-19,0
873,2858,2027-02-20,0
873,2858,2027-02-21,0
873,2858,2027-02-22,0
873,2858,2027-02-23,0
873,2858,2027-02-24,0
873,2858,2027-02-25,0
873,2858,2027-02-26,0
873,2858,2027-02-27,0
873,2858,2027-02-28,0
873,2858,2027-03-01,0
873,2858,2027-03-02,0
873,2858,2027-03-03,0
873,2858,2027-03-04,0
873,2858,2027-03-05,0
873,2858,2027-03-06,0
873,2858,2027-03-07,0
873,2858,2027-03-08,0
873,2858,2027-03-09,0
873,2858,2027-03-10,0
873,2858,2027-03-11,0
873,2858,2027-03-12,0
873,2858,2027-03-13,0
873,2859,2027-02-11,0
873,2859,2027-02-12,0
873,2859,2027-02-13,0
873,2859,2027-02-14,0
873,2859,2027-02-15,0
873,2859,2027-02-16,0
873,2859,2027-02-17,0
873,2859,2027-02-18,0
873,2859,2027-02-19,0
873,2859,2027-02-20,0
873,2859,2027-02-21,0
873,2859,2027-02-22,0
873,2859,2027-02-23,0
873,2859,2027-02-24,0
873,2859,2027-02-25,0
873,2859,2027-02-26,0
873,2859,2027-02-27,0
873,2859,2027-02-28,0
873,2859,2027-03-01,0
873,2859,2027-03-02,0
873,2859,2027-03-03,0
873,2859,2027-03-04,0
873,2859,2027-03-05,0
873,2859,2027-03-06,0
873,2859,2027-03-07,0
873,2859,2027-03-08,0
873,2859,2027-03-09,0
873,2859,2027-03-10,0
873,2859,2027-03-11,0
873,2859,2027-03-12,0
873,2859,2027-03-13,0
873,2857,2027-01-12,0
873,2857,2027-01-13,0
873,2857,2027-01-14,0
873,2857,2027-01-15,0
873,2857,2027-01-16,0
873,2857,2027-01-17,0
873,2857,2027-01-18,0
873,2857,2027-01-19,0
873,2857,2027-01-20,0
873,2857,2027-01-21,0
873,2857,2027-01-22,0
873,2857,2027-01-23,0
873,2857,2027-01-24,0
873,2857,2027-01-25,0
873,2857,2027-01-26,0
873,2857,2027-01-27,0
873,2857,2027-01-28,0
873,2857,2027-01-29,0
873,2857,2027-01-30,0
873,2857,2027-01-31,0
873,2857,2027-02-01,0
873,2857,2027-02-02,0
873,2857,2027-02-03,0
873,2857,2027-02-04,0
873,2857,2027-02-05,0
873,2857,2027-02-06,0
873,2857,2027-02-07,0
873,2857,2027-02-08,0
873,2857,2027-02-09,0
873,2857,2027-02-10,0
873,2857,2027-02-11,0
873,2858,2027-01-12,0
873,2858,2027-01-13,0
873,2858,2027-01-14,0
873,2858,2027-01-15,0
873,2858,2027-01-16,0
873,2858,2027-01-17,0
873,2858,2027-01-18,0
873,2858,2027-01-19,0
873,2858,2027-01-20,0
873,2858,2027-01-21,0
873,2858,2027-01-22,0
873,2858,2027-01-23,0
873,2858,2027-01-24,0
873,2858,2027-01-25,0
873,2858,2027-01-26,0
873,2858,2027-01-27,0
873,2858,2027-01-28,0
873,2858,2027-01-29,0
873,2858,2027-01-30,0
873,2858,2027-01-31,0
873,2858,2027-02-01,0
873,2858,2027-02-02,0
873,2858,2027-02-03,0
873,2858,2027-02-04,0
873,2858,2027-02-05,0
873,2858,2027-02-06,0
873,2858,2027-02-07,0
873,2858,2027-02-08,0
873,2858,2027-02-09,0
873,2858,2027-02-10,0
873,2858,2027-02-11,0
873,2859,2027-01-12,0
873,2859,2027-01-13,0
873,2859,2027-01-14,0
873,2859,2027-01-15,0
873,2859,2027-01-16,0
873,2859,2027-01-17,0
873,2859,2027-01-18,0
873,2859,2027-01-19,0
873,2859,2027-01-20,0
873,2859,2027-01-21,0
873,2859,2027-01-22,0
873,2859,2027-01-23,0
873,2859,2027-01-24,0
873,2859,2027-01-25,0
873,2859,2027-01-26,0
873,2859,2027-01-27,0
873,2859,2027-01-28,0
873,2859,2027-01-29,0
873,2859,2027-01-30,0
873,2859,2027-01-31,0
873,2859,2027-02-01,0
873,2859,2027-02-02,0
873,2859,2027-02-03,0
873,2859,2027-02-04,0
873,2859,2027-02-05,0
873,2859,2027-02-06,0
873,2859,2027-02-07,0
873,2859,2027-02-08,0
873,2859,2027-02-09,0
873,2859,2027-02-10,0
873,2859,2027-02-11,0
873,2857,2026-10-14,0
873,2857,2026-10-15,0
873,2857,2026-10-16,0
873,2857,2026-10-17,0
873,2857,2026-10-18,0
873,2857,2026-10-19,0
873,2857,2026-10-20,0
873,2857,2026-10-21,0
873,2857,2026-10-22,0
873,2857,2026-10-23,0
873,2857,2026-10-24,0
873,2857,2026-10-25,0
873,2857,2026-10-26,0
873,2857,2026-10-27,0
873,2857,2026-10-28,0
873,2857,2026-10-29,0
873,2857,2026-10-30,0
873,2857,2026-10-31,0
873,2857,2026-11-01,0
873,2857,2026-11-02,0
873,2857,2026-11-03,0
873,2857,2026-11-04,0
873,2857,2026-11-05,0
873,2857,2026-11-06,0
873,2857,2026-11-07,0
873,2857,2026-11-08,0
873,2857,2026-11-09,0
873,2857,2026-11-10,0
873,2857,2026-11-11,0
873,2857,2026-11-12,0
873,2857,2026-11-13,0
873,2858,2026-10-14,0
873,2858,2026-10-15,0
873,2858,2026-10-16,0
873,2858,2026-10-17,0
873,2858,2026-10-18,0
873,2858,2026-10-19,0
873,2858,2026-10-20,0
873,2858,2026-10-21,0
873,2858,2026-10-22,0
873,2858,2026-10-23,0
873,2858,2026-10-24,0
873,2858,2026-10-25,0
873,2858,2026-10-26,0
873,2858,2026-10-27,0
873,2858,2026-10-28,0
873,2858,2026-10-29,0
873,2858,2026-10-30,0
873,2858,2026-10-31,0
873,2858,2026-11-01,0
873,2858,2026-11-02,0
873,2858,2026-11-03,0
873,2858,2026-11-04,0
873,2858,2026-11-05,0
873,2858,2026-11-06,0
873,2858,2026-11-07,0
873,2858,2026-11-08,0
873,2858,2026-11-09,0
873,2858,2026-11-10,0
873,2858,2026-11-11,0
873,2858,2026-11-12,0
873,2858,2026-11-13,0
873,2859,2026-10-14,0
873,2859,2026-10-15,0
873,2859,2026-10-16,0
873,2859,2026-10-17,0
873,2859,2026-10-18,0
873,2859,2026-10-19,0
873,2859,2026-10-20,0
873,2859,2026-10-21,0
873,2859,2026-10-22,0
873,2859,2026-10-23,0
873,2859,2026-10-24,0
873,2859,2026-10-25,0
873,2859,2026-10-26,0
873,2859,2026-10-27,0
873,2859,2026-10-28,0
873,2859,2026-10-29,0
873,2859,2026-10-30,0
873,2859,2026-10-31,0
873,2859,2026-11-01,0
873,2859,2026-11-02,0
873,2859,2026-11-03,0
873,2859,2026-11-04,0
873,2859,2026-11-05,0
873,2859,2026-11-06,0
873,2859,2026-11-07,0
873,2859,2026-11-08,0
873,2859,2026-11-09,0
873,2859,2026-11-10,0
873,2859,2026-11-11,0
873,2859,2026-11-12,0
873,2859,2026-11-13,0
874,2860,2026-04-17,1
874,2860,2026-04-18,0
874,2860,2026-04-19,0
874,2860,2026-04-20,0
874,2860,2026-04-21,0
874,2860,2026-04-22,0
874,2860,2026-04-23,0
874,2860,2026-04-24,0
874,2860,2026-04-25,0
874,2860,2026-04-26,0
874,2860,2026-04-27,1
874,2860,2026-04-28,0
874,2860,2026-04-29,1
874,2860,2026-04-30,0
874,2860,2026-05-01,0
874,2860,2026-05-02,0
874,2860,2026-05-03,0
874,2860,2026-05-04,0
874,2860,2026-05-05,0
874,2860,2026-05-06,0
874,2860,2026-05-07,0
874,2860,2026-05-08,0
874,2860,2026-05-09,0
874,2860,2026-05-10,0
874,2860,2026-05-11,0
874,2860,2026-05-12,0
874,2860,2026-05-13,0
874,2860,2026-05-14,0
874,2860,2026-05-15,0
874,2860,2026-05-16,0
874,2860,2026-05-17,0
874,2861,2026-04-17,0
874,2861,2026-04-18,0
874,2861,2026-04-19,0
874,2861,2026-04-20,0
874,2861,2026-04-21,0
874,2861,2026-04-22,0
874,2861,2026-04-23,0
874,2861,2026-04-24,0
874,2861,2026-04-25,0
874,2861,2026-04-26,0
874,2861,2026-04-27,0
874,2861,2026-04-28,0
874,2861,2026-04-29,0
874,2861,2026-04-30,0
874,2861,2026-05-01,0
874,2861,2026-05-02,0
874,2861,2026-05-03,0
874,2861,2026-05-04,0
874,2861,2026-05-05,0
874,2861,2026-05-06,0
874,2861,2026-05-07,0
874,2861,2026-05-08,0
874,2861,2026-05-09,0
874,2861,2026-05-10,0
874,2861,2026-05-11,0
874,2861,2026-05-12,0
874,2861,2026-05-13,0
874,2861,2026-05-14,0
874,2861,2026-05-15,0
874,2861,2026-05-16,0
874,2861,2026-05-17,0
874,2862,2026-04-17,0
874,2862,2026-04-18,0
874,2862,2026-04-19,0
874,2862,2026-04-20,0
874,2862,2026-04-21,0
874,2862,2026-04-22,0
874,2862,2026-04-23,0
874,2862,2026-04-24,0
874,2862,2026-04-25,0
874,2862,2026-04-26,0
874,2862,2026-04-27,0
874,2862,2026-04-28,0
874,2862,2026-04-29,0
874,2862,2026-04-30,0
874,2862,2026-05-01,0
874,2862,2026-05-02,0
874,2862,2026-05-03,0
874,2862,2026-05-04,0
874,2862,2026-05-05,0
874,2862,2026-05-06,0
874,2862,2026-05-07,0
874,2862,2026-05-08,0
874,2862,2026-05-09,0
874,2862,2026-05-10,0
874,2862,2026-05-11,0
874,2862,2026-05-12,0
874,2862,2026-05-13,0
874,2862,2026-05-14,0
874,2862,2026-05-15,0
874,2862,2026-05-16,0
874,2862,2026-05-17,0
874,2863,2026-04-17,23
874,2863,2026-04-18,30
874,2863,2026-04-19,21
874,2863,2026-04-20,22
874,2863,2026-04-21,22
874,2863,2026-04-22,24
874,2863,2026-04-23,22
874,2863,2026-04-24,19
874,2863,2026-04-25,13
874,2863,2026-04-26,26
874,2863,2026-04-27,27
874,2863,2026-04-28,25
874,2863,2026-04-29,14
874,2863,2026-04-30,28
874,2863,2026-05-01,0
874,2863,2026-05-02,0
874,2863,2026-05-03,0
874,2863,2026-05-04,0
874,2863,2026-05-05,0
874,2863,2026-05-06,0
874,2863,2026-05-07,0
874,2863,2026-05-08,0
874,2863,2026-05-09,0
874,2863,2026-05-10,0
874,2863,2026-05-11,0
874,2863,2026-05-12,0
874,2863,2026-05-13,0
874,2863,2026-05-14,0
874,2863,2026-05-15,0
874,2863,2026-05-16,0
874,2863,2026-05-17,0
874,2864,2026-04-17,10
874,2864,2026-04-18,11
874,2864,2026-04-19,10
874,2864,2026-04-20,14
874,2864,2026-04-21,8
874,2864,2026-04-22,14
874,2864,2026-04-23,14
874,2864,2026-04-24,4
874,2864,2026-04-25,8
874,2864,2026-04-26,8
874,2864,2026-04-27,9
874,2864,2026-04-28,7
874,2864,2026-04-29,3
874,2864,2026-04-30,14
874,2864,2026-05-01,0
874,2864,2026-05-02,0
874,2864,2026-05-03,0
874,2864,2026-05-04,0
874,2864,2026-05-05,0
874,2864,2026-05-06,0
874,2864,2026-05-07,0
874,2864,2026-05-08,0
874,2864,2026-05-09,0
874,2864,2026-05-10,0
874,2864,2026-05-11,0
874,2864,2026-05-12,0
874,2864,2026-05-13,0
874,2864,2026-05-14,0
874,2864,2026-05-15,0
874,2864,2026-05-16,0
874,2864,2026-05-17,0
874,2860,2026-05-17,0
874,2860,2026-05-18,0
874,2860,2026-05-19,0
874,2860,2026-05-20,0
874,2860,2026-05-21,0
874,2860,2026-05-22,0
874,2860,2026-05-23,0
874,2860,2026-05-24,0
874,2860,2026-05-25,0
874,2860,2026-05-26,0
874,2860,2026-05-27,0
874,2860,2026-05-28,0
874,2860,2026-05-29,0
874,2860,2026-05-30,0
874,2860,2026-05-31,0
874,2860,2026-06-01,0
874,2860,2026-06-02,0
874,2860,2026-06-03,0
874,2860,2026-06-04,0
874,2860,2026-06-05,0
874,2860,2026-06-06,0
874,2860,2026-06-07,0
874,2860,2026-06-08,0
874,2860,2026-06-09,0
874,2860,2026-06-10,0
874,2860,2026-06-11,0
874,2860,2026-06-12,0
874,2860,2026-06-13,0
874,2860,2026-06-14,0
874,2860,2026-06-15,0
874,2860,2026-06-16,0
874,2861,2026-05-17,0
874,2861,2026-05-18,0
874,2861,2026-05-19,0
874,2861,2026-05-20,0
874,2861,2026-05-21,0
874,2861,2026-05-22,0
874,2861,2026-05-23,0
874,2861,2026-05-24,0
874,2861,2026-05-25,0
874,2861,2026-05-26,0
874,2861,2026-05-27,0
874,2861,2026-05-28,0
874,2861,2026-05-29,0
874,2861,2026-05-30,0
874,2861,2026-05-31,0
874,2861,2026-06-01,0
874,2861,2026-06-02,0
874,2861,2026-06-03,0
874,2861,2026-06-04,0
874,2861,2026-06-05,0
874,2861,2026-06-06,0
874,2861,2026-06-07,0
874,2861,2026-06-08,0
874,2861,2026-06-09,0
874,2861,2026-06-10,0
874,2861,2026-06-11,0
874,2861,2026-06-12,0
874,2861,2026-06-13,0
874,2861,2026-06-14,0
874,2861,2026-06-15,0
874,2861,2026-06-16,0
874,2862,2026-05-17,0
874,2862,2026-05-18,0
874,2862,2026-05-19,0
874,2862,2026-05-20,0
874,2862,2026-05-21,0
874,2862,2026-05-22,0
874,2862,2026-05-23,0
874,2862,2026-05-24,0
874,2862,2026-05-25,0
874,2862,2026-05-26,0
874,2862,2026-05-27,0
874,2862,2026-05-28,0
874,2862,2026-05-29,0
874,2862,2026-05-30,0
874,2862,2026-05-31,0
874,2862,2026-06-01,0
874,2862,2026-06-02,0
874,2862,2026-06-03,0
874,2862,2026-06-04,0
874,2862,2026-06-05,0
874,2862,2026-06-06,0
874,2862,2026-06-07,0
874,2862,2026-06-08,0
874,2862,2026-06-09,0
874,2862,2026-06-10,0
874,2862,2026-06-11,0
874,2862,2026-06-12,0
874,2862,2026-06-13,0
874,2862,2026-06-14,0
874,2862,2026-06-15,0
874,2862,2026-06-16,0
874,2863,2026-05-17,0
874,2863,2026-05-18,0
874,2863,2026-05-19,0
874,2863,2026-05-20,0
874,2863,2026-05-21,0
874,2863,2026-05-22,0
874,2863,2026-05-23,0
874,2863,2026-05-24,0
874,2863,2026-05-25,0
874,2863,2026-05-26,0
874,2863,2026-05-27,0
874,2863,2026-05-28,0
874,2863,2026-05-29,0
874,2863,2026-05-30,0
874,2863,2026-05-31,0
874,2863,2026-06-01,0
874,2863,2026-06-02,0
874,2863,2026-06-03,0
874,2863,2026-06-04,0
874,2863,2026-06-05,0
874,2863,2026-06-06,0
874,2863,2026-06-07,0
874,2863,2026-06-08,0
874,2863,2026-06-09,0
874,2863,2026-06-10,0
874,2863,2026-06-11,0
874,2863,2026-06-12,0
874,2863,2026-06-13,0
874,2863,2026-06-14,0
874,2863,2026-06-15,0
874,2863,2026-06-16,0
874,2864,2026-05-17,0
874,2864,2026-05-18,0
874,2864,2026-05-19,0
874,2864,2026-05-20,0
874,2864,2026-05-21,0
874,2864,2026-05-22,0
874,2864,2026-05-23,0
874,2864,2026-05-24,0
874,2864,2026-05-25,0
874,2864,2026-05-26,0
874,2864,2026-05-27,0
874,2864,2026-05-28,0
874,2864,2026-05-29,0
874,2864,2026-05-30,0
874,2864,2026-05-31,0
874,2864,2026-06-01,0
874,2864,2026-06-02,0
874,2864,2026-06-03,0
874,2864,2026-06-04,0
874,2864,2026-06-05,0
874,2864,2026-06-06,0
874,2864,2026-06-07,0
874,2864,2026-06-08,0
874,2864,2026-06-09,0
874,2864,2026-06-10,0
874,2864,2026-06-11,0
874,2864,2026-06-12,0
874,2864,2026-06-13,0
874,2864,2026-06-14,0
874,2864,2026-06-15,0
874,2864,2026-06-16,0
874,2860,2026-07-16,0
874,2860,2026-07-17,0
874,2860,2026-07-18,0
874,2860,2026-07-19,0
874,2860,2026-07-20,0
874,2860,2026-07-21,0
874,2860,2026-07-22,0
874,2860,2026-07-23,0
874,2860,2026-07-24,0
874,2860,2026-07-25,0
874,2860,2026-07-26,0
874,2860,2026-07-27,0
874,2860,2026-07-28,0
874,2860,2026-07-29,0
874,2860,2026-07-30,0
874,2860,2026-07-31,0
874,2860,2026-08-01,0
874,2860,2026-08-02,0
874,2860,2026-08-03,0
874,2860,2026-08-04,0
874,2860,2026-08-05,0
874,2860,2026-08-06,0
874,2860,2026-08-07,0
874,2860,2026-08-08,0
874,2860,2026-08-09,0
874,2860,2026-08-10,0
874,2860,2026-08-11,0
874,2860,2026-08-12,0
874,2860,2026-08-13,0
874,2860,2026-08-14,0
874,2860,2026-08-15,0
874,2861,2026-07-16,0
874,2861,2026-07-17,0
874,2861,2026-07-18,0
874,2861,2026-07-19,0
874,2861,2026-07-20,0
874,2861,2026-07-21,0
874,2861,2026-07-22,0
874,2861,2026-07-23,0
874,2861,2026-07-24,0
874,2861,2026-07-25,0
874,2861,2026-07-26,0
874,2861,2026-07-27,0
874,2861,2026-07-28,0
874,2861,2026-07-29,0
874,2861,2026-07-30,0
874,2861,2026-07-31,0
874,2861,2026-08-01,0
874,2861,2026-08-02,0
874,2861,2026-08-03,0
874,2861,2026-08-04,0
874,2861,2026-08-05,0
874,2861,2026-08-06,0
874,2861,2026-08-07,0
874,2861,2026-08-08,0
874,2861,2026-08-09,0
874,2861,2026-08-10,0
874,2861,2026-08-11,0
874,2861,2026-08-12,0
874,2861,2026-08-13,0
874,2861,2026-08-14,0
874,2861,2026-08-15,0
874,2862,2026-07-16,0
874,2862,2026-07-17,0
874,2862,2026-07-18,0
874,2862,2026-07-19,0
874,2862,2026-07-20,0
874,2862,2026-07-21,0
874,2862,2026-07-22,0
874,2862,2026-07-23,0
874,2862,2026-07-24,0
874,2862,2026-07-25,0
874,2862,2026-07-26,0
874,2862,2026-07-27,0
874,2862,2026-07-28,0
874,2862,2026-07-29,0
874,2862,2026-07-30,0
874,2862,2026-07-31,0
874,2862,2026-08-01,0
874,2862,2026-08-02,0
874,2862,2026-08-03,0
874,2862,2026-08-04,0
874,2862,2026-08-05,0
874,2862,2026-08-06,0
874,2862,2026-08-07,0
874,2862,2026-08-08,0
874,2862,2026-08-09,0
874,2862,2026-08-10,0
874,2862,2026-08-11,0
874,2862,2026-08-12,0
874,2862,2026-08-13,0
874,2862,2026-08-14,0
874,2862,2026-08-15,0
874,2863,2026-07-16,0
874,2863,2026-07-17,0
874,2863,2026-07-18,0
874,2863,2026-07-19,0
874,2863,2026-07-20,0
874,2863,2026-07-21,0
874,2863,2026-07-22,0
874,2863,2026-07-23,0
874,2863,2026-07-24,0
874,2863,2026-07-25,0
874,2863,2026-07-26,0
874,2863,2026-07-27,0
874,2863,2026-07-28,0
874,2863,2026-07-29,0
874,2863,2026-07-30,0
874,2863,2026-07-31,0
874,2863,2026-08-01,0
874,2863,2026-08-02,0
874,2863,2026-08-03,0
874,2863,2026-08-04,0
874,2863,2026-08-05,0
874,2863,2026-08-06,0
874,2863,2026-08-07,0
874,2863,2026-08-08,0
874,2863,2026-08-09,0
874,2863,2026-08-10,0
874,2863,2026-08-11,0
874,2863,2026-08-12,0
874,2863,2026-08-13,0
874,2863,2026-08-14,0
874,2863,2026-08-15,0
874,2864,2026-07-16,0
874,2864,2026-07-17,0
874,2864,2026-07-18,0
874,2864,2026-07-19,0
874,2864,2026-07-20,0
874,2864,2026-07-21,0
874,2864,2026-07-22,0
874,2864,2026-07-23,0
874,2864,2026-07-24,0
874,2864,2026-07-25,0
874,2864,2026-07-26,0
874,2864,2026-07-27,0
874,2864,2026-07-28,0
874,2864,2026-07-29,0
874,2864,2026-07-30,0
874,2864,2026-07-31,0
874,2864,2026-08-01,0
874,2864,2026-08-02,0
874,2864,2026-08-03,0
874,2864,2026-08-04,0
874,2864,2026-08-05,0
874,2864,2026-08-06,0
874,2864,2026-08-07,0
874,2864,2026-08-08,0
874,2864,2026-08-09,0
874,2864,2026-08-10,0
874,2864,2026-08-11,0
874,2864,2026-08-12,0
874,2864,2026-08-13,0
874,2864,2026-08-14,0
874,2864,2026-08-15,0
874,2860,2026-03-18,0
874,2860,2026-03-19,0
874,2860,2026-03-20,0
874,2860,2026-03-21,0
874,2860,2026-03-22,0
874,2860,2026-03-23,0
874,2860,2026-03-24,0
874,2860,2026-03-25,0
874,2860,2026-03-26,0
874,2860,2026-03-27,0
874,2860,2026-03-28,0
874,2860,2026-03-29,0
874,2860,2026-03-30,0
874,2860,2026-03-31,1
874,2860,2026-04-01,0
874,2860,2026-04-02,0
874,2860,2026-04-03,0
874,2860,2026-04-04,0
874,2860,2026-04-05,0
874,2860,2026-04-06,0
874,2860,2026-04-07,0
874,2860,2026-04-08,0
874,2860,2026-04-09,0
874,2860,2026-04-10,0
874,2860,2026-04-11,0
874,2860,2026-04-12,0
874,2860,2026-04-13,0
874,2860,2026-04-14,0
874,2860,2026-04-15,0
874,2860,2026-04-16,0
874,2860,2026-04-17,1
874,2861,2026-03-18,0
874,2861,2026-03-19,0
874,2861,2026-03-20,0
874,2861,2026-03-21,0
874,2861,2026-03-22,0
874,2861,2026-03-23,0
874,2861,2026-03-24,0
874,2861,2026-03-25,0
874,2861,2026-03-26,0
874,2861,2026-03-27,0
874,2861,2026-03-28,0
874,2861,2026-03-29,0
874,2861,2026-03-30,0
874,2861,2026-03-31,0
874,2861,2026-04-01,2
874,2861,2026-04-02,5
874,2861,2026-04-03,0
874,2861,2026-04-04,0
874,2861,2026-04-05,0
874,2861,2026-04-06,0
874,2861,2026-04-07,0
874,2861,2026-04-08,0
874,2861,2026-04-09,0
874,2861,2026-04-10,0
874,2861,2026-04-11,0
874,2861,2026-04-12,1
874,2861,2026-04-13,0
874,2861,2026-04-14,0
874,2861,2026-04-15,0
874,2861,2026-04-16,0
874,2861,2026-04-17,0
874,2862,2026-03-18,1
874,2862,2026-03-19,0
874,2862,2026-03-20,0
874,2862,2026-03-21,0
874,2862,2026-03-22,0
874,2862,2026-03-23,1
874,2862,2026-03-24,0
874,2862,2026-03-25,0
874,2862,2026-03-26,0
874,2862,2026-03-27,0
874,2862,2026-03-28,0
874,2862,2026-03-29,0
874,2862,2026-03-30,0
874,2862,2026-03-31,2
874,2862,2026-04-01,4
874,2862,2026-04-02,0
874,2862,2026-04-03,0
874,2862,2026-04-04,0
874,2862,2026-04-05,1
874,2862,2026-04-06,0
874,2862,2026-04-07,0
874,2862,2026-04-08,0
874,2862,2026-04-09,0
874,2862,2026-04-10,0
874,2862,2026-04-11,0
874,2862,2026-04-12,0
874,2862,2026-04-13,1
874,2862,2026-04-14,0
874,2862,2026-04-15,0
874,2862,2026-04-16,0
874,2862,2026-04-17,0
874,2863,2026-03-18,21
874,2863,2026-03-19,21
874,2863,2026-03-20,20
874,2863,2026-03-21,0
874,2863,2026-03-22,22
874,2863,2026-03-23,25
874,2863,2026-03-24,18
874,2863,2026-03-25,24
874,2863,2026-03-26,25
874,2863,2026-03-27,28
874,2863,2026-03-28,21
874,2863,2026-03-29,23
874,2863,2026-03-30,13
874,2863,2026-03-31,22
874,2863,2026-04-01,19
874,2863,2026-04-02,23
874,2863,2026-04-03,14
874,2863,2026-04-04,4
874,2863,2026-04-05,21
874,2863,2026-04-06,27
874,2863,2026-04-07,17
874,2863,2026-04-08,21
874,2863,2026-04-09,21
874,2863,2026-04-10,26
874,2863,2026-04-11,7
874,2863,2026-04-12,6
874,2863,2026-04-13,14
874,2863,2026-04-14,26
874,2863,2026-04-15,25
874,2863,2026-04-16,21
874,2863,2026-04-17,23
874,2864,2026-03-18,0
874,2864,2026-03-19,9
874,2864,2026-03-20,2
874,2864,2026-03-21,0
874,2864,2026-03-22,2
874,2864,2026-03-23,10
874,2864,2026-03-24,4
874,2864,2026-03-25,0
874,2864,2026-03-26,2
874,2864,2026-03-27,0
874,2864,2026-03-28,0
874,2864,2026-03-29,6
874,2864,2026-03-30,4
874,2864,2026-03-31,7
874,2864,2026-04-01,3
874,2864,2026-04-02,0
874,2864,2026-04-03,0
874,2864,2026-04-04,0
874,2864,2026-04-05,2
874,2864,2026-04-06,0
874,2864,2026-04-07,1
874,2864,2026-04-08,0
874,2864,2026-04-09,10
874,2864,2026-04-10,4
874,2864,2026-04-11,5
874,2864,2026-04-12,0
874,2864,2026-04-13,0
874,2864,2026-04-14,0
874,2864,2026-04-15,1
874,2864,2026-04-16,1
874,2864,2026-04-17,10
874,2860,2026-08-15,0
874,2860,2026-08-16,0
874,2860,2026-08-17,0
874,2860,2026-08-18,0
874,2860,2026-08-19,0
874,2860,2026-08-20,0
874,2860,2026-08-21,0
874,2860,2026-08-22,0
874,2860,2026-08-23,0
874,2860,2026-08-24,0
874,2860,2026-08-25,0
874,2860,2026-08-26,0
874,2860,2026-08-27,0
874,2860,2026-08-28,0
874,2860,2026-08-29,0
874,2860,2026-08-30,0
874,2860,2026-08-31,0
874,2860,2026-09-01,0
874,2860,2026-09-02,0
874,2860,2026-09-03,0
874,2860,2026-09-04,0
874,2860,2026-09-05,0
874,2860,2026-09-06,0
874,2860,2026-09-07,0
874,2860,2026-09-08,0
874,2860,2026-09-09,0
874,2860,2026-09-10,0
874,2860,2026-09-11,0
874,2860,2026-09-12,0
874,2860,2026-09-13,0
874,2860,2026-09-14,0
874,2861,2026-08-15,0
874,2861,2026-08-16,0
874,2861,2026-08-17,0
874,2861,2026-08-18,0
874,2861,2026-08-19,0
874,2861,2026-08-20,0
874,2861,2026-08-21,0
874,2861,2026-08-22,0
874,2861,2026-08-23,0
874,2861,2026-08-24,0
874,2861,2026-08-25,0
874,2861,2026-08-26,0
874,2861,2026-08-27,0
874,2861,2026-08-28,0
874,2861,2026-08-29,0
874,2861,2026-08-30,0
874,2861,2026-08-31,0
874,2861,2026-09-01,0
874,2861,2026-09-02,0
874,2861,2026-09-03,0
874,2861,2026-09-04,0
874,2861,2026-09-05,0
874,2861,2026-09-06,0
874,2861,2026-09-07,0
874,2861,2026-09-08,0
874,2861,2026-09-09,0
874,2861,2026-09-10,0
874,2861,2026-09-11,0
874,2861,2026-09-12,0
874,2861,2026-09-13,0
874,2861,2026-09-14,0
874,2862,2026-08-15,0
874,2862,2026-08-16,0
874,2862,2026-08-17,0
874,2862,2026-08-18,0
874,2862,2026-08-19,0
874,2862,2026-08-20,0
874,2862,2026-08-21,0
874,2862,2026-08-22,0
874,2862,2026-08-23,0
874,2862,2026-08-24,0
874,2862,2026-08-25,0
874,2862,2026-08-26,0
874,2862,2026-08-27,0
874,2862,2026-08-28,0
874,2862,2026-08-29,0
874,2862,2026-08-30,0
874,2862,2026-08-31,0
874,2862,2026-09-01,0
874,2862,2026-09-02,0
874,2862,2026-09-03,0
874,2862,2026-09-04,0
874,2862,2026-09-05,0
874,2862,2026-09-06,0
874,2862,2026-09-07,0
874,2862,2026-09-08,0
874,2862,2026-09-09,0
874,2862,2026-09-10,0
874,2862,2026-09-11,0
874,2862,2026-09-12,0
874,2862,2026-09-13,0
874,2862,2026-09-14,0
874,2863,2026-08-15,0
874,2863,2026-08-16,0
874,2863,2026-08-17,0
874,2863,2026-08-18,0
874,2863,2026-08-19,0
874,2863,2026-08-20,0
874,2863,2026-08-21,0
874,2863,2026-08-22,0
874,2863,2026-08-23,0
874,2863,2026-08-24,0
874,2863,2026-08-25,0
874,2863,2026-08-26,0
874,2863,2026-08-27,0
874,2863,2026-08-28,0
874,2863,2026-08-29,0
874,2863,2026-08-30,0
874,2863,2026-08-31,0
874,2863,2026-09-01,0
874,2863,2026-09-02,0
874,2863,2026-09-03,0
874,2863,2026-09-04,0
874,2863,2026-09-05,0
874,2863,2026-09-06,0
874,2863,2026-09-07,0
874,2863,2026-09-08,0
874,2863,2026-09-09,0
874,2863,2026-09-10,0
874,2863,2026-09-11,0
874,2863,2026-09-12,0
874,2863,2026-09-13,0
874,2863,2026-09-14,0
874,2864,2026-08-15,0
874,2864,2026-08-16,0
874,2864,2026-08-17,0
874,2864,2026-08-18,0
874,2864,2026-08-19,0
874,2864,2026-08-20,0
874,2864,2026-08-21,0
874,2864,2026-08-22,0
874,2864,2026-08-23,0
874,2864,2026-08-24,0
874,2864,2026-08-25,0
874,2864,2026-08-26,0
874,2864,2026-08-27,0
874,2864,2026-08-28,0
874,2864,2026-08-29,0
874,2864,2026-08-30,0
874,2864,2026-08-31,0
874,2864,2026-09-01,0
874,2864,2026-09-02,0
874,2864,2026-09-03,0
874,2864,2026-09-04,0
874,2864,2026-09-05,0
874,2864,2026-09-06,0
874,2864,2026-09-07,0
874,2864,2026-09-08,0
874,2864,2026-09-09,0
874,2864,2026-09-10,0
874,2864,2026-09-11,0
874,2864,2026-09-12,0
874,2864,2026-09-13,0
874,2864,2026-09-14,0
874,2860,2026-06-16,0
874,2860,2026-06-17,0
874,2860,2026-06-18,0
874,2860,2026-06-19,0
874,2860,2026-06-20,0
874,2860,2026-06-21,0
874,2860,2026-06-22,0
874,2860,2026-06-23,0
874,2860,2026-06-24,0
874,2860,2026-06-25,0
874,2860,2026-06-26,0
874,2860,2026-06-27,0
874,2860,2026-06-28,0
874,2860,2026-06-29,0
874,2860,2026-06-30,0
874,2860,2026-07-01,0
874,2860,2026-07-02,0
874,2860,2026-07-03,0
874,2860,2026-07-04,0
874,2860,2026-07-05,0
874,2860,2026-07-06,0
874,2860,2026-07-07,0
874,2860,2026-07-08,0
874,2860,2026-07-09,0
874,2860,2026-07-10,0
874,2860,2026-07-11,0
874,2860,2026-07-12,0
874,2860,2026-07-13,0
874,2860,2026-07-14,0
874,2860,2026-07-15,0
874,2860,2026-07-16,0
874,2861,2026-06-16,0
874,2861,2026-06-17,0
874,2861,2026-06-18,0
874,2861,2026-06-19,0
874,2861,2026-06-20,0
874,2861,2026-06-21,0
874,2861,2026-06-22,0
874,2861,2026-06-23,0
874,2861,2026-06-24,0
874,2861,2026-06-25,0
874,2861,2026-06-26,0
874,2861,2026-06-27,0
874,2861,2026-06-28,0
874,2861,2026-06-29,0
874,2861,2026-06-30,0
874,2861,2026-07-01,0
874,2861,2026-07-02,0
874,2861,2026-07-03,0
874,2861,2026-07-04,0
874,2861,2026-07-05,0
874,2861,2026-07-06,0
874,2861,2026-07-07,0
874,2861,2026-07-08,0
874,2861,2026-07-09,0
874,2861,2026-07-10,0
874,2861,2026-07-11,0
874,2861,2026-07-12,0
874,2861,2026-07-13,0
874,2861,2026-07-14,0
874,2861,2026-07-15,0
874,2861,2026-07-16,0
874,2862,2026-06-16,0
874,2862,2026-06-17,0
874,2862,2026-06-18,0
874,2862,2026-06-19,0
874,2862,2026-06-20,0
874,2862,2026-06-21,0
874,2862,2026-06-22,0
874,2862,2026-06-23,0
874,2862,2026-06-24,0
874,2862,2026-06-25,0
874,2862,2026-06-26,0
874,2862,2026-06-27,0
874,2862,2026-06-28,0
874,2862,2026-06-29,0
874,2862,2026-06-30,0
874,2862,2026-07-01,0
874,2862,2026-07-02,0
874,2862,2026-07-03,0
874,2862,2026-07-04,0
874,2862,2026-07-05,0
874,2862,2026-07-06,0
874,2862,2026-07-07,0
874,2862,2026-07-08,0
874,2862,2026-07-09,0
874,2862,2026-07-10,0
874,2862,2026-07-11,0
874,2862,2026-07-12,0
874,2862,2026-07-13,0
874,2862,2026-07-14,0
874,2862,2026-07-15,0
874,2862,2026-07-16,0
874,2863,2026-06-16,0
874,2863,2026-06-17,0
874,2863,2026-06-18,0
874,2863,2026-06-19,0
874,2863,2026-06-20,0
874,2863,2026-06-21,0
874,2863,2026-06-22,0
874,2863,2026-06-23,0
874,2863,2026-06-24,0
874,2863,2026-06-25,0
874,2863,2026-06-26,0
874,2863,2026-06-27,0
874,2863,2026-06-28,0
874,2863,2026-06-29,0
874,2863,2026-06-30,0
874,2863,2026-07-01,0
874,2863,2026-07-02,0
874,2863,2026-07-03,0
874,2863,2026-07-04,0
874,2863,2026-07-05,0
874,2863,2026-07-06,0
874,2863,2026-07-07,0
874,2863,2026-07-08,0
874,2863,2026-07-09,0
874,2863,2026-07-10,0
874,2863,2026-07-11,0
874,2863,2026-07-12,0
874,2863,2026-07-13,0
874,2863,2026-07-14,0
874,2863,2026-07-15,0
874,2863,2026-07-16,0
874,2864,2026-06-16,0
874,2864,2026-06-17,0
874,2864,2026-06-18,0
874,2864,2026-06-19,0
874,2864,2026-06-20,0
874,2864,2026-06-21,0
874,2864,2026-06-22,0
874,2864,2026-06-23,0
874,2864,2026-06-24,0
874,2864,2026-06-25,0
874,2864,2026-06-26,0
874,2864,2026-06-27,0
874,2864,2026-06-28,0
874,2864,2026-06-29,0
874,2864,2026-06-30,0
874,2864,2026-07-01,0
874,2864,2026-07-02,0
874,2864,2026-07-03,0
874,2864,2026-07-04,0
874,2864,2026-07-05,0
874,2864,2026-07-06,0
874,2864,2026-07-07,0
874,2864,2026-07-08,0
874,2864,2026-07-09,0
874,2864,2026-07-10,0
874,2864,2026-07-11,0
874,2864,2026-07-12,0
874,2864,2026-07-13,0
874,2864,2026-07-14,0
874,2864,2026-07-15,0
874,2864,2026-07-16,0
874,2860,2026-02-16,0
874,2860,2026-02-17,0
874,2860,2026-02-18,0
874,2860,2026-02-19,0
874,2860,2026-02-20,0
874,2860,2026-02-21,0
874,2860,2026-02-22,0
874,2860,2026-02-23,0
874,2860,2026-02-24,0
874,2860,2026-02-25,0
874,2860,2026-02-26,0
874,2860,2026-02-27,0
874,2860,2026-02-28,0
874,2860,2026-03-01,0
874,2860,2026-03-02,0
874,2860,2026-03-03,0
874,2860,2026-03-04,0
874,2860,2026-03-05,0
874,2860,2026-03-06,0
874,2860,2026-03-07,2
874,2860,2026-03-08,0
874,2860,2026-03-09,0
874,2860,2026-03-10,0
874,2860,2026-03-11,0
874,2860,2026-03-12,0
874,2860,2026-03-13,0
874,2860,2026-03-14,0
874,2860,2026-03-15,0
874,2860,2026-03-16,1
874,2860,2026-03-17,0
874,2860,2026-03-18,0
874,2861,2026-02-16,0
874,2861,2026-02-17,0
874,2861,2026-02-18,0
874,2861,2026-02-19,0
874,2861,2026-02-20,0
874,2861,2026-02-21,0
874,2861,2026-02-22,0
874,2861,2026-02-23,0
874,2861,2026-02-24,0
874,2861,2026-02-25,0
874,2861,2026-02-26,0
874,2861,2026-02-27,0
874,2861,2026-02-28,0
874,2861,2026-03-01,0
874,2861,2026-03-02,0
874,2861,2026-03-03,0
874,2861,2026-03-04,0
874,2861,2026-03-05,0
874,2861,2026-03-06,0
874,2861,2026-03-07,0
874,2861,2026-03-08,0
874,2861,2026-03-09,0
874,2861,2026-03-10,0
874,2861,2026-03-11,0
874,2861,2026-03-12,0
874,2861,2026-03-13,0
874,2861,2026-03-14,0
874,2861,2026-03-15,0
874,2861,2026-03-16,0
874,2861,2026-03-17,0
874,2861,2026-03-18,0
874,2862,2026-02-16,4
874,2862,2026-02-17,0
874,2862,2026-02-18,0
874,2862,2026-02-19,0
874,2862,2026-02-20,0
874,2862,2026-02-21,0
874,2862,2026-02-22,0
874,2862,2026-02-23,0
874,2862,2026-02-24,0
874,2862,2026-02-25,0
874,2862,2026-02-26,0
874,2862,2026-02-27,0
874,2862,2026-02-28,0
874,2862,2026-03-01,0
874,2862,2026-03-02,0
874,2862,2026-03-03,0
874,2862,2026-03-04,0
874,2862,2026-03-05,0
874,2862,2026-03-06,0
874,2862,2026-03-07,0
874,2862,2026-03-08,0
874,2862,2026-03-09,0
874,2862,2026-03-10,0
874,2862,2026-03-11,0
874,2862,2026-03-12,0
874,2862,2026-03-13,1
874,2862,2026-03-14,0
874,2862,2026-03-15,0
874,2862,2026-03-16,0
874,2862,2026-03-17,0
874,2862,2026-03-18,1
874,2863,2026-02-16,4
874,2863,2026-02-17,9
874,2863,2026-02-18,11
874,2863,2026-02-19,7
874,2863,2026-02-20,17
874,2863,2026-02-21,14
874,2863,2026-02-22,24
874,2863,2026-02-23,19
874,2863,2026-02-24,20
874,2863,2026-02-25,18
874,2863,2026-02-26,23
874,2863,2026-02-27,13
874,2863,2026-02-28,13
874,2863,2026-03-01,22
874,2863,2026-03-02,14
874,2863,2026-03-03,9
874,2863,2026-03-04,17
874,2863,2026-03-05,12
874,2863,2026-03-06,21
874,2863,2026-03-07,21
874,2863,2026-03-08,21
874,2863,2026-03-09,19
874,2863,2026-03-10,25
874,2863,2026-03-11,21
874,2863,2026-03-12,21
874,2863,2026-03-13,19
874,2863,2026-03-14,9
874,2863,2026-03-15,11
874,2863,2026-03-16,16
874,2863,2026-03-17,10
874,2863,2026-03-18,21
874,2864,2026-02-16,0
874,2864,2026-02-17,7
874,2864,2026-02-18,0
874,2864,2026-02-19,0
874,2864,2026-02-20,5
874,2864,2026-02-21,0
874,2864,2026-02-22,1
874,2864,2026-02-23,5
874,2864,2026-02-24,6
874,2864,2026-02-25,0
874,2864,2026-02-26,7
874,2864,2026-02-27,0
874,2864,2026-02-28,1
874,2864,2026-03-01,5
874,2864,2026-03-02,0
874,2864,2026-03-03,4
874,2864,2026-03-04,7
874,2864,2026-03-05,13
874,2864,2026-03-06,0
874,2864,2026-03-07,0
874,2864,2026-03-08,0
874,2864,2026-03-09,0
874,2864,2026-03-10,0
874,2864,2026-03-11,1
874,2864,2026-03-12,10
874,2864,2026-03-13,5
874,2864,2026-03-14,0
874,2864,2026-03-15,0
874,2864,2026-03-16,0
874,2864,2026-03-17,1
874,2864,2026-03-18,0
874,2860,2026-12-13,0
874,2860,2026-12-14,0
874,2860,2026-12-15,0
874,2860,2026-12-16,0
874,2860,2026-12-17,0
874,2860,2026-12-18,0
874,2860,2026-12-19,0
874,2860,2026-12-20,0
874,2860,2026-12-21,0
874,2860,2026-12-22,0
874,2860,2026-12-23,0
874,2860,2026-12-24,0
874,2860,2026-12-25,0
874,2860,2026-12-26,0
874,2860,2026-12-27,0
874,2860,2026-12-28,0
874,2860,2026-12-29,0
874,2860,2026-12-30,0
874,2860,2026-12-31,0
874,2860,2027-01-01,0
874,2860,2027-01-02,0
874,2860,2027-01-03,0
874,2860,2027-01-04,0
874,2860,2027-01-05,0
874,2860,2027-01-06,0
874,2860,2027-01-07,0
874,2860,2027-01-08,0
874,2860,2027-01-09,0
874,2860,2027-01-10,0
874,2860,2027-01-11,0
874,2860,2027-01-12,0
874,2861,2026-12-13,0
874,2861,2026-12-14,0
874,2861,2026-12-15,0
874,2861,2026-12-16,0
874,2861,2026-12-17,0
874,2861,2026-12-18,0
874,2861,2026-12-19,0
874,2861,2026-12-20,0
874,2861,2026-12-21,0
874,2861,2026-12-22,0
874,2861,2026-12-23,0
874,2861,2026-12-24,0
874,2861,2026-12-25,0
874,2861,2026-12-26,0
874,2861,2026-12-27,0
874,2861,2026-12-28,0
874,2861,2026-12-29,0
874,2861,2026-12-30,0
874,2861,2026-12-31,0
874,2861,2027-01-01,0
874,2861,2027-01-02,0
874,2861,2027-01-03,0
874,2861,2027-01-04,0
874,2861,2027-01-05,0
874,2861,2027-01-06,0
874,2861,2027-01-07,0
874,2861,2027-01-08,0
874,2861,2027-01-09,0
874,2861,2027-01-10,0
874,2861,2027-01-11,0
874,2861,2027-01-12,0
874,2862,2026-12-13,0
874,2862,2026-12-14,0
874,2862,2026-12-15,0
874,2862,2026-12-16,0
874,2862,2026-12-17,0
874,2862,2026-12-18,0
874,2862,2026-12-19,0
874,2862,2026-12-20,0
874,2862,2026-12-21,0
874,2862,2026-12-22,0
874,2862,2026-12-23,0
874,2862,2026-12-24,0
874,2862,2026-12-25,0
874,2862,2026-12-26,0
874,2862,2026-12-27,0
874,2862,2026-12-28,0
874,2862,2026-12-29,0
874,2862,2026-12-30,0
874,2862,2026-12-31,0
874,2862,2027-01-01,0
874,2862,2027-01-02,0
874,2862,2027-01-03,0
874,2862,2027-01-04,0
874,2862,2027-01-05,0
874,2862,2027-01-06,0
874,2862,2027-01-07,0
874,2862,2027-01-08,0
874,2862,2027-01-09,0
874,2862,2027-01-10,0
874,2862,2027-01-11,0
874,2862,2027-01-12,0
874,2863,2026-12-13,0
874,2863,2026-12-14,0
874,2863,2026-12-15,0
874,2863,2026-12-16,0
874,2863,2026-12-17,0
874,2863,2026-12-18,0
874,2863,2026-12-19,0
874,2863,2026-12-20,0
874,2863,2026-12-21,0
874,2863,2026-12-22,0
874,2863,2026-12-23,0
874,2863,2026-12-24,0
874,2863,2026-12-25,0
874,2863,2026-12-26,0
874,2863,2026-12-27,0
874,2863,2026-12-28,0
874,2863,2026-12-29,0
874,2863,2026-12-30,0
874,2863,2026-12-31,0
874,2863,2027-01-01,0
874,2863,2027-01-02,0
874,2863,2027-01-03,0
874,2863,2027-01-04,0
874,2863,2027-01-05,0
874,2863,2027-01-06,0
874,2863,2027-01-07,0
874,2863,2027-01-08,0
874,2863,2027-01-09,0
874,2863,2027-01-10,0
874,2863,2027-01-11,0
874,2863,2027-01-12,0
874,2864,2026-12-13,0
874,2864,2026-12-14,0
874,2864,2026-12-15,0
874,2864,2026-12-16,0
874,2864,2026-12-17,0
874,2864,2026-12-18,0
874,2864,2026-12-19,0
874,2864,2026-12-20,0
874,2864,2026-12-21,0
874,2864,2026-12-22,0
874,2864,2026-12-23,0
874,2864,2026-12-24,0
874,2864,2026-12-25,0
874,2864,2026-12-26,0
874,2864,2026-12-27,0
874,2864,2026-12-28,0
874,2864,2026-12-29,0
874,2864,2026-12-30,0
874,2864,2026-12-31,0
874,2864,2027-01-01,0
874,2864,2027-01-02,0
874,2864,2027-01-03,0
874,2864,2027-01-04,0
874,2864,2027-01-05,0
874,2864,2027-01-06,0
874,2864,2027-01-07,0
874,2864,2027-01-08,0
874,2864,2027-01-09,0
874,2864,2027-01-10,0
874,2864,2027-01-11,0
874,2864,2027-01-12,0
874,2860,2026-11-13,0
874,2860,2026-11-14,0
874,2860,2026-11-15,0
874,2860,2026-11-16,0
874,2860,2026-11-17,0
874,2860,2026-11-18,0
874,2860,2026-11-19,0
874,2860,2026-11-20,0
874,2860,2026-11-21,0
874,2860,2026-11-22,0
874,2860,2026-11-23,0
874,2860,2026-11-24,0
874,2860,2026-11-25,0
874,2860,2026-11-26,0
874,2860,2026-11-27,0
874,2860,2026-11-28,0
874,2860,2026-11-29,0
874,2860,2026-11-30,0
874,2860,2026-12-01,0
874,2860,2026-12-02,0
874,2860,2026-12-03,0
874,2860,2026-12-04,0
874,2860,2026-12-05,0
874,2860,2026-12-06,0
874,2860,2026-12-07,0
874,2860,2026-12-08,0
874,2860,2026-12-09,0
874,2860,2026-12-10,0
874,2860,2026-12-11,0
874,2860,2026-12-12,0
874,2860,2026-12-13,0
874,2861,2026-11-13,0
874,2861,2026-11-14,0
874,2861,2026-11-15,0
874,2861,2026-11-16,0
874,2861,2026-11-17,0
874,2861,2026-11-18,0
874,2861,2026-11-19,0
874,2861,2026-11-20,0
874,2861,2026-11-21,0
874,2861,2026-11-22,0
874,2861,2026-11-23,0
874,2861,2026-11-24,0
874,2861,2026-11-25,0
874,2861,2026-11-26,0
874,2861,2026-11-27,0
874,2861,2026-11-28,0
874,2861,2026-11-29,0
874,2861,2026-11-30,0
874,2861,2026-12-01,0
874,2861,2026-12-02,0
874,2861,2026-12-03,0
874,2861,2026-12-04,0
874,2861,2026-12-05,0
874,2861,2026-12-06,0
874,2861,2026-12-07,0
874,2861,2026-12-08,0
874,2861,2026-12-09,0
874,2861,2026-12-10,0
874,2861,2026-12-11,0
874,2861,2026-12-12,0
874,2861,2026-12-13,0
874,2862,2026-11-13,0
874,2862,2026-11-14,0
874,2862,2026-11-15,0
874,2862,2026-11-16,0
874,2862,2026-11-17,0
874,2862,2026-11-18,0
874,2862,2026-11-19,0
874,2862,2026-11-20,0
874,2862,2026-11-21,0
874,2862,2026-11-22,0
874,2862,2026-11-23,0
874,2862,2026-11-24,0
874,2862,2026-11-25,0
874,2862,2026-11-26,0
874,2862,2026-11-27,0
874,2862,2026-11-28,0
874,2862,2026-11-29,0
874,2862,2026-11-30,0
874,2862,2026-12-01,0
874,2862,2026-12-02,0
874,2862,2026-12-03,0
874,2862,2026-12-04,0
874,2862,2026-12-05,0
874,2862,2026-12-06,0
874,2862,2026-12-07,0
874,2862,2026-12-08,0
874,2862,2026-12-09,0
874,2862,2026-12-10,0
874,2862,2026-12-11,0
874,2862,2026-12-12,0
874,2862,2026-12-13,0
874,2863,2026-11-13,0
874,2863,2026-11-14,0
874,2863,2026-11-15,0
874,2863,2026-11-16,0
874,2863,2026-11-17,0
874,2863,2026-11-18,0
874,2863,2026-11-19,0
874,2863,2026-11-20,0
874,2863,2026-11-21,0
874,2863,2026-11-22,0
874,2863,2026-11-23,0
874,2863,2026-11-24,0
874,2863,2026-11-25,0
874,2863,2026-11-26,0
874,2863,2026-11-27,0
874,2863,2026-11-28,0
874,2863,2026-11-29,0
874,2863,2026-11-30,0
874,2863,2026-12-01,0
874,2863,2026-12-02,0
874,2863,2026-12-03,0
874,2863,2026-12-04,0
874,2863,2026-12-05,0
874,2863,2026-12-06,0
874,2863,2026-12-07,0
874,2863,2026-12-08,0
874,2863,2026-12-09,0
874,2863,2026-12-10,0
874,2863,2026-12-11,0
874,2863,2026-12-12,0
874,2863,2026-12-13,0
874,2864,2026-11-13,0
874,2864,2026-11-14,0
874,2864,2026-11-15,0
874,2864,2026-11-16,0
874,2864,2026-11-17,0
874,2864,2026-11-18,0
874,2864,2026-11-19,0
874,2864,2026-11-20,0
874,2864,2026-11-21,0
874,2864,2026-11-22,0
874,2864,2026-11-23,0
874,2864,2026-11-24,0
874,2864,2026-11-25,0
874,2864,2026-11-26,0
874,2864,2026-11-27,0
874,2864,2026-11-28,0
874,2864,2026-11-29,0
874,2864,2026-11-30,0
874,2864,2026-12-01,0
874,2864,2026-12-02,0
874,2864,2026-12-03,0
874,2864,2026-12-04,0
874,2864,2026-12-05,0
874,2864,2026-12-06,0
874,2864,2026-12-07,0
874,2864,2026-12-08,0
874,2864,2026-12-09,0
874,2864,2026-12-10,0
874,2864,2026-12-11,0
874,2864,2026-12-12,0
874,2864,2026-12-13,0
874,2860,2026-09-14,0
874,2860,2026-09-15,0
874,2860,2026-09-16,0
874,2860,2026-09-17,0
874,2860,2026-09-18,0
874,2860,2026-09-19,0
874,2860,2026-09-20,0
874,2860,2026-09-21,0
874,2860,2026-09-22,0
874,2860,2026-09-23,0
874,2860,2026-09-24,0
874,2860,2026-09-25,0
874,2860,2026-09-26,0
874,2860,2026-09-27,0
874,2860,2026-09-28,0
874,2860,2026-09-29,0
874,2860,2026-09-30,0
874,2860,2026-10-01,0
874,2860,2026-10-02,0
874,2860,2026-10-03,0
874,2860,2026-10-04,0
874,2860,2026-10-05,0
874,2860,2026-10-06,0
874,2860,2026-10-07,0
874,2860,2026-10-08,0
874,2860,2026-10-09,0
874,2860,2026-10-10,0
874,2860,2026-10-11,0
874,2860,2026-10-12,0
874,2860,2026-10-13,0
874,2860,2026-10-14,0
874,2861,2026-09-14,0
874,2861,2026-09-15,0
874,2861,2026-09-16,0
874,2861,2026-09-17,0
874,2861,2026-09-18,0
874,2861,2026-09-19,0
874,2861,2026-09-20,0
874,2861,2026-09-21,0
874,2861,2026-09-22,0
874,2861,2026-09-23,0
874,2861,2026-09-24,0
874,2861,2026-09-25,0
874,2861,2026-09-26,0
874,2861,2026-09-27,0
874,2861,2026-09-28,0
874,2861,2026-09-29,0
874,2861,2026-09-30,0
874,2861,2026-10-01,0
874,2861,2026-10-02,0
874,2861,2026-10-03,0
874,2861,2026-10-04,0
874,2861,2026-10-05,0
874,2861,2026-10-06,0
874,2861,2026-10-07,0
874,2861,2026-10-08,0
874,2861,2026-10-09,0
874,2861,2026-10-10,0
874,2861,2026-10-11,0
874,2861,2026-10-12,0
874,2861,2026-10-13,0
874,2861,2026-10-14,0
874,2862,2026-09-14,0
874,2862,2026-09-15,0
874,2862,2026-09-16,0
874,2862,2026-09-17,0
874,2862,2026-09-18,0
874,2862,2026-09-19,0
874,2862,2026-09-20,0
874,2862,2026-09-21,0
874,2862,2026-09-22,0
874,2862,2026-09-23,0
874,2862,2026-09-24,0
874,2862,2026-09-25,0
874,2862,2026-09-26,0
874,2862,2026-09-27,0
874,2862,2026-09-28,0
874,2862,2026-09-29,0
874,2862,2026-09-30,0
874,2862,2026-10-01,0
874,2862,2026-10-02,0
874,2862,2026-10-03,0
874,2862,2026-10-04,0
874,2862,2026-10-05,0
874,2862,2026-10-06,0
874,2862,2026-10-07,0
874,2862,2026-10-08,0
874,2862,2026-10-09,0
874,2862,2026-10-10,0
874,2862,2026-10-11,0
874,2862,2026-10-12,0
874,2862,2026-10-13,0
874,2862,2026-10-14,0
874,2863,2026-09-14,0
874,2863,2026-09-15,0
874,2863,2026-09-16,0
874,2863,2026-09-17,0
874,2863,2026-09-18,0
874,2863,2026-09-19,0
874,2863,2026-09-20,0
874,2863,2026-09-21,0
874,2863,2026-09-22,0
874,2863,2026-09-23,0
874,2863,2026-09-24,0
874,2863,2026-09-25,0
874,2863,2026-09-26,0
874,2863,2026-09-27,0
874,2863,2026-09-28,0
874,2863,2026-09-29,0
874,2863,2026-09-30,0
874,2863,2026-10-01,0
874,2863,2026-10-02,0
874,2863,2026-10-03,0
874,2863,2026-10-04,0
874,2863,2026-10-05,0
874,2863,2026-10-06,0
874,2863,2026-10-07,0
874,2863,2026-10-08,0
874,2863,2026-10-09,0
874,2863,2026-10-10,0
874,2863,2026-10-11,0
874,2863,2026-10-12,0
874,2863,2026-10-13,0
874,2863,2026-10-14,0
874,2864,2026-09-14,0
874,2864,2026-09-15,0
874,2864,2026-09-16,0
874,2864,2026-09-17,0
874,2864,2026-09-18,0
874,2864,2026-09-19,0
874,2864,2026-09-20,0
874,2864,2026-09-21,0
874,2864,2026-09-22,0
874,2864,2026-09-23,0
874,2864,2026-09-24,0
874,2864,2026-09-25,0
874,2864,2026-09-26,0
874,2864,2026-09-27,0
874,2864,2026-09-28,0
874,2864,2026-09-29,0
874,2864,2026-09-30,0
874,2864,2026-10-01,0
874,2864,2026-10-02,0
874,2864,2026-10-03,0
874,2864,2026-10-04,0
874,2864,2026-10-05,0
874,2864,2026-10-06,0
874,2864,2026-10-07,0
874,2864,2026-10-08,0
874,2864,2026-10-09,0
874,2864,2026-10-10,0
874,2864,2026-10-11,0
874,2864,2026-10-12,0
874,2864,2026-10-13,0
874,2864,2026-10-14,0
874,2860,2026-10-14,0
874,2860,2026-10-15,0
874,2860,2026-10-16,0
874,2860,2026-10-17,0
874,2860,2026-10-18,0
874,2860,2026-10-19,0
874,2860,2026-10-20,0
874,2860,2026-10-21,0
874,2860,2026-10-22,0
874,2860,2026-10-23,0
874,2860,2026-10-24,0
874,2860,2026-10-25,0
874,2860,2026-10-26,0
874,2860,2026-10-27,0
874,2860,2026-10-28,0
874,2860,2026-10-29,0
874,2860,2026-10-30,0
874,2860,2026-10-31,0
874,2860,2026-11-01,0
874,2860,2026-11-02,0
874,2860,2026-11-03,0
874,2860,2026-11-04,0
874,2860,2026-11-05,0
874,2860,2026-11-06,0
874,2860,2026-11-07,0
874,2860,2026-11-08,0
874,2860,2026-11-09,0
874,2860,2026-11-10,0
874,2860,2026-11-11,0
874,2860,2026-11-12,0
874,2860,2026-11-13,0
874,2861,2026-10-14,0
874,2861,2026-10-15,0
874,2861,2026-10-16,0
874,2861,2026-10-17,0
874,2861,2026-10-18,0
874,2861,2026-10-19,0
874,2861,2026-10-20,0
874,2861,2026-10-21,0
874,2861,2026-10-22,0
874,2861,2026-10-23,0
874,2861,2026-10-24,0
874,2861,2026-10-25,0
874,2861,2026-10-26,0
874,2861,2026-10-27,0
874,2861,2026-10-28,0
874,2861,2026-10-29,0
874,2861,2026-10-30,0
874,2861,2026-10-31,0
874,2861,2026-11-01,0
874,2861,2026-11-02,0
874,2861,2026-11-03,0
874,2861,2026-11-04,0
874,2861,2026-11-05,0
874,2861,2026-11-06,0
874,2861,2026-11-07,0
874,2861,2026-11-08,0
874,2861,2026-11-09,0
874,2861,2026-11-10,0
874,2861,2026-11-11,0
874,2861,2026-11-12,0
874,2861,2026-11-13,0
874,2862,2026-10-14,0
874,2862,2026-10-15,0
874,2862,2026-10-16,0
874,2862,2026-10-17,0
874,2862,2026-10-18,0
874,2862,2026-10-19,0
874,2862,2026-10-20,0
874,2862,2026-10-21,0
874,2862,2026-10-22,0
874,2862,2026-10-23,0
874,2862,2026-10-24,0
874,2862,2026-10-25,0
874,2862,2026-10-26,0
874,2862,2026-10-27,0
874,2862,2026-10-28,0
874,2862,2026-10-29,0
874,2862,2026-10-30,0
874,2862,2026-10-31,0
874,2862,2026-11-01,0
874,2862,2026-11-02,0
874,2862,2026-11-03,0
874,2862,2026-11-04,0
874,2862,2026-11-05,0
874,2862,2026-11-06,0
874,2862,2026-11-07,0
874,2862,2026-11-08,0
874,2862,2026-11-09,0
874,2862,2026-11-10,0
874,2862,2026-11-11,0
874,2862,2026-11-12,0
874,2862,2026-11-13,0
874,2863,2026-10-14,0
874,2863,2026-10-15,0
874,2863,2026-10-16,0
874,2863,2026-10-17,0
874,2863,2026-10-18,0
874,2863,2026-10-19,0
874,2863,2026-10-20,0
874,2863,2026-10-21,0
874,2863,2026-10-22,0
874,2863,2026-10-23,0
874,2863,2026-10-24,0
874,2863,2026-10-25,0
874,2863,2026-10-26,0
874,2863,2026-10-27,0
874,2863,2026-10-28,0
874,2863,2026-10-29,0
874,2863,2026-10-30,0
874,2863,2026-10-31,0
874,2863,2026-11-01,0
874,2863,2026-11-02,0
874,2863,2026-11-03,0
874,2863,2026-11-04,0
874,2863,2026-11-05,0
874,2863,2026-11-06,0
874,2863,2026-11-07,0
874,2863,2026-11-08,0
874,2863,2026-11-09,0
874,2863,2026-11-10,0
874,2863,2026-11-11,0
874,2863,2026-11-12,0
874,2863,2026-11-13,0
874,2864,2026-10-14,0
874,2864,2026-10-15,0
874,2864,2026-10-16,0
874,2864,2026-10-17,0
874,2864,2026-10-18,0
874,2864,2026-10-19,0
874,2864,2026-10-20,0
874,2864,2026-10-21,0
874,2864,2026-10-22,0
874,2864,2026-10-23,0
874,2864,2026-10-24,0
874,2864,2026-10-25,0
874,2864,2026-10-26,0
874,2864,2026-10-27,0
874,2864,2026-10-28,0
874,2864,2026-10-29,0
874,2864,2026-10-30,0
874,2864,2026-10-31,0
874,2864,2026-11-01,0
874,2864,2026-11-02,0
874,2864,2026-11-03,0
874,2864,2026-11-04,0
874,2864,2026-11-05,0
874,2864,2026-11-06,0
874,2864,2026-11-07,0
874,2864,2026-11-08,0
874,2864,2026-11-09,0
874,2864,2026-11-10,0
874,2864,2026-11-11,0
874,2864,2026-11-12,0
874,2864,2026-11-13,0
874,2860,2027-01-12,0
874,2860,2027-01-13,0
874,2860,2027-01-14,0
874,2860,2027-01-15,0
874,2860,2027-01-16,0
874,2860,2027-01-17,0
874,2860,2027-01-18,0
874,2860,2027-01-19,0
874,2860,2027-01-20,0
874,2860,2027-01-21,0
874,2860,2027-01-22,0
874,2860,2027-01-23,0
874,2860,2027-01-24,0
874,2860,2027-01-25,0
874,2860,2027-01-26,0
874,2860,2027-01-27,0
874,2860,2027-01-28,0
874,2860,2027-01-29,0
874,2860,2027-01-30,0
874,2860,2027-01-31,0
874,2860,2027-02-01,0
874,2860,2027-02-02,0
874,2860,2027-02-03,0
874,2860,2027-02-04,0
874,2860,2027-02-05,0
874,2860,2027-02-06,0
874,2860,2027-02-07,0
874,2860,2027-02-08,0
874,2860,2027-02-09,0
874,2860,2027-02-10,0
874,2860,2027-02-11,0
874,2861,2027-01-12,0
874,2861,2027-01-13,0
874,2861,2027-01-14,0
874,2861,2027-01-15,0
874,2861,2027-01-16,0
874,2861,2027-01-17,0
874,2861,2027-01-18,0
874,2861,2027-01-19,0
874,2861,2027-01-20,0
874,2861,2027-01-21,0
874,2861,2027-01-22,0
874,2861,2027-01-23,0
874,2861,2027-01-24,0
874,2861,2027-01-25,0
874,2861,2027-01-26,0
874,2861,2027-01-27,0
874,2861,2027-01-28,0
874,2861,2027-01-29,0
874,2861,2027-01-30,0
874,2861,2027-01-31,0
874,2861,2027-02-01,0
874,2861,2027-02-02,0
874,2861,2027-02-03,0
874,2861,2027-02-04,0
874,2861,2027-02-05,0
874,2861,2027-02-06,0
874,2861,2027-02-07,0
874,2861,2027-02-08,0
874,2861,2027-02-09,0
874,2861,2027-02-10,0
874,2861,2027-02-11,0
874,2862,2027-01-12,0
874,2862,2027-01-13,0
874,2862,2027-01-14,0
874,2862,2027-01-15,0
874,2862,2027-01-16,0
874,2862,2027-01-17,0
874,2862,2027-01-18,0
874,2862,2027-01-19,0
874,2862,2027-01-20,0
874,2862,2027-01-21,0
874,2862,2027-01-22,0
874,2862,2027-01-23,0
874,2862,2027-01-24,0
874,2862,2027-01-25,0
874,2862,2027-01-26,0
874,2862,2027-01-27,0
874,2862,2027-01-28,0
874,2862,2027-01-29,0
874,2862,2027-01-30,0
874,2862,2027-01-31,0
874,2862,2027-02-01,0
874,2862,2027-02-02,0
874,2862,2027-02-03,0
874,2862,2027-02-04,0
874,2862,2027-02-05,0
874,2862,2027-02-06,0
874,2862,2027-02-07,0
874,2862,2027-02-08,0
874,2862,2027-02-09,0
874,2862,2027-02-10,0
874,2862,2027-02-11,0
874,2863,2027-01-12,0
874,2863,2027-01-13,0
874,2863,2027-01-14,0
874,2863,2027-01-15,0
874,2863,2027-01-16,0
874,2863,2027-01-17,0
874,2863,2027-01-18,0
874,2863,2027-01-19,0
874,2863,2027-01-20,0
874,2863,2027-01-21,0
874,2863,2027-01-22,0
874,2863,2027-01-23,0
874,2863,2027-01-24,0
874,2863,2027-01-25,0
874,2863,2027-01-26,0
874,2863,2027-01-27,0
874,2863,2027-01-28,0
874,2863,2027-01-29,0
874,2863,2027-01-30,0
874,2863,2027-01-31,0
874,2863,2027-02-01,0
874,2863,2027-02-02,0
874,2863,2027-02-03,0
874,2863,2027-02-04,0
874,2863,2027-02-05,0
874,2863,2027-02-06,0
874,2863,2027-02-07,0
874,2863,2027-02-08,0
874,2863,2027-02-09,0
874,2863,2027-02-10,0
874,2863,2027-02-11,0
874,2864,2027-01-12,0
874,2864,2027-01-13,0
874,2864,2027-01-14,0
874,2864,2027-01-15,0
874,2864,2027-01-16,0
874,2864,2027-01-17,0
874,2864,2027-01-18,0
874,2864,2027-01-19,0
874,2864,2027-01-20,0
874,2864,2027-01-21,0
874,2864,2027-01-22,0
874,2864,2027-01-23,0
874,2864,2027-01-24,0
874,2864,2027-01-25,0
874,2864,2027-01-26,0
874,2864,2027-01-27,0
874,2864,2027-01-28,0
874,2864,2027-01-29,0
874,2864,2027-01-30,0
874,2864,2027-01-31,0
874,2864,2027-02-01,0
874,2864,2027-02-02,0
874,2864,2027-02-03,0
874,2864,2027-02-04,0
874,2864,2027-02-05,0
874,2864,2027-02-06,0
874,2864,2027-02-07,0
874,2864,2027-02-08,0
874,2864,2027-02-09,0
874,2864,2027-02-10,0
874,2864,2027-02-11,0
874,2860,2027-02-11,0
874,2860,2027-02-12,0
874,2860,2027-02-13,0
874,2860,2027-02-14,0
874,2860,2027-02-15,0
874,2860,2027-02-16,0
874,2860,2027-02-17,0
874,2860,2027-02-18,0
874,2860,2027-02-19,0
874,2860,2027-02-20,0
874,2860,2027-02-21,0
874,2860,2027-02-22,0
874,2860,2027-02-23,0
874,2860,2027-02-24,0
874,2860,2027-02-25,0
874,2860,2027-02-26,0
874,2860,2027-02-27,0
874,2860,2027-02-28,0
874,2860,2027-03-01,0
874,2860,2027-03-02,0
874,2860,2027-03-03,0
874,2860,2027-03-04,0
874,2860,2027-03-05,0
874,2860,2027-03-06,0
874,2860,2027-03-07,0
874,2860,2027-03-08,0
874,2860,2027-03-09,0
874,2860,2027-03-10,0
874,2860,2027-03-11,0
874,2860,2027-03-12,0
874,2860,2027-03-13,0
874,2861,2027-02-11,0
874,2861,2027-02-12,0
874,2861,2027-02-13,0
874,2861,2027-02-14,0
874,2861,2027-02-15,0
874,2861,2027-02-16,0
874,2861,2027-02-17,0
874,2861,2027-02-18,0
874,2861,2027-02-19,0
874,2861,2027-02-20,0
874,2861,2027-02-21,0
874,2861,2027-02-22,0
874,2861,2027-02-23,0
874,2861,2027-02-24,0
874,2861,2027-02-25,0
874,2861,2027-02-26,0
874,2861,2027-02-27,0
874,2861,2027-02-28,0
874,2861,2027-03-01,0
874,2861,2027-03-02,0
874,2861,2027-03-03,0
874,2861,2027-03-04,0
874,2861,2027-03-05,0
874,2861,2027-03-06,0
874,2861,2027-03-07,0
874,2861,2027-03-08,0
874,2861,2027-03-09,0
874,2861,2027-03-10,0
874,2861,2027-03-11,0
874,2861,2027-03-12,0
874,2861,2027-03-13,0
874,2862,2027-02-11,0
874,2862,2027-02-12,0
874,2862,2027-02-13,0
874,2862,2027-02-14,0
874,2862,2027-02-15,0
874,2862,2027-02-16,0
874,2862,2027-02-17,0
874,2862,2027-02-18,0
874,2862,2027-02-19,0
874,2862,2027-02-20,0
874,2862,2027-02-21,0
874,2862,2027-02-22,0
874,2862,2027-02-23,0
874,2862,2027-02-24,0
874,2862,2027-02-25,0
874,2862,2027-02-26,0
874,2862,2027-02-27,0
874,2862,2027-02-28,0
874,2862,2027-03-01,0
874,2862,2027-03-02,0
874,2862,2027-03-03,0
874,2862,2027-03-04,0
874,2862,2027-03-05,0
874,2862,2027-03-06,0
874,2862,2027-03-07,0
874,2862,2027-03-08,0
874,2862,2027-03-09,0
874,2862,2027-03-10,0
874,2862,2027-03-11,0
874,2862,2027-03-12,0
874,2862,2027-03-13,0
874,2863,2027-02-11,0
874,2863,2027-02-12,0
874,2863,2027-02-13,0
874,2863,2027-02-14,0
874,2863,2027-02-15,0
874,2863,2027-02-16,0
874,2863,2027-02-17,0
874,2863,2027-02-18,0
874,2863,2027-02-19,0
874,2863,2027-02-20,0
874,2863,2027-02-21,0
874,2863,2027-02-22,0
874,2863,2027-02-23,0
874,2863,2027-02-24,0
874,2863,2027-02-25,0
874,2863,2027-02-26,0
874,2863,2027-02-27,0
874,2863,2027-02-28,0
874,2863,2027-03-01,0
874,2863,2027-03-02,0
874,2863,2027-03-03,0
874,2863,2027-03-04,0
874,2863,2027-03-05,0
874,2863,2027-03-06,0
874,2863,2027-03-07,0
874,2863,2027-03-08,0
874,2863,2027-03-09,0
874,2863,2027-03-10,0
874,2863,2027-03-11,0
874,2863,2027-03-12,0
874,2863,2027-03-13,0
874,2864,2027-02-11,0
874,2864,2027-02-12,0
874,2864,2027-02-13,0
874,2864,2027-02-14,0
874,2864,2027-02-15,0
874,2864,2027-02-16,0
874,2864,2027-02-17,0
874,2864,2027-02-18,0
874,2864,2027-02-19,0
874,2864,2027-02-20,0
874,2864,2027-02-21,0
874,2864,2027-02-22,0
874,2864,2027-02-23,0
874,2864,2027-02-24,0
874,2864,2027-02-25,0
874,2864,2027-02-26,0
874,2864,2027-02-27,0
874,2864,2027-02-28,0
874,2864,2027-03-01,0
874,2864,2027-03-02,0
874,2864,2027-03-03,0
874,2864,2027-03-04,0
874,2864,2027-03-05,0
874,2864,2027-03-06,0
874,2864,2027-03-07,0
874,2864,2027-03-08,0
874,2864,2027-03-09,0
874,2864,2027-03-10,0
874,2864,2027-03-11,0
874,2864,2027-03-12,0
874,2864,2027-03-13,0
872,2852,2026-04-17,27
872,2852,2026-04-18,20
872,2852,2026-04-19,30
872,2852,2026-04-20,30
872,2852,2026-04-21,30
872,2852,2026-04-22,29
872,2852,2026-04-23,30
872,2852,2026-04-24,30
872,2852,2026-04-25,30
872,2852,2026-04-26,25
872,2852,2026-04-27,30
872,2852,2026-04-28,28
872,2852,2026-04-29,30
872,2852,2026-04-30,30
872,2852,2026-05-01,0
872,2852,2026-05-02,0
872,2852,2026-05-03,0
872,2852,2026-05-04,0
872,2852,2026-05-05,0
872,2852,2026-05-06,0
872,2852,2026-05-07,0
872,2852,2026-05-08,0
872,2852,2026-05-09,0
872,2852,2026-05-10,0
872,2852,2026-05-11,0
872,2852,2026-05-12,0
872,2852,2026-05-13,0
872,2852,2026-05-14,0
872,2852,2026-05-15,0
872,2852,2026-05-16,0
872,2852,2026-05-17,0
872,2853,2026-04-17,18
872,2853,2026-04-18,30
872,2853,2026-04-19,26
872,2853,2026-04-20,30
872,2853,2026-04-21,30
872,2853,2026-04-22,28
872,2853,2026-04-23,24
872,2853,2026-04-24,29
872,2853,2026-04-25,26
872,2853,2026-04-26,26
872,2853,2026-04-27,30
872,2853,2026-04-28,25
872,2853,2026-04-29,23
872,2853,2026-04-30,24
872,2853,2026-05-01,0
872,2853,2026-05-02,0
872,2853,2026-05-03,0
872,2853,2026-05-04,0
872,2853,2026-05-05,0
872,2853,2026-05-06,0
872,2853,2026-05-07,0
872,2853,2026-05-08,0
872,2853,2026-05-09,0
872,2853,2026-05-10,0
872,2853,2026-05-11,0
872,2853,2026-05-12,0
872,2853,2026-05-13,0
872,2853,2026-05-14,0
872,2853,2026-05-15,0
872,2853,2026-05-16,0
872,2853,2026-05-17,0
872,2854,2026-04-17,0
872,2854,2026-04-18,0
872,2854,2026-04-19,0
872,2854,2026-04-20,0
872,2854,2026-04-21,8
872,2854,2026-04-22,0
872,2854,2026-04-23,2
872,2854,2026-04-24,0
872,2854,2026-04-25,3
872,2854,2026-04-26,0
872,2854,2026-04-27,1
872,2854,2026-04-28,0
872,2854,2026-04-29,1
872,2854,2026-04-30,8
872,2854,2026-05-01,0
872,2854,2026-05-02,0
872,2854,2026-05-03,0
872,2854,2026-05-04,0
872,2854,2026-05-05,0
872,2854,2026-05-06,0
872,2854,2026-05-07,0
872,2854,2026-05-08,0
872,2854,2026-05-09,0
872,2854,2026-05-10,0
872,2854,2026-05-11,0
872,2854,2026-05-12,0
872,2854,2026-05-13,0
872,2854,2026-05-14,0
872,2854,2026-05-15,0
872,2854,2026-05-16,0
872,2854,2026-05-17,0
872,2855,2026-04-17,0
872,2855,2026-04-18,0
872,2855,2026-04-19,2
872,2855,2026-04-20,0
872,2855,2026-04-21,1
872,2855,2026-04-22,0
872,2855,2026-04-23,0
872,2855,2026-04-24,1
872,2855,2026-04-25,0
872,2855,2026-04-26,0
872,2855,2026-04-27,0
872,2855,2026-04-28,0
872,2855,2026-04-29,0
872,2855,2026-04-30,44
872,2855,2026-05-01,0
872,2855,2026-05-02,0
872,2855,2026-05-03,0
872,2855,2026-05-04,0
872,2855,2026-05-05,0
872,2855,2026-05-06,0
872,2855,2026-05-07,0
872,2855,2026-05-08,0
872,2855,2026-05-09,0
872,2855,2026-05-10,0
872,2855,2026-05-11,0
872,2855,2026-05-12,0
872,2855,2026-05-13,0
872,2855,2026-05-14,0
872,2855,2026-05-15,0
872,2855,2026-05-16,0
872,2855,2026-05-17,0
872,2856,2026-04-17,0
872,2856,2026-04-18,0
872,2856,2026-04-19,0
872,2856,2026-04-20,2
872,2856,2026-04-21,0
872,2856,2026-04-22,0
872,2856,2026-04-23,2
872,2856,2026-04-24,0
872,2856,2026-04-25,0
872,2856,2026-04-26,0
872,2856,2026-04-27,0
872,2856,2026-04-28,0
872,2856,2026-04-29,1
872,2856,2026-04-30,0
872,2856,2026-05-01,0
872,2856,2026-05-02,0
872,2856,2026-05-03,0
872,2856,2026-05-04,0
872,2856,2026-05-05,0
872,2856,2026-05-06,0
872,2856,2026-05-07,0
872,2856,2026-05-08,0
872,2856,2026-05-09,0
872,2856,2026-05-10,0
872,2856,2026-05-11,0
872,2856,2026-05-12,0
872,2856,2026-05-13,0
872,2856,2026-05-14,0
872,2856,2026-05-15,0
872,2856,2026-05-16,0
872,2856,2026-05-17,0
872,2852,2026-05-17,0
872,2852,2026-05-18,0
872,2852,2026-05-19,0
872,2852,2026-05-20,0
872,2852,2026-05-21,0
872,2852,2026-05-22,0
872,2852,2026-05-23,0
872,2852,2026-05-24,0
872,2852,2026-05-25,0
872,2852,2026-05-26,0
872,2852,2026-05-27,0
872,2852,2026-05-28,0
872,2852,2026-05-29,0
872,2852,2026-05-30,0
872,2852,2026-05-31,0
872,2852,2026-06-01,0
872,2852,2026-06-02,0
872,2852,2026-06-03,0
872,2852,2026-06-04,0
872,2852,2026-06-05,0
872,2852,2026-06-06,0
872,2852,2026-06-07,0
872,2852,2026-06-08,0
872,2852,2026-06-09,0
872,2852,2026-06-10,0
872,2852,2026-06-11,0
872,2852,2026-06-12,0
872,2852,2026-06-13,0
872,2852,2026-06-14,0
872,2852,2026-06-15,0
872,2852,2026-06-16,0
872,2853,2026-05-17,0
872,2853,2026-05-18,0
872,2853,2026-05-19,0
872,2853,2026-05-20,0
872,2853,2026-05-21,0
872,2853,2026-05-22,0
872,2853,2026-05-23,0
872,2853,2026-05-24,0
872,2853,2026-05-25,0
872,2853,2026-05-26,0
872,2853,2026-05-27,0
872,2853,2026-05-28,0
872,2853,2026-05-29,0
872,2853,2026-05-30,0
872,2853,2026-05-31,0
872,2853,2026-06-01,0
872,2853,2026-06-02,0
872,2853,2026-06-03,0
872,2853,2026-06-04,0
872,2853,2026-06-05,0
872,2853,2026-06-06,0
872,2853,2026-06-07,0
872,2853,2026-06-08,0
872,2853,2026-06-09,0
872,2853,2026-06-10,0
872,2853,2026-06-11,0
872,2853,2026-06-12,0
872,2853,2026-06-13,0
872,2853,2026-06-14,0
872,2853,2026-06-15,0
872,2853,2026-06-16,0
872,2854,2026-05-17,0
872,2854,2026-05-18,0
872,2854,2026-05-19,0
872,2854,2026-05-20,0
872,2854,2026-05-21,0
872,2854,2026-05-22,0
872,2854,2026-05-23,0
872,2854,2026-05-24,0
872,2854,2026-05-25,0
872,2854,2026-05-26,0
872,2854,2026-05-27,0
872,2854,2026-05-28,0
872,2854,2026-05-29,0
872,2854,2026-05-30,0
872,2854,2026-05-31,0
872,2854,2026-06-01,0
872,2854,2026-06-02,0
872,2854,2026-06-03,0
872,2854,2026-06-04,0
872,2854,2026-06-05,0
872,2854,2026-06-06,0
872,2854,2026-06-07,0
872,2854,2026-06-08,0
872,2854,2026-06-09,0
872,2854,2026-06-10,0
872,2854,2026-06-11,0
872,2854,2026-06-12,0
872,2854,2026-06-13,0
872,2854,2026-06-14,0
872,2854,2026-06-15,0
872,2854,2026-06-16,0
872,2855,2026-05-17,0
872,2855,2026-05-18,0
872,2855,2026-05-19,0
872,2855,2026-05-20,0
872,2855,2026-05-21,0
872,2855,2026-05-22,0
872,2855,2026-05-23,0
872,2855,2026-05-24,0
872,2855,2026-05-25,0
872,2855,2026-05-26,0
872,2855,2026-05-27,0
872,2855,2026-05-28,0
872,2855,2026-05-29,0
872,2855,2026-05-30,0
872,2855,2026-05-31,0
872,2855,2026-06-01,0
872,2855,2026-06-02,0
872,2855,2026-06-03,0
872,2855,2026-06-04,0
872,2855,2026-06-05,0
872,2855,2026-06-06,0
872,2855,2026-06-07,0
872,2855,2026-06-08,0
872,2855,2026-06-09,0
872,2855,2026-06-10,0
872,2855,2026-06-11,0
872,2855,2026-06-12,0
872,2855,2026-06-13,0
872,2855,2026-06-14,0
872,2855,2026-06-15,0
872,2855,2026-06-16,0
872,2856,2026-05-17,0
872,2856,2026-05-18,0
872,2856,2026-05-19,0
872,2856,2026-05-20,0
872,2856,2026-05-21,0
872,2856,2026-05-22,0
872,2856,2026-05-23,0
872,2856,2026-05-24,0
872,2856,2026-05-25,0
872,2856,2026-05-26,0
872,2856,2026-05-27,0
872,2856,2026-05-28,0
872,2856,2026-05-29,0
872,2856,2026-05-30,0
872,2856,2026-05-31,0
872,2856,2026-06-01,0
872,2856,2026-06-02,0
872,2856,2026-06-03,0
872,2856,2026-06-04,0
872,2856,2026-06-05,0
872,2856,2026-06-06,0
872,2856,2026-06-07,0
872,2856,2026-06-08,0
872,2856,2026-06-09,0
872,2856,2026-06-10,0
872,2856,2026-06-11,0
872,2856,2026-06-12,0
872,2856,2026-06-13,0
872,2856,2026-06-14,0
872,2856,2026-06-15,0
872,2856,2026-06-16,0
872,2852,2026-07-16,0
872,2852,2026-07-17,0
872,2852,2026-07-18,0
872,2852,2026-07-19,0
872,2852,2026-07-20,0
872,2852,2026-07-21,0
872,2852,2026-07-22,0
872,2852,2026-07-23,0
872,2852,2026-07-24,0
872,2852,2026-07-25,0
872,2852,2026-07-26,0
872,2852,2026-07-27,0
872,2852,2026-07-28,0
872,2852,2026-07-29,0
872,2852,2026-07-30,0
872,2852,2026-07-31,0
872,2852,2026-08-01,0
872,2852,2026-08-02,0
872,2852,2026-08-03,0
872,2852,2026-08-04,0
872,2852,2026-08-05,0
872,2852,2026-08-06,0
872,2852,2026-08-07,0
872,2852,2026-08-08,0
872,2852,2026-08-09,0
872,2852,2026-08-10,0
872,2852,2026-08-11,0
872,2852,2026-08-12,0
872,2852,2026-08-13,0
872,2852,2026-08-14,0
872,2852,2026-08-15,0
872,2853,2026-07-16,0
872,2853,2026-07-17,0
872,2853,2026-07-18,0
872,2853,2026-07-19,0
872,2853,2026-07-20,0
872,2853,2026-07-21,0
872,2853,2026-07-22,0
872,2853,2026-07-23,0
872,2853,2026-07-24,0
872,2853,2026-07-25,0
872,2853,2026-07-26,0
872,2853,2026-07-27,0
872,2853,2026-07-28,0
872,2853,2026-07-29,0
872,2853,2026-07-30,0
872,2853,2026-07-31,0
872,2853,2026-08-01,0
872,2853,2026-08-02,0
872,2853,2026-08-03,0
872,2853,2026-08-04,0
872,2853,2026-08-05,0
872,2853,2026-08-06,0
872,2853,2026-08-07,0
872,2853,2026-08-08,0
872,2853,2026-08-09,0
872,2853,2026-08-10,0
872,2853,2026-08-11,0
872,2853,2026-08-12,0
872,2853,2026-08-13,0
872,2853,2026-08-14,0
872,2853,2026-08-15,0
872,2854,2026-07-16,0
872,2854,2026-07-17,0
872,2854,2026-07-18,0
872,2854,2026-07-19,0
872,2854,2026-07-20,0
872,2854,2026-07-21,0
872,2854,2026-07-22,0
872,2854,2026-07-23,0
872,2854,2026-07-24,0
872,2854,2026-07-25,0
872,2854,2026-07-26,0
872,2854,2026-07-27,0
872,2854,2026-07-28,0
872,2854,2026-07-29,0
872,2854,2026-07-30,0
872,2854,2026-07-31,0
872,2854,2026-08-01,0
872,2854,2026-08-02,0
872,2854,2026-08-03,0
872,2854,2026-08-04,0
872,2854,2026-08-05,0
872,2854,2026-08-06,0
872,2854,2026-08-07,0
872,2854,2026-08-08,0
872,2854,2026-08-09,0
872,2854,2026-08-10,0
872,2854,2026-08-11,0
872,2854,2026-08-12,0
872,2854,2026-08-13,0
872,2854,2026-08-14,0
872,2854,2026-08-15,0
872,2855,2026-07-16,0
872,2855,2026-07-17,0
872,2855,2026-07-18,0
872,2855,2026-07-19,0
872,2855,2026-07-20,0
872,2855,2026-07-21,0
872,2855,2026-07-22,0
872,2855,2026-07-23,0
872,2855,2026-07-24,0
872,2855,2026-07-25,0
872,2855,2026-07-26,0
872,2855,2026-07-27,0
872,2855,2026-07-28,0
872,2855,2026-07-29,0
872,2855,2026-07-30,0
872,2855,2026-07-31,0
872,2855,2026-08-01,0
872,2855,2026-08-02,0
872,2855,2026-08-03,0
872,2855,2026-08-04,0
872,2855,2026-08-05,0
872,2855,2026-08-06,0
872,2855,2026-08-07,0
872,2855,2026-08-08,0
872,2855,2026-08-09,0
872,2855,2026-08-10,0
872,2855,2026-08-11,0
872,2855,2026-08-12,0
872,2855,2026-08-13,0
872,2855,2026-08-14,0
872,2855,2026-08-15,0
872,2856,2026-07-16,0
872,2856,2026-07-17,0
872,2856,2026-07-18,0
872,2856,2026-07-19,0
872,2856,2026-07-20,0
872,2856,2026-07-21,0
872,2856,2026-07-22,0
872,2856,2026-07-23,0
872,2856,2026-07-24,0
872,2856,2026-07-25,0
872,2856,2026-07-26,0
872,2856,2026-07-27,0
872,2856,2026-07-28,0
872,2856,2026-07-29,0
872,2856,2026-07-30,0
872,2856,2026-07-31,0
872,2856,2026-08-01,0
872,2856,2026-08-02,0
872,2856,2026-08-03,0
872,2856,2026-08-04,0
872,2856,2026-08-05,0
872,2856,2026-08-06,0
872,2856,2026-08-07,0
872,2856,2026-08-08,0
872,2856,2026-08-09,0
872,2856,2026-08-10,0
872,2856,2026-08-11,0
872,2856,2026-08-12,0
872,2856,2026-08-13,0
872,2856,2026-08-14,0
872,2856,2026-08-15,0
872,2852,2026-08-15,0
872,2852,2026-08-16,0
872,2852,2026-08-17,0
872,2852,2026-08-18,0
872,2852,2026-08-19,0
872,2852,2026-08-20,0
872,2852,2026-08-21,0
872,2852,2026-08-22,0
872,2852,2026-08-23,0
872,2852,2026-08-24,0
872,2852,2026-08-25,0
872,2852,2026-08-26,0
872,2852,2026-08-27,0
872,2852,2026-08-28,0
872,2852,2026-08-29,0
872,2852,2026-08-30,0
872,2852,2026-08-31,0
872,2852,2026-09-01,0
872,2852,2026-09-02,0
872,2852,2026-09-03,0
872,2852,2026-09-04,0
872,2852,2026-09-05,0
872,2852,2026-09-06,0
872,2852,2026-09-07,0
872,2852,2026-09-08,0
872,2852,2026-09-09,0
872,2852,2026-09-10,0
872,2852,2026-09-11,0
872,2852,2026-09-12,0
872,2852,2026-09-13,0
872,2852,2026-09-14,0
872,2853,2026-08-15,0
872,2853,2026-08-16,0
872,2853,2026-08-17,0
872,2853,2026-08-18,0
872,2853,2026-08-19,0
872,2853,2026-08-20,0
872,2853,2026-08-21,0
872,2853,2026-08-22,0
872,2853,2026-08-23,0
872,2853,2026-08-24,0
872,2853,2026-08-25,0
872,2853,2026-08-26,0
872,2853,2026-08-27,0
872,2853,2026-08-28,0
872,2853,2026-08-29,0
872,2853,2026-08-30,0
872,2853,2026-08-31,0
872,2853,2026-09-01,0
872,2853,2026-09-02,0
872,2853,2026-09-03,0
872,2853,2026-09-04,0
872,2853,2026-09-05,0
872,2853,2026-09-06,0
872,2853,2026-09-07,0
872,2853,2026-09-08,0
872,2853,2026-09-09,0
872,2853,2026-09-10,0
872,2853,2026-09-11,0
872,2853,2026-09-12,0
872,2853,2026-09-13,0
872,2853,2026-09-14,0
872,2854,2026-08-15,0
872,2854,2026-08-16,0
872,2854,2026-08-17,0
872,2854,2026-08-18,0
872,2854,2026-08-19,0
872,2854,2026-08-20,0
872,2854,2026-08-21,0
872,2854,2026-08-22,0
872,2854,2026-08-23,0
872,2854,2026-08-24,0
872,2854,2026-08-25,0
872,2854,2026-08-26,0
872,2854,2026-08-27,0
872,2854,2026-08-28,0
872,2854,2026-08-29,0
872,2854,2026-08-30,0
872,2854,2026-08-31,0
872,2854,2026-09-01,0
872,2854,2026-09-02,0
872,2854,2026-09-03,0
872,2854,2026-09-04,0
872,2854,2026-09-05,0
872,2854,2026-09-06,0
872,2854,2026-09-07,0
872,2854,2026-09-08,0
872,2854,2026-09-09,0
872,2854,2026-09-10,0
872,2854,2026-09-11,0
872,2854,2026-09-12,0
872,2854,2026-09-13,0
872,2854,2026-09-14,0
872,2855,2026-08-15,0
872,2855,2026-08-16,0
872,2855,2026-08-17,0
872,2855,2026-08-18,0
872,2855,2026-08-19,0
872,2855,2026-08-20,0
872,2855,2026-08-21,0
872,2855,2026-08-22,0
872,2855,2026-08-23,0
872,2855,2026-08-24,0
872,2855,2026-08-25,0
872,2855,2026-08-26,0
872,2855,2026-08-27,0
872,2855,2026-08-28,0
872,2855,2026-08-29,0
872,2855,2026-08-30,0
872,2855,2026-08-31,0
872,2855,2026-09-01,0
872,2855,2026-09-02,0
872,2855,2026-09-03,0
872,2855,2026-09-04,0
872,2855,2026-09-05,0
872,2855,2026-09-06,0
872,2855,2026-09-07,0
872,2855,2026-09-08,0
872,2855,2026-09-09,0
872,2855,2026-09-10,0
872,2855,2026-09-11,0
872,2855,2026-09-12,0
872,2855,2026-09-13,0
872,2855,2026-09-14,0
872,2856,2026-08-15,0
872,2856,2026-08-16,0
872,2856,2026-08-17,0
872,2856,2026-08-18,0
872,2856,2026-08-19,0
872,2856,2026-08-20,0
872,2856,2026-08-21,0
872,2856,2026-08-22,0
872,2856,2026-08-23,0
872,2856,2026-08-24,0
872,2856,2026-08-25,0
872,2856,2026-08-26,0
872,2856,2026-08-27,0
872,2856,2026-08-28,0
872,2856,2026-08-29,0
872,2856,2026-08-30,0
872,2856,2026-08-31,0
872,2856,2026-09-01,0
872,2856,2026-09-02,0
872,2856,2026-09-03,0
872,2856,2026-09-04,0
872,2856,2026-09-05,0
872,2856,2026-09-06,0
872,2856,2026-09-07,0
872,2856,2026-09-08,0
872,2856,2026-09-09,0
872,2856,2026-09-10,0
872,2856,2026-09-11,0
872,2856,2026-09-12,0
872,2856,2026-09-13,0
872,2856,2026-09-14,0
872,2852,2026-06-16,0
872,2852,2026-06-17,0
872,2852,2026-06-18,0
872,2852,2026-06-19,0
872,2852,2026-06-20,0
872,2852,2026-06-21,0
872,2852,2026-06-22,0
872,2852,2026-06-23,0
872,2852,2026-06-24,0
872,2852,2026-06-25,0
872,2852,2026-06-26,0
872,2852,2026-06-27,0
872,2852,2026-06-28,0
872,2852,2026-06-29,0
872,2852,2026-06-30,0
872,2852,2026-07-01,0
872,2852,2026-07-02,0
872,2852,2026-07-03,0
872,2852,2026-07-04,0
872,2852,2026-07-05,0
872,2852,2026-07-06,0
872,2852,2026-07-07,0
872,2852,2026-07-08,0
872,2852,2026-07-09,0
872,2852,2026-07-10,0
872,2852,2026-07-11,0
872,2852,2026-07-12,0
872,2852,2026-07-13,0
872,2852,2026-07-14,0
872,2852,2026-07-15,0
872,2852,2026-07-16,0
872,2853,2026-06-16,0
872,2853,2026-06-17,0
872,2853,2026-06-18,0
872,2853,2026-06-19,0
872,2853,2026-06-20,0
872,2853,2026-06-21,0
872,2853,2026-06-22,0
872,2853,2026-06-23,0
872,2853,2026-06-24,0
872,2853,2026-06-25,0
872,2853,2026-06-26,0
872,2853,2026-06-27,0
872,2853,2026-06-28,0
872,2853,2026-06-29,0
872,2853,2026-06-30,0
872,2853,2026-07-01,0
872,2853,2026-07-02,0
872,2853,2026-07-03,0
872,2853,2026-07-04,0
872,2853,2026-07-05,0
872,2853,2026-07-06,0
872,2853,2026-07-07,0
872,2853,2026-07-08,0
872,2853,2026-07-09,0
872,2853,2026-07-10,0
872,2853,2026-07-11,0
872,2853,2026-07-12,0
872,2853,2026-07-13,0
872,2853,2026-07-14,0
872,2853,2026-07-15,0
872,2853,2026-07-16,0
872,2854,2026-06-16,0
872,2854,2026-06-17,0
872,2854,2026-06-18,0
872,2854,2026-06-19,0
872,2854,2026-06-20,0
872,2854,2026-06-21,0
872,2854,2026-06-22,0
872,2854,2026-06-23,0
872,2854,2026-06-24,0
872,2854,2026-06-25,0
872,2854,2026-06-26,0
872,2854,2026-06-27,0
872,2854,2026-06-28,0
872,2854,2026-06-29,0
872,2854,2026-06-30,0
872,2854,2026-07-01,0
872,2854,2026-07-02,0
872,2854,2026-07-03,0
872,2854,2026-07-04,0
872,2854,2026-07-05,0
872,2854,2026-07-06,0
872,2854,2026-07-07,0
872,2854,2026-07-08,0
872,2854,2026-07-09,0
872,2854,2026-07-10,0
872,2854,2026-07-11,0
872,2854,2026-07-12,0
872,2854,2026-07-13,0
872,2854,2026-07-14,0
872,2854,2026-07-15,0
872,2854,2026-07-16,0
872,2855,2026-06-16,0
872,2855,2026-06-17,0
872,2855,2026-06-18,0
872,2855,2026-06-19,0
872,2855,2026-06-20,0
872,2855,2026-06-21,0
872,2855,2026-06-22,0
872,2855,2026-06-23,0
872,2855,2026-06-24,0
872,2855,2026-06-25,0
872,2855,2026-06-26,0
872,2855,2026-06-27,0
872,2855,2026-06-28,0
872,2855,2026-06-29,0
872,2855,2026-06-30,0
872,2855,2026-07-01,0
872,2855,2026-07-02,0
872,2855,2026-07-03,0
872,2855,2026-07-04,0
872,2855,2026-07-05,0
872,2855,2026-07-06,0
872,2855,2026-07-07,0
872,2855,2026-07-08,0
872,2855,2026-07-09,0
872,2855,2026-07-10,0
872,2855,2026-07-11,0
872,2855,2026-07-12,0
872,2855,2026-07-13,0
872,2855,2026-07-14,0
872,2855,2026-07-15,0
872,2855,2026-07-16,0
872,2856,2026-06-16,0
872,2856,2026-06-17,0
872,2856,2026-06-18,0
872,2856,2026-06-19,0
872,2856,2026-06-20,0
872,2856,2026-06-21,0
872,2856,2026-06-22,0
872,2856,2026-06-23,0
872,2856,2026-06-24,0
872,2856,2026-06-25,0
872,2856,2026-06-26,0
872,2856,2026-06-27,0
872,2856,2026-06-28,0
872,2856,2026-06-29,0
872,2856,2026-06-30,0
872,2856,2026-07-01,0
872,2856,2026-07-02,0
872,2856,2026-07-03,0
872,2856,2026-07-04,0
872,2856,2026-07-05,0
872,2856,2026-07-06,0
872,2856,2026-07-07,0
872,2856,2026-07-08,0
872,2856,2026-07-09,0
872,2856,2026-07-10,0
872,2856,2026-07-11,0
872,2856,2026-07-12,0
872,2856,2026-07-13,0
872,2856,2026-07-14,0
872,2856,2026-07-15,0
872,2856,2026-07-16,0
872,2852,2026-03-18,24
872,2852,2026-03-19,23
872,2852,2026-03-20,24
872,2852,2026-03-21,21
872,2852,2026-03-22,25
872,2852,2026-03-23,27
872,2852,2026-03-24,19
872,2852,2026-03-25,24
872,2852,2026-03-26,26
872,2852,2026-03-27,24
872,2852,2026-03-28,28
872,2852,2026-03-29,28
872,2852,2026-03-30,27
872,2852,2026-03-31,28
872,2852,2026-04-01,28
872,2852,2026-04-02,29
872,2852,2026-04-03,19
872,2852,2026-04-04,22
872,2852,2026-04-05,28
872,2852,2026-04-06,24
872,2852,2026-04-07,25
872,2852,2026-04-08,28
872,2852,2026-04-09,17
872,2852,2026-04-10,30
872,2852,2026-04-11,26
872,2852,2026-04-12,30
872,2852,2026-04-13,17
872,2852,2026-04-14,30
872,2852,2026-04-15,27
872,2852,2026-04-16,30
872,2852,2026-04-17,27
872,2853,2026-03-18,27
872,2853,2026-03-19,19
872,2853,2026-03-20,25
872,2853,2026-03-21,13
872,2853,2026-03-22,17
872,2853,2026-03-23,25
872,2853,2026-03-24,17
872,2853,2026-03-25,25
872,2853,2026-03-26,17
872,2853,2026-03-27,24
872,2853,2026-03-28,22
872,2853,2026-03-29,25
872,2853,2026-03-30,28
872,2853,2026-03-31,22
872,2853,2026-04-01,27
872,2853,2026-04-02,19
872,2853,2026-04-03,22
872,2853,2026-04-04,12
872,2853,2026-04-05,18
872,2853,2026-04-06,24
872,2853,2026-04-07,23
872,2853,2026-04-08,20
872,2853,2026-04-09,28
872,2853,2026-04-10,27
872,2853,2026-04-11,23
872,2853,2026-04-12,20
872,2853,2026-04-13,28
872,2853,2026-04-14,15
872,2853,2026-04-15,25
872,2853,2026-04-16,27
872,2853,2026-04-17,18
872,2854,2026-03-18,0
872,2854,2026-03-19,0
872,2854,2026-03-20,0
872,2854,2026-03-21,0
872,2854,2026-03-22,0
872,2854,2026-03-23,1
872,2854,2026-03-24,1
872,2854,2026-03-25,2
872,2854,2026-03-26,0
872,2854,2026-03-27,0
872,2854,2026-03-28,0
872,2854,2026-03-29,1
872,2854,2026-03-30,0
872,2854,2026-03-31,1
872,2854,2026-04-01,0
872,2854,2026-04-02,1
872,2854,2026-04-03,0
872,2854,2026-04-04,0
872,2854,2026-04-05,0
872,2854,2026-04-06,0
872,2854,2026-04-07,0
872,2854,2026-04-08,0
872,2854,2026-04-09,0
872,2854,2026-04-10,0
872,2854,2026-04-11,0
872,2854,2026-04-12,1
872,2854,2026-04-13,0
872,2854,2026-04-14,0
872,2854,2026-04-15,0
872,2854,2026-04-16,0
872,2854,2026-04-17,0
872,2855,2026-03-18,0
872,2855,2026-03-19,0
872,2855,2026-03-20,0
872,2855,2026-03-21,0
872,2855,2026-03-22,0
872,2855,2026-03-23,0
872,2855,2026-03-24,1
872,2855,2026-03-25,0
872,2855,2026-03-26,0
872,2855,2026-03-27,0
872,2855,2026-03-28,0
872,2855,2026-03-29,0
872,2855,2026-03-30,0
872,2855,2026-03-31,0
872,2855,2026-04-01,0
872,2855,2026-04-02,0
872,2855,2026-04-03,0
872,2855,2026-04-04,0
872,2855,2026-04-05,0
872,2855,2026-04-06,0
872,2855,2026-04-07,0
872,2855,2026-04-08,0
872,2855,2026-04-09,0
872,2855,2026-04-10,0
872,2855,2026-04-11,0
872,2855,2026-04-12,0
872,2855,2026-04-13,0
872,2855,2026-04-14,0
872,2855,2026-04-15,0
872,2855,2026-04-16,0
872,2855,2026-04-17,0
872,2856,2026-03-18,0
872,2856,2026-03-19,0
872,2856,2026-03-20,0
872,2856,2026-03-21,0
872,2856,2026-03-22,0
872,2856,2026-03-23,0
872,2856,2026-03-24,1
872,2856,2026-03-25,0
872,2856,2026-03-26,1
872,2856,2026-03-27,0
872,2856,2026-03-28,0
872,2856,2026-03-29,6
872,2856,2026-03-30,7
872,2856,2026-03-31,0
872,2856,2026-04-01,4
872,2856,2026-04-02,0
872,2856,2026-04-03,0
872,2856,2026-04-04,0
872,2856,2026-04-05,0
872,2856,2026-04-06,0
872,2856,2026-04-07,1
872,2856,2026-04-08,0
872,2856,2026-04-09,0
872,2856,2026-04-10,0
872,2856,2026-04-11,1
872,2856,2026-04-12,0
872,2856,2026-04-13,0
872,2856,2026-04-14,0
872,2856,2026-04-15,0
872,2856,2026-04-16,0
872,2856,2026-04-17,0
872,2852,2026-02-16,1
872,2852,2026-02-17,12
872,2852,2026-02-18,22
872,2852,2026-02-19,10
872,2852,2026-02-20,19
872,2852,2026-02-21,18
872,2852,2026-02-22,20
872,2852,2026-02-23,21
872,2852,2026-02-24,26
872,2852,2026-02-25,12
872,2852,2026-02-26,21
872,2852,2026-02-27,27
872,2852,2026-02-28,25
872,2852,2026-03-01,26
872,2852,2026-03-02,17
872,2852,2026-03-03,22
872,2852,2026-03-04,2
872,2852,2026-03-05,21
872,2852,2026-03-06,24
872,2852,2026-03-07,25
872,2852,2026-03-08,14
872,2852,2026-03-09,14
872,2852,2026-03-10,26
872,2852,2026-03-11,27
872,2852,2026-03-12,29
872,2852,2026-03-13,23
872,2852,2026-03-14,26
872,2852,2026-03-15,23
872,2852,2026-03-16,16
872,2852,2026-03-17,27
872,2852,2026-03-18,24
872,2853,2026-02-16,2
872,2853,2026-02-17,0
872,2853,2026-02-18,0
872,2853,2026-02-19,19
872,2853,2026-02-20,21
872,2853,2026-02-21,7
872,2853,2026-02-22,15
872,2853,2026-02-23,28
872,2853,2026-02-24,18
872,2853,2026-02-25,12
872,2853,2026-02-26,19
872,2853,2026-02-27,17
872,2853,2026-02-28,18
872,2853,2026-03-01,19
872,2853,2026-03-02,19
872,2853,2026-03-03,10
872,2853,2026-03-04,0
872,2853,2026-03-05,14
872,2853,2026-03-06,14
872,2853,2026-03-07,17
872,2853,2026-03-08,20
872,2853,2026-03-09,26
872,2853,2026-03-10,9
872,2853,2026-03-11,23
872,2853,2026-03-12,21
872,2853,2026-03-13,29
872,2853,2026-03-14,19
872,2853,2026-03-15,11
872,2853,2026-03-16,11
872,2853,2026-03-17,12
872,2853,2026-03-18,27
872,2854,2026-02-16,0
872,2854,2026-02-17,0
872,2854,2026-02-18,0
872,2854,2026-02-19,0
872,2854,2026-02-20,0
872,2854,2026-02-21,0
872,2854,2026-02-22,1
872,2854,2026-02-23,0
872,2854,2026-02-24,1
872,2854,2026-02-25,0
872,2854,2026-02-26,0
872,2854,2026-02-27,0
872,2854,2026-02-28,0
872,2854,2026-03-01,4
872,2854,2026-03-02,0
872,2854,2026-03-03,0
872,2854,2026-03-04,0
872,2854,2026-03-05,0
872,2854,2026-03-06,1
872,2854,2026-03-07,3
872,2854,2026-03-08,1
872,2854,2026-03-09,0
872,2854,2026-03-10,0
872,2854,2026-03-11,0
872,2854,2026-03-12,0
872,2854,2026-03-13,0
872,2854,2026-03-14,0
872,2854,2026-03-15,0
872,2854,2026-03-16,0
872,2854,2026-03-17,0
872,2854,2026-03-18,0
872,2855,2026-02-16,0
872,2855,2026-02-17,0
872,2855,2026-02-18,0
872,2855,2026-02-19,0
872,2855,2026-02-20,0
872,2855,2026-02-21,0
872,2855,2026-02-22,0
872,2855,2026-02-23,0
872,2855,2026-02-24,0
872,2855,2026-02-25,0
872,2855,2026-02-26,0
872,2855,2026-02-27,0
872,2855,2026-02-28,0
872,2855,2026-03-01,0
872,2855,2026-03-02,0
872,2855,2026-03-03,1
872,2855,2026-03-04,0
872,2855,2026-03-05,1
872,2855,2026-03-06,0
872,2855,2026-03-07,0
872,2855,2026-03-08,0
872,2855,2026-03-09,0
872,2855,2026-03-10,0
872,2855,2026-03-11,0
872,2855,2026-03-12,0
872,2855,2026-03-13,0
872,2855,2026-03-14,0
872,2855,2026-03-15,0
872,2855,2026-03-16,0
872,2855,2026-03-17,0
872,2855,2026-03-18,0
872,2856,2026-02-16,0
872,2856,2026-02-17,0
872,2856,2026-02-18,1
872,2856,2026-02-19,0
872,2856,2026-02-20,1
872,2856,2026-02-21,1
872,2856,2026-02-22,1
872,2856,2026-02-23,2
872,2856,2026-02-24,1
872,2856,2026-02-25,1
872,2856,2026-02-26,7
872,2856,2026-02-27,3
872,2856,2026-02-28,1
872,2856,2026-03-01,0
872,2856,2026-03-02,1
872,2856,2026-03-03,0
872,2856,2026-03-04,0
872,2856,2026-03-05,3
872,2856,2026-03-06,0
872,2856,2026-03-07,0
872,2856,2026-03-08,0
872,2856,2026-03-09,0
872,2856,2026-03-10,1
872,2856,2026-03-11,0
872,2856,2026-03-12,0
872,2856,2026-03-13,0
872,2856,2026-03-14,0
872,2856,2026-03-15,0
872,2856,2026-03-16,1
872,2856,2026-03-17,0
872,2856,2026-03-18,0
872,2852,2026-11-13,0
872,2852,2026-11-14,0
872,2852,2026-11-15,0
872,2852,2026-11-16,0
872,2852,2026-11-17,0
872,2852,2026-11-18,0
872,2852,2026-11-19,0
872,2852,2026-11-20,0
872,2852,2026-11-21,0
872,2852,2026-11-22,0
872,2852,2026-11-23,0
872,2852,2026-11-24,0
872,2852,2026-11-25,0
872,2852,2026-11-26,0
872,2852,2026-11-27,0
872,2852,2026-11-28,0
872,2852,2026-11-29,0
872,2852,2026-11-30,0
872,2852,2026-12-01,0
872,2852,2026-12-02,0
872,2852,2026-12-03,0
872,2852,2026-12-04,0
872,2852,2026-12-05,0
872,2852,2026-12-06,0
872,2852,2026-12-07,0
872,2852,2026-12-08,0
872,2852,2026-12-09,0
872,2852,2026-12-10,0
872,2852,2026-12-11,0
872,2852,2026-12-12,0
872,2852,2026-12-13,0
872,2853,2026-11-13,0
872,2853,2026-11-14,0
872,2853,2026-11-15,0
872,2853,2026-11-16,0
872,2853,2026-11-17,0
872,2853,2026-11-18,0
872,2853,2026-11-19,0
872,2853,2026-11-20,0
872,2853,2026-11-21,0
872,2853,2026-11-22,0
872,2853,2026-11-23,0
872,2853,2026-11-24,0
872,2853,2026-11-25,0
872,2853,2026-11-26,0
872,2853,2026-11-27,0
872,2853,2026-11-28,0
872,2853,2026-11-29,0
872,2853,2026-11-30,0
872,2853,2026-12-01,0
872,2853,2026-12-02,0
872,2853,2026-12-03,0
872,2853,2026-12-04,0
872,2853,2026-12-05,0
872,2853,2026-12-06,0
872,2853,2026-12-07,0
872,2853,2026-12-08,0
872,2853,2026-12-09,0
872,2853,2026-12-10,0
872,2853,2026-12-11,0
872,2853,2026-12-12,0
872,2853,2026-12-13,0
872,2854,2026-11-13,0
872,2854,2026-11-14,0
872,2854,2026-11-15,0
872,2854,2026-11-16,0
872,2854,2026-11-17,0
872,2854,2026-11-18,0
872,2854,2026-11-19,0
872,2854,2026-11-20,0
872,2854,2026-11-21,0
872,2854,2026-11-22,0
872,2854,2026-11-23,0
872,2854,2026-11-24,0
872,2854,2026-11-25,0
872,2854,2026-11-26,0
872,2854,2026-11-27,0
872,2854,2026-11-28,0
872,2854,2026-11-29,0
872,2854,2026-11-30,0
872,2854,2026-12-01,0
872,2854,2026-12-02,0
872,2854,2026-12-03,0
872,2854,2026-12-04,0
872,2854,2026-12-05,0
872,2854,2026-12-06,0
872,2854,2026-12-07,0
872,2854,2026-12-08,0
872,2854,2026-12-09,0
872,2854,2026-12-10,0
872,2854,2026-12-11,0
872,2854,2026-12-12,0
872,2854,2026-12-13,0
872,2855,2026-11-13,0
872,2855,2026-11-14,0
872,2855,2026-11-15,0
872,2855,2026-11-16,0
872,2855,2026-11-17,0
872,2855,2026-11-18,0
872,2855,2026-11-19,0
872,2855,2026-11-20,0
872,2855,2026-11-21,0
872,2855,2026-11-22,0
872,2855,2026-11-23,0
872,2855,2026-11-24,0
872,2855,2026-11-25,0
872,2855,2026-11-26,0
872,2855,2026-11-27,0
872,2855,2026-11-28,0
872,2855,2026-11-29,0
872,2855,2026-11-30,0
872,2855,2026-12-01,0
872,2855,2026-12-02,0
872,2855,2026-12-03,0
872,2855,2026-12-04,0
872,2855,2026-12-05,0
872,2855,2026-12-06,0
872,2855,2026-12-07,0
872,2855,2026-12-08,0
872,2855,2026-12-09,0
872,2855,2026-12-10,0
872,2855,2026-12-11,0
872,2855,2026-12-12,0
872,2855,2026-12-13,0
872,2856,2026-11-13,0
872,2856,2026-11-14,0
872,2856,2026-11-15,0
872,2856,2026-11-16,0
872,2856,2026-11-17,0
872,2856,2026-11-18,0
872,2856,2026-11-19,0
872,2856,2026-11-20,0
872,2856,2026-11-21,0
872,2856,2026-11-22,0
872,2856,2026-11-23,0
872,2856,2026-11-24,0
872,2856,2026-11-25,0
872,2856,2026-11-26,0
872,2856,2026-11-27,0
872,2856,2026-11-28,0
872,2856,2026-11-29,0
872,2856,2026-11-30,0
872,2856,2026-12-01,0
872,2856,2026-12-02,0
872,2856,2026-12-03,0
872,2856,2026-12-04,0
872,2856,2026-12-05,0
872,2856,2026-12-06,0
872,2856,2026-12-07,0
872,2856,2026-12-08,0
872,2856,2026-12-09,0
872,2856,2026-12-10,0
872,2856,2026-12-11,0
872,2856,2026-12-12,0
872,2856,2026-12-13,0
872,2852,2026-12-13,0
872,2852,2026-12-14,0
872,2852,2026-12-15,0
872,2852,2026-12-16,0
872,2852,2026-12-17,0
872,2852,2026-12-18,0
872,2852,2026-12-19,0
872,2852,2026-12-20,0
872,2852,2026-12-21,0
872,2852,2026-12-22,0
872,2852,2026-12-23,0
872,2852,2026-12-24,0
872,2852,2026-12-25,0
872,2852,2026-12-26,0
872,2852,2026-12-27,0
872,2852,2026-12-28,0
872,2852,2026-12-29,0
872,2852,2026-12-30,0
872,2852,2026-12-31,0
872,2852,2027-01-01,0
872,2852,2027-01-02,0
872,2852,2027-01-03,0
872,2852,2027-01-04,0
872,2852,2027-01-05,0
872,2852,2027-01-06,0
872,2852,2027-01-07,0
872,2852,2027-01-08,0
872,2852,2027-01-09,0
872,2852,2027-01-10,0
872,2852,2027-01-11,0
872,2852,2027-01-12,0
872,2853,2026-12-13,0
872,2853,2026-12-14,0
872,2853,2026-12-15,0
872,2853,2026-12-16,0
872,2853,2026-12-17,0
872,2853,2026-12-18,0
872,2853,2026-12-19,0
872,2853,2026-12-20,0
872,2853,2026-12-21,0
872,2853,2026-12-22,0
872,2853,2026-12-23,0
872,2853,2026-12-24,0
872,2853,2026-12-25,0
872,2853,2026-12-26,0
872,2853,2026-12-27,0
872,2853,2026-12-28,0
872,2853,2026-12-29,0
872,2853,2026-12-30,0
872,2853,2026-12-31,0
872,2853,2027-01-01,0
872,2853,2027-01-02,0
872,2853,2027-01-03,0
872,2853,2027-01-04,0
872,2853,2027-01-05,0
872,2853,2027-01-06,0
872,2853,2027-01-07,0
872,2853,2027-01-08,0
872,2853,2027-01-09,0
872,2853,2027-01-10,0
872,2853,2027-01-11,0
872,2853,2027-01-12,0
872,2854,2026-12-13,0
872,2854,2026-12-14,0
872,2854,2026-12-15,0
872,2854,2026-12-16,0
872,2854,2026-12-17,0
872,2854,2026-12-18,0
872,2854,2026-12-19,0
872,2854,2026-12-20,0
872,2854,2026-12-21,0
872,2854,2026-12-22,0
872,2854,2026-12-23,0
872,2854,2026-12-24,0
872,2854,2026-12-25,0
872,2854,2026-12-26,0
872,2854,2026-12-27,0
872,2854,2026-12-28,0
872,2854,2026-12-29,0
872,2854,2026-12-30,0
872,2854,2026-12-31,0
872,2854,2027-01-01,0
872,2854,2027-01-02,0
872,2854,2027-01-03,0
872,2854,2027-01-04,0
872,2854,2027-01-05,0
872,2854,2027-01-06,0
872,2854,2027-01-07,0
872,2854,2027-01-08,0
872,2854,2027-01-09,0
872,2854,2027-01-10,0
872,2854,2027-01-11,0
872,2854,2027-01-12,0
872,2855,2026-12-13,0
872,2855,2026-12-14,0
872,2855,2026-12-15,0
872,2855,2026-12-16,0
872,2855,2026-12-17,0
872,2855,2026-12-18,0
872,2855,2026-12-19,0
872,2855,2026-12-20,0
872,2855,2026-12-21,0
872,2855,2026-12-22,0
872,2855,2026-12-23,0
872,2855,2026-12-24,0
872,2855,2026-12-25,0
872,2855,2026-12-26,0
872,2855,2026-12-27,0
872,2855,2026-12-28,0
872,2855,2026-12-29,0
872,2855,2026-12-30,0
872,2855,2026-12-31,0
872,2855,2027-01-01,0
872,2855,2027-01-02,0
872,2855,2027-01-03,0
872,2855,2027-01-04,0
872,2855,2027-01-05,0
872,2855,2027-01-06,0
872,2855,2027-01-07,0
872,2855,2027-01-08,0
872,2855,2027-01-09,0
872,2855,2027-01-10,0
872,2855,2027-01-11,0
872,2855,2027-01-12,0
872,2856,2026-12-13,0
872,2856,2026-12-14,0
872,2856,2026-12-15,0
872,2856,2026-12-16,0
872,2856,2026-12-17,0
872,2856,2026-12-18,0
872,2856,2026-12-19,0
872,2856,2026-12-20,0
872,2856,2026-12-21,0
872,2856,2026-12-22,0
872,2856,2026-12-23,0
872,2856,2026-12-24,0
872,2856,2026-12-25,0
872,2856,2026-12-26,0
872,2856,2026-12-27,0
872,2856,2026-12-28,0
872,2856,2026-12-29,0
872,2856,2026-12-30,0
872,2856,2026-12-31,0
872,2856,2027-01-01,0
872,2856,2027-01-02,0
872,2856,2027-01-03,0
872,2856,2027-01-04,0
872,2856,2027-01-05,0
872,2856,2027-01-06,0
872,2856,2027-01-07,0
872,2856,2027-01-08,0
872,2856,2027-01-09,0
872,2856,2027-01-10,0
872,2856,2027-01-11,0
872,2856,2027-01-12,0
872,2852,2027-02-11,0
872,2852,2027-02-12,0
872,2852,2027-02-13,0
872,2852,2027-02-14,0
872,2852,2027-02-15,0
872,2852,2027-02-16,0
872,2852,2027-02-17,0
872,2852,2027-02-18,0
872,2852,2027-02-19,0
872,2852,2027-02-20,0
872,2852,2027-02-21,0
872,2852,2027-02-22,0
872,2852,2027-02-23,0
872,2852,2027-02-24,0
872,2852,2027-02-25,0
872,2852,2027-02-26,0
872,2852,2027-02-27,0
872,2852,2027-02-28,0
872,2852,2027-03-01,0
872,2852,2027-03-02,0
872,2852,2027-03-03,0
872,2852,2027-03-04,0
872,2852,2027-03-05,0
872,2852,2027-03-06,0
872,2852,2027-03-07,0
872,2852,2027-03-08,0
872,2852,2027-03-09,0
872,2852,2027-03-10,0
872,2852,2027-03-11,0
872,2852,2027-03-12,0
872,2852,2027-03-13,0
872,2853,2027-02-11,0
872,2853,2027-02-12,0
872,2853,2027-02-13,0
872,2853,2027-02-14,0
872,2853,2027-02-15,0
872,2853,2027-02-16,0
872,2853,2027-02-17,0
872,2853,2027-02-18,0
872,2853,2027-02-19,0
872,2853,2027-02-20,0
872,2853,2027-02-21,0
872,2853,2027-02-22,0
872,2853,2027-02-23,0
872,2853,2027-02-24,0
872,2853,2027-02-25,0
872,2853,2027-02-26,0
872,2853,2027-02-27,0
872,2853,2027-02-28,0
872,2853,2027-03-01,0
872,2853,2027-03-02,0
872,2853,2027-03-03,0
872,2853,2027-03-04,0
872,2853,2027-03-05,0
872,2853,2027-03-06,0
872,2853,2027-03-07,0
872,2853,2027-03-08,0
872,2853,2027-03-09,0
872,2853,2027-03-10,0
872,2853,2027-03-11,0
872,2853,2027-03-12,0
872,2853,2027-03-13,0
872,2854,2027-02-11,0
872,2854,2027-02-12,0
872,2854,2027-02-13,0
872,2854,2027-02-14,0
872,2854,2027-02-15,0
872,2854,2027-02-16,0
872,2854,2027-02-17,0
872,2854,2027-02-18,0
872,2854,2027-02-19,0
872,2854,2027-02-20,0
872,2854,2027-02-21,0
872,2854,2027-02-22,0
872,2854,2027-02-23,0
872,2854,2027-02-24,0
872,2854,2027-02-25,0
872,2854,2027-02-26,0
872,2854,2027-02-27,0
872,2854,2027-02-28,0
872,2854,2027-03-01,0
872,2854,2027-03-02,0
872,2854,2027-03-03,0
872,2854,2027-03-04,0
872,2854,2027-03-05,0
872,2854,2027-03-06,0
872,2854,2027-03-07,0
872,2854,2027-03-08,0
872,2854,2027-03-09,0
872,2854,2027-03-10,0
872,2854,2027-03-11,0
872,2854,2027-03-12,0
872,2854,2027-03-13,0
872,2855,2027-02-11,0
872,2855,2027-02-12,0
872,2855,2027-02-13,0
872,2855,2027-02-14,0
872,2855,2027-02-15,0
872,2855,2027-02-16,0
872,2855,2027-02-17,0
872,2855,2027-02-18,0
872,2855,2027-02-19,0
872,2855,2027-02-20,0
872,2855,2027-02-21,0
872,2855,2027-02-22,0
872,2855,2027-02-23,0
872,2855,2027-02-24,0
872,2855,2027-02-25,0
872,2855,2027-02-26,0
872,2855,2027-02-27,0
872,2855,2027-02-28,0
872,2855,2027-03-01,0
872,2855,2027-03-02,0
872,2855,2027-03-03,0
872,2855,2027-03-04,0
872,2855,2027-03-05,0
872,2855,2027-03-06,0
872,2855,2027-03-07,0
872,2855,2027-03-08,0
872,2855,2027-03-09,0
872,2855,2027-03-10,0
872,2855,2027-03-11,0
872,2855,2027-03-12,0
872,2855,2027-03-13,0
872,2856,2027-02-11,0
872,2856,2027-02-12,0
872,2856,2027-02-13,0
872,2856,2027-02-14,0
872,2856,2027-02-15,0
872,2856,2027-02-16,0
872,2856,2027-02-17,0
872,2856,2027-02-18,0
872,2856,2027-02-19,0
872,2856,2027-02-20,0
872,2856,2027-02-21,0
872,2856,2027-02-22,0
872,2856,2027-02-23,0
872,2856,2027-02-24,0
872,2856,2027-02-25,0
872,2856,2027-02-26,0
872,2856,2027-02-27,0
872,2856,2027-02-28,0
872,2856,2027-03-01,0
872,2856,2027-03-02,0
872,2856,2027-03-03,0
872,2856,2027-03-04,0
872,2856,2027-03-05,0
872,2856,2027-03-06,0
872,2856,2027-03-07,0
872,2856,2027-03-08,0
872,2856,2027-03-09,0
872,2856,2027-03-10,0
872,2856,2027-03-11,0
872,2856,2027-03-12,0
872,2856,2027-03-13,0
872,2852,2026-10-14,0
872,2852,2026-10-15,0
872,2852,2026-10-16,0
872,2852,2026-10-17,0
872,2852,2026-10-18,0
872,2852,2026-10-19,0
872,2852,2026-10-20,0
872,2852,2026-10-21,0
872,2852,2026-10-22,0
872,2852,2026-10-23,0
872,2852,2026-10-24,0
872,2852,2026-10-25,0
872,2852,2026-10-26,0
872,2852,2026-10-27,0
872,2852,2026-10-28,0
872,2852,2026-10-29,0
872,2852,2026-10-30,0
872,2852,2026-10-31,0
872,2852,2026-11-01,0
872,2852,2026-11-02,0
872,2852,2026-11-03,0
872,2852,2026-11-04,0
872,2852,2026-11-05,0
872,2852,2026-11-06,0
872,2852,2026-11-07,0
872,2852,2026-11-08,0
872,2852,2026-11-09,0
872,2852,2026-11-10,0
872,2852,2026-11-11,0
872,2852,2026-11-12,0
872,2852,2026-11-13,0
872,2853,2026-10-14,0
872,2853,2026-10-15,0
872,2853,2026-10-16,0
872,2853,2026-10-17,0
872,2853,2026-10-18,0
872,2853,2026-10-19,0
872,2853,2026-10-20,0
872,2853,2026-10-21,0
872,2853,2026-10-22,0
872,2853,2026-10-23,0
872,2853,2026-10-24,0
872,2853,2026-10-25,0
872,2853,2026-10-26,0
872,2853,2026-10-27,0
872,2853,2026-10-28,0
872,2853,2026-10-29,0
872,2853,2026-10-30,0
872,2853,2026-10-31,0
872,2853,2026-11-01,0
872,2853,2026-11-02,0
872,2853,2026-11-03,0
872,2853,2026-11-04,0
872,2853,2026-11-05,0
872,2853,2026-11-06,0
872,2853,2026-11-07,0
872,2853,2026-11-08,0
872,2853,2026-11-09,0
872,2853,2026-11-10,0
872,2853,2026-11-11,0
872,2853,2026-11-12,0
872,2853,2026-11-13,0
872,2854,2026-10-14,0
872,2854,2026-10-15,0
872,2854,2026-10-16,0
872,2854,2026-10-17,0
872,2854,2026-10-18,0
872,2854,2026-10-19,0
872,2854,2026-10-20,0
872,2854,2026-10-21,0
872,2854,2026-10-22,0
872,2854,2026-10-23,0
872,2854,2026-10-24,0
872,2854,2026-10-25,0
872,2854,2026-10-26,0
872,2854,2026-10-27,0
872,2854,2026-10-28,0
872,2854,2026-10-29,0
872,2854,2026-10-30,0
872,2854,2026-10-31,0
872,2854,2026-11-01,0
872,2854,2026-11-02,0
872,2854,2026-11-03,0
872,2854,2026-11-04,0
872,2854,2026-11-05,0
872,2854,2026-11-06,0
872,2854,2026-11-07,0
872,2854,2026-11-08,0
872,2854,2026-11-09,0
872,2854,2026-11-10,0
872,2854,2026-11-11,0
872,2854,2026-11-12,0
872,2854,2026-11-13,0
872,2855,2026-10-14,0
872,2855,2026-10-15,0
872,2855,2026-10-16,0
872,2855,2026-10-17,0
872,2855,2026-10-18,0
872,2855,2026-10-19,0
872,2855,2026-10-20,0
872,2855,2026-10-21,0
872,2855,2026-10-22,0
872,2855,2026-10-23,0
872,2855,2026-10-24,0
872,2855,2026-10-25,0
872,2855,2026-10-26,0
872,2855,2026-10-27,0
872,2855,2026-10-28,0
872,2855,2026-10-29,0
872,2855,2026-10-30,0
872,2855,2026-10-31,0
872,2855,2026-11-01,0
872,2855,2026-11-02,0
872,2855,2026-11-03,0
872,2855,2026-11-04,0
872,2855,2026-11-05,0
872,2855,2026-11-06,0
872,2855,2026-11-07,0
872,2855,2026-11-08,0
872,2855,2026-11-09,0
872,2855,2026-11-10,0
872,2855,2026-11-11,0
872,2855,2026-11-12,0
872,2855,2026-11-13,0
872,2856,2026-10-14,0
872,2856,2026-10-15,0
872,2856,2026-10-16,0
872,2856,2026-10-17,0
872,2856,2026-10-18,0
872,2856,2026-10-19,0
872,2856,2026-10-20,0
872,2856,2026-10-21,0
872,2856,2026-10-22,0
872,2856,2026-10-23,0
872,2856,2026-10-24,0
872,2856,2026-10-25,0
872,2856,2026-10-26,0
872,2856,2026-10-27,0
872,2856,2026-10-28,0
872,2856,2026-10-29,0
872,2856,2026-10-30,0
872,2856,2026-10-31,0
872,2856,2026-11-01,0
872,2856,2026-11-02,0
872,2856,2026-11-03,0
872,2856,2026-11-04,0
872,2856,2026-11-05,0
872,2856,2026-11-06,0
872,2856,2026-11-07,0
872,2856,2026-11-08,0
872,2856,2026-11-09,0
872,2856,2026-11-10,0
872,2856,2026-11-11,0
872,2856,2026-11-12,0
872,2856,2026-11-13,0
872,2852,2027-01-12,0
872,2852,2027-01-13,0
872,2852,2027-01-14,0
872,2852,2027-01-15,0
872,2852,2027-01-16,0
872,2852,2027-01-17,0
872,2852,2027-01-18,0
872,2852,2027-01-19,0
872,2852,2027-01-20,0
872,2852,2027-01-21,0
872,2852,2027-01-22,0
872,2852,2027-01-23,0
872,2852,2027-01-24,0
872,2852,2027-01-25,0
872,2852,2027-01-26,0
872,2852,2027-01-27,0
872,2852,2027-01-28,0
872,2852,2027-01-29,0
872,2852,2027-01-30,0
872,2852,2027-01-31,0
872,2852,2027-02-01,0
872,2852,2027-02-02,0
872,2852,2027-02-03,0
872,2852,2027-02-04,0
872,2852,2027-02-05,0
872,2852,2027-02-06,0
872,2852,2027-02-07,0
872,2852,2027-02-08,0
872,2852,2027-02-09,0
872,2852,2027-02-10,0
872,2852,2027-02-11,0
872,2853,2027-01-12,0
872,2853,2027-01-13,0
872,2853,2027-01-14,0
872,2853,2027-01-15,0
872,2853,2027-01-16,0
872,2853,2027-01-17,0
872,2853,2027-01-18,0
872,2853,2027-01-19,0
872,2853,2027-01-20,0
872,2853,2027-01-21,0
872,2853,2027-01-22,0
872,2853,2027-01-23,0
872,2853,2027-01-24,0
872,2853,2027-01-25,0
872,2853,2027-01-26,0
872,2853,2027-01-27,0
872,2853,2027-01-28,0
872,2853,2027-01-29,0
872,2853,2027-01-30,0
872,2853,2027-01-31,0
872,2853,2027-02-01,0
872,2853,2027-02-02,0
872,2853,2027-02-03,0
872,2853,2027-02-04,0
872,2853,2027-02-05,0
872,2853,2027-02-06,0
872,2853,2027-02-07,0
872,2853,2027-02-08,0
872,2853,2027-02-09,0
872,2853,2027-02-10,0
872,2853,2027-02-11,0
872,2854,2027-01-12,0
872,2854,2027-01-13,0
872,2854,2027-01-14,0
872,2854,2027-01-15,0
872,2854,2027-01-16,0
872,2854,2027-01-17,0
872,2854,2027-01-18,0
872,2854,2027-01-19,0
872,2854,2027-01-20,0
872,2854,2027-01-21,0
872,2854,2027-01-22,0
872,2854,2027-01-23,0
872,2854,2027-01-24,0
872,2854,2027-01-25,0
872,2854,2027-01-26,0
872,2854,2027-01-27,0
872,2854,2027-01-28,0
872,2854,2027-01-29,0
872,2854,2027-01-30,0
872,2854,2027-01-31,0
872,2854,2027-02-01,0
872,2854,2027-02-02,0
872,2854,2027-02-03,0
872,2854,2027-02-04,0
872,2854,2027-02-05,0
872,2854,2027-02-06,0
872,2854,2027-02-07,0
872,2854,2027-02-08,0
872,2854,2027-02-09,0
872,2854,2027-02-10,0
872,2854,2027-02-11,0
872,2855,2027-01-12,0
872,2855,2027-01-13,0
872,2855,2027-01-14,0
872,2855,2027-01-15,0
872,2855,2027-01-16,0
872,2855,2027-01-17,0
872,2855,2027-01-18,0
872,2855,2027-01-19,0
872,2855,2027-01-20,0
872,2855,2027-01-21,0
872,2855,2027-01-22,0
872,2855,2027-01-23,0
872,2855,2027-01-24,0
872,2855,2027-01-25,0
872,2855,2027-01-26,0
872,2855,2027-01-27,0
872,2855,2027-01-28,0
872,2855,2027-01-29,0
872,2855,2027-01-30,0
872,2855,2027-01-31,0
872,2855,2027-02-01,0
872,2855,2027-02-02,0
872,2855,2027-02-03,0
872,2855,2027-02-04,0
872,2855,2027-02-05,0
872,2855,2027-02-06,0
872,2855,2027-02-07,0
872,2855,2027-02-08,0
872,2855,2027-02-09,0
872,2855,2027-02-10,0
872,2855,2027-02-11,0
872,2856,2027-01-12,0
872,2856,2027-01-13,0
872,2856,2027-01-14,0
872,2856,2027-01-15,0
872,2856,2027-01-16,0
872,2856,2027-01-17,0
872,2856,2027-01-18,0
872,2856,2027-01-19,0
872,2856,2027-01-20,0
872,2856,2027-01-21,0
872,2856,2027-01-22,0
872,2856,2027-01-23,0
872,2856,2027-01-24,0
872,2856,2027-01-25,0
872,2856,2027-01-26,0
872,2856,2027-01-27,0
872,2856,2027-01-28,0
872,2856,2027-01-29,0
872,2856,2027-01-30,0
872,2856,2027-01-31,0
872,2856,2027-02-01,0
872,2856,2027-02-02,0
872,2856,2027-02-03,0
872,2856,2027-02-04,0
872,2856,2027-02-05,0
872,2856,2027-02-06,0
872,2856,2027-02-07,0
872,2856,2027-02-08,0
872,2856,2027-02-09,0
872,2856,2027-02-10,0
872,2856,2027-02-11,0
872,2852,2026-09-14,0
872,2852,2026-09-15,0
872,2852,2026-09-16,0
872,2852,2026-09-17,0
872,2852,2026-09-18,0
872,2852,2026-09-19,0
872,2852,2026-09-20,0
872,2852,2026-09-21,0
872,2852,2026-09-22,0
872,2852,2026-09-23,0
872,2852,2026-09-24,0
872,2852,2026-09-25,0
872,2852,2026-09-26,0
872,2852,2026-09-27,0
872,2852,2026-09-28,0
872,2852,2026-09-29,0
872,2852,2026-09-30,0
872,2852,2026-10-01,0
872,2852,2026-10-02,0
872,2852,2026-10-03,0
872,2852,2026-10-04,0
872,2852,2026-10-05,0
872,2852,2026-10-06,0
872,2852,2026-10-07,0
872,2852,2026-10-08,0
872,2852,2026-10-09,0
872,2852,2026-10-10,0
872,2852,2026-10-11,0
872,2852,2026-10-12,0
872,2852,2026-10-13,0
872,2852,2026-10-14,0
872,2853,2026-09-14,0
872,2853,2026-09-15,0
872,2853,2026-09-16,0
872,2853,2026-09-17,0
872,2853,2026-09-18,0
872,2853,2026-09-19,0
872,2853,2026-09-20,0
872,2853,2026-09-21,0
872,2853,2026-09-22,0
872,2853,2026-09-23,0
872,2853,2026-09-24,0
872,2853,2026-09-25,0
872,2853,2026-09-26,0
872,2853,2026-09-27,0
872,2853,2026-09-28,0
872,2853,2026-09-29,0
872,2853,2026-09-30,0
872,2853,2026-10-01,0
872,2853,2026-10-02,0
872,2853,2026-10-03,0
872,2853,2026-10-04,0
872,2853,2026-10-05,0
872,2853,2026-10-06,0
872,2853,2026-10-07,0
872,2853,2026-10-08,0
872,2853,2026-10-09,0
872,2853,2026-10-10,0
872,2853,2026-10-11,0
872,2853,2026-10-12,0
872,2853,2026-10-13,0
872,2853,2026-10-14,0
872,2854,2026-09-14,0
872,2854,2026-09-15,0
872,2854,2026-09-16,0
872,2854,2026-09-17,0
872,2854,2026-09-18,0
872,2854,2026-09-19,0
872,2854,2026-09-20,0
872,2854,2026-09-21,0
872,2854,2026-09-22,0
872,2854,2026-09-23,0
872,2854,2026-09-24,0
872,2854,2026-09-25,0
872,2854,2026-09-26,0
872,2854,2026-09-27,0
872,2854,2026-09-28,0
872,2854,2026-09-29,0
872,2854,2026-09-30,0
872,2854,2026-10-01,0
872,2854,2026-10-02,0
872,2854,2026-10-03,0
872,2854,2026-10-04,0
872,2854,2026-10-05,0
872,2854,2026-10-06,0
872,2854,2026-10-07,0
872,2854,2026-10-08,0
872,2854,2026-10-09,0
872,2854,2026-10-10,0
872,2854,2026-10-11,0
872,2854,2026-10-12,0
872,2854,2026-10-13,0
872,2854,2026-10-14,0
872,2855,2026-09-14,0
872,2855,2026-09-15,0
872,2855,2026-09-16,0
872,2855,2026-09-17,0
872,2855,2026-09-18,0
872,2855,2026-09-19,0
872,2855,2026-09-20,0
872,2855,2026-09-21,0
872,2855,2026-09-22,0
872,2855,2026-09-23,0
872,2855,2026-09-24,0
872,2855,2026-09-25,0
872,2855,2026-09-26,0
872,2855,2026-09-27,0
872,2855,2026-09-28,0
872,2855,2026-09-29,0
872,2855,2026-09-30,0
872,2855,2026-10-01,0
872,2855,2026-10-02,0
872,2855,2026-10-03,0
872,2855,2026-10-04,0
872,2855,2026-10-05,0
872,2855,2026-10-06,0
872,2855,2026-10-07,0
872,2855,2026-10-08,0
872,2855,2026-10-09,0
872,2855,2026-10-10,0
872,2855,2026-10-11,0
872,2855,2026-10-12,0
872,2855,2026-10-13,0
872,2855,2026-10-14,0
872,2856,2026-09-14,0
872,2856,2026-09-15,0
872,2856,2026-09-16,0
872,2856,2026-09-17,0
872,2856,2026-09-18,0
872,2856,2026-09-19,0
872,2856,2026-09-20,0
872,2856,2026-09-21,0
872,2856,2026-09-22,0
872,2856,2026-09-23,0
872,2856,2026-09-24,0
872,2856,2026-09-25,0
872,2856,2026-09-26,0
872,2856,2026-09-27,0
872,2856,2026-09-28,0
872,2856,2026-09-29,0
872,2856,2026-09-30,0
872,2856,2026-10-01,0
872,2856,2026-10-02,0
872,2856,2026-10-03,0
872,2856,2026-10-04,0
872,2856,2026-10-05,0
872,2856,2026-10-06,0
872,2856,2026-10-07,0
872,2856,2026-10-08,0
872,2856,2026-10-09,0
872,2856,2026-10-10,0
872,2856,2026-10-11,0
872,2856,2026-10-12,0
872,2856,2026-10-13,0
872,2856,2026-10-14,0
875,2865,2026-06-16,6
875,2865,2026-06-17,6
875,2865,2026-06-18,6
875,2865,2026-06-19,6
875,2865,2026-06-20,6
875,2865,2026-06-21,6
875,2865,2026-06-22,6
875,2865,2026-06-23,6
875,2865,2026-06-24,6
875,2865,2026-06-25,6
875,2865,2026-06-26,6
875,2865,2026-06-27,6
875,2865,2026-06-28,6
875,2865,2026-06-29,0
875,2865,2026-06-30,2
875,2865,2026-07-01,0
875,2865,2026-07-02,0
875,2865,2026-07-03,0
875,2865,2026-07-04,0
875,2865,2026-07-05,0
875,2865,2026-07-06,0
875,2865,2026-07-07,0
875,2865,2026-07-08,0
875,2865,2026-07-09,0
875,2865,2026-07-10,0
875,2865,2026-07-11,0
875,2865,2026-07-12,0
875,2865,2026-07-13,0
875,2865,2026-07-14,0
875,2865,2026-07-15,0
875,2865,2026-07-16,0
875,2866,2026-06-16,12
875,2866,2026-06-17,12
875,2866,2026-06-18,12
875,2866,2026-06-19,12
875,2866,2026-06-20,12
875,2866,2026-06-21,12
875,2866,2026-06-22,12
875,2866,2026-06-23,12
875,2866,2026-06-24,12
875,2866,2026-06-25,12
875,2866,2026-06-26,12
875,2866,2026-06-27,12
875,2866,2026-06-28,12
875,2866,2026-06-29,12
875,2866,2026-06-30,12
875,2866,2026-07-01,0
875,2866,2026-07-02,0
875,2866,2026-07-03,0
875,2866,2026-07-04,0
875,2866,2026-07-05,0
875,2866,2026-07-06,0
875,2866,2026-07-07,0
875,2866,2026-07-08,0
875,2866,2026-07-09,0
875,2866,2026-07-10,0
875,2866,2026-07-11,0
875,2866,2026-07-12,0
875,2866,2026-07-13,0
875,2866,2026-07-14,0
875,2866,2026-07-15,0
875,2866,2026-07-16,0
875,2867,2026-06-16,84
875,2867,2026-06-17,84
875,2867,2026-06-18,100
875,2867,2026-06-19,100
875,2867,2026-06-20,100
875,2867,2026-06-21,97
875,2867,2026-06-22,100
875,2867,2026-06-23,100
875,2867,2026-06-24,100
875,2867,2026-06-25,100
875,2867,2026-06-26,100
875,2867,2026-06-27,100
875,2867,2026-06-28,100
875,2867,2026-06-29,100
875,2867,2026-06-30,100
875,2867,2026-07-01,0
875,2867,2026-07-02,0
875,2867,2026-07-03,0
875,2867,2026-07-04,0
875,2867,2026-07-05,0
875,2867,2026-07-06,0
875,2867,2026-07-07,0
875,2867,2026-07-08,0
875,2867,2026-07-09,0
875,2867,2026-07-10,0
875,2867,2026-07-11,0
875,2867,2026-07-12,0
875,2867,2026-07-13,0
875,2867,2026-07-14,0
875,2867,2026-07-15,0
875,2867,2026-07-16,0
875,2868,2026-06-16,34
875,2868,2026-06-17,34
875,2868,2026-06-18,34
875,2868,2026-06-19,34
875,2868,2026-06-20,34
875,2868,2026-06-21,34
875,2868,2026-06-22,31
875,2868,2026-06-23,34
875,2868,2026-06-24,34
875,2868,2026-06-25,34
875,2868,2026-06-26,34
875,2868,2026-06-27,34
875,2868,2026-06-28,34
875,2868,2026-06-29,34
875,2868,2026-06-30,34
875,2868,2026-07-01,0
875,2868,2026-07-02,0
875,2868,2026-07-03,0
875,2868,2026-07-04,0
875,2868,2026-07-05,0
875,2868,2026-07-06,0
875,2868,2026-07-07,0
875,2868,2026-07-08,0
875,2868,2026-07-09,0
875,2868,2026-07-10,0
875,2868,2026-07-11,0
875,2868,2026-07-12,0
875,2868,2026-07-13,0
875,2868,2026-07-14,0
875,2868,2026-07-15,0
875,2868,2026-07-16,0
875,2869,2026-06-16,30
875,2869,2026-06-17,30
875,2869,2026-06-18,30
875,2869,2026-06-19,30
875,2869,2026-06-20,30
875,2869,2026-06-21,30
875,2869,2026-06-22,30
875,2869,2026-06-23,30
875,2869,2026-06-24,30
875,2869,2026-06-25,30
875,2869,2026-06-26,30
875,2869,2026-06-27,30
875,2869,2026-06-28,30
875,2869,2026-06-29,30
875,2869,2026-06-30,30
875,2869,2026-07-01,0
875,2869,2026-07-02,0
875,2869,2026-07-03,0
875,2869,2026-07-04,0
875,2869,2026-07-05,0
875,2869,2026-07-06,0
875,2869,2026-07-07,0
875,2869,2026-07-08,0
875,2869,2026-07-09,0
875,2869,2026-07-10,0
875,2869,2026-07-11,0
875,2869,2026-07-12,0
875,2869,2026-07-13,0
875,2869,2026-07-14,0
875,2869,2026-07-15,0
875,2869,2026-07-16,0
875,2870,2026-06-16,36
875,2870,2026-06-17,36
875,2870,2026-06-18,36
875,2870,2026-06-19,36
875,2870,2026-06-20,36
875,2870,2026-06-21,36
875,2870,2026-06-22,36
875,2870,2026-06-23,36
875,2870,2026-06-24,36
875,2870,2026-06-25,33
875,2870,2026-06-26,36
875,2870,2026-06-27,36
875,2870,2026-06-28,36
875,2870,2026-06-29,36
875,2870,2026-06-30,36
875,2870,2026-07-01,0
875,2870,2026-07-02,0
875,2870,2026-07-03,0
875,2870,2026-07-04,0
875,2870,2026-07-05,0
875,2870,2026-07-06,0
875,2870,2026-07-07,0
875,2870,2026-07-08,0
875,2870,2026-07-09,0
875,2870,2026-07-10,0
875,2870,2026-07-11,0
875,2870,2026-07-12,0
875,2870,2026-07-13,0
875,2870,2026-07-14,0
875,2870,2026-07-15,0
875,2870,2026-07-16,0
875,2871,2026-06-16,26
875,2871,2026-06-17,26
875,2871,2026-06-18,26
875,2871,2026-06-19,26
875,2871,2026-06-20,26
875,2871,2026-06-21,26
875,2871,2026-06-22,26
875,2871,2026-06-23,26
875,2871,2026-06-24,26
875,2871,2026-06-25,26
875,2871,2026-06-26,23
875,2871,2026-06-27,26
875,2871,2026-06-28,26
875,2871,2026-06-29,26
875,2871,2026-06-30,26
875,2871,2026-07-01,0
875,2871,2026-07-02,0
875,2871,2026-07-03,0
875,2871,2026-07-04,0
875,2871,2026-07-05,0
875,2871,2026-07-06,0
875,2871,2026-07-07,0
875,2871,2026-07-08,0
875,2871,2026-07-09,0
875,2871,2026-07-10,0
875,2871,2026-07-11,0
875,2871,2026-07-12,0
875,2871,2026-07-13,0
875,2871,2026-07-14,0
875,2871,2026-07-15,0
875,2871,2026-07-16,0
875,2872,2026-06-16,80
875,2872,2026-06-17,80
875,2872,2026-06-18,80
875,2872,2026-06-19,80
875,2872,2026-06-20,80
875,2872,2026-06-21,80
875,2872,2026-06-22,80
875,2872,2026-06-23,77
875,2872,2026-06-24,80
875,2872,2026-06-25,80
875,2872,2026-06-26,80
875,2872,2026-06-27,80
875,2872,2026-06-28,80
875,2872,2026-06-29,80
875,2872,2026-06-30,80
875,2872,2026-07-01,0
875,2872,2026-07-02,0
875,2872,2026-07-03,0
875,2872,2026-07-04,0
875,2872,2026-07-05,0
875,2872,2026-07-06,0
875,2872,2026-07-07,0
875,2872,2026-07-08,0
875,2872,2026-07-09,0
875,2872,2026-07-10,0
875,2872,2026-07-11,0
875,2872,2026-07-12,0
875,2872,2026-07-13,0
875,2872,2026-07-14,0
875,2872,2026-07-15,0
875,2872,2026-07-16,0
875,2873,2026-06-16,34
875,2873,2026-06-17,34
875,2873,2026-06-18,34
875,2873,2026-06-19,34
875,2873,2026-06-20,34
875,2873,2026-06-21,34
875,2873,2026-06-22,34
875,2873,2026-06-23,34
875,2873,2026-06-24,31
875,2873,2026-06-25,34
875,2873,2026-06-26,34
875,2873,2026-06-27,34
875,2873,2026-06-28,34
875,2873,2026-06-29,34
875,2873,2026-06-30,34
875,2873,2026-07-01,0
875,2873,2026-07-02,0
875,2873,2026-07-03,0
875,2873,2026-07-04,0
875,2873,2026-07-05,0
875,2873,2026-07-06,0
875,2873,2026-07-07,0
875,2873,2026-07-08,0
875,2873,2026-07-09,0
875,2873,2026-07-10,0
875,2873,2026-07-11,0
875,2873,2026-07-12,0
875,2873,2026-07-13,0
875,2873,2026-07-14,0
875,2873,2026-07-15,0
875,2873,2026-07-16,0
875,2874,2026-06-16,12
875,2874,2026-06-17,12
875,2874,2026-06-18,12
875,2874,2026-06-19,12
875,2874,2026-06-20,12
875,2874,2026-06-21,12
875,2874,2026-06-22,12
875,2874,2026-06-23,12
875,2874,2026-06-24,12
875,2874,2026-06-25,12
875,2874,2026-06-26,12
875,2874,2026-06-27,12
875,2874,2026-06-28,12
875,2874,2026-06-29,12
875,2874,2026-06-30,12
875,2874,2026-07-01,0
875,2874,2026-07-02,0
875,2874,2026-07-03,0
875,2874,2026-07-04,0
875,2874,2026-07-05,0
875,2874,2026-07-06,0
875,2874,2026-07-07,0
875,2874,2026-07-08,0
875,2874,2026-07-09,0
875,2874,2026-07-10,0
875,2874,2026-07-11,0
875,2874,2026-07-12,0
875,2874,2026-07-13,0
875,2874,2026-07-14,0
875,2874,2026-07-15,0
875,2874,2026-07-16,0
875,2876,2026-06-16,20
875,2876,2026-06-17,20
875,2876,2026-06-18,20
875,2876,2026-06-19,20
875,2876,2026-06-20,20
875,2876,2026-06-21,20
875,2876,2026-06-22,20
875,2876,2026-06-23,20
875,2876,2026-06-24,20
875,2876,2026-06-25,20
875,2876,2026-06-26,20
875,2876,2026-06-27,20
875,2876,2026-06-28,20
875,2876,2026-06-29,20
875,2876,2026-06-30,20
875,2876,2026-07-01,0
875,2876,2026-07-02,0
875,2876,2026-07-03,0
875,2876,2026-07-04,0
875,2876,2026-07-05,0
875,2876,2026-07-06,0
875,2876,2026-07-07,0
875,2876,2026-07-08,0
875,2876,2026-07-09,0
875,2876,2026-07-10,0
875,2876,2026-07-11,0
875,2876,2026-07-12,0
875,2876,2026-07-13,0
875,2876,2026-07-14,0
875,2876,2026-07-15,0
875,2876,2026-07-16,0
875,2877,2026-06-16,40
875,2877,2026-06-17,40
875,2877,2026-06-18,40
875,2877,2026-06-19,40
875,2877,2026-06-20,40
875,2877,2026-06-21,40
875,2877,2026-06-22,40
875,2877,2026-06-23,40
875,2877,2026-06-24,40
875,2877,2026-06-25,40
875,2877,2026-06-26,40
875,2877,2026-06-27,40
875,2877,2026-06-28,40
875,2877,2026-06-29,40
875,2877,2026-06-30,40
875,2877,2026-07-01,0
875,2877,2026-07-02,0
875,2877,2026-07-03,0
875,2877,2026-07-04,0
875,2877,2026-07-05,0
875,2877,2026-07-06,0
875,2877,2026-07-07,0
875,2877,2026-07-08,0
875,2877,2026-07-09,0
875,2877,2026-07-10,0
875,2877,2026-07-11,0
875,2877,2026-07-12,0
875,2877,2026-07-13,0
875,2877,2026-07-14,0
875,2877,2026-07-15,0
875,2877,2026-07-16,0
875,2878,2026-06-16,12
875,2878,2026-06-17,12
875,2878,2026-06-18,12
875,2878,2026-06-19,12
875,2878,2026-06-20,12
875,2878,2026-06-21,12
875,2878,2026-06-22,12
875,2878,2026-06-23,12
875,2878,2026-06-24,12
875,2878,2026-06-25,12
875,2878,2026-06-26,12
875,2878,2026-06-27,12
875,2878,2026-06-28,12
875,2878,2026-06-29,12
875,2878,2026-06-30,12
875,2878,2026-07-01,0
875,2878,2026-07-02,0
875,2878,2026-07-03,0
875,2878,2026-07-04,0
875,2878,2026-07-05,0
875,2878,2026-07-06,0
875,2878,2026-07-07,0
875,2878,2026-07-08,0
875,2878,2026-07-09,0
875,2878,2026-07-10,0
875,2878,2026-07-11,0
875,2878,2026-07-12,0
875,2878,2026-07-13,0
875,2878,2026-07-14,0
875,2878,2026-07-15,0
875,2878,2026-07-16,0
875,2879,2026-06-16,40
875,2879,2026-06-17,40
875,2879,2026-06-18,40
875,2879,2026-06-19,40
875,2879,2026-06-20,40
875,2879,2026-06-21,40
875,2879,2026-06-22,40
875,2879,2026-06-23,40
875,2879,2026-06-24,40
875,2879,2026-06-25,40
875,2879,2026-06-26,40
875,2879,2026-06-27,40
875,2879,2026-06-28,40
875,2879,2026-06-29,40
875,2879,2026-06-30,40
875,2879,2026-07-01,0
875,2879,2026-07-02,0
875,2879,2026-07-03,0
875,2879,2026-07-04,0
875,2879,2026-07-05,0
875,2879,2026-07-06,0
875,2879,2026-07-07,0
875,2879,2026-07-08,0
875,2879,2026-07-09,0
875,2879,2026-07-10,0
875,2879,2026-07-11,0
875,2879,2026-07-12,0
875,2879,2026-07-13,0
875,2879,2026-07-14,0
875,2879,2026-07-15,0
875,2879,2026-07-16,0
875,2880,2026-06-16,14
875,2880,2026-06-17,14
875,2880,2026-06-18,14
875,2880,2026-06-19,14
875,2880,2026-06-20,14
875,2880,2026-06-21,14
875,2880,2026-06-22,14
875,2880,2026-06-23,14
875,2880,2026-06-24,14
875,2880,2026-06-25,14
875,2880,2026-06-26,14
875,2880,2026-06-27,14
875,2880,2026-06-28,14
875,2880,2026-06-29,14
875,2880,2026-06-30,14
875,2880,2026-07-01,0
875,2880,2026-07-02,0
875,2880,2026-07-03,0
875,2880,2026-07-04,0
875,2880,2026-07-05,0
875,2880,2026-07-06,0
875,2880,2026-07-07,0
875,2880,2026-07-08,0
875,2880,2026-07-09,0
875,2880,2026-07-10,0
875,2880,2026-07-11,0
875,2880,2026-07-12,0
875,2880,2026-07-13,0
875,2880,2026-07-14,0
875,2880,2026-07-15,0
875,2880,2026-07-16,0
875,2881,2026-06-16,30
875,2881,2026-06-17,30
875,2881,2026-06-18,30
875,2881,2026-06-19,30
875,2881,2026-06-20,30
875,2881,2026-06-21,30
875,2881,2026-06-22,30
875,2881,2026-06-23,30
875,2881,2026-06-24,30
875,2881,2026-06-25,30
875,2881,2026-06-26,30
875,2881,2026-06-27,30
875,2881,2026-06-28,30
875,2881,2026-06-29,30
875,2881,2026-06-30,29
875,2881,2026-07-01,0
875,2881,2026-07-02,0
875,2881,2026-07-03,0
875,2881,2026-07-04,0
875,2881,2026-07-05,0
875,2881,2026-07-06,0
875,2881,2026-07-07,0
875,2881,2026-07-08,0
875,2881,2026-07-09,0
875,2881,2026-07-10,0
875,2881,2026-07-11,0
875,2881,2026-07-12,0
875,2881,2026-07-13,0
875,2881,2026-07-14,0
875,2881,2026-07-15,0
875,2881,2026-07-16,0
875,2882,2026-06-16,20
875,2882,2026-06-17,20
875,2882,2026-06-18,20
875,2882,2026-06-19,20
875,2882,2026-06-20,20
875,2882,2026-06-21,20
875,2882,2026-06-22,20
875,2882,2026-06-23,20
875,2882,2026-06-24,20
875,2882,2026-06-25,20
875,2882,2026-06-26,20
875,2882,2026-06-27,20
875,2882,2026-06-28,20
875,2882,2026-06-29,20
875,2882,2026-06-30,20
875,2882,2026-07-01,0
875,2882,2026-07-02,0
875,2882,2026-07-03,0
875,2882,2026-07-04,0
875,2882,2026-07-05,0
875,2882,2026-07-06,0
875,2882,2026-07-07,0
875,2882,2026-07-08,0
875,2882,2026-07-09,0
875,2882,2026-07-10,0
875,2882,2026-07-11,0
875,2882,2026-07-12,0
875,2882,2026-07-13,0
875,2882,2026-07-14,0
875,2882,2026-07-15,0
875,2882,2026-07-16,0
875,2883,2026-06-16,40
875,2883,2026-06-17,40
875,2883,2026-06-18,40
875,2883,2026-06-19,40
875,2883,2026-06-20,40
875,2883,2026-06-21,40
875,2883,2026-06-22,40
875,2883,2026-06-23,40
875,2883,2026-06-24,40
875,2883,2026-06-25,40
875,2883,2026-06-26,40
875,2883,2026-06-27,40
875,2883,2026-06-28,40
875,2883,2026-06-29,40
875,2883,2026-06-30,40
875,2883,2026-07-01,0
875,2883,2026-07-02,0
875,2883,2026-07-03,0
875,2883,2026-07-04,0
875,2883,2026-07-05,0
875,2883,2026-07-06,0
875,2883,2026-07-07,0
875,2883,2026-07-08,0
875,2883,2026-07-09,0
875,2883,2026-07-10,0
875,2883,2026-07-11,0
875,2883,2026-07-12,0
875,2883,2026-07-13,0
875,2883,2026-07-14,0
875,2883,2026-07-15,0
875,2883,2026-07-16,0
875,2884,2026-06-16,20
875,2884,2026-06-17,20
875,2884,2026-06-18,20
875,2884,2026-06-19,20
875,2884,2026-06-20,20
875,2884,2026-06-21,20
875,2884,2026-06-22,20
875,2884,2026-06-23,20
875,2884,2026-06-24,20
875,2884,2026-06-25,20
875,2884,2026-06-26,20
875,2884,2026-06-27,20
875,2884,2026-06-28,20
875,2884,2026-06-29,20
875,2884,2026-06-30,20
875,2884,2026-07-01,0
875,2884,2026-07-02,0
875,2884,2026-07-03,0
875,2884,2026-07-04,0
875,2884,2026-07-05,0
875,2884,2026-07-06,0
875,2884,2026-07-07,0
875,2884,2026-07-08,0
875,2884,2026-07-09,0
875,2884,2026-07-10,0
875,2884,2026-07-11,0
875,2884,2026-07-12,0
875,2884,2026-07-13,0
875,2884,2026-07-14,0
875,2884,2026-07-15,0
875,2884,2026-07-16,0
875,2885,2026-06-16,10
875,2885,2026-06-17,10
875,2885,2026-06-18,10
875,2885,2026-06-19,10
875,2885,2026-06-20,10
875,2885,2026-06-21,10
875,2885,2026-06-22,10
875,2885,2026-06-23,10
875,2885,2026-06-24,10
875,2885,2026-06-25,10
875,2885,2026-06-26,10
875,2885,2026-06-27,10
875,2885,2026-06-28,10
875,2885,2026-06-29,10
875,2885,2026-06-30,10
875,2885,2026-07-01,0
875,2885,2026-07-02,0
875,2885,2026-07-03,0
875,2885,2026-07-04,0
875,2885,2026-07-05,0
875,2885,2026-07-06,0
875,2885,2026-07-07,0
875,2885,2026-07-08,0
875,2885,2026-07-09,0
875,2885,2026-07-10,0
875,2885,2026-07-11,0
875,2885,2026-07-12,0
875,2885,2026-07-13,0
875,2885,2026-07-14,0
875,2885,2026-07-15,0
875,2885,2026-07-16,0
875,2886,2026-06-16,40
875,2886,2026-06-17,40
875,2886,2026-06-18,40
875,2886,2026-06-19,40
875,2886,2026-06-20,40
875,2886,2026-06-21,40
875,2886,2026-06-22,40
875,2886,2026-06-23,40
875,2886,2026-06-24,40
875,2886,2026-06-25,40
875,2886,2026-06-26,38
875,2886,2026-06-27,40
875,2886,2026-06-28,40
875,2886,2026-06-29,40
875,2886,2026-06-30,40
875,2886,2026-07-01,0
875,2886,2026-07-02,0
875,2886,2026-07-03,0
875,2886,2026-07-04,0
875,2886,2026-07-05,0
875,2886,2026-07-06,0
875,2886,2026-07-07,0
875,2886,2026-07-08,0
875,2886,2026-07-09,0
875,2886,2026-07-10,0
875,2886,2026-07-11,0
875,2886,2026-07-12,0
875,2886,2026-07-13,0
875,2886,2026-07-14,0
875,2886,2026-07-15,0
875,2886,2026-07-16,0
875,2887,2026-06-16,20
875,2887,2026-06-17,20
875,2887,2026-06-18,20
875,2887,2026-06-19,20
875,2887,2026-06-20,20
875,2887,2026-06-21,20
875,2887,2026-06-22,20
875,2887,2026-06-23,20
875,2887,2026-06-24,20
875,2887,2026-06-25,20
875,2887,2026-06-26,20
875,2887,2026-06-27,20
875,2887,2026-06-28,20
875,2887,2026-06-29,20
875,2887,2026-06-30,20
875,2887,2026-07-01,0
875,2887,2026-07-02,0
875,2887,2026-07-03,0
875,2887,2026-07-04,0
875,2887,2026-07-05,0
875,2887,2026-07-06,0
875,2887,2026-07-07,0
875,2887,2026-07-08,0
875,2887,2026-07-09,0
875,2887,2026-07-10,0
875,2887,2026-07-11,0
875,2887,2026-07-12,0
875,2887,2026-07-13,0
875,2887,2026-07-14,0
875,2887,2026-07-15,0
875,2887,2026-07-16,0
875,2865,2026-05-17,6
875,2865,2026-05-18,6
875,2865,2026-05-19,6
875,2865,2026-05-20,6
875,2865,2026-05-21,6
875,2865,2026-05-22,6
875,2865,2026-05-23,6
875,2865,2026-05-24,6
875,2865,2026-05-25,6
875,2865,2026-05-26,6
875,2865,2026-05-27,6
875,2865,2026-05-28,6
875,2865,2026-05-29,6
875,2865,2026-05-30,6
875,2865,2026-05-31,6
875,2865,2026-06-01,6
875,2865,2026-06-02,6
875,2865,2026-06-03,6
875,2865,2026-06-04,6
875,2865,2026-06-05,6
875,2865,2026-06-06,6
875,2865,2026-06-07,6
875,2865,2026-06-08,6
875,2865,2026-06-09,6
875,2865,2026-06-10,6
875,2865,2026-06-11,6
875,2865,2026-06-12,6
875,2865,2026-06-13,6
875,2865,2026-06-14,6
875,2865,2026-06-15,6
875,2865,2026-06-16,6
875,2866,2026-05-17,12
875,2866,2026-05-18,12
875,2866,2026-05-19,12
875,2866,2026-05-20,12
875,2866,2026-05-21,12
875,2866,2026-05-22,12
875,2866,2026-05-23,12
875,2866,2026-05-24,12
875,2866,2026-05-25,12
875,2866,2026-05-26,12
875,2866,2026-05-27,12
875,2866,2026-05-28,12
875,2866,2026-05-29,12
875,2866,2026-05-30,12
875,2866,2026-05-31,12
875,2866,2026-06-01,12
875,2866,2026-06-02,12
875,2866,2026-06-03,12
875,2866,2026-06-04,12
875,2866,2026-06-05,12
875,2866,2026-06-06,12
875,2866,2026-06-07,12
875,2866,2026-06-08,12
875,2866,2026-06-09,12
875,2866,2026-06-10,12
875,2866,2026-06-11,12
875,2866,2026-06-12,12
875,2866,2026-06-13,12
875,2866,2026-06-14,12
875,2866,2026-06-15,12
875,2866,2026-06-16,12
875,2867,2026-05-17,100
875,2867,2026-05-18,63
875,2867,2026-05-19,63
875,2867,2026-05-20,100
875,2867,2026-05-21,100
875,2867,2026-05-22,100
875,2867,2026-05-23,100
875,2867,2026-05-24,100
875,2867,2026-05-25,100
875,2867,2026-05-26,100
875,2867,2026-05-27,100
875,2867,2026-05-28,95
875,2867,2026-05-29,100
875,2867,2026-05-30,100
875,2867,2026-05-31,100
875,2867,2026-06-01,100
875,2867,2026-06-02,100
875,2867,2026-06-03,100
875,2867,2026-06-04,100
875,2867,2026-06-05,100
875,2867,2026-06-06,100
875,2867,2026-06-07,100
875,2867,2026-06-08,100
875,2867,2026-06-09,100
875,2867,2026-06-10,100
875,2867,2026-06-11,100
875,2867,2026-06-12,100
875,2867,2026-06-13,100
875,2867,2026-06-14,100
875,2867,2026-06-15,100
875,2867,2026-06-16,84
875,2868,2026-05-17,29
875,2868,2026-05-18,33
875,2868,2026-05-19,34
875,2868,2026-05-20,34
875,2868,2026-05-21,34
875,2868,2026-05-22,34
875,2868,2026-05-23,32
875,2868,2026-05-24,32
875,2868,2026-05-25,34
875,2868,2026-05-26,34
875,2868,2026-05-27,34
875,2868,2026-05-28,34
875,2868,2026-05-29,27
875,2868,2026-05-30,20
875,2868,2026-05-31,34
875,2868,2026-06-01,34
875,2868,2026-06-02,34
875,2868,2026-06-03,34
875,2868,2026-06-04,34
875,2868,2026-06-05,34
875,2868,2026-06-06,34
875,2868,2026-06-07,34
875,2868,2026-06-08,34
875,2868,2026-06-09,34
875,2868,2026-06-10,34
875,2868,2026-06-11,34
875,2868,2026-06-12,30
875,2868,2026-06-13,34
875,2868,2026-06-14,34
875,2868,2026-06-15,34
875,2868,2026-06-16,34
875,2869,2026-05-17,30
875,2869,2026-05-18,30
875,2869,2026-05-19,30
875,2869,2026-05-20,30
875,2869,2026-05-21,30
875,2869,2026-05-22,30
875,2869,2026-05-23,30
875,2869,2026-05-24,30
875,2869,2026-05-25,30
875,2869,2026-05-26,30
875,2869,2026-05-27,30
875,2869,2026-05-28,30
875,2869,2026-05-29,30
875,2869,2026-05-30,30
875,2869,2026-05-31,30
875,2869,2026-06-01,30
875,2869,2026-06-02,30
875,2869,2026-06-03,30
875,2869,2026-06-04,30
875,2869,2026-06-05,30
875,2869,2026-06-06,30
875,2869,2026-06-07,30
875,2869,2026-06-08,30
875,2869,2026-06-09,30
875,2869,2026-06-10,30
875,2869,2026-06-11,30
875,2869,2026-06-12,30
875,2869,2026-06-13,30
875,2869,2026-06-14,30
875,2869,2026-06-15,30
875,2869,2026-06-16,30
875,2870,2026-05-17,36
875,2870,2026-05-18,36
875,2870,2026-05-19,36
875,2870,2026-05-20,36
875,2870,2026-05-21,36
875,2870,2026-05-22,36
875,2870,2026-05-23,36
875,2870,2026-05-24,36
875,2870,2026-05-25,36
875,2870,2026-05-26,36
875,2870,2026-05-27,36
875,2870,2026-05-28,36
875,2870,2026-05-29,36
875,2870,2026-05-30,36
875,2870,2026-05-31,36
875,2870,2026-06-01,36
875,2870,2026-06-02,36
875,2870,2026-06-03,36
875,2870,2026-06-04,36
875,2870,2026-06-05,36
875,2870,2026-06-06,36
875,2870,2026-06-07,36
875,2870,2026-06-08,36
875,2870,2026-06-09,36
875,2870,2026-06-10,36
875,2870,2026-06-11,36
875,2870,2026-06-12,36
875,2870,2026-06-13,36
875,2870,2026-06-14,36
875,2870,2026-06-15,36
875,2870,2026-06-16,36
875,2871,2026-05-17,25
875,2871,2026-05-18,26
875,2871,2026-05-19,19
875,2871,2026-05-20,26
875,2871,2026-05-21,26
875,2871,2026-05-22,26
875,2871,2026-05-23,26
875,2871,2026-05-24,26
875,2871,2026-05-25,24
875,2871,2026-05-26,26
875,2871,2026-05-27,26
875,2871,2026-05-28,26
875,2871,2026-05-29,26
875,2871,2026-05-30,26
875,2871,2026-05-31,19
875,2871,2026-06-01,20
875,2871,2026-06-02,26
875,2871,2026-06-03,26
875,2871,2026-06-04,26
875,2871,2026-06-05,26
875,2871,2026-06-06,26
875,2871,2026-06-07,26
875,2871,2026-06-08,26
875,2871,2026-06-09,26
875,2871,2026-06-10,26
875,2871,2026-06-11,26
875,2871,2026-06-12,26
875,2871,2026-06-13,26
875,2871,2026-06-14,26
875,2871,2026-06-15,26
875,2871,2026-06-16,26
875,2872,2026-05-17,80
875,2872,2026-05-18,80
875,2872,2026-05-19,80
875,2872,2026-05-20,80
875,2872,2026-05-21,80
875,2872,2026-05-22,80
875,2872,2026-05-23,80
875,2872,2026-05-24,80
875,2872,2026-05-25,80
875,2872,2026-05-26,80
875,2872,2026-05-27,80
875,2872,2026-05-28,80
875,2872,2026-05-29,80
875,2872,2026-05-30,80
875,2872,2026-05-31,80
875,2872,2026-06-01,80
875,2872,2026-06-02,80
875,2872,2026-06-03,80
875,2872,2026-06-04,80
875,2872,2026-06-05,80
875,2872,2026-06-06,80
875,2872,2026-06-07,80
875,2872,2026-06-08,80
875,2872,2026-06-09,80
875,2872,2026-06-10,80
875,2872,2026-06-11,80
875,2872,2026-06-12,80
875,2872,2026-06-13,80
875,2872,2026-06-14,80
875,2872,2026-06-15,80
875,2872,2026-06-16,80
875,2873,2026-05-17,34
875,2873,2026-05-18,34
875,2873,2026-05-19,34
875,2873,2026-05-20,34
875,2873,2026-05-21,34
875,2873,2026-05-22,34
875,2873,2026-05-23,34
875,2873,2026-05-24,34
875,2873,2026-05-25,34
875,2873,2026-05-26,34
875,2873,2026-05-27,34
875,2873,2026-05-28,34
875,2873,2026-05-29,34
875,2873,2026-05-30,27
875,2873,2026-05-31,20
875,2873,2026-06-01,34
875,2873,2026-06-02,34
875,2873,2026-06-03,34
875,2873,2026-06-04,34
875,2873,2026-06-05,34
875,2873,2026-06-06,34
875,2873,2026-06-07,34
875,2873,2026-06-08,34
875,2873,2026-06-09,34
875,2873,2026-06-10,34
875,2873,2026-06-11,34
875,2873,2026-06-12,34
875,2873,2026-06-13,34
875,2873,2026-06-14,34
875,2873,2026-06-15,34
875,2873,2026-06-16,34
875,2874,2026-05-17,12
875,2874,2026-05-18,12
875,2874,2026-05-19,12
875,2874,2026-05-20,12
875,2874,2026-05-21,12
875,2874,2026-05-22,12
875,2874,2026-05-23,12
875,2874,2026-05-24,12
875,2874,2026-05-25,12
875,2874,2026-05-26,12
875,2874,2026-05-27,12
875,2874,2026-05-28,12
875,2874,2026-05-29,12
875,2874,2026-05-30,12
875,2874,2026-05-31,12
875,2874,2026-06-01,12
875,2874,2026-06-02,12
875,2874,2026-06-03,12
875,2874,2026-06-04,12
875,2874,2026-06-05,12
875,2874,2026-06-06,12
875,2874,2026-06-07,12
875,2874,2026-06-08,12
875,2874,2026-06-09,12
875,2874,2026-06-10,12
875,2874,2026-06-11,12
875,2874,2026-06-12,12
875,2874,2026-06-13,12
875,2874,2026-06-14,12
875,2874,2026-06-15,12
875,2874,2026-06-16,12
875,2876,2026-05-17,20
875,2876,2026-05-18,20
875,2876,2026-05-19,20
875,2876,2026-05-20,20
875,2876,2026-05-21,20
875,2876,2026-05-22,20
875,2876,2026-05-23,20
875,2876,2026-05-24,20
875,2876,2026-05-25,20
875,2876,2026-05-26,20
875,2876,2026-05-27,20
875,2876,2026-05-28,20
875,2876,2026-05-29,20
875,2876,2026-05-30,20
875,2876,2026-05-31,20
875,2876,2026-06-01,20
875,2876,2026-06-02,20
875,2876,2026-06-03,20
875,2876,2026-06-04,20
875,2876,2026-06-05,20
875,2876,2026-06-06,20
875,2876,2026-06-07,20
875,2876,2026-06-08,20
875,2876,2026-06-09,20
875,2876,2026-06-10,20
875,2876,2026-06-11,20
875,2876,2026-06-12,20
875,2876,2026-06-13,20
875,2876,2026-06-14,20
875,2876,2026-06-15,20
875,2876,2026-06-16,20
875,2877,2026-05-17,40
875,2877,2026-05-18,40
875,2877,2026-05-19,40
875,2877,2026-05-20,40
875,2877,2026-05-21,40
875,2877,2026-05-22,40
875,2877,2026-05-23,40
875,2877,2026-05-24,40
875,2877,2026-05-25,40
875,2877,2026-05-26,40
875,2877,2026-05-27,40
875,2877,2026-05-28,40
875,2877,2026-05-29,40
875,2877,2026-05-30,40
875,2877,2026-05-31,39
875,2877,2026-06-01,40
875,2877,2026-06-02,40
875,2877,2026-06-03,40
875,2877,2026-06-04,40
875,2877,2026-06-05,40
875,2877,2026-06-06,40
875,2877,2026-06-07,40
875,2877,2026-06-08,40
875,2877,2026-06-09,40
875,2877,2026-06-10,40
875,2877,2026-06-11,40
875,2877,2026-06-12,40
875,2877,2026-06-13,40
875,2877,2026-06-14,40
875,2877,2026-06-15,40
875,2877,2026-06-16,40
875,2878,2026-05-17,12
875,2878,2026-05-18,12
875,2878,2026-05-19,12
875,2878,2026-05-20,12
875,2878,2026-05-21,12
875,2878,2026-05-22,12
875,2878,2026-05-23,12
875,2878,2026-05-24,12
875,2878,2026-05-25,12
875,2878,2026-05-26,12
875,2878,2026-05-27,12
875,2878,2026-05-28,12
875,2878,2026-05-29,12
875,2878,2026-05-30,12
875,2878,2026-05-31,12
875,2878,2026-06-01,12
875,2878,2026-06-02,12
875,2878,2026-06-03,12
875,2878,2026-06-04,12
875,2878,2026-06-05,12
875,2878,2026-06-06,12
875,2878,2026-06-07,12
875,2878,2026-06-08,12
875,2878,2026-06-09,12
875,2878,2026-06-10,12
875,2878,2026-06-11,12
875,2878,2026-06-12,12
875,2878,2026-06-13,12
875,2878,2026-06-14,12
875,2878,2026-06-15,12
875,2878,2026-06-16,12
875,2879,2026-05-17,40
875,2879,2026-05-18,40
875,2879,2026-05-19,40
875,2879,2026-05-20,40
875,2879,2026-05-21,40
875,2879,2026-05-22,40
875,2879,2026-05-23,40
875,2879,2026-05-24,40
875,2879,2026-05-25,40
875,2879,2026-05-26,40
875,2879,2026-05-27,40
875,2879,2026-05-28,40
875,2879,2026-05-29,34
875,2879,2026-05-30,40
875,2879,2026-05-31,40
875,2879,2026-06-01,40
875,2879,2026-06-02,40
875,2879,2026-06-03,40
875,2879,2026-06-04,40
875,2879,2026-06-05,40
875,2879,2026-06-06,40
875,2879,2026-06-07,40
875,2879,2026-06-08,40
875,2879,2026-06-09,40
875,2879,2026-06-10,40
875,2879,2026-06-11,40
875,2879,2026-06-12,40
875,2879,2026-06-13,40
875,2879,2026-06-14,40
875,2879,2026-06-15,40
875,2879,2026-06-16,40
875,2880,2026-05-17,14
875,2880,2026-05-18,14
875,2880,2026-05-19,14
875,2880,2026-05-20,14
875,2880,2026-05-21,14
875,2880,2026-05-22,14
875,2880,2026-05-23,14
875,2880,2026-05-24,14
875,2880,2026-05-25,14
875,2880,2026-05-26,14
875,2880,2026-05-27,14
875,2880,2026-05-28,13
875,2880,2026-05-29,14
875,2880,2026-05-30,14
875,2880,2026-05-31,14
875,2880,2026-06-01,14
875,2880,2026-06-02,14
875,2880,2026-06-03,14
875,2880,2026-06-04,14
875,2880,2026-06-05,14
875,2880,2026-06-06,14
875,2880,2026-06-07,14
875,2880,2026-06-08,14
875,2880,2026-06-09,14
875,2880,2026-06-10,14
875,2880,2026-06-11,14
875,2880,2026-06-12,14
875,2880,2026-06-13,14
875,2880,2026-06-14,14
875,2880,2026-06-15,14
875,2880,2026-06-16,14
875,2881,2026-05-17,30
875,2881,2026-05-18,30
875,2881,2026-05-19,30
875,2881,2026-05-20,30
875,2881,2026-05-21,30
875,2881,2026-05-22,30
875,2881,2026-05-23,30
875,2881,2026-05-24,30
875,2881,2026-05-25,30
875,2881,2026-05-26,30
875,2881,2026-05-27,30
875,2881,2026-05-28,30
875,2881,2026-05-29,30
875,2881,2026-05-30,30
875,2881,2026-05-31,30
875,2881,2026-06-01,30
875,2881,2026-06-02,30
875,2881,2026-06-03,30
875,2881,2026-06-04,30
875,2881,2026-06-05,30
875,2881,2026-06-06,30
875,2881,2026-06-07,30
875,2881,2026-06-08,30
875,2881,2026-06-09,30
875,2881,2026-06-10,30
875,2881,2026-06-11,30
875,2881,2026-06-12,30
875,2881,2026-06-13,30
875,2881,2026-06-14,30
875,2881,2026-06-15,30
875,2881,2026-06-16,30
875,2882,2026-05-17,20
875,2882,2026-05-18,20
875,2882,2026-05-19,20
875,2882,2026-05-20,20
875,2882,2026-05-21,20
875,2882,2026-05-22,20
875,2882,2026-05-23,20
875,2882,2026-05-24,20
875,2882,2026-05-25,20
875,2882,2026-05-26,20
875,2882,2026-05-27,20
875,2882,2026-05-28,20
875,2882,2026-05-29,20
875,2882,2026-05-30,20
875,2882,2026-05-31,20
875,2882,2026-06-01,20
875,2882,2026-06-02,20
875,2882,2026-06-03,20
875,2882,2026-06-04,20
875,2882,2026-06-05,20
875,2882,2026-06-06,20
875,2882,2026-06-07,20
875,2882,2026-06-08,20
875,2882,2026-06-09,20
875,2882,2026-06-10,20
875,2882,2026-06-11,20
875,2882,2026-06-12,20
875,2882,2026-06-13,20
875,2882,2026-06-14,20
875,2882,2026-06-15,20
875,2882,2026-06-16,20
875,2883,2026-05-17,40
875,2883,2026-05-18,40
875,2883,2026-05-19,40
875,2883,2026-05-20,40
875,2883,2026-05-21,40
875,2883,2026-05-22,40
875,2883,2026-05-23,40
875,2883,2026-05-24,40
875,2883,2026-05-25,40
875,2883,2026-05-26,40
875,2883,2026-05-27,40
875,2883,2026-05-28,40
875,2883,2026-05-29,40
875,2883,2026-05-30,35
875,2883,2026-05-31,40
875,2883,2026-06-01,40
875,2883,2026-06-02,40
875,2883,2026-06-03,40
875,2883,2026-06-04,40
875,2883,2026-06-05,40
875,2883,2026-06-06,40
875,2883,2026-06-07,40
875,2883,2026-06-08,40
875,2883,2026-06-09,40
875,2883,2026-06-10,40
875,2883,2026-06-11,40
875,2883,2026-06-12,40
875,2883,2026-06-13,40
875,2883,2026-06-14,40
875,2883,2026-06-15,40
875,2883,2026-06-16,40
875,2884,2026-05-17,20
875,2884,2026-05-18,20
875,2884,2026-05-19,20
875,2884,2026-05-20,20
875,2884,2026-05-21,20
875,2884,2026-05-22,20
875,2884,2026-05-23,20
875,2884,2026-05-24,20
875,2884,2026-05-25,20
875,2884,2026-05-26,20
875,2884,2026-05-27,20
875,2884,2026-05-28,20
875,2884,2026-05-29,20
875,2884,2026-05-30,19
875,2884,2026-05-31,20
875,2884,2026-06-01,20
875,2884,2026-06-02,20
875,2884,2026-06-03,20
875,2884,2026-06-04,20
875,2884,2026-06-05,20
875,2884,2026-06-06,20
875,2884,2026-06-07,20
875,2884,2026-06-08,20
875,2884,2026-06-09,20
875,2884,2026-06-10,20
875,2884,2026-06-11,20
875,2884,2026-06-12,20
875,2884,2026-06-13,20
875,2884,2026-06-14,20
875,2884,2026-06-15,20
875,2884,2026-06-16,20
875,2885,2026-05-17,10
875,2885,2026-05-18,10
875,2885,2026-05-19,10
875,2885,2026-05-20,10
875,2885,2026-05-21,10
875,2885,2026-05-22,10
875,2885,2026-05-23,10
875,2885,2026-05-24,10
875,2885,2026-05-25,10
875,2885,2026-05-26,10
875,2885,2026-05-27,10
875,2885,2026-05-28,10
875,2885,2026-05-29,10
875,2885,2026-05-30,10
875,2885,2026-05-31,10
875,2885,2026-06-01,10
875,2885,2026-06-02,10
875,2885,2026-06-03,10
875,2885,2026-06-04,10
875,2885,2026-06-05,10
875,2885,2026-06-06,10
875,2885,2026-06-07,10
875,2885,2026-06-08,10
875,2885,2026-06-09,10
875,2885,2026-06-10,10
875,2885,2026-06-11,10
875,2885,2026-06-12,10
875,2885,2026-06-13,10
875,2885,2026-06-14,10
875,2885,2026-06-15,10
875,2885,2026-06-16,10
875,2886,2026-05-17,40
875,2886,2026-05-18,40
875,2886,2026-05-19,40
875,2886,2026-05-20,40
875,2886,2026-05-21,40
875,2886,2026-05-22,40
875,2886,2026-05-23,40
875,2886,2026-05-24,40
875,2886,2026-05-25,40
875,2886,2026-05-26,40
875,2886,2026-05-27,40
875,2886,2026-05-28,40
875,2886,2026-05-29,40
875,2886,2026-05-30,40
875,2886,2026-05-31,40
875,2886,2026-06-01,40
875,2886,2026-06-02,40
875,2886,2026-06-03,40
875,2886,2026-06-04,40
875,2886,2026-06-05,40
875,2886,2026-06-06,40
875,2886,2026-06-07,40
875,2886,2026-06-08,40
875,2886,2026-06-09,40
875,2886,2026-06-10,40
875,2886,2026-06-11,40
875,2886,2026-06-12,40
875,2886,2026-06-13,40
875,2886,2026-06-14,40
875,2886,2026-06-15,40
875,2886,2026-06-16,40
875,2887,2026-05-17,20
875,2887,2026-05-18,20
875,2887,2026-05-19,20
875,2887,2026-05-20,13
875,2887,2026-05-21,20
875,2887,2026-05-22,20
875,2887,2026-05-23,20
875,2887,2026-05-24,20
875,2887,2026-05-25,20
875,2887,2026-05-26,20
875,2887,2026-05-27,20
875,2887,2026-05-28,20
875,2887,2026-05-29,20
875,2887,2026-05-30,20
875,2887,2026-05-31,20
875,2887,2026-06-01,20
875,2887,2026-06-02,20
875,2887,2026-06-03,20
875,2887,2026-06-04,20
875,2887,2026-06-05,20
875,2887,2026-06-06,20
875,2887,2026-06-07,20
875,2887,2026-06-08,20
875,2887,2026-06-09,20
875,2887,2026-06-10,20
875,2887,2026-06-11,20
875,2887,2026-06-12,20
875,2887,2026-06-13,20
875,2887,2026-06-14,20
875,2887,2026-06-15,20
875,2887,2026-06-16,20
875,2865,2026-08-15,0
875,2865,2026-08-16,0
875,2865,2026-08-17,0
875,2865,2026-08-18,0
875,2865,2026-08-19,0
875,2865,2026-08-20,0
875,2865,2026-08-21,0
875,2865,2026-08-22,0
875,2865,2026-08-23,0
875,2865,2026-08-24,0
875,2865,2026-08-25,0
875,2865,2026-08-26,0
875,2865,2026-08-27,0
875,2865,2026-08-28,0
875,2865,2026-08-29,0
875,2865,2026-08-30,0
875,2865,2026-08-31,0
875,2865,2026-09-01,0
875,2865,2026-09-02,0
875,2865,2026-09-03,0
875,2865,2026-09-04,0
875,2865,2026-09-05,0
875,2865,2026-09-06,0
875,2865,2026-09-07,0
875,2865,2026-09-08,0
875,2865,2026-09-09,0
875,2865,2026-09-10,0
875,2865,2026-09-11,0
875,2865,2026-09-12,0
875,2865,2026-09-13,0
875,2865,2026-09-14,0
875,2866,2026-08-15,0
875,2866,2026-08-16,0
875,2866,2026-08-17,0
875,2866,2026-08-18,0
875,2866,2026-08-19,0
875,2866,2026-08-20,0
875,2866,2026-08-21,0
875,2866,2026-08-22,0
875,2866,2026-08-23,0
875,2866,2026-08-24,0
875,2866,2026-08-25,0
875,2866,2026-08-26,0
875,2866,2026-08-27,0
875,2866,2026-08-28,0
875,2866,2026-08-29,0
875,2866,2026-08-30,0
875,2866,2026-08-31,0
875,2866,2026-09-01,0
875,2866,2026-09-02,0
875,2866,2026-09-03,0
875,2866,2026-09-04,0
875,2866,2026-09-05,0
875,2866,2026-09-06,0
875,2866,2026-09-07,0
875,2866,2026-09-08,0
875,2866,2026-09-09,0
875,2866,2026-09-10,0
875,2866,2026-09-11,0
875,2866,2026-09-12,0
875,2866,2026-09-13,0
875,2866,2026-09-14,0
875,2867,2026-08-15,0
875,2867,2026-08-16,0
875,2867,2026-08-17,0
875,2867,2026-08-18,0
875,2867,2026-08-19,0
875,2867,2026-08-20,0
875,2867,2026-08-21,0
875,2867,2026-08-22,0
875,2867,2026-08-23,0
875,2867,2026-08-24,0
875,2867,2026-08-25,0
875,2867,2026-08-26,0
875,2867,2026-08-27,0
875,2867,2026-08-28,0
875,2867,2026-08-29,0
875,2867,2026-08-30,0
875,2867,2026-08-31,0
875,2867,2026-09-01,0
875,2867,2026-09-02,0
875,2867,2026-09-03,0
875,2867,2026-09-04,0
875,2867,2026-09-05,0
875,2867,2026-09-06,0
875,2867,2026-09-07,0
875,2867,2026-09-08,0
875,2867,2026-09-09,0
875,2867,2026-09-10,0
875,2867,2026-09-11,0
875,2867,2026-09-12,0
875,2867,2026-09-13,0
875,2867,2026-09-14,0
875,2868,2026-08-15,0
875,2868,2026-08-16,0
875,2868,2026-08-17,0
875,2868,2026-08-18,0
875,2868,2026-08-19,0
875,2868,2026-08-20,0
875,2868,2026-08-21,0
875,2868,2026-08-22,0
875,2868,2026-08-23,0
875,2868,2026-08-24,0
875,2868,2026-08-25,0
875,2868,2026-08-26,0
875,2868,2026-08-27,0
875,2868,2026-08-28,0
875,2868,2026-08-29,0
875,2868,2026-08-30,0
875,2868,2026-08-31,0
875,2868,2026-09-01,0
875,2868,2026-09-02,0
875,2868,2026-09-03,0
875,2868,2026-09-04,0
875,2868,2026-09-05,0
875,2868,2026-09-06,0
875,2868,2026-09-07,0
875,2868,2026-09-08,0
875,2868,2026-09-09,0
875,2868,2026-09-10,0
875,2868,2026-09-11,0
875,2868,2026-09-12,0
875,2868,2026-09-13,0
875,2868,2026-09-14,0
875,2869,2026-08-15,0
875,2869,2026-08-16,0
875,2869,2026-08-17,0
875,2869,2026-08-18,0
875,2869,2026-08-19,0
875,2869,2026-08-20,0
875,2869,2026-08-21,0
875,2869,2026-08-22,0
875,2869,2026-08-23,0
875,2869,2026-08-24,0
875,2869,2026-08-25,0
875,2869,2026-08-26,0
875,2869,2026-08-27,0
875,2869,2026-08-28,0
875,2869,2026-08-29,0
875,2869,2026-08-30,0
875,2869,2026-08-31,0
875,2869,2026-09-01,0
875,2869,2026-09-02,0
875,2869,2026-09-03,0
875,2869,2026-09-04,0
875,2869,2026-09-05,0
875,2869,2026-09-06,0
875,2869,2026-09-07,0
875,2869,2026-09-08,0
875,2869,2026-09-09,0
875,2869,2026-09-10,0
875,2869,2026-09-11,0
875,2869,2026-09-12,0
875,2869,2026-09-13,0
875,2869,2026-09-14,0
875,2870,2026-08-15,0
875,2870,2026-08-16,0
875,2870,2026-08-17,0
875,2870,2026-08-18,0
875,2870,2026-08-19,0
875,2870,2026-08-20,0
875,2870,2026-08-21,0
875,2870,2026-08-22,0
875,2870,2026-08-23,0
875,2870,2026-08-24,0
875,2870,2026-08-25,0
875,2870,2026-08-26,0
875,2870,2026-08-27,0
875,2870,2026-08-28,0
875,2870,2026-08-29,0
875,2870,2026-08-30,0
875,2870,2026-08-31,0
875,2870,2026-09-01,0
875,2870,2026-09-02,0
875,2870,2026-09-03,0
875,2870,2026-09-04,0
875,2870,2026-09-05,0
875,2870,2026-09-06,0
875,2870,2026-09-07,0
875,2870,2026-09-08,0
875,2870,2026-09-09,0
875,2870,2026-09-10,0
875,2870,2026-09-11,0
875,2870,2026-09-12,0
875,2870,2026-09-13,0
875,2870,2026-09-14,0
875,2871,2026-08-15,0
875,2871,2026-08-16,0
875,2871,2026-08-17,0
875,2871,2026-08-18,0
875,2871,2026-08-19,0
875,2871,2026-08-20,0
875,2871,2026-08-21,0
875,2871,2026-08-22,0
875,2871,2026-08-23,0
875,2871,2026-08-24,0
875,2871,2026-08-25,0
875,2871,2026-08-26,0
875,2871,2026-08-27,0
875,2871,2026-08-28,0
875,2871,2026-08-29,0
875,2871,2026-08-30,0
875,2871,2026-08-31,0
875,2871,2026-09-01,0
875,2871,2026-09-02,0
875,2871,2026-09-03,0
875,2871,2026-09-04,0
875,2871,2026-09-05,0
875,2871,2026-09-06,0
875,2871,2026-09-07,0
875,2871,2026-09-08,0
875,2871,2026-09-09,0
875,2871,2026-09-10,0
875,2871,2026-09-11,0
875,2871,2026-09-12,0
875,2871,2026-09-13,0
875,2871,2026-09-14,0
875,2872,2026-08-15,0
875,2872,2026-08-16,0
875,2872,2026-08-17,0
875,2872,2026-08-18,0
875,2872,2026-08-19,0
875,2872,2026-08-20,0
875,2872,2026-08-21,0
875,2872,2026-08-22,0
875,2872,2026-08-23,0
875,2872,2026-08-24,0
875,2872,2026-08-25,0
875,2872,2026-08-26,0
875,2872,2026-08-27,0
875,2872,2026-08-28,0
875,2872,2026-08-29,0
875,2872,2026-08-30,0
875,2872,2026-08-31,0
875,2872,2026-09-01,0
875,2872,2026-09-02,0
875,2872,2026-09-03,0
875,2872,2026-09-04,0
875,2872,2026-09-05,0
875,2872,2026-09-06,0
875,2872,2026-09-07,0
875,2872,2026-09-08,0
875,2872,2026-09-09,0
875,2872,2026-09-10,0
875,2872,2026-09-11,0
875,2872,2026-09-12,0
875,2872,2026-09-13,0
875,2872,2026-09-14,0
875,2873,2026-08-15,0
875,2873,2026-08-16,0
875,2873,2026-08-17,0
875,2873,2026-08-18,0
875,2873,2026-08-19,0
875,2873,2026-08-20,0
875,2873,2026-08-21,0
875,2873,2026-08-22,0
875,2873,2026-08-23,0
875,2873,2026-08-24,0
875,2873,2026-08-25,0
875,2873,2026-08-26,0
875,2873,2026-08-27,0
875,2873,2026-08-28,0
875,2873,2026-08-29,0
875,2873,2026-08-30,0
875,2873,2026-08-31,0
875,2873,2026-09-01,0
875,2873,2026-09-02,0
875,2873,2026-09-03,0
875,2873,2026-09-04,0
875,2873,2026-09-05,0
875,2873,2026-09-06,0
875,2873,2026-09-07,0
875,2873,2026-09-08,0
875,2873,2026-09-09,0
875,2873,2026-09-10,0
875,2873,2026-09-11,0
875,2873,2026-09-12,0
875,2873,2026-09-13,0
875,2873,2026-09-14,0
875,2874,2026-08-15,0
875,2874,2026-08-16,0
875,2874,2026-08-17,0
875,2874,2026-08-18,0
875,2874,2026-08-19,0
875,2874,2026-08-20,0
875,2874,2026-08-21,0
875,2874,2026-08-22,0
875,2874,2026-08-23,0
875,2874,2026-08-24,0
875,2874,2026-08-25,0
875,2874,2026-08-26,0
875,2874,2026-08-27,0
875,2874,2026-08-28,0
875,2874,2026-08-29,0
875,2874,2026-08-30,0
875,2874,2026-08-31,0
875,2874,2026-09-01,0
875,2874,2026-09-02,0
875,2874,2026-09-03,0
875,2874,2026-09-04,0
875,2874,2026-09-05,0
875,2874,2026-09-06,0
875,2874,2026-09-07,0
875,2874,2026-09-08,0
875,2874,2026-09-09,0
875,2874,2026-09-10,0
875,2874,2026-09-11,0
875,2874,2026-09-12,0
875,2874,2026-09-13,0
875,2874,2026-09-14,0
875,2876,2026-08-15,0
875,2876,2026-08-16,0
875,2876,2026-08-17,0
875,2876,2026-08-18,0
875,2876,2026-08-19,0
875,2876,2026-08-20,0
875,2876,2026-08-21,0
875,2876,2026-08-22,0
875,2876,2026-08-23,0
875,2876,2026-08-24,0
875,2876,2026-08-25,0
875,2876,2026-08-26,0
875,2876,2026-08-27,0
875,2876,2026-08-28,0
875,2876,2026-08-29,0
875,2876,2026-08-30,0
875,2876,2026-08-31,0
875,2876,2026-09-01,0
875,2876,2026-09-02,0
875,2876,2026-09-03,0
875,2876,2026-09-04,0
875,2876,2026-09-05,0
875,2876,2026-09-06,0
875,2876,2026-09-07,0
875,2876,2026-09-08,0
875,2876,2026-09-09,0
875,2876,2026-09-10,0
875,2876,2026-09-11,0
875,2876,2026-09-12,0
875,2876,2026-09-13,0
875,2876,2026-09-14,0
875,2877,2026-08-15,0
875,2877,2026-08-16,0
875,2877,2026-08-17,0
875,2877,2026-08-18,0
875,2877,2026-08-19,0
875,2877,2026-08-20,0
875,2877,2026-08-21,0
875,2877,2026-08-22,0
875,2877,2026-08-23,0
875,2877,2026-08-24,0
875,2877,2026-08-25,0
875,2877,2026-08-26,0
875,2877,2026-08-27,0
875,2877,2026-08-28,0
875,2877,2026-08-29,0
875,2877,2026-08-30,0
875,2877,2026-08-31,0
875,2877,2026-09-01,0
875,2877,2026-09-02,0
875,2877,2026-09-03,0
875,2877,2026-09-04,0
875,2877,2026-09-05,0
875,2877,2026-09-06,0
875,2877,2026-09-07,0
875,2877,2026-09-08,0
875,2877,2026-09-09,0
875,2877,2026-09-10,0
875,2877,2026-09-11,0
875,2877,2026-09-12,0
875,2877,2026-09-13,0
875,2877,2026-09-14,0
875,2878,2026-08-15,0
875,2878,2026-08-16,0
875,2878,2026-08-17,0
875,2878,2026-08-18,0
875,2878,2026-08-19,0
875,2878,2026-08-20,0
875,2878,2026-08-21,0
875,2878,2026-08-22,0
875,2878,2026-08-23,0
875,2878,2026-08-24,0
875,2878,2026-08-25,0
875,2878,2026-08-26,0
875,2878,2026-08-27,0
875,2878,2026-08-28,0
875,2878,2026-08-29,0
875,2878,2026-08-30,0
875,2878,2026-08-31,0
875,2878,2026-09-01,0
875,2878,2026-09-02,0
875,2878,2026-09-03,0
875,2878,2026-09-04,0
875,2878,2026-09-05,0
875,2878,2026-09-06,0
875,2878,2026-09-07,0
875,2878,2026-09-08,0
875,2878,2026-09-09,0
875,2878,2026-09-10,0
875,2878,2026-09-11,0
875,2878,2026-09-12,0
875,2878,2026-09-13,0
875,2878,2026-09-14,0
875,2879,2026-08-15,0
875,2879,2026-08-16,0
875,2879,2026-08-17,0
875,2879,2026-08-18,0
875,2879,2026-08-19,0
875,2879,2026-08-20,0
875,2879,2026-08-21,0
875,2879,2026-08-22,0
875,2879,2026-08-23,0
875,2879,2026-08-24,0
875,2879,2026-08-25,0
875,2879,2026-08-26,0
875,2879,2026-08-27,0
875,2879,2026-08-28,0
875,2879,2026-08-29,0
875,2879,2026-08-30,0
875,2879,2026-08-31,0
875,2879,2026-09-01,0
875,2879,2026-09-02,0
875,2879,2026-09-03,0
875,2879,2026-09-04,0
875,2879,2026-09-05,0
875,2879,2026-09-06,0
875,2879,2026-09-07,0
875,2879,2026-09-08,0
875,2879,2026-09-09,0
875,2879,2026-09-10,0
875,2879,2026-09-11,0
875,2879,2026-09-12,0
875,2879,2026-09-13,0
875,2879,2026-09-14,0
875,2880,2026-08-15,0
875,2880,2026-08-16,0
875,2880,2026-08-17,0
875,2880,2026-08-18,0
875,2880,2026-08-19,0
875,2880,2026-08-20,0
875,2880,2026-08-21,0
875,2880,2026-08-22,0
875,2880,2026-08-23,0
875,2880,2026-08-24,0
875,2880,2026-08-25,0
875,2880,2026-08-26,0
875,2880,2026-08-27,0
875,2880,2026-08-28,0
875,2880,2026-08-29,0
875,2880,2026-08-30,0
875,2880,2026-08-31,0
875,2880,2026-09-01,0
875,2880,2026-09-02,0
875,2880,2026-09-03,0
875,2880,2026-09-04,0
875,2880,2026-09-05,0
875,2880,2026-09-06,0
875,2880,2026-09-07,0
875,2880,2026-09-08,0
875,2880,2026-09-09,0
875,2880,2026-09-10,0
875,2880,2026-09-11,0
875,2880,2026-09-12,0
875,2880,2026-09-13,0
875,2880,2026-09-14,0
875,2881,2026-08-15,0
875,2881,2026-08-16,0
875,2881,2026-08-17,0
875,2881,2026-08-18,0
875,2881,2026-08-19,0
875,2881,2026-08-20,0
875,2881,2026-08-21,0
875,2881,2026-08-22,0
875,2881,2026-08-23,0
875,2881,2026-08-24,0
875,2881,2026-08-25,0
875,2881,2026-08-26,0
875,2881,2026-08-27,0
875,2881,2026-08-28,0
875,2881,2026-08-29,0
875,2881,2026-08-30,0
875,2881,2026-08-31,0
875,2881,2026-09-01,0
875,2881,2026-09-02,0
875,2881,2026-09-03,0
875,2881,2026-09-04,0
875,2881,2026-09-05,0
875,2881,2026-09-06,0
875,2881,2026-09-07,0
875,2881,2026-09-08,0
875,2881,2026-09-09,0
875,2881,2026-09-10,0
875,2881,2026-09-11,0
875,2881,2026-09-12,0
875,2881,2026-09-13,0
875,2881,2026-09-14,0
875,2882,2026-08-15,0
875,2882,2026-08-16,0
875,2882,2026-08-17,0
875,2882,2026-08-18,0
875,2882,2026-08-19,0
875,2882,2026-08-20,0
875,2882,2026-08-21,0
875,2882,2026-08-22,0
875,2882,2026-08-23,0
875,2882,2026-08-24,0
875,2882,2026-08-25,0
875,2882,2026-08-26,0
875,2882,2026-08-27,0
875,2882,2026-08-28,0
875,2882,2026-08-29,0
875,2882,2026-08-30,0
875,2882,2026-08-31,0
875,2882,2026-09-01,0
875,2882,2026-09-02,0
875,2882,2026-09-03,0
875,2882,2026-09-04,0
875,2882,2026-09-05,0
875,2882,2026-09-06,0
875,2882,2026-09-07,0
875,2882,2026-09-08,0
875,2882,2026-09-09,0
875,2882,2026-09-10,0
875,2882,2026-09-11,0
875,2882,2026-09-12,0
875,2882,2026-09-13,0
875,2882,2026-09-14,0
875,2883,2026-08-15,0
875,2883,2026-08-16,0
875,2883,2026-08-17,0
875,2883,2026-08-18,0
875,2883,2026-08-19,0
875,2883,2026-08-20,0
875,2883,2026-08-21,0
875,2883,2026-08-22,0
875,2883,2026-08-23,0
875,2883,2026-08-24,0
875,2883,2026-08-25,0
875,2883,2026-08-26,0
875,2883,2026-08-27,0
875,2883,2026-08-28,0
875,2883,2026-08-29,0
875,2883,2026-08-30,0
875,2883,2026-08-31,0
875,2883,2026-09-01,0
875,2883,2026-09-02,0
875,2883,2026-09-03,0
875,2883,2026-09-04,0
875,2883,2026-09-05,0
875,2883,2026-09-06,0
875,2883,2026-09-07,0
875,2883,2026-09-08,0
875,2883,2026-09-09,0
875,2883,2026-09-10,0
875,2883,2026-09-11,0
875,2883,2026-09-12,0
875,2883,2026-09-13,0
875,2883,2026-09-14,0
875,2884,2026-08-15,0
875,2884,2026-08-16,0
875,2884,2026-08-17,0
875,2884,2026-08-18,0
875,2884,2026-08-19,0
875,2884,2026-08-20,0
875,2884,2026-08-21,0
875,2884,2026-08-22,0
875,2884,2026-08-23,0
875,2884,2026-08-24,0
875,2884,2026-08-25,0
875,2884,2026-08-26,0
875,2884,2026-08-27,0
875,2884,2026-08-28,0
875,2884,2026-08-29,0
875,2884,2026-08-30,0
875,2884,2026-08-31,0
875,2884,2026-09-01,0
875,2884,2026-09-02,0
875,2884,2026-09-03,0
875,2884,2026-09-04,0
875,2884,2026-09-05,0
875,2884,2026-09-06,0
875,2884,2026-09-07,0
875,2884,2026-09-08,0
875,2884,2026-09-09,0
875,2884,2026-09-10,0
875,2884,2026-09-11,0
875,2884,2026-09-12,0
875,2884,2026-09-13,0
875,2884,2026-09-14,0
875,2885,2026-08-15,0
875,2885,2026-08-16,0
875,2885,2026-08-17,0
875,2885,2026-08-18,0
875,2885,2026-08-19,0
875,2885,2026-08-20,0
875,2885,2026-08-21,0
875,2885,2026-08-22,0
875,2885,2026-08-23,0
875,2885,2026-08-24,0
875,2885,2026-08-25,0
875,2885,2026-08-26,0
875,2885,2026-08-27,0
875,2885,2026-08-28,0
875,2885,2026-08-29,0
875,2885,2026-08-30,0
875,2885,2026-08-31,0
875,2885,2026-09-01,0
875,2885,2026-09-02,0
875,2885,2026-09-03,0
875,2885,2026-09-04,0
875,2885,2026-09-05,0
875,2885,2026-09-06,0
875,2885,2026-09-07,0
875,2885,2026-09-08,0
875,2885,2026-09-09,0
875,2885,2026-09-10,0
875,2885,2026-09-11,0
875,2885,2026-09-12,0
875,2885,2026-09-13,0
875,2885,2026-09-14,0
875,2886,2026-08-15,0
875,2886,2026-08-16,0
875,2886,2026-08-17,0
875,2886,2026-08-18,0
875,2886,2026-08-19,0
875,2886,2026-08-20,0
875,2886,2026-08-21,0
875,2886,2026-08-22,0
875,2886,2026-08-23,0
875,2886,2026-08-24,0
875,2886,2026-08-25,0
875,2886,2026-08-26,0
875,2886,2026-08-27,0
875,2886,2026-08-28,0
875,2886,2026-08-29,0
875,2886,2026-08-30,0
875,2886,2026-08-31,0
875,2886,2026-09-01,0
875,2886,2026-09-02,0
875,2886,2026-09-03,0
875,2886,2026-09-04,0
875,2886,2026-09-05,0
875,2886,2026-09-06,0
875,2886,2026-09-07,0
875,2886,2026-09-08,0
875,2886,2026-09-09,0
875,2886,2026-09-10,0
875,2886,2026-09-11,0
875,2886,2026-09-12,0
875,2886,2026-09-13,0
875,2886,2026-09-14,0
875,2887,2026-08-15,0
875,2887,2026-08-16,0
875,2887,2026-08-17,0
875,2887,2026-08-18,0
875,2887,2026-08-19,0
875,2887,2026-08-20,0
875,2887,2026-08-21,0
875,2887,2026-08-22,0
875,2887,2026-08-23,0
875,2887,2026-08-24,0
875,2887,2026-08-25,0
875,2887,2026-08-26,0
875,2887,2026-08-27,0
875,2887,2026-08-28,0
875,2887,2026-08-29,0
875,2887,2026-08-30,0
875,2887,2026-08-31,0
875,2887,2026-09-01,0
875,2887,2026-09-02,0
875,2887,2026-09-03,0
875,2887,2026-09-04,0
875,2887,2026-09-05,0
875,2887,2026-09-06,0
875,2887,2026-09-07,0
875,2887,2026-09-08,0
875,2887,2026-09-09,0
875,2887,2026-09-10,0
875,2887,2026-09-11,0
875,2887,2026-09-12,0
875,2887,2026-09-13,0
875,2887,2026-09-14,0
875,2865,2026-09-14,0
875,2865,2026-09-15,0
875,2865,2026-09-16,0
875,2865,2026-09-17,0
875,2865,2026-09-18,0
875,2865,2026-09-19,0
875,2865,2026-09-20,0
875,2865,2026-09-21,0
875,2865,2026-09-22,0
875,2865,2026-09-23,0
875,2865,2026-09-24,0
875,2865,2026-09-25,0
875,2865,2026-09-26,0
875,2865,2026-09-27,0
875,2865,2026-09-28,0
875,2865,2026-09-29,0
875,2865,2026-09-30,0
875,2865,2026-10-01,0
875,2865,2026-10-02,0
875,2865,2026-10-03,0
875,2865,2026-10-04,0
875,2865,2026-10-05,0
875,2865,2026-10-06,0
875,2865,2026-10-07,0
875,2865,2026-10-08,0
875,2865,2026-10-09,0
875,2865,2026-10-10,0
875,2865,2026-10-11,0
875,2865,2026-10-12,0
875,2865,2026-10-13,0
875,2865,2026-10-14,0
875,2866,2026-09-14,0
875,2866,2026-09-15,0
875,2866,2026-09-16,0
875,2866,2026-09-17,0
875,2866,2026-09-18,0
875,2866,2026-09-19,0
875,2866,2026-09-20,0
875,2866,2026-09-21,0
875,2866,2026-09-22,0
875,2866,2026-09-23,0
875,2866,2026-09-24,0
875,2866,2026-09-25,0
875,2866,2026-09-26,0
875,2866,2026-09-27,0
875,2866,2026-09-28,0
875,2866,2026-09-29,0
875,2866,2026-09-30,0
875,2866,2026-10-01,0
875,2866,2026-10-02,0
875,2866,2026-10-03,0
875,2866,2026-10-04,0
875,2866,2026-10-05,0
875,2866,2026-10-06,0
875,2866,2026-10-07,0
875,2866,2026-10-08,0
875,2866,2026-10-09,0
875,2866,2026-10-10,0
875,2866,2026-10-11,0
875,2866,2026-10-12,0
875,2866,2026-10-13,0
875,2866,2026-10-14,0
875,2867,2026-09-14,0
875,2867,2026-09-15,0
875,2867,2026-09-16,0
875,2867,2026-09-17,0
875,2867,2026-09-18,0
875,2867,2026-09-19,0
875,2867,2026-09-20,0
875,2867,2026-09-21,0
875,2867,2026-09-22,0
875,2867,2026-09-23,0
875,2867,2026-09-24,0
875,2867,2026-09-25,0
875,2867,2026-09-26,0
875,2867,2026-09-27,0
875,2867,2026-09-28,0
875,2867,2026-09-29,0
875,2867,2026-09-30,0
875,2867,2026-10-01,0
875,2867,2026-10-02,0
875,2867,2026-10-03,0
875,2867,2026-10-04,0
875,2867,2026-10-05,0
875,2867,2026-10-06,0
875,2867,2026-10-07,0
875,2867,2026-10-08,0
875,2867,2026-10-09,0
875,2867,2026-10-10,0
875,2867,2026-10-11,0
875,2867,2026-10-12,0
875,2867,2026-10-13,0
875,2867,2026-10-14,0
875,2868,2026-09-14,0
875,2868,2026-09-15,0
875,2868,2026-09-16,0
875,2868,2026-09-17,0
875,2868,2026-09-18,0
875,2868,2026-09-19,0
875,2868,2026-09-20,0
875,2868,2026-09-21,0
875,2868,2026-09-22,0
875,2868,2026-09-23,0
875,2868,2026-09-24,0
875,2868,2026-09-25,0
875,2868,2026-09-26,0
875,2868,2026-09-27,0
875,2868,2026-09-28,0
875,2868,2026-09-29,0
875,2868,2026-09-30,0
875,2868,2026-10-01,0
875,2868,2026-10-02,0
875,2868,2026-10-03,0
875,2868,2026-10-04,0
875,2868,2026-10-05,0
875,2868,2026-10-06,0
875,2868,2026-10-07,0
875,2868,2026-10-08,0
875,2868,2026-10-09,0
875,2868,2026-10-10,0
875,2868,2026-10-11,0
875,2868,2026-10-12,0
875,2868,2026-10-13,0
875,2868,2026-10-14,0
875,2869,2026-09-14,0
875,2869,2026-09-15,0
875,2869,2026-09-16,0
875,2869,2026-09-17,0
875,2869,2026-09-18,0
875,2869,2026-09-19,0
875,2869,2026-09-20,0
875,2869,2026-09-21,0
875,2869,2026-09-22,0
875,2869,2026-09-23,0
875,2869,2026-09-24,0
875,2869,2026-09-25,0
875,2869,2026-09-26,0
875,2869,2026-09-27,0
875,2869,2026-09-28,0
875,2869,2026-09-29,0
875,2869,2026-09-30,0
875,2869,2026-10-01,0
875,2869,2026-10-02,0
875,2869,2026-10-03,0
875,2869,2026-10-04,0
875,2869,2026-10-05,0
875,2869,2026-10-06,0
875,2869,2026-10-07,0
875,2869,2026-10-08,0
875,2869,2026-10-09,0
875,2869,2026-10-10,0
875,2869,2026-10-11,0
875,2869,2026-10-12,0
875,2869,2026-10-13,0
875,2869,2026-10-14,0
875,2870,2026-09-14,0
875,2870,2026-09-15,0
875,2870,2026-09-16,0
875,2870,2026-09-17,0
875,2870,2026-09-18,0
875,2870,2026-09-19,0
875,2870,2026-09-20,0
875,2870,2026-09-21,0
875,2870,2026-09-22,0
875,2870,2026-09-23,0
875,2870,2026-09-24,0
875,2870,2026-09-25,0
875,2870,2026-09-26,0
875,2870,2026-09-27,0
875,2870,2026-09-28,0
875,2870,2026-09-29,0
875,2870,2026-09-30,0
875,2870,2026-10-01,0
875,2870,2026-10-02,0
875,2870,2026-10-03,0
875,2870,2026-10-04,0
875,2870,2026-10-05,0
875,2870,2026-10-06,0
875,2870,2026-10-07,0
875,2870,2026-10-08,0
875,2870,2026-10-09,0
875,2870,2026-10-10,0
875,2870,2026-10-11,0
875,2870,2026-10-12,0
875,2870,2026-10-13,0
875,2870,2026-10-14,0
875,2871,2026-09-14,0
875,2871,2026-09-15,0
875,2871,2026-09-16,0
875,2871,2026-09-17,0
875,2871,2026-09-18,0
875,2871,2026-09-19,0
875,2871,2026-09-20,0
875,2871,2026-09-21,0
875,2871,2026-09-22,0
875,2871,2026-09-23,0
875,2871,2026-09-24,0
875,2871,2026-09-25,0
875,2871,2026-09-26,0
875,2871,2026-09-27,0
875,2871,2026-09-28,0
875,2871,2026-09-29,0
875,2871,2026-09-30,0
875,2871,2026-10-01,0
875,2871,2026-10-02,0
875,2871,2026-10-03,0
875,2871,2026-10-04,0
875,2871,2026-10-05,0
875,2871,2026-10-06,0
875,2871,2026-10-07,0
875,2871,2026-10-08,0
875,2871,2026-10-09,0
875,2871,2026-10-10,0
875,2871,2026-10-11,0
875,2871,2026-10-12,0
875,2871,2026-10-13,0
875,2871,2026-10-14,0
875,2872,2026-09-14,0
875,2872,2026-09-15,0
875,2872,2026-09-16,0
875,2872,2026-09-17,0
875,2872,2026-09-18,0
875,2872,2026-09-19,0
875,2872,2026-09-20,0
875,2872,2026-09-21,0
875,2872,2026-09-22,0
875,2872,2026-09-23,0
875,2872,2026-09-24,0
875,2872,2026-09-25,0
875,2872,2026-09-26,0
875,2872,2026-09-27,0
875,2872,2026-09-28,0
875,2872,2026-09-29,0
875,2872,2026-09-30,0
875,2872,2026-10-01,0
875,2872,2026-10-02,0
875,2872,2026-10-03,0
875,2872,2026-10-04,0
875,2872,2026-10-05,0
875,2872,2026-10-06,0
875,2872,2026-10-07,0
875,2872,2026-10-08,0
875,2872,2026-10-09,0
875,2872,2026-10-10,0
875,2872,2026-10-11,0
875,2872,2026-10-12,0
875,2872,2026-10-13,0
875,2872,2026-10-14,0
875,2873,2026-09-14,0
875,2873,2026-09-15,0
875,2873,2026-09-16,0
875,2873,2026-09-17,0
875,2873,2026-09-18,0
875,2873,2026-09-19,0
875,2873,2026-09-20,0
875,2873,2026-09-21,0
875,2873,2026-09-22,0
875,2873,2026-09-23,0
875,2873,2026-09-24,0
875,2873,2026-09-25,0
875,2873,2026-09-26,0
875,2873,2026-09-27,0
875,2873,2026-09-28,0
875,2873,2026-09-29,0
875,2873,2026-09-30,0
875,2873,2026-10-01,0
875,2873,2026-10-02,0
875,2873,2026-10-03,0
875,2873,2026-10-04,0
875,2873,2026-10-05,0
875,2873,2026-10-06,0
875,2873,2026-10-07,0
875,2873,2026-10-08,0
875,2873,2026-10-09,0
875,2873,2026-10-10,0
875,2873,2026-10-11,0
875,2873,2026-10-12,0
875,2873,2026-10-13,0
875,2873,2026-10-14,0
875,2874,2026-09-14,0
875,2874,2026-09-15,0
875,2874,2026-09-16,0
875,2874,2026-09-17,0
875,2874,2026-09-18,0
875,2874,2026-09-19,0
875,2874,2026-09-20,0
875,2874,2026-09-21,0
875,2874,2026-09-22,0
875,2874,2026-09-23,0
875,2874,2026-09-24,0
875,2874,2026-09-25,0
875,2874,2026-09-26,0
875,2874,2026-09-27,0
875,2874,2026-09-28,0
875,2874,2026-09-29,0
875,2874,2026-09-30,0
875,2874,2026-10-01,0
875,2874,2026-10-02,0
875,2874,2026-10-03,0
875,2874,2026-10-04,0
875,2874,2026-10-05,0
875,2874,2026-10-06,0
875,2874,2026-10-07,0
875,2874,2026-10-08,0
875,2874,2026-10-09,0
875,2874,2026-10-10,0
875,2874,2026-10-11,0
875,2874,2026-10-12,0
875,2874,2026-10-13,0
875,2874,2026-10-14,0
875,2876,2026-09-14,0
875,2876,2026-09-15,0
875,2876,2026-09-16,0
875,2876,2026-09-17,0
875,2876,2026-09-18,0
875,2876,2026-09-19,0
875,2876,2026-09-20,0
875,2876,2026-09-21,0
875,2876,2026-09-22,0
875,2876,2026-09-23,0
875,2876,2026-09-24,0
875,2876,2026-09-25,0
875,2876,2026-09-26,0
875,2876,2026-09-27,0
875,2876,2026-09-28,0
875,2876,2026-09-29,0
875,2876,2026-09-30,0
875,2876,2026-10-01,0
875,2876,2026-10-02,0
875,2876,2026-10-03,0
875,2876,2026-10-04,0
875,2876,2026-10-05,0
875,2876,2026-10-06,0
875,2876,2026-10-07,0
875,2876,2026-10-08,0
875,2876,2026-10-09,0
875,2876,2026-10-10,0
875,2876,2026-10-11,0
875,2876,2026-10-12,0
875,2876,2026-10-13,0
875,2876,2026-10-14,0
875,2877,2026-09-14,0
875,2877,2026-09-15,0
875,2877,2026-09-16,0
875,2877,2026-09-17,0
875,2877,2026-09-18,0
875,2877,2026-09-19,0
875,2877,2026-09-20,0
875,2877,2026-09-21,0
875,2877,2026-09-22,0
875,2877,2026-09-23,0
875,2877,2026-09-24,0
875,2877,2026-09-25,0
875,2877,2026-09-26,0
875,2877,2026-09-27,0
875,2877,2026-09-28,0
875,2877,2026-09-29,0
875,2877,2026-09-30,0
875,2877,2026-10-01,0
875,2877,2026-10-02,0
875,2877,2026-10-03,0
875,2877,2026-10-04,0
875,2877,2026-10-05,0
875,2877,2026-10-06,0
875,2877,2026-10-07,0
875,2877,2026-10-08,0
875,2877,2026-10-09,0
875,2877,2026-10-10,0
875,2877,2026-10-11,0
875,2877,2026-10-12,0
875,2877,2026-10-13,0
875,2877,2026-10-14,0
875,2878,2026-09-14,0
875,2878,2026-09-15,0
875,2878,2026-09-16,0
875,2878,2026-09-17,0
875,2878,2026-09-18,0
875,2878,2026-09-19,0
875,2878,2026-09-20,0
875,2878,2026-09-21,0
875,2878,2026-09-22,0
875,2878,2026-09-23,0
875,2878,2026-09-24,0
875,2878,2026-09-25,0
875,2878,2026-09-26,0
875,2878,2026-09-27,0
875,2878,2026-09-28,0
875,2878,2026-09-29,0
875,2878,2026-09-30,0
875,2878,2026-10-01,0
875,2878,2026-10-02,0
875,2878,2026-10-03,0
875,2878,2026-10-04,0
875,2878,2026-10-05,0
875,2878,2026-10-06,0
875,2878,2026-10-07,0
875,2878,2026-10-08,0
875,2878,2026-10-09,0
875,2878,2026-10-10,0
875,2878,2026-10-11,0
875,2878,2026-10-12,0
875,2878,2026-10-13,0
875,2878,2026-10-14,0
875,2879,2026-09-14,0
875,2879,2026-09-15,0
875,2879,2026-09-16,0
875,2879,2026-09-17,0
875,2879,2026-09-18,0
875,2879,2026-09-19,0
875,2879,2026-09-20,0
875,2879,2026-09-21,0
875,2879,2026-09-22,0
875,2879,2026-09-23,0
875,2879,2026-09-24,0
875,2879,2026-09-25,0
875,2879,2026-09-26,0
875,2879,2026-09-27,0
875,2879,2026-09-28,0
875,2879,2026-09-29,0
875,2879,2026-09-30,0
875,2879,2026-10-01,0
875,2879,2026-10-02,0
875,2879,2026-10-03,0
875,2879,2026-10-04,0
875,2879,2026-10-05,0
875,2879,2026-10-06,0
875,2879,2026-10-07,0
875,2879,2026-10-08,0
875,2879,2026-10-09,0
875,2879,2026-10-10,0
875,2879,2026-10-11,0
875,2879,2026-10-12,0
875,2879,2026-10-13,0
875,2879,2026-10-14,0
875,2880,2026-09-14,0
875,2880,2026-09-15,0
875,2880,2026-09-16,0
875,2880,2026-09-17,0
875,2880,2026-09-18,0
875,2880,2026-09-19,0
875,2880,2026-09-20,0
875,2880,2026-09-21,0
875,2880,2026-09-22,0
875,2880,2026-09-23,0
875,2880,2026-09-24,0
875,2880,2026-09-25,0
875,2880,2026-09-26,0
875,2880,2026-09-27,0
875,2880,2026-09-28,0
875,2880,2026-09-29,0
875,2880,2026-09-30,0
875,2880,2026-10-01,0
875,2880,2026-10-02,0
875,2880,2026-10-03,0
875,2880,2026-10-04,0
875,2880,2026-10-05,0
875,2880,2026-10-06,0
875,2880,2026-10-07,0
875,2880,2026-10-08,0
875,2880,2026-10-09,0
875,2880,2026-10-10,0
875,2880,2026-10-11,0
875,2880,2026-10-12,0
875,2880,2026-10-13,0
875,2880,2026-10-14,0
875,2881,2026-09-14,0
875,2881,2026-09-15,0
875,2881,2026-09-16,0
875,2881,2026-09-17,0
875,2881,2026-09-18,0
875,2881,2026-09-19,0
875,2881,2026-09-20,0
875,2881,2026-09-21,0
875,2881,2026-09-22,0
875,2881,2026-09-23,0
875,2881,2026-09-24,0
875,2881,2026-09-25,0
875,2881,2026-09-26,0
875,2881,2026-09-27,0
875,2881,2026-09-28,0
875,2881,2026-09-29,0
875,2881,2026-09-30,0
875,2881,2026-10-01,0
875,2881,2026-10-02,0
875,2881,2026-10-03,0
875,2881,2026-10-04,0
875,2881,2026-10-05,0
875,2881,2026-10-06,0
875,2881,2026-10-07,0
875,2881,2026-10-08,0
875,2881,2026-10-09,0
875,2881,2026-10-10,0
875,2881,2026-10-11,0
875,2881,2026-10-12,0
875,2881,2026-10-13,0
875,2881,2026-10-14,0
875,2882,2026-09-14,0
875,2882,2026-09-15,0
875,2882,2026-09-16,0
875,2882,2026-09-17,0
875,2882,2026-09-18,0
875,2882,2026-09-19,0
875,2882,2026-09-20,0
875,2882,2026-09-21,0
875,2882,2026-09-22,0
875,2882,2026-09-23,0
875,2882,2026-09-24,0
875,2882,2026-09-25,0
875,2882,2026-09-26,0
875,2882,2026-09-27,0
875,2882,2026-09-28,0
875,2882,2026-09-29,0
875,2882,2026-09-30,0
875,2882,2026-10-01,0
875,2882,2026-10-02,0
875,2882,2026-10-03,0
875,2882,2026-10-04,0
875,2882,2026-10-05,0
875,2882,2026-10-06,0
875,2882,2026-10-07,0
875,2882,2026-10-08,0
875,2882,2026-10-09,0
875,2882,2026-10-10,0
875,2882,2026-10-11,0
875,2882,2026-10-12,0
875,2882,2026-10-13,0
875,2882,2026-10-14,0
875,2883,2026-09-14,0
875,2883,2026-09-15,0
875,2883,2026-09-16,0
875,2883,2026-09-17,0
875,2883,2026-09-18,0
875,2883,2026-09-19,0
875,2883,2026-09-20,0
875,2883,2026-09-21,0
875,2883,2026-09-22,0
875,2883,2026-09-23,0
875,2883,2026-09-24,0
875,2883,2026-09-25,0
875,2883,2026-09-26,0
875,2883,2026-09-27,0
875,2883,2026-09-28,0
875,2883,2026-09-29,0
875,2883,2026-09-30,0
875,2883,2026-10-01,0
875,2883,2026-10-02,0
875,2883,2026-10-03,0
875,2883,2026-10-04,0
875,2883,2026-10-05,0
875,2883,2026-10-06,0
875,2883,2026-10-07,0
875,2883,2026-10-08,0
875,2883,2026-10-09,0
875,2883,2026-10-10,0
875,2883,2026-10-11,0
875,2883,2026-10-12,0
875,2883,2026-10-13,0
875,2883,2026-10-14,0
875,2884,2026-09-14,0
875,2884,2026-09-15,0
875,2884,2026-09-16,0
875,2884,2026-09-17,0
875,2884,2026-09-18,0
875,2884,2026-09-19,0
875,2884,2026-09-20,0
875,2884,2026-09-21,0
875,2884,2026-09-22,0
875,2884,2026-09-23,0
875,2884,2026-09-24,0
875,2884,2026-09-25,0
875,2884,2026-09-26,0
875,2884,2026-09-27,0
875,2884,2026-09-28,0
875,2884,2026-09-29,0
875,2884,2026-09-30,0
875,2884,2026-10-01,0
875,2884,2026-10-02,0
875,2884,2026-10-03,0
875,2884,2026-10-04,0
875,2884,2026-10-05,0
875,2884,2026-10-06,0
875,2884,2026-10-07,0
875,2884,2026-10-08,0
875,2884,2026-10-09,0
875,2884,2026-10-10,0
875,2884,2026-10-11,0
875,2884,2026-10-12,0
875,2884,2026-10-13,0
875,2884,2026-10-14,0
875,2885,2026-09-14,0
875,2885,2026-09-15,0
875,2885,2026-09-16,0
875,2885,2026-09-17,0
875,2885,2026-09-18,0
875,2885,2026-09-19,0
875,2885,2026-09-20,0
875,2885,2026-09-21,0
875,2885,2026-09-22,0
875,2885,2026-09-23,0
875,2885,2026-09-24,0
875,2885,2026-09-25,0
875,2885,2026-09-26,0
875,2885,2026-09-27,0
875,2885,2026-09-28,0
875,2885,2026-09-29,0
875,2885,2026-09-30,0
875,2885,2026-10-01,0
875,2885,2026-10-02,0
875,2885,2026-10-03,0
875,2885,2026-10-04,0
875,2885,2026-10-05,0
875,2885,2026-10-06,0
875,2885,2026-10-07,0
875,2885,2026-10-08,0
875,2885,2026-10-09,0
875,2885,2026-10-10,0
875,2885,2026-10-11,0
875,2885,2026-10-12,0
875,2885,2026-10-13,0
875,2885,2026-10-14,0
875,2886,2026-09-14,0
875,2886,2026-09-15,0
875,2886,2026-09-16,0
875,2886,2026-09-17,0
875,2886,2026-09-18,0
875,2886,2026-09-19,0
875,2886,2026-09-20,0
875,2886,2026-09-21,0
875,2886,2026-09-22,0
875,2886,2026-09-23,0
875,2886,2026-09-24,0
875,2886,2026-09-25,0
875,2886,2026-09-26,0
875,2886,2026-09-27,0
875,2886,2026-09-28,0
875,2886,2026-09-29,0
875,2886,2026-09-30,0
875,2886,2026-10-01,0
875,2886,2026-10-02,0
875,2886,2026-10-03,0
875,2886,2026-10-04,0
875,2886,2026-10-05,0
875,2886,2026-10-06,0
875,2886,2026-10-07,0
875,2886,2026-10-08,0
875,2886,2026-10-09,0
875,2886,2026-10-10,0
875,2886,2026-10-11,0
875,2886,2026-10-12,0
875,2886,2026-10-13,0
875,2886,2026-10-14,0
875,2887,2026-09-14,0
875,2887,2026-09-15,0
875,2887,2026-09-16,0
875,2887,2026-09-17,0
875,2887,2026-09-18,0
875,2887,2026-09-19,0
875,2887,2026-09-20,0
875,2887,2026-09-21,0
875,2887,2026-09-22,0
875,2887,2026-09-23,0
875,2887,2026-09-24,0
875,2887,2026-09-25,0
875,2887,2026-09-26,0
875,2887,2026-09-27,0
875,2887,2026-09-28,0
875,2887,2026-09-29,0
875,2887,2026-09-30,0
875,2887,2026-10-01,0
875,2887,2026-10-02,0
875,2887,2026-10-03,0
875,2887,2026-10-04,0
875,2887,2026-10-05,0
875,2887,2026-10-06,0
875,2887,2026-10-07,0
875,2887,2026-10-08,0
875,2887,2026-10-09,0
875,2887,2026-10-10,0
875,2887,2026-10-11,0
875,2887,2026-10-12,0
875,2887,2026-10-13,0
875,2887,2026-10-14,0
875,2865,2026-04-17,6
875,2865,2026-04-18,6
875,2865,2026-04-19,6
875,2865,2026-04-20,6
875,2865,2026-04-21,6
875,2865,2026-04-22,6
875,2865,2026-04-23,6
875,2865,2026-04-24,6
875,2865,2026-04-25,6
875,2865,2026-04-26,6
875,2865,2026-04-27,6
875,2865,2026-04-28,6
875,2865,2026-04-29,6
875,2865,2026-04-30,6
875,2865,2026-05-01,6
875,2865,2026-05-02,6
875,2865,2026-05-03,6
875,2865,2026-05-04,6
875,2865,2026-05-05,6
875,2865,2026-05-06,6
875,2865,2026-05-07,6
875,2865,2026-05-08,6
875,2865,2026-05-09,6
875,2865,2026-05-10,6
875,2865,2026-05-11,6
875,2865,2026-05-12,6
875,2865,2026-05-13,6
875,2865,2026-05-14,6
875,2865,2026-05-15,6
875,2865,2026-05-16,6
875,2865,2026-05-17,6
875,2866,2026-04-17,12
875,2866,2026-04-18,12
875,2866,2026-04-19,12
875,2866,2026-04-20,12
875,2866,2026-04-21,12
875,2866,2026-04-22,12
875,2866,2026-04-23,9
875,2866,2026-04-24,12
875,2866,2026-04-25,12
875,2866,2026-04-26,12
875,2866,2026-04-27,12
875,2866,2026-04-28,12
875,2866,2026-04-29,12
875,2866,2026-04-30,12
875,2866,2026-05-01,12
875,2866,2026-05-02,12
875,2866,2026-05-03,12
875,2866,2026-05-04,12
875,2866,2026-05-05,12
875,2866,2026-05-06,12
875,2866,2026-05-07,12
875,2866,2026-05-08,12
875,2866,2026-05-09,12
875,2866,2026-05-10,12
875,2866,2026-05-11,12
875,2866,2026-05-12,12
875,2866,2026-05-13,12
875,2866,2026-05-14,12
875,2866,2026-05-15,12
875,2866,2026-05-16,12
875,2866,2026-05-17,12
875,2867,2026-04-17,96
875,2867,2026-04-18,98
875,2867,2026-04-19,98
875,2867,2026-04-20,100
875,2867,2026-04-21,100
875,2867,2026-04-22,89
875,2867,2026-04-23,100
875,2867,2026-04-24,94
875,2867,2026-04-25,100
875,2867,2026-04-26,97
875,2867,2026-04-27,100
875,2867,2026-04-28,100
875,2867,2026-04-29,100
875,2867,2026-04-30,100
875,2867,2026-05-01,100
875,2867,2026-05-02,98
875,2867,2026-05-03,100
875,2867,2026-05-04,100
875,2867,2026-05-05,100
875,2867,2026-05-06,100
875,2867,2026-05-07,100
875,2867,2026-05-08,100
875,2867,2026-05-09,100
875,2867,2026-05-10,100
875,2867,2026-05-11,79
875,2867,2026-05-12,79
875,2867,2026-05-13,100
875,2867,2026-05-14,100
875,2867,2026-05-15,100
875,2867,2026-05-16,100
875,2867,2026-05-17,100
875,2868,2026-04-17,0
875,2868,2026-04-18,0
875,2868,2026-04-19,6
875,2868,2026-04-20,0
875,2868,2026-04-21,7
875,2868,2026-04-22,14
875,2868,2026-04-23,9
875,2868,2026-04-24,1
875,2868,2026-04-25,1
875,2868,2026-04-26,0
875,2868,2026-04-27,25
875,2868,2026-04-28,20
875,2868,2026-04-29,22
875,2868,2026-04-30,26
875,2868,2026-05-01,30
875,2868,2026-05-02,1
875,2868,2026-05-03,24
875,2868,2026-05-04,32
875,2868,2026-05-05,0
875,2868,2026-05-06,16
875,2868,2026-05-07,0
875,2868,2026-05-08,28
875,2868,2026-05-09,26
875,2868,2026-05-10,34
875,2868,2026-05-11,34
875,2868,2026-05-12,34
875,2868,2026-05-13,34
875,2868,2026-05-14,34
875,2868,2026-05-15,23
875,2868,2026-05-16,33
875,2868,2026-05-17,29
875,2869,2026-04-17,30
875,2869,2026-04-18,30
875,2869,2026-04-19,30
875,2869,2026-04-20,30
875,2869,2026-04-21,30
875,2869,2026-04-22,30
875,2869,2026-04-23,30
875,2869,2026-04-24,30
875,2869,2026-04-25,30
875,2869,2026-04-26,30
875,2869,2026-04-27,30
875,2869,2026-04-28,30
875,2869,2026-04-29,30
875,2869,2026-04-30,30
875,2869,2026-05-01,30
875,2869,2026-05-02,30
875,2869,2026-05-03,30
875,2869,2026-05-04,30
875,2869,2026-05-05,30
875,2869,2026-05-06,30
875,2869,2026-05-07,30
875,2869,2026-05-08,30
875,2869,2026-05-09,30
875,2869,2026-05-10,30
875,2869,2026-05-11,30
875,2869,2026-05-12,30
875,2869,2026-05-13,30
875,2869,2026-05-14,30
875,2869,2026-05-15,30
875,2869,2026-05-16,30
875,2869,2026-05-17,30
875,2870,2026-04-17,36
875,2870,2026-04-18,36
875,2870,2026-04-19,36
875,2870,2026-04-20,36
875,2870,2026-04-21,34
875,2870,2026-04-22,36
875,2870,2026-04-23,36
875,2870,2026-04-24,35
875,2870,2026-04-25,36
875,2870,2026-04-26,36
875,2870,2026-04-27,36
875,2870,2026-04-28,36
875,2870,2026-04-29,36
875,2870,2026-04-30,36
875,2870,2026-05-01,36
875,2870,2026-05-02,36
875,2870,2026-05-03,36
875,2870,2026-05-04,36
875,2870,2026-05-05,36
875,2870,2026-05-06,36
875,2870,2026-05-07,36
875,2870,2026-05-08,36
875,2870,2026-05-09,36
875,2870,2026-05-10,36
875,2870,2026-05-11,36
875,2870,2026-05-12,36
875,2870,2026-05-13,36
875,2870,2026-05-14,36
875,2870,2026-05-15,36
875,2870,2026-05-16,36
875,2870,2026-05-17,36
875,2871,2026-04-17,8
875,2871,2026-04-18,2
875,2871,2026-04-19,1
875,2871,2026-04-20,0
875,2871,2026-04-21,0
875,2871,2026-04-22,2
875,2871,2026-04-23,2
875,2871,2026-04-24,0
875,2871,2026-04-25,3
875,2871,2026-04-26,1
875,2871,2026-04-27,4
875,2871,2026-04-28,18
875,2871,2026-04-29,23
875,2871,2026-04-30,26
875,2871,2026-05-01,20
875,2871,2026-05-02,20
875,2871,2026-05-03,22
875,2871,2026-05-04,26
875,2871,2026-05-05,16
875,2871,2026-05-06,21
875,2871,2026-05-07,26
875,2871,2026-05-08,18
875,2871,2026-05-09,26
875,2871,2026-05-10,20
875,2871,2026-05-11,19
875,2871,2026-05-12,26
875,2871,2026-05-13,26
875,2871,2026-05-14,26
875,2871,2026-05-15,25
875,2871,2026-05-16,26
875,2871,2026-05-17,25
875,2872,2026-04-17,78
875,2872,2026-04-18,80
875,2872,2026-04-19,80
875,2872,2026-04-20,78
875,2872,2026-04-21,78
875,2872,2026-04-22,80
875,2872,2026-04-23,79
875,2872,2026-04-24,80
875,2872,2026-04-25,70
875,2872,2026-04-26,78
875,2872,2026-04-27,80
875,2872,2026-04-28,80
875,2872,2026-04-29,80
875,2872,2026-04-30,80
875,2872,2026-05-01,80
875,2872,2026-05-02,80
875,2872,2026-05-03,80
875,2872,2026-05-04,80
875,2872,2026-05-05,80
875,2872,2026-05-06,80
875,2872,2026-05-07,80
875,2872,2026-05-08,80
875,2872,2026-05-09,80
875,2872,2026-05-10,80
875,2872,2026-05-11,80
875,2872,2026-05-12,80
875,2872,2026-05-13,80
875,2872,2026-05-14,80
875,2872,2026-05-15,80
875,2872,2026-05-16,80
875,2872,2026-05-17,80
875,2873,2026-04-17,4
875,2873,2026-04-18,0
875,2873,2026-04-19,1
875,2873,2026-04-20,5
875,2873,2026-04-21,3
875,2873,2026-04-22,24
875,2873,2026-04-23,22
875,2873,2026-04-24,0
875,2873,2026-04-25,0
875,2873,2026-04-26,12
875,2873,2026-04-27,10
875,2873,2026-04-28,20
875,2873,2026-04-29,29
875,2873,2026-04-30,34
875,2873,2026-05-01,30
875,2873,2026-05-02,22
875,2873,2026-05-03,34
875,2873,2026-05-04,34
875,2873,2026-05-05,32
875,2873,2026-05-06,0
875,2873,2026-05-07,23
875,2873,2026-05-08,34
875,2873,2026-05-09,30
875,2873,2026-05-10,27
875,2873,2026-05-11,34
875,2873,2026-05-12,34
875,2873,2026-05-13,34
875,2873,2026-05-14,34
875,2873,2026-05-15,34
875,2873,2026-05-16,18
875,2873,2026-05-17,34
875,2874,2026-04-17,8
875,2874,2026-04-18,12
875,2874,2026-04-19,7
875,2874,2026-04-20,12
875,2874,2026-04-21,12
875,2874,2026-04-22,12
875,2874,2026-04-23,12
875,2874,2026-04-24,12
875,2874,2026-04-25,12
875,2874,2026-04-26,12
875,2874,2026-04-27,12
875,2874,2026-04-28,12
875,2874,2026-04-29,12
875,2874,2026-04-30,12
875,2874,2026-05-01,12
875,2874,2026-05-02,12
875,2874,2026-05-03,12
875,2874,2026-05-04,12
875,2874,2026-05-05,12
875,2874,2026-05-06,12
875,2874,2026-05-07,12
875,2874,2026-05-08,12
875,2874,2026-05-09,12
875,2874,2026-05-10,12
875,2874,2026-05-11,12
875,2874,2026-05-12,12
875,2874,2026-05-13,12
875,2874,2026-05-14,12
875,2874,2026-05-15,12
875,2874,2026-05-16,12
875,2874,2026-05-17,12
875,2876,2026-04-17,20
875,2876,2026-04-18,20
875,2876,2026-04-19,20
875,2876,2026-04-20,20
875,2876,2026-04-21,20
875,2876,2026-04-22,20
875,2876,2026-04-23,20
875,2876,2026-04-24,20
875,2876,2026-04-25,20
875,2876,2026-04-26,20
875,2876,2026-04-27,20
875,2876,2026-04-28,20
875,2876,2026-04-29,20
875,2876,2026-04-30,20
875,2876,2026-05-01,20
875,2876,2026-05-02,20
875,2876,2026-05-03,20
875,2876,2026-05-04,20
875,2876,2026-05-05,20
875,2876,2026-05-06,20
875,2876,2026-05-07,20
875,2876,2026-05-08,20
875,2876,2026-05-09,20
875,2876,2026-05-10,20
875,2876,2026-05-11,20
875,2876,2026-05-12,20
875,2876,2026-05-13,20
875,2876,2026-05-14,20
875,2876,2026-05-15,20
875,2876,2026-05-16,20
875,2876,2026-05-17,20
875,2877,2026-04-17,40
875,2877,2026-04-18,40
875,2877,2026-04-19,40
875,2877,2026-04-20,40
875,2877,2026-04-21,40
875,2877,2026-04-22,38
875,2877,2026-04-23,40
875,2877,2026-04-24,40
875,2877,2026-04-25,40
875,2877,2026-04-26,38
875,2877,2026-04-27,40
875,2877,2026-04-28,40
875,2877,2026-04-29,40
875,2877,2026-04-30,36
875,2877,2026-05-01,40
875,2877,2026-05-02,40
875,2877,2026-05-03,40
875,2877,2026-05-04,40
875,2877,2026-05-05,40
875,2877,2026-05-06,40
875,2877,2026-05-07,40
875,2877,2026-05-08,40
875,2877,2026-05-09,40
875,2877,2026-05-10,40
875,2877,2026-05-11,40
875,2877,2026-05-12,40
875,2877,2026-05-13,40
875,2877,2026-05-14,40
875,2877,2026-05-15,40
875,2877,2026-05-16,40
875,2877,2026-05-17,40
875,2878,2026-04-17,12
875,2878,2026-04-18,12
875,2878,2026-04-19,12
875,2878,2026-04-20,12
875,2878,2026-04-21,12
875,2878,2026-04-22,12
875,2878,2026-04-23,12
875,2878,2026-04-24,12
875,2878,2026-04-25,12
875,2878,2026-04-26,12
875,2878,2026-04-27,12
875,2878,2026-04-28,12
875,2878,2026-04-29,12
875,2878,2026-04-30,12
875,2878,2026-05-01,12
875,2878,2026-05-02,12
875,2878,2026-05-03,12
875,2878,2026-05-04,12
875,2878,2026-05-05,12
875,2878,2026-05-06,12
875,2878,2026-05-07,12
875,2878,2026-05-08,12
875,2878,2026-05-09,12
875,2878,2026-05-10,12
875,2878,2026-05-11,12
875,2878,2026-05-12,12
875,2878,2026-05-13,12
875,2878,2026-05-14,12
875,2878,2026-05-15,12
875,2878,2026-05-16,12
875,2878,2026-05-17,12
875,2879,2026-04-17,38
875,2879,2026-04-18,38
875,2879,2026-04-19,40
875,2879,2026-04-20,40
875,2879,2026-04-21,30
875,2879,2026-04-22,37
875,2879,2026-04-23,40
875,2879,2026-04-24,40
875,2879,2026-04-25,40
875,2879,2026-04-26,38
875,2879,2026-04-27,40
875,2879,2026-04-28,40
875,2879,2026-04-29,40
875,2879,2026-04-30,40
875,2879,2026-05-01,40
875,2879,2026-05-02,40
875,2879,2026-05-03,40
875,2879,2026-05-04,40
875,2879,2026-05-05,40
875,2879,2026-05-06,40
875,2879,2026-05-07,40
875,2879,2026-05-08,40
875,2879,2026-05-09,40
875,2879,2026-05-10,40
875,2879,2026-05-11,40
875,2879,2026-05-12,40
875,2879,2026-05-13,40
875,2879,2026-05-14,40
875,2879,2026-05-15,40
875,2879,2026-05-16,40
875,2879,2026-05-17,40
875,2880,2026-04-17,4
875,2880,2026-04-18,14
875,2880,2026-04-19,14
875,2880,2026-04-20,12
875,2880,2026-04-21,14
875,2880,2026-04-22,14
875,2880,2026-04-23,14
875,2880,2026-04-24,14
875,2880,2026-04-25,14
875,2880,2026-04-26,14
875,2880,2026-04-27,12
875,2880,2026-04-28,14
875,2880,2026-04-29,14
875,2880,2026-04-30,14
875,2880,2026-05-01,14
875,2880,2026-05-02,14
875,2880,2026-05-03,14
875,2880,2026-05-04,14
875,2880,2026-05-05,14
875,2880,2026-05-06,14
875,2880,2026-05-07,14
875,2880,2026-05-08,14
875,2880,2026-05-09,14
875,2880,2026-05-10,14
875,2880,2026-05-11,14
875,2880,2026-05-12,14
875,2880,2026-05-13,14
875,2880,2026-05-14,14
875,2880,2026-05-15,14
875,2880,2026-05-16,14
875,2880,2026-05-17,14
875,2881,2026-04-17,30
875,2881,2026-04-18,30
875,2881,2026-04-19,30
875,2881,2026-04-20,30
875,2881,2026-04-21,30
875,2881,2026-04-22,30
875,2881,2026-04-23,30
875,2881,2026-04-24,30
875,2881,2026-04-25,30
875,2881,2026-04-26,30
875,2881,2026-04-27,30
875,2881,2026-04-28,30
875,2881,2026-04-29,30
875,2881,2026-04-30,30
875,2881,2026-05-01,30
875,2881,2026-05-02,30
875,2881,2026-05-03,30
875,2881,2026-05-04,30
875,2881,2026-05-05,30
875,2881,2026-05-06,30
875,2881,2026-05-07,30
875,2881,2026-05-08,30
875,2881,2026-05-09,30
875,2881,2026-05-10,30
875,2881,2026-05-11,30
875,2881,2026-05-12,30
875,2881,2026-05-13,30
875,2881,2026-05-14,30
875,2881,2026-05-15,30
875,2881,2026-05-16,30
875,2881,2026-05-17,30
875,2882,2026-04-17,20
875,2882,2026-04-18,20
875,2882,2026-04-19,20
875,2882,2026-04-20,20
875,2882,2026-04-21,20
875,2882,2026-04-22,20
875,2882,2026-04-23,20
875,2882,2026-04-24,20
875,2882,2026-04-25,12
875,2882,2026-04-26,20
875,2882,2026-04-27,20
875,2882,2026-04-28,20
875,2882,2026-04-29,20
875,2882,2026-04-30,20
875,2882,2026-05-01,20
875,2882,2026-05-02,20
875,2882,2026-05-03,20
875,2882,2026-05-04,20
875,2882,2026-05-05,20
875,2882,2026-05-06,20
875,2882,2026-05-07,20
875,2882,2026-05-08,20
875,2882,2026-05-09,20
875,2882,2026-05-10,20
875,2882,2026-05-11,20
875,2882,2026-05-12,20
875,2882,2026-05-13,20
875,2882,2026-05-14,20
875,2882,2026-05-15,20
875,2882,2026-05-16,20
875,2882,2026-05-17,20
875,2883,2026-04-17,40
875,2883,2026-04-18,40
875,2883,2026-04-19,40
875,2883,2026-04-20,40
875,2883,2026-04-21,40
875,2883,2026-04-22,40
875,2883,2026-04-23,40
875,2883,2026-04-24,40
875,2883,2026-04-25,40
875,2883,2026-04-26,40
875,2883,2026-04-27,40
875,2883,2026-04-28,40
875,2883,2026-04-29,40
875,2883,2026-04-30,40
875,2883,2026-05-01,40
875,2883,2026-05-02,40
875,2883,2026-05-03,40
875,2883,2026-05-04,40
875,2883,2026-05-05,40
875,2883,2026-05-06,40
875,2883,2026-05-07,40
875,2883,2026-05-08,40
875,2883,2026-05-09,40
875,2883,2026-05-10,40
875,2883,2026-05-11,40
875,2883,2026-05-12,40
875,2883,2026-05-13,40
875,2883,2026-05-14,40
875,2883,2026-05-15,40
875,2883,2026-05-16,40
875,2883,2026-05-17,40
875,2884,2026-04-17,20
875,2884,2026-04-18,20
875,2884,2026-04-19,18
875,2884,2026-04-20,20
875,2884,2026-04-21,20
875,2884,2026-04-22,20
875,2884,2026-04-23,20
875,2884,2026-04-24,20
875,2884,2026-04-25,20
875,2884,2026-04-26,20
875,2884,2026-04-27,20
875,2884,2026-04-28,20
875,2884,2026-04-29,20
875,2884,2026-04-30,20
875,2884,2026-05-01,20
875,2884,2026-05-02,20
875,2884,2026-05-03,20
875,2884,2026-05-04,20
875,2884,2026-05-05,20
875,2884,2026-05-06,20
875,2884,2026-05-07,20
875,2884,2026-05-08,20
875,2884,2026-05-09,20
875,2884,2026-05-10,20
875,2884,2026-05-11,20
875,2884,2026-05-12,20
875,2884,2026-05-13,20
875,2884,2026-05-14,20
875,2884,2026-05-15,20
875,2884,2026-05-16,20
875,2884,2026-05-17,20
875,2885,2026-04-17,10
875,2885,2026-04-18,10
875,2885,2026-04-19,10
875,2885,2026-04-20,10
875,2885,2026-04-21,10
875,2885,2026-04-22,10
875,2885,2026-04-23,10
875,2885,2026-04-24,10
875,2885,2026-04-25,10
875,2885,2026-04-26,10
875,2885,2026-04-27,10
875,2885,2026-04-28,10
875,2885,2026-04-29,10
875,2885,2026-04-30,10
875,2885,2026-05-01,10
875,2885,2026-05-02,10
875,2885,2026-05-03,10
875,2885,2026-05-04,10
875,2885,2026-05-05,10
875,2885,2026-05-06,10
875,2885,2026-05-07,10
875,2885,2026-05-08,10
875,2885,2026-05-09,10
875,2885,2026-05-10,10
875,2885,2026-05-11,10
875,2885,2026-05-12,10
875,2885,2026-05-13,10
875,2885,2026-05-14,10
875,2885,2026-05-15,10
875,2885,2026-05-16,10
875,2885,2026-05-17,10
875,2886,2026-04-17,40
875,2886,2026-04-18,40
875,2886,2026-04-19,40
875,2886,2026-04-20,40
875,2886,2026-04-21,40
875,2886,2026-04-22,40
875,2886,2026-04-23,40
875,2886,2026-04-24,40
875,2886,2026-04-25,39
875,2886,2026-04-26,40
875,2886,2026-04-27,40
875,2886,2026-04-28,40
875,2886,2026-04-29,40
875,2886,2026-04-30,40
875,2886,2026-05-01,40
875,2886,2026-05-02,40
875,2886,2026-05-03,40
875,2886,2026-05-04,40
875,2886,2026-05-05,40
875,2886,2026-05-06,40
875,2886,2026-05-07,40
875,2886,2026-05-08,40
875,2886,2026-05-09,40
875,2886,2026-05-10,40
875,2886,2026-05-11,40
875,2886,2026-05-12,40
875,2886,2026-05-13,40
875,2886,2026-05-14,40
875,2886,2026-05-15,40
875,2886,2026-05-16,40
875,2886,2026-05-17,40
875,2887,2026-04-17,0
875,2887,2026-04-18,5
875,2887,2026-04-19,11
875,2887,2026-04-20,17
875,2887,2026-04-21,6
875,2887,2026-04-22,1
875,2887,2026-04-23,4
875,2887,2026-04-24,11
875,2887,2026-04-25,0
875,2887,2026-04-26,5
875,2887,2026-04-27,15
875,2887,2026-04-28,19
875,2887,2026-04-29,15
875,2887,2026-04-30,16
875,2887,2026-05-01,18
875,2887,2026-05-02,20
875,2887,2026-05-03,16
875,2887,2026-05-04,18
875,2887,2026-05-05,19
875,2887,2026-05-06,20
875,2887,2026-05-07,18
875,2887,2026-05-08,20
875,2887,2026-05-09,16
875,2887,2026-05-10,20
875,2887,2026-05-11,18
875,2887,2026-05-12,20
875,2887,2026-05-13,20
875,2887,2026-05-14,20
875,2887,2026-05-15,20
875,2887,2026-05-16,19
875,2887,2026-05-17,20
875,2865,2026-02-16,5
875,2865,2026-02-17,4
875,2865,2026-02-18,0
875,2865,2026-02-19,6
875,2865,2026-02-20,0
875,2865,2026-02-21,6
875,2865,2026-02-22,5
875,2865,2026-02-23,0
875,2865,2026-02-24,0
875,2865,2026-02-25,0
875,2865,2026-02-26,2
875,2865,2026-02-27,4
875,2865,2026-02-28,6
875,2865,2026-03-01,6
875,2865,2026-03-02,6
875,2865,2026-03-03,5
875,2865,2026-03-04,6
875,2865,2026-03-05,6
875,2865,2026-03-06,6
875,2865,2026-03-07,0
875,2865,2026-03-08,6
875,2865,2026-03-09,6
875,2865,2026-03-10,6
875,2865,2026-03-11,6
875,2865,2026-03-12,6
875,2865,2026-03-13,6
875,2865,2026-03-14,6
875,2865,2026-03-15,3
875,2865,2026-03-16,6
875,2865,2026-03-17,3
875,2865,2026-03-18,6
875,2866,2026-02-16,1
875,2866,2026-02-17,10
875,2866,2026-02-18,2
875,2866,2026-02-19,9
875,2866,2026-02-20,10
875,2866,2026-02-21,1
875,2866,2026-02-22,8
875,2866,2026-02-23,12
875,2866,2026-02-24,9
875,2866,2026-02-25,6
875,2866,2026-02-26,0
875,2866,2026-02-27,1
875,2866,2026-02-28,7
875,2866,2026-03-01,0
875,2866,2026-03-02,2
875,2866,2026-03-03,12
875,2866,2026-03-04,12
875,2866,2026-03-05,9
875,2866,2026-03-06,12
875,2866,2026-03-07,12
875,2866,2026-03-08,12
875,2866,2026-03-09,12
875,2866,2026-03-10,8
875,2866,2026-03-11,10
875,2866,2026-03-12,10
875,2866,2026-03-13,10
875,2866,2026-03-14,12
875,2866,2026-03-15,5
875,2866,2026-03-16,12
875,2866,2026-03-17,7
875,2866,2026-03-18,12
875,2867,2026-02-16,63
875,2867,2026-02-17,0
875,2867,2026-02-18,0
875,2867,2026-02-19,20
875,2867,2026-02-20,3
875,2867,2026-02-21,55
875,2867,2026-02-22,58
875,2867,2026-02-23,34
875,2867,2026-02-24,0
875,2867,2026-02-25,22
875,2867,2026-02-26,79
875,2867,2026-02-27,65
875,2867,2026-02-28,83
875,2867,2026-03-01,84
875,2867,2026-03-02,54
875,2867,2026-03-03,63
875,2867,2026-03-04,49
875,2867,2026-03-05,83
875,2867,2026-03-06,73
875,2867,2026-03-07,61
875,2867,2026-03-08,89
875,2867,2026-03-09,58
875,2867,2026-03-10,55
875,2867,2026-03-11,65
875,2867,2026-03-12,56
875,2867,2026-03-13,92
875,2867,2026-03-14,90
875,2867,2026-03-15,95
875,2867,2026-03-16,86
875,2867,2026-03-17,98
875,2867,2026-03-18,77
875,2868,2026-02-16,0
875,2868,2026-02-17,1
875,2868,2026-02-18,2
875,2868,2026-02-19,1
875,2868,2026-02-20,0
875,2868,2026-02-21,0
875,2868,2026-02-22,0
875,2868,2026-02-23,0
875,2868,2026-02-24,0
875,2868,2026-02-25,0
875,2868,2026-02-26,0
875,2868,2026-02-27,1
875,2868,2026-02-28,0
875,2868,2026-03-01,0
875,2868,2026-03-02,1
875,2868,2026-03-03,0
875,2868,2026-03-04,0
875,2868,2026-03-05,0
875,2868,2026-03-06,1
875,2868,2026-03-07,0
875,2868,2026-03-08,1
875,2868,2026-03-09,1
875,2868,2026-03-10,1
875,2868,2026-03-11,0
875,2868,2026-03-12,0
875,2868,2026-03-13,0
875,2868,2026-03-14,2
875,2868,2026-03-15,1
875,2868,2026-03-16,0
875,2868,2026-03-17,0
875,2868,2026-03-18,0
875,2869,2026-02-16,30
875,2869,2026-02-17,30
875,2869,2026-02-18,30
875,2869,2026-02-19,30
875,2869,2026-02-20,30
875,2869,2026-02-21,20
875,2869,2026-02-22,30
875,2869,2026-02-23,5
875,2869,2026-02-24,30
875,2869,2026-02-25,30
875,2869,2026-02-26,28
875,2869,2026-02-27,30
875,2869,2026-02-28,30
875,2869,2026-03-01,30
875,2869,2026-03-02,29
875,2869,2026-03-03,30
875,2869,2026-03-04,30
875,2869,2026-03-05,30
875,2869,2026-03-06,20
875,2869,2026-03-07,28
875,2869,2026-03-08,30
875,2869,2026-03-09,30
875,2869,2026-03-10,30
875,2869,2026-03-11,30
875,2869,2026-03-12,30
875,2869,2026-03-13,30
875,2869,2026-03-14,30
875,2869,2026-03-15,30
875,2869,2026-03-16,30
875,2869,2026-03-17,30
875,2869,2026-03-18,30
875,2870,2026-02-16,21
875,2870,2026-02-17,15
875,2870,2026-02-18,0
875,2870,2026-02-19,8
875,2870,2026-02-20,13
875,2870,2026-02-21,24
875,2870,2026-02-22,9
875,2870,2026-02-23,14
875,2870,2026-02-24,18
875,2870,2026-02-25,0
875,2870,2026-02-26,0
875,2870,2026-02-27,28
875,2870,2026-02-28,8
875,2870,2026-03-01,12
875,2870,2026-03-02,29
875,2870,2026-03-03,22
875,2870,2026-03-04,28
875,2870,2026-03-05,18
875,2870,2026-03-06,34
875,2870,2026-03-07,18
875,2870,2026-03-08,14
875,2870,2026-03-09,22
875,2870,2026-03-10,32
875,2870,2026-03-11,17
875,2870,2026-03-12,33
875,2870,2026-03-13,27
875,2870,2026-03-14,26
875,2870,2026-03-15,32
875,2870,2026-03-16,24
875,2870,2026-03-17,0
875,2870,2026-03-18,26
875,2871,2026-02-16,0
875,2871,2026-02-17,0
875,2871,2026-02-18,0
875,2871,2026-02-19,0
875,2871,2026-02-20,3
875,2871,2026-02-21,2
875,2871,2026-02-22,0
875,2871,2026-02-23,0
875,2871,2026-02-24,0
875,2871,2026-02-25,0
875,2871,2026-02-26,0
875,2871,2026-02-27,1
875,2871,2026-02-28,0
875,2871,2026-03-01,0
875,2871,2026-03-02,0
875,2871,2026-03-03,1
875,2871,2026-03-04,0
875,2871,2026-03-05,0
875,2871,2026-03-06,0
875,2871,2026-03-07,1
875,2871,2026-03-08,1
875,2871,2026-03-09,3
875,2871,2026-03-10,0
875,2871,2026-03-11,0
875,2871,2026-03-12,0
875,2871,2026-03-13,0
875,2871,2026-03-14,2
875,2871,2026-03-15,0
875,2871,2026-03-16,0
875,2871,2026-03-17,0
875,2871,2026-03-18,2
875,2872,2026-02-16,55
875,2872,2026-02-17,46
875,2872,2026-02-18,1
875,2872,2026-02-19,26
875,2872,2026-02-20,60
875,2872,2026-02-21,0
875,2872,2026-02-22,54
875,2872,2026-02-23,47
875,2872,2026-02-24,33
875,2872,2026-02-25,21
875,2872,2026-02-26,69
875,2872,2026-02-27,56
875,2872,2026-02-28,61
875,2872,2026-03-01,59
875,2872,2026-03-02,62
875,2872,2026-03-03,47
875,2872,2026-03-04,37
875,2872,2026-03-05,69
875,2872,2026-03-06,48
875,2872,2026-03-07,67
875,2872,2026-03-08,45
875,2872,2026-03-09,75
875,2872,2026-03-10,60
875,2872,2026-03-11,75
875,2872,2026-03-12,69
875,2872,2026-03-13,65
875,2872,2026-03-14,75
875,2872,2026-03-15,76
875,2872,2026-03-16,77
875,2872,2026-03-17,74
875,2872,2026-03-18,20
875,2873,2026-02-16,0
875,2873,2026-02-17,0
875,2873,2026-02-18,0
875,2873,2026-02-19,1
875,2873,2026-02-20,2
875,2873,2026-02-21,1
875,2873,2026-02-22,0
875,2873,2026-02-23,0
875,2873,2026-02-24,2
875,2873,2026-02-25,0
875,2873,2026-02-26,0
875,2873,2026-02-27,0
875,2873,2026-02-28,0
875,2873,2026-03-01,4
875,2873,2026-03-02,1
875,2873,2026-03-03,0
875,2873,2026-03-04,0
875,2873,2026-03-05,0
875,2873,2026-03-06,0
875,2873,2026-03-07,0
875,2873,2026-03-08,0
875,2873,2026-03-09,1
875,2873,2026-03-10,0
875,2873,2026-03-11,0
875,2873,2026-03-12,1
875,2873,2026-03-13,2
875,2873,2026-03-14,1
875,2873,2026-03-15,4
875,2873,2026-03-16,1
875,2873,2026-03-17,0
875,2873,2026-03-18,0
875,2874,2026-02-16,12
875,2874,2026-02-17,12
875,2874,2026-02-18,12
875,2874,2026-02-19,12
875,2874,2026-02-20,12
875,2874,2026-02-21,12
875,2874,2026-02-22,12
875,2874,2026-02-23,12
875,2874,2026-02-24,12
875,2874,2026-02-25,12
875,2874,2026-02-26,10
875,2874,2026-02-27,12
875,2874,2026-02-28,12
875,2874,2026-03-01,12
875,2874,2026-03-02,10
875,2874,2026-03-03,10
875,2874,2026-03-04,12
875,2874,2026-03-05,10
875,2874,2026-03-06,12
875,2874,2026-03-07,12
875,2874,2026-03-08,12
875,2874,2026-03-09,12
875,2874,2026-03-10,12
875,2874,2026-03-11,12
875,2874,2026-03-12,12
875,2874,2026-03-13,12
875,2874,2026-03-14,12
875,2874,2026-03-15,10
875,2874,2026-03-16,9
875,2874,2026-03-17,12
875,2874,2026-03-18,12
875,2876,2026-02-16,8
875,2876,2026-02-17,16
875,2876,2026-02-18,12
875,2876,2026-02-19,3
875,2876,2026-02-20,20
875,2876,2026-02-21,20
875,2876,2026-02-22,18
875,2876,2026-02-23,10
875,2876,2026-02-24,18
875,2876,2026-02-25,12
875,2876,2026-02-26,14
875,2876,2026-02-27,0
875,2876,2026-02-28,0
875,2876,2026-03-01,20
875,2876,2026-03-02,18
875,2876,2026-03-03,17
875,2876,2026-03-04,20
875,2876,2026-03-05,16
875,2876,2026-03-06,17
875,2876,2026-03-07,17
875,2876,2026-03-08,20
875,2876,2026-03-09,14
875,2876,2026-03-10,16
875,2876,2026-03-11,16
875,2876,2026-03-12,20
875,2876,2026-03-13,20
875,2876,2026-03-14,16
875,2876,2026-03-15,20
875,2876,2026-03-16,20
875,2876,2026-03-17,18
875,2876,2026-03-18,20
875,2877,2026-02-16,34
875,2877,2026-02-17,36
875,2877,2026-02-18,34
875,2877,2026-02-19,33
875,2877,2026-02-20,34
875,2877,2026-02-21,35
875,2877,2026-02-22,38
875,2877,2026-02-23,37
875,2877,2026-02-24,35
875,2877,2026-02-25,35
875,2877,2026-02-26,32
875,2877,2026-02-27,25
875,2877,2026-02-28,30
875,2877,2026-03-01,40
875,2877,2026-03-02,38
875,2877,2026-03-03,36
875,2877,2026-03-04,37
875,2877,2026-03-05,36
875,2877,2026-03-06,36
875,2877,2026-03-07,40
875,2877,2026-03-08,32
875,2877,2026-03-09,38
875,2877,2026-03-10,39
875,2877,2026-03-11,36
875,2877,2026-03-12,37
875,2877,2026-03-13,36
875,2877,2026-03-14,38
875,2877,2026-03-15,30
875,2877,2026-03-16,35
875,2877,2026-03-17,40
875,2877,2026-03-18,38
875,2878,2026-02-16,9
875,2878,2026-02-17,7
875,2878,2026-02-18,3
875,2878,2026-02-19,12
875,2878,2026-02-20,10
875,2878,2026-02-21,12
875,2878,2026-02-22,12
875,2878,2026-02-23,8
875,2878,2026-02-24,10
875,2878,2026-02-25,12
875,2878,2026-02-26,12
875,2878,2026-02-27,12
875,2878,2026-02-28,12
875,2878,2026-03-01,11
875,2878,2026-03-02,12
875,2878,2026-03-03,10
875,2878,2026-03-04,6
875,2878,2026-03-05,12
875,2878,2026-03-06,6
875,2878,2026-03-07,6
875,2878,2026-03-08,12
875,2878,2026-03-09,10
875,2878,2026-03-10,12
875,2878,2026-03-11,8
875,2878,2026-03-12,12
875,2878,2026-03-13,12
875,2878,2026-03-14,12
875,2878,2026-03-15,10
875,2878,2026-03-16,10
875,2878,2026-03-17,9
875,2878,2026-03-18,12
875,2879,2026-02-16,24
875,2879,2026-02-17,4
875,2879,2026-02-18,0
875,2879,2026-02-19,0
875,2879,2026-02-20,19
875,2879,2026-02-21,20
875,2879,2026-02-22,18
875,2879,2026-02-23,20
875,2879,2026-02-24,7
875,2879,2026-02-25,15
875,2879,2026-02-26,27
875,2879,2026-02-27,27
875,2879,2026-02-28,21
875,2879,2026-03-01,35
875,2879,2026-03-02,38
875,2879,2026-03-03,22
875,2879,2026-03-04,26
875,2879,2026-03-05,4
875,2879,2026-03-06,32
875,2879,2026-03-07,18
875,2879,2026-03-08,30
875,2879,2026-03-09,0
875,2879,2026-03-10,20
875,2879,2026-03-11,37
875,2879,2026-03-12,27
875,2879,2026-03-13,33
875,2879,2026-03-14,22
875,2879,2026-03-15,37
875,2879,2026-03-16,34
875,2879,2026-03-17,4
875,2879,2026-03-18,39
875,2880,2026-02-16,4
875,2880,2026-02-17,2
875,2880,2026-02-18,0
875,2880,2026-02-19,1
875,2880,2026-02-20,1
875,2880,2026-02-21,2
875,2880,2026-02-22,6
875,2880,2026-02-23,3
875,2880,2026-02-24,0
875,2880,2026-02-25,10
875,2880,2026-02-26,3
875,2880,2026-02-27,1
875,2880,2026-02-28,7
875,2880,2026-03-01,6
875,2880,2026-03-02,1
875,2880,2026-03-03,3
875,2880,2026-03-04,5
875,2880,2026-03-05,1
875,2880,2026-03-06,4
875,2880,2026-03-07,13
875,2880,2026-03-08,10
875,2880,2026-03-09,9
875,2880,2026-03-10,6
875,2880,2026-03-11,7
875,2880,2026-03-12,10
875,2880,2026-03-13,5
875,2880,2026-03-14,13
875,2880,2026-03-15,1
875,2880,2026-03-16,14
875,2880,2026-03-17,3
875,2880,2026-03-18,12
875,2881,2026-02-16,30
875,2881,2026-02-17,30
875,2881,2026-02-18,30
875,2881,2026-02-19,30
875,2881,2026-02-20,26
875,2881,2026-02-21,30
875,2881,2026-02-22,30
875,2881,2026-02-23,21
875,2881,2026-02-24,30
875,2881,2026-02-25,30
875,2881,2026-02-26,26
875,2881,2026-02-27,30
875,2881,2026-02-28,30
875,2881,2026-03-01,29
875,2881,2026-03-02,30
875,2881,2026-03-03,30
875,2881,2026-03-04,30
875,2881,2026-03-05,30
875,2881,2026-03-06,30
875,2881,2026-03-07,30
875,2881,2026-03-08,30
875,2881,2026-03-09,30
875,2881,2026-03-10,30
875,2881,2026-03-11,30
875,2881,2026-03-12,30
875,2881,2026-03-13,30
875,2881,2026-03-14,30
875,2881,2026-03-15,30
875,2881,2026-03-16,30
875,2881,2026-03-17,30
875,2881,2026-03-18,30
875,2882,2026-02-16,14
875,2882,2026-02-17,12
875,2882,2026-02-18,2
875,2882,2026-02-19,16
875,2882,2026-02-20,20
875,2882,2026-02-21,10
875,2882,2026-02-22,14
875,2882,2026-02-23,18
875,2882,2026-02-24,17
875,2882,2026-02-25,16
875,2882,2026-02-26,16
875,2882,2026-02-27,15
875,2882,2026-02-28,16
875,2882,2026-03-01,20
875,2882,2026-03-02,10
875,2882,2026-03-03,15
875,2882,2026-03-04,17
875,2882,2026-03-05,20
875,2882,2026-03-06,16
875,2882,2026-03-07,19
875,2882,2026-03-08,20
875,2882,2026-03-09,6
875,2882,2026-03-10,20
875,2882,2026-03-11,18
875,2882,2026-03-12,16
875,2882,2026-03-13,17
875,2882,2026-03-14,18
875,2882,2026-03-15,20
875,2882,2026-03-16,12
875,2882,2026-03-17,16
875,2882,2026-03-18,13
875,2883,2026-02-16,33
875,2883,2026-02-17,37
875,2883,2026-02-18,34
875,2883,2026-02-19,36
875,2883,2026-02-20,37
875,2883,2026-02-21,34
875,2883,2026-02-22,36
875,2883,2026-02-23,27
875,2883,2026-02-24,23
875,2883,2026-02-25,36
875,2883,2026-02-26,2
875,2883,2026-02-27,37
875,2883,2026-02-28,30
875,2883,2026-03-01,30
875,2883,2026-03-02,39
875,2883,2026-03-03,36
875,2883,2026-03-04,32
875,2883,2026-03-05,36
875,2883,2026-03-06,38
875,2883,2026-03-07,20
875,2883,2026-03-08,36
875,2883,2026-03-09,37
875,2883,2026-03-10,36
875,2883,2026-03-11,33
875,2883,2026-03-12,38
875,2883,2026-03-13,36
875,2883,2026-03-14,40
875,2883,2026-03-15,40
875,2883,2026-03-16,36
875,2883,2026-03-17,40
875,2883,2026-03-18,26
875,2884,2026-02-16,12
875,2884,2026-02-17,8
875,2884,2026-02-18,15
875,2884,2026-02-19,15
875,2884,2026-02-20,18
875,2884,2026-02-21,11
875,2884,2026-02-22,16
875,2884,2026-02-23,11
875,2884,2026-02-24,18
875,2884,2026-02-25,18
875,2884,2026-02-26,15
875,2884,2026-02-27,20
875,2884,2026-02-28,14
875,2884,2026-03-01,20
875,2884,2026-03-02,20
875,2884,2026-03-03,20
875,2884,2026-03-04,12
875,2884,2026-03-05,15
875,2884,2026-03-06,6
875,2884,2026-03-07,20
875,2884,2026-03-08,18
875,2884,2026-03-09,16
875,2884,2026-03-10,20
875,2884,2026-03-11,19
875,2884,2026-03-12,20
875,2884,2026-03-13,20
875,2884,2026-03-14,14
875,2884,2026-03-15,18
875,2884,2026-03-16,10
875,2884,2026-03-17,19
875,2884,2026-03-18,20
875,2885,2026-02-16,6
875,2885,2026-02-17,8
875,2885,2026-02-18,4
875,2885,2026-02-19,7
875,2885,2026-02-20,3
875,2885,2026-02-21,6
875,2885,2026-02-22,10
875,2885,2026-02-23,9
875,2885,2026-02-24,6
875,2885,2026-02-25,6
875,2885,2026-02-26,6
875,2885,2026-02-27,1
875,2885,2026-02-28,6
875,2885,2026-03-01,8
875,2885,2026-03-02,8
875,2885,2026-03-03,10
875,2885,2026-03-04,10
875,2885,2026-03-05,10
875,2885,2026-03-06,10
875,2885,2026-03-07,8
875,2885,2026-03-08,10
875,2885,2026-03-09,10
875,2885,2026-03-10,10
875,2885,2026-03-11,8
875,2885,2026-03-12,10
875,2885,2026-03-13,10
875,2885,2026-03-14,10
875,2885,2026-03-15,10
875,2885,2026-03-16,10
875,2885,2026-03-17,8
875,2885,2026-03-18,10
875,2886,2026-02-16,36
875,2886,2026-02-17,33
875,2886,2026-02-18,28
875,2886,2026-02-19,23
875,2886,2026-02-20,28
875,2886,2026-02-21,38
875,2886,2026-02-22,35
875,2886,2026-02-23,36
875,2886,2026-02-24,35
875,2886,2026-02-25,36
875,2886,2026-02-26,32
875,2886,2026-02-27,38
875,2886,2026-02-28,34
875,2886,2026-03-01,39
875,2886,2026-03-02,37
875,2886,2026-03-03,40
875,2886,2026-03-04,37
875,2886,2026-03-05,31
875,2886,2026-03-06,22
875,2886,2026-03-07,40
875,2886,2026-03-08,38
875,2886,2026-03-09,37
875,2886,2026-03-10,33
875,2886,2026-03-11,40
875,2886,2026-03-12,33
875,2886,2026-03-13,37
875,2886,2026-03-14,37
875,2886,2026-03-15,36
875,2886,2026-03-16,38
875,2886,2026-03-17,40
875,2886,2026-03-18,36
875,2887,2026-02-16,4
875,2887,2026-02-17,3
875,2887,2026-02-18,0
875,2887,2026-02-19,1
875,2887,2026-02-20,12
875,2887,2026-02-21,3
875,2887,2026-02-22,11
875,2887,2026-02-23,9
875,2887,2026-02-24,8
875,2887,2026-02-25,1
875,2887,2026-02-26,0
875,2887,2026-02-27,10
875,2887,2026-02-28,0
875,2887,2026-03-01,8
875,2887,2026-03-02,3
875,2887,2026-03-03,6
875,2887,2026-03-04,0
875,2887,2026-03-05,2
875,2887,2026-03-06,5
875,2887,2026-03-07,4
875,2887,2026-03-08,5
875,2887,2026-03-09,8
875,2887,2026-03-10,2
875,2887,2026-03-11,1
875,2887,2026-03-12,0
875,2887,2026-03-13,2
875,2887,2026-03-14,6
875,2887,2026-03-15,0
875,2887,2026-03-16,3
875,2887,2026-03-17,5
875,2887,2026-03-18,8
875,2865,2026-03-18,6
875,2865,2026-03-19,2
875,2865,2026-03-20,4
875,2865,2026-03-21,0
875,2865,2026-03-22,6
875,2865,2026-03-23,6
875,2865,2026-03-24,6
875,2865,2026-03-25,6
875,2865,2026-03-26,6
875,2865,2026-03-27,6
875,2865,2026-03-28,4
875,2865,2026-03-29,6
875,2865,2026-03-30,6
875,2865,2026-03-31,6
875,2865,2026-04-01,6
875,2865,2026-04-02,6
875,2865,2026-04-03,6
875,2865,2026-04-04,6
875,2865,2026-04-05,6
875,2865,2026-04-06,6
875,2865,2026-04-07,4
875,2865,2026-04-08,6
875,2865,2026-04-09,2
875,2865,2026-04-10,6
875,2865,2026-04-11,6
875,2865,2026-04-12,6
875,2865,2026-04-13,6
875,2865,2026-04-14,4
875,2865,2026-04-15,4
875,2865,2026-04-16,6
875,2865,2026-04-17,6
875,2866,2026-03-18,12
875,2866,2026-03-19,12
875,2866,2026-03-20,12
875,2866,2026-03-21,10
875,2866,2026-03-22,12
875,2866,2026-03-23,10
875,2866,2026-03-24,12
875,2866,2026-03-25,8
875,2866,2026-03-26,12
875,2866,2026-03-27,12
875,2866,2026-03-28,12
875,2866,2026-03-29,11
875,2866,2026-03-30,10
875,2866,2026-03-31,12
875,2866,2026-04-01,10
875,2866,2026-04-02,12
875,2866,2026-04-03,1
875,2866,2026-04-04,4
875,2866,2026-04-05,12
875,2866,2026-04-06,12
875,2866,2026-04-07,10
875,2866,2026-04-08,12
875,2866,2026-04-09,12
875,2866,2026-04-10,12
875,2866,2026-04-11,10
875,2866,2026-04-12,12
875,2866,2026-04-13,10
875,2866,2026-04-14,12
875,2866,2026-04-15,12
875,2866,2026-04-16,12
875,2866,2026-04-17,12
875,2867,2026-03-18,77
875,2867,2026-03-19,29
875,2867,2026-03-20,85
875,2867,2026-03-21,91
875,2867,2026-03-22,88
875,2867,2026-03-23,81
875,2867,2026-03-24,85
875,2867,2026-03-25,51
875,2867,2026-03-26,44
875,2867,2026-03-27,98
875,2867,2026-03-28,98
875,2867,2026-03-29,85
875,2867,2026-03-30,92
875,2867,2026-03-31,87
875,2867,2026-04-01,94
875,2867,2026-04-02,96
875,2867,2026-04-03,39
875,2867,2026-04-04,43
875,2867,2026-04-05,85
875,2867,2026-04-06,65
875,2867,2026-04-07,68
875,2867,2026-04-08,81
875,2867,2026-04-09,86
875,2867,2026-04-10,66
875,2867,2026-04-11,100
875,2867,2026-04-12,98
875,2867,2026-04-13,92
875,2867,2026-04-14,89
875,2867,2026-04-15,80
875,2867,2026-04-16,92
875,2867,2026-04-17,96
875,2868,2026-03-18,0
875,2868,2026-03-19,0
875,2868,2026-03-20,1
875,2868,2026-03-21,0
875,2868,2026-03-22,0
875,2868,2026-03-23,0
875,2868,2026-03-24,0
875,2868,2026-03-25,3
875,2868,2026-03-26,2
875,2868,2026-03-27,3
875,2868,2026-03-28,1
875,2868,2026-03-29,0
875,2868,2026-03-30,0
875,2868,2026-03-31,1
875,2868,2026-04-01,1
875,2868,2026-04-02,5
875,2868,2026-04-03,0
875,2868,2026-04-04,0
875,2868,2026-04-05,0
875,2868,2026-04-06,0
875,2868,2026-04-07,0
875,2868,2026-04-08,0
875,2868,2026-04-09,0
875,2868,2026-04-10,1
875,2868,2026-04-11,0
875,2868,2026-04-12,0
875,2868,2026-04-13,0
875,2868,2026-04-14,0
875,2868,2026-04-15,0
875,2868,2026-04-16,0
875,2868,2026-04-17,0
875,2869,2026-03-18,30
875,2869,2026-03-19,30
875,2869,2026-03-20,30
875,2869,2026-03-21,30
875,2869,2026-03-22,30
875,2869,2026-03-23,30
875,2869,2026-03-24,30
875,2869,2026-03-25,30
875,2869,2026-03-26,30
875,2869,2026-03-27,27
875,2869,2026-03-28,30
875,2869,2026-03-29,30
875,2869,2026-03-30,30
875,2869,2026-03-31,30
875,2869,2026-04-01,30
875,2869,2026-04-02,30
875,2869,2026-04-03,16
875,2869,2026-04-04,28
875,2869,2026-04-05,30
875,2869,2026-04-06,30
875,2869,2026-04-07,30
875,2869,2026-04-08,30
875,2869,2026-04-09,30
875,2869,2026-04-10,30
875,2869,2026-04-11,30
875,2869,2026-04-12,30
875,2869,2026-04-13,30
875,2869,2026-04-14,30
875,2869,2026-04-15,30
875,2869,2026-04-16,20
875,2869,2026-04-17,30
875,2870,2026-03-18,26
875,2870,2026-03-19,23
875,2870,2026-03-20,34
875,2870,2026-03-21,36
875,2870,2026-03-22,36
875,2870,2026-03-23,32
875,2870,2026-03-24,29
875,2870,2026-03-25,34
875,2870,2026-03-26,32
875,2870,2026-03-27,36
875,2870,2026-03-28,15
875,2870,2026-03-29,31
875,2870,2026-03-30,31
875,2870,2026-03-31,30
875,2870,2026-04-01,35
875,2870,2026-04-02,33
875,2870,2026-04-03,13
875,2870,2026-04-04,0
875,2870,2026-04-05,0
875,2870,2026-04-06,7
875,2870,2026-04-07,27
875,2870,2026-04-08,18
875,2870,2026-04-09,25
875,2870,2026-04-10,4
875,2870,2026-04-11,30
875,2870,2026-04-12,17
875,2870,2026-04-13,22
875,2870,2026-04-14,34
875,2870,2026-04-15,30
875,2870,2026-04-16,33
875,2870,2026-04-17,36
875,2871,2026-03-18,2
875,2871,2026-03-19,0
875,2871,2026-03-20,2
875,2871,2026-03-21,2
875,2871,2026-03-22,2
875,2871,2026-03-23,0
875,2871,2026-03-24,2
875,2871,2026-03-25,0
875,2871,2026-03-26,0
875,2871,2026-03-27,0
875,2871,2026-03-28,0
875,2871,2026-03-29,1
875,2871,2026-03-30,0
875,2871,2026-03-31,0
875,2871,2026-04-01,0
875,2871,2026-04-02,0
875,2871,2026-04-03,1
875,2871,2026-04-04,0
875,2871,2026-04-05,0
875,2871,2026-04-06,0
875,2871,2026-04-07,0
875,2871,2026-04-08,0
875,2871,2026-04-09,1
875,2871,2026-04-10,0
875,2871,2026-04-11,0
875,2871,2026-04-12,0
875,2871,2026-04-13,0
875,2871,2026-04-14,0
875,2871,2026-04-15,0
875,2871,2026-04-16,1
875,2871,2026-04-17,8
875,2872,2026-03-18,20
875,2872,2026-03-19,74
875,2872,2026-03-20,70
875,2872,2026-03-21,80
875,2872,2026-03-22,75
875,2872,2026-03-23,71
875,2872,2026-03-24,68
875,2872,2026-03-25,67
875,2872,2026-03-26,80
875,2872,2026-03-27,77
875,2872,2026-03-28,72
875,2872,2026-03-29,78
875,2872,2026-03-30,73
875,2872,2026-03-31,73
875,2872,2026-04-01,71
875,2872,2026-04-02,66
875,2872,2026-04-03,62
875,2872,2026-04-04,19
875,2872,2026-04-05,23
875,2872,2026-04-06,57
875,2872,2026-04-07,42
875,2872,2026-04-08,50
875,2872,2026-04-09,69
875,2872,2026-04-10,72
875,2872,2026-04-11,61
875,2872,2026-04-12,80
875,2872,2026-04-13,73
875,2872,2026-04-14,69
875,2872,2026-04-15,80
875,2872,2026-04-16,79
875,2872,2026-04-17,78
875,2873,2026-03-18,0
875,2873,2026-03-19,0
875,2873,2026-03-20,0
875,2873,2026-03-21,0
875,2873,2026-03-22,0
875,2873,2026-03-23,0
875,2873,2026-03-24,2
875,2873,2026-03-25,0
875,2873,2026-03-26,0
875,2873,2026-03-27,0
875,2873,2026-03-28,2
875,2873,2026-03-29,8
875,2873,2026-03-30,5
875,2873,2026-03-31,0
875,2873,2026-04-01,0
875,2873,2026-04-02,6
875,2873,2026-04-03,3
875,2873,2026-04-04,0
875,2873,2026-04-05,0
875,2873,2026-04-06,0
875,2873,2026-04-07,0
875,2873,2026-04-08,0
875,2873,2026-04-09,1
875,2873,2026-04-10,0
875,2873,2026-04-11,0
875,2873,2026-04-12,0
875,2873,2026-04-13,0
875,2873,2026-04-14,0
875,2873,2026-04-15,0
875,2873,2026-04-16,0
875,2873,2026-04-17,4
875,2874,2026-03-18,12
875,2874,2026-03-19,12
875,2874,2026-03-20,12
875,2874,2026-03-21,12
875,2874,2026-03-22,12
875,2874,2026-03-23,12
875,2874,2026-03-24,12
875,2874,2026-03-25,12
875,2874,2026-03-26,12
875,2874,2026-03-27,12
875,2874,2026-03-28,12
875,2874,2026-03-29,12
875,2874,2026-03-30,12
875,2874,2026-03-31,12
875,2874,2026-04-01,12
875,2874,2026-04-02,12
875,2874,2026-04-03,8
875,2874,2026-04-04,12
875,2874,2026-04-05,12
875,2874,2026-04-06,12
875,2874,2026-04-07,12
875,2874,2026-04-08,12
875,2874,2026-04-09,12
875,2874,2026-04-10,12
875,2874,2026-04-11,12
875,2874,2026-04-12,12
875,2874,2026-04-13,12
875,2874,2026-04-14,12
875,2874,2026-04-15,12
875,2874,2026-04-16,12
875,2874,2026-04-17,8
875,2876,2026-03-18,20
875,2876,2026-03-19,20
875,2876,2026-03-20,20
875,2876,2026-03-21,20
875,2876,2026-03-22,20
875,2876,2026-03-23,18
875,2876,2026-03-24,20
875,2876,2026-03-25,20
875,2876,2026-03-26,20
875,2876,2026-03-27,20
875,2876,2026-03-28,20
875,2876,2026-03-29,20
875,2876,2026-03-30,20
875,2876,2026-03-31,20
875,2876,2026-04-01,20
875,2876,2026-04-02,20
875,2876,2026-04-03,20
875,2876,2026-04-04,6
875,2876,2026-04-05,20
875,2876,2026-04-06,14
875,2876,2026-04-07,14
875,2876,2026-04-08,20
875,2876,2026-04-09,20
875,2876,2026-04-10,17
875,2876,2026-04-11,16
875,2876,2026-04-12,20
875,2876,2026-04-13,18
875,2876,2026-04-14,20
875,2876,2026-04-15,11
875,2876,2026-04-16,11
875,2876,2026-04-17,20
875,2877,2026-03-18,38
875,2877,2026-03-19,38
875,2877,2026-03-20,35
875,2877,2026-03-21,40
875,2877,2026-03-22,33
875,2877,2026-03-23,40
875,2877,2026-03-24,40
875,2877,2026-03-25,40
875,2877,2026-03-26,33
875,2877,2026-03-27,40
875,2877,2026-03-28,40
875,2877,2026-03-29,40
875,2877,2026-03-30,38
875,2877,2026-03-31,40
875,2877,2026-04-01,40
875,2877,2026-04-02,40
875,2877,2026-04-03,37
875,2877,2026-04-04,40
875,2877,2026-04-05,38
875,2877,2026-04-06,34
875,2877,2026-04-07,35
875,2877,2026-04-08,32
875,2877,2026-04-09,30
875,2877,2026-04-10,36
875,2877,2026-04-11,32
875,2877,2026-04-12,40
875,2877,2026-04-13,40
875,2877,2026-04-14,40
875,2877,2026-04-15,40
875,2877,2026-04-16,40
875,2877,2026-04-17,40
875,2878,2026-03-18,12
875,2878,2026-03-19,12
875,2878,2026-03-20,12
875,2878,2026-03-21,12
875,2878,2026-03-22,12
875,2878,2026-03-23,12
875,2878,2026-03-24,12
875,2878,2026-03-25,12
875,2878,2026-03-26,12
875,2878,2026-03-27,12
875,2878,2026-03-28,12
875,2878,2026-03-29,12
875,2878,2026-03-30,12
875,2878,2026-03-31,12
875,2878,2026-04-01,12
875,2878,2026-04-02,12
875,2878,2026-04-03,8
875,2878,2026-04-04,12
875,2878,2026-04-05,4
875,2878,2026-04-06,12
875,2878,2026-04-07,12
875,2878,2026-04-08,12
875,2878,2026-04-09,12
875,2878,2026-04-10,12
875,2878,2026-04-11,12
875,2878,2026-04-12,12
875,2878,2026-04-13,12
875,2878,2026-04-14,12
875,2878,2026-04-15,12
875,2878,2026-04-16,12
875,2878,2026-04-17,12
875,2879,2026-03-18,39
875,2879,2026-03-19,32
875,2879,2026-03-20,33
875,2879,2026-03-21,25
875,2879,2026-03-22,35
875,2879,2026-03-23,40
875,2879,2026-03-24,33
875,2879,2026-03-25,26
875,2879,2026-03-26,33
875,2879,2026-03-27,38
875,2879,2026-03-28,27
875,2879,2026-03-29,40
875,2879,2026-03-30,36
875,2879,2026-03-31,34
875,2879,2026-04-01,38
875,2879,2026-04-02,19
875,2879,2026-04-03,33
875,2879,2026-04-04,22
875,2879,2026-04-05,25
875,2879,2026-04-06,21
875,2879,2026-04-07,30
875,2879,2026-04-08,3
875,2879,2026-04-09,13
875,2879,2026-04-10,40
875,2879,2026-04-11,38
875,2879,2026-04-12,30
875,2879,2026-04-13,27
875,2879,2026-04-14,33
875,2879,2026-04-15,40
875,2879,2026-04-16,40
875,2879,2026-04-17,38
875,2880,2026-03-18,12
875,2880,2026-03-19,8
875,2880,2026-03-20,12
875,2880,2026-03-21,5
875,2880,2026-03-22,8
875,2880,2026-03-23,7
875,2880,2026-03-24,10
875,2880,2026-03-25,14
875,2880,2026-03-26,13
875,2880,2026-03-27,8
875,2880,2026-03-28,14
875,2880,2026-03-29,12
875,2880,2026-03-30,10
875,2880,2026-03-31,10
875,2880,2026-04-01,7
875,2880,2026-04-02,6
875,2880,2026-04-03,5
875,2880,2026-04-04,1
875,2880,2026-04-05,5
875,2880,2026-04-06,10
875,2880,2026-04-07,10
875,2880,2026-04-08,8
875,2880,2026-04-09,8
875,2880,2026-04-10,14
875,2880,2026-04-11,14
875,2880,2026-04-12,14
875,2880,2026-04-13,9
875,2880,2026-04-14,11
875,2880,2026-04-15,14
875,2880,2026-04-16,12
875,2880,2026-04-17,4
875,2881,2026-03-18,30
875,2881,2026-03-19,30
875,2881,2026-03-20,30
875,2881,2026-03-21,30
875,2881,2026-03-22,30
875,2881,2026-03-23,30
875,2881,2026-03-24,30
875,2881,2026-03-25,30
875,2881,2026-03-26,30
875,2881,2026-03-27,30
875,2881,2026-03-28,30
875,2881,2026-03-29,30
875,2881,2026-03-30,30
875,2881,2026-03-31,30
875,2881,2026-04-01,30
875,2881,2026-04-02,30
875,2881,2026-04-03,26
875,2881,2026-04-04,30
875,2881,2026-04-05,30
875,2881,2026-04-06,30
875,2881,2026-04-07,30
875,2881,2026-04-08,30
875,2881,2026-04-09,30
875,2881,2026-04-10,30
875,2881,2026-04-11,30
875,2881,2026-04-12,30
875,2881,2026-04-13,30
875,2881,2026-04-14,30
875,2881,2026-04-15,30
875,2881,2026-04-16,30
875,2881,2026-04-17,30
875,2882,2026-03-18,13
875,2882,2026-03-19,15
875,2882,2026-03-20,20
875,2882,2026-03-21,20
875,2882,2026-03-22,20
875,2882,2026-03-23,20
875,2882,2026-03-24,20
875,2882,2026-03-25,18
875,2882,2026-03-26,20
875,2882,2026-03-27,19
875,2882,2026-03-28,20
875,2882,2026-03-29,18
875,2882,2026-03-30,20
875,2882,2026-03-31,20
875,2882,2026-04-01,17
875,2882,2026-04-02,20
875,2882,2026-04-03,0
875,2882,2026-04-04,18
875,2882,2026-04-05,8
875,2882,2026-04-06,14
875,2882,2026-04-07,18
875,2882,2026-04-08,12
875,2882,2026-04-09,9
875,2882,2026-04-10,20
875,2882,2026-04-11,18
875,2882,2026-04-12,20
875,2882,2026-04-13,18
875,2882,2026-04-14,20
875,2882,2026-04-15,20
875,2882,2026-04-16,20
875,2882,2026-04-17,20
875,2883,2026-03-18,26
875,2883,2026-03-19,33
875,2883,2026-03-20,40
875,2883,2026-03-21,36
875,2883,2026-03-22,40
875,2883,2026-03-23,40
875,2883,2026-03-24,40
875,2883,2026-03-25,38
875,2883,2026-03-26,32
875,2883,2026-03-27,40
875,2883,2026-03-28,40
875,2883,2026-03-29,38
875,2883,2026-03-30,38
875,2883,2026-03-31,40
875,2883,2026-04-01,40
875,2883,2026-04-02,36
875,2883,2026-04-03,36
875,2883,2026-04-04,33
875,2883,2026-04-05,25
875,2883,2026-04-06,33
875,2883,2026-04-07,30
875,2883,2026-04-08,36
875,2883,2026-04-09,30
875,2883,2026-04-10,40
875,2883,2026-04-11,38
875,2883,2026-04-12,23
875,2883,2026-04-13,29
875,2883,2026-04-14,38
875,2883,2026-04-15,40
875,2883,2026-04-16,36
875,2883,2026-04-17,40
875,2884,2026-03-18,20
875,2884,2026-03-19,19
875,2884,2026-03-20,14
875,2884,2026-03-21,20
875,2884,2026-03-22,20
875,2884,2026-03-23,20
875,2884,2026-03-24,18
875,2884,2026-03-25,17
875,2884,2026-03-26,20
875,2884,2026-03-27,20
875,2884,2026-03-28,20
875,2884,2026-03-29,17
875,2884,2026-03-30,20
875,2884,2026-03-31,18
875,2884,2026-04-01,20
875,2884,2026-04-02,20
875,2884,2026-04-03,17
875,2884,2026-04-04,11
875,2884,2026-04-05,2
875,2884,2026-04-06,20
875,2884,2026-04-07,18
875,2884,2026-04-08,20
875,2884,2026-04-09,13
875,2884,2026-04-10,16
875,2884,2026-04-11,19
875,2884,2026-04-12,17
875,2884,2026-04-13,20
875,2884,2026-04-14,20
875,2884,2026-04-15,19
875,2884,2026-04-16,16
875,2884,2026-04-17,20
875,2885,2026-03-18,10
875,2885,2026-03-19,10
875,2885,2026-03-20,10
875,2885,2026-03-21,10
875,2885,2026-03-22,10
875,2885,2026-03-23,10
875,2885,2026-03-24,10
875,2885,2026-03-25,10
875,2885,2026-03-26,10
875,2885,2026-03-27,10
875,2885,2026-03-28,10
875,2885,2026-03-29,10
875,2885,2026-03-30,10
875,2885,2026-03-31,10
875,2885,2026-04-01,10
875,2885,2026-04-02,10
875,2885,2026-04-03,10
875,2885,2026-04-04,6
875,2885,2026-04-05,10
875,2885,2026-04-06,10
875,2885,2026-04-07,10
875,2885,2026-04-08,10
875,2885,2026-04-09,10
875,2885,2026-04-10,10
875,2885,2026-04-11,10
875,2885,2026-04-12,8
875,2885,2026-04-13,10
875,2885,2026-04-14,1
875,2885,2026-04-15,10
875,2885,2026-04-16,10
875,2885,2026-04-17,10
875,2886,2026-03-18,36
875,2886,2026-03-19,36
875,2886,2026-03-20,34
875,2886,2026-03-21,40
875,2886,2026-03-22,39
875,2886,2026-03-23,40
875,2886,2026-03-24,40
875,2886,2026-03-25,38
875,2886,2026-03-26,40
875,2886,2026-03-27,34
875,2886,2026-03-28,40
875,2886,2026-03-29,40
875,2886,2026-03-30,34
875,2886,2026-03-31,40
875,2886,2026-04-01,40
875,2886,2026-04-02,40
875,2886,2026-04-03,40
875,2886,2026-04-04,37
875,2886,2026-04-05,26
875,2886,2026-04-06,34
875,2886,2026-04-07,38
875,2886,2026-04-08,37
875,2886,2026-04-09,35
875,2886,2026-04-10,40
875,2886,2026-04-11,34
875,2886,2026-04-12,38
875,2886,2026-04-13,40
875,2886,2026-04-14,34
875,2886,2026-04-15,36
875,2886,2026-04-16,39
875,2886,2026-04-17,40
875,2887,2026-03-18,8
875,2887,2026-03-19,5
875,2887,2026-03-20,8
875,2887,2026-03-21,3
875,2887,2026-03-22,9
875,2887,2026-03-23,7
875,2887,2026-03-24,3
875,2887,2026-03-25,0
875,2887,2026-03-26,0
875,2887,2026-03-27,0
875,2887,2026-03-28,3
875,2887,2026-03-29,9
875,2887,2026-03-30,2
875,2887,2026-03-31,18
875,2887,2026-04-01,1
875,2887,2026-04-02,4
875,2887,2026-04-03,0
875,2887,2026-04-04,1
875,2887,2026-04-05,0
875,2887,2026-04-06,3
875,2887,2026-04-07,0
875,2887,2026-04-08,0
875,2887,2026-04-09,1
875,2887,2026-04-10,2
875,2887,2026-04-11,1
875,2887,2026-04-12,9
875,2887,2026-04-13,1
875,2887,2026-04-14,6
875,2887,2026-04-15,11
875,2887,2026-04-16,10
875,2887,2026-04-17,0
875,2865,2026-10-14,0
875,2865,2026-10-15,0
875,2865,2026-10-16,0
875,2865,2026-10-17,0
875,2865,2026-10-18,0
875,2865,2026-10-19,0
875,2865,2026-10-20,0
875,2865,2026-10-21,0
875,2865,2026-10-22,0
875,2865,2026-10-23,0
875,2865,2026-10-24,0
875,2865,2026-10-25,0
875,2865,2026-10-26,0
875,2865,2026-10-27,0
875,2865,2026-10-28,0
875,2865,2026-10-29,0
875,2865,2026-10-30,0
875,2865,2026-10-31,0
875,2865,2026-11-01,0
875,2865,2026-11-02,0
875,2865,2026-11-03,0
875,2865,2026-11-04,0
875,2865,2026-11-05,0
875,2865,2026-11-06,0
875,2865,2026-11-07,0
875,2865,2026-11-08,0
875,2865,2026-11-09,0
875,2865,2026-11-10,0
875,2865,2026-11-11,0
875,2865,2026-11-12,0
875,2865,2026-11-13,0
875,2866,2026-10-14,0
875,2866,2026-10-15,0
875,2866,2026-10-16,0
875,2866,2026-10-17,0
875,2866,2026-10-18,0
875,2866,2026-10-19,0
875,2866,2026-10-20,0
875,2866,2026-10-21,0
875,2866,2026-10-22,0
875,2866,2026-10-23,0
875,2866,2026-10-24,0
875,2866,2026-10-25,0
875,2866,2026-10-26,0
875,2866,2026-10-27,0
875,2866,2026-10-28,0
875,2866,2026-10-29,0
875,2866,2026-10-30,0
875,2866,2026-10-31,0
875,2866,2026-11-01,0
875,2866,2026-11-02,0
875,2866,2026-11-03,0
875,2866,2026-11-04,0
875,2866,2026-11-05,0
875,2866,2026-11-06,0
875,2866,2026-11-07,0
875,2866,2026-11-08,0
875,2866,2026-11-09,0
875,2866,2026-11-10,0
875,2866,2026-11-11,0
875,2866,2026-11-12,0
875,2866,2026-11-13,0
875,2867,2026-10-14,0
875,2867,2026-10-15,0
875,2867,2026-10-16,0
875,2867,2026-10-17,0
875,2867,2026-10-18,0
875,2867,2026-10-19,0
875,2867,2026-10-20,0
875,2867,2026-10-21,0
875,2867,2026-10-22,0
875,2867,2026-10-23,0
875,2867,2026-10-24,0
875,2867,2026-10-25,0
875,2867,2026-10-26,0
875,2867,2026-10-27,0
875,2867,2026-10-28,0
875,2867,2026-10-29,0
875,2867,2026-10-30,0
875,2867,2026-10-31,0
875,2867,2026-11-01,0
875,2867,2026-11-02,0
875,2867,2026-11-03,0
875,2867,2026-11-04,0
875,2867,2026-11-05,0
875,2867,2026-11-06,0
875,2867,2026-11-07,0
875,2867,2026-11-08,0
875,2867,2026-11-09,0
875,2867,2026-11-10,0
875,2867,2026-11-11,0
875,2867,2026-11-12,0
875,2867,2026-11-13,0
875,2868,2026-10-14,0
875,2868,2026-10-15,0
875,2868,2026-10-16,0
875,2868,2026-10-17,0
875,2868,2026-10-18,0
875,2868,2026-10-19,0
875,2868,2026-10-20,0
875,2868,2026-10-21,0
875,2868,2026-10-22,0
875,2868,2026-10-23,0
875,2868,2026-10-24,0
875,2868,2026-10-25,0
875,2868,2026-10-26,0
875,2868,2026-10-27,0
875,2868,2026-10-28,0
875,2868,2026-10-29,0
875,2868,2026-10-30,0
875,2868,2026-10-31,0
875,2868,2026-11-01,0
875,2868,2026-11-02,0
875,2868,2026-11-03,0
875,2868,2026-11-04,0
875,2868,2026-11-05,0
875,2868,2026-11-06,0
875,2868,2026-11-07,0
875,2868,2026-11-08,0
875,2868,2026-11-09,0
875,2868,2026-11-10,0
875,2868,2026-11-11,0
875,2868,2026-11-12,0
875,2868,2026-11-13,0
875,2869,2026-10-14,0
875,2869,2026-10-15,0
875,2869,2026-10-16,0
875,2869,2026-10-17,0
875,2869,2026-10-18,0
875,2869,2026-10-19,0
875,2869,2026-10-20,0
875,2869,2026-10-21,0
875,2869,2026-10-22,0
875,2869,2026-10-23,0
875,2869,2026-10-24,0
875,2869,2026-10-25,0
875,2869,2026-10-26,0
875,2869,2026-10-27,0
875,2869,2026-10-28,0
875,2869,2026-10-29,0
875,2869,2026-10-30,0
875,2869,2026-10-31,0
875,2869,2026-11-01,0
875,2869,2026-11-02,0
875,2869,2026-11-03,0
875,2869,2026-11-04,0
875,2869,2026-11-05,0
875,2869,2026-11-06,0
875,2869,2026-11-07,0
875,2869,2026-11-08,0
875,2869,2026-11-09,0
875,2869,2026-11-10,0
875,2869,2026-11-11,0
875,2869,2026-11-12,0
875,2869,2026-11-13,0
875,2870,2026-10-14,0
875,2870,2026-10-15,0
875,2870,2026-10-16,0
875,2870,2026-10-17,0
875,2870,2026-10-18,0
875,2870,2026-10-19,0
875,2870,2026-10-20,0
875,2870,2026-10-21,0
875,2870,2026-10-22,0
875,2870,2026-10-23,0
875,2870,2026-10-24,0
875,2870,2026-10-25,0
875,2870,2026-10-26,0
875,2870,2026-10-27,0
875,2870,2026-10-28,0
875,2870,2026-10-29,0
875,2870,2026-10-30,0
875,2870,2026-10-31,0
875,2870,2026-11-01,0
875,2870,2026-11-02,0
875,2870,2026-11-03,0
875,2870,2026-11-04,0
875,2870,2026-11-05,0
875,2870,2026-11-06,0
875,2870,2026-11-07,0
875,2870,2026-11-08,0
875,2870,2026-11-09,0
875,2870,2026-11-10,0
875,2870,2026-11-11,0
875,2870,2026-11-12,0
875,2870,2026-11-13,0
875,2871,2026-10-14,0
875,2871,2026-10-15,0
875,2871,2026-10-16,0
875,2871,2026-10-17,0
875,2871,2026-10-18,0
875,2871,2026-10-19,0
875,2871,2026-10-20,0
875,2871,2026-10-21,0
875,2871,2026-10-22,0
875,2871,2026-10-23,0
875,2871,2026-10-24,0
875,2871,2026-10-25,0
875,2871,2026-10-26,0
875,2871,2026-10-27,0
875,2871,2026-10-28,0
875,2871,2026-10-29,0
875,2871,2026-10-30,0
875,2871,2026-10-31,0
875,2871,2026-11-01,0
875,2871,2026-11-02,0
875,2871,2026-11-03,0
875,2871,2026-11-04,0
875,2871,2026-11-05,0
875,2871,2026-11-06,0
875,2871,2026-11-07,0
875,2871,2026-11-08,0
875,2871,2026-11-09,0
875,2871,2026-11-10,0
875,2871,2026-11-11,0
875,2871,2026-11-12,0
875,2871,2026-11-13,0
875,2872,2026-10-14,0
875,2872,2026-10-15,0
875,2872,2026-10-16,0
875,2872,2026-10-17,0
875,2872,2026-10-18,0
875,2872,2026-10-19,0
875,2872,2026-10-20,0
875,2872,2026-10-21,0
875,2872,2026-10-22,0
875,2872,2026-10-23,0
875,2872,2026-10-24,0
875,2872,2026-10-25,0
875,2872,2026-10-26,0
875,2872,2026-10-27,0
875,2872,2026-10-28,0
875,2872,2026-10-29,0
875,2872,2026-10-30,0
875,2872,2026-10-31,0
875,2872,2026-11-01,0
875,2872,2026-11-02,0
875,2872,2026-11-03,0
875,2872,2026-11-04,0
875,2872,2026-11-05,0
875,2872,2026-11-06,0
875,2872,2026-11-07,0
875,2872,2026-11-08,0
875,2872,2026-11-09,0
875,2872,2026-11-10,0
875,2872,2026-11-11,0
875,2872,2026-11-12,0
875,2872,2026-11-13,0
875,2873,2026-10-14,0
875,2873,2026-10-15,0
875,2873,2026-10-16,0
875,2873,2026-10-17,0
875,2873,2026-10-18,0
875,2873,2026-10-19,0
875,2873,2026-10-20,0
875,2873,2026-10-21,0
875,2873,2026-10-22,0
875,2873,2026-10-23,0
875,2873,2026-10-24,0
875,2873,2026-10-25,0
875,2873,2026-10-26,0
875,2873,2026-10-27,0
875,2873,2026-10-28,0
875,2873,2026-10-29,0
875,2873,2026-10-30,0
875,2873,2026-10-31,0
875,2873,2026-11-01,0
875,2873,2026-11-02,0
875,2873,2026-11-03,0
875,2873,2026-11-04,0
875,2873,2026-11-05,0
875,2873,2026-11-06,0
875,2873,2026-11-07,0
875,2873,2026-11-08,0
875,2873,2026-11-09,0
875,2873,2026-11-10,0
875,2873,2026-11-11,0
875,2873,2026-11-12,0
875,2873,2026-11-13,0
875,2874,2026-10-14,0
875,2874,2026-10-15,0
875,2874,2026-10-16,0
875,2874,2026-10-17,0
875,2874,2026-10-18,0
875,2874,2026-10-19,0
875,2874,2026-10-20,0
875,2874,2026-10-21,0
875,2874,2026-10-22,0
875,2874,2026-10-23,0
875,2874,2026-10-24,0
875,2874,2026-10-25,0
875,2874,2026-10-26,0
875,2874,2026-10-27,0
875,2874,2026-10-28,0
875,2874,2026-10-29,0
875,2874,2026-10-30,0
875,2874,2026-10-31,0
875,2874,2026-11-01,0
875,2874,2026-11-02,0
875,2874,2026-11-03,0
875,2874,2026-11-04,0
875,2874,2026-11-05,0
875,2874,2026-11-06,0
875,2874,2026-11-07,0
875,2874,2026-11-08,0
875,2874,2026-11-09,0
875,2874,2026-11-10,0
875,2874,2026-11-11,0
875,2874,2026-11-12,0
875,2874,2026-11-13,0
875,2876,2026-10-14,0
875,2876,2026-10-15,0
875,2876,2026-10-16,0
875,2876,2026-10-17,0
875,2876,2026-10-18,0
875,2876,2026-10-19,0
875,2876,2026-10-20,0
875,2876,2026-10-21,0
875,2876,2026-10-22,0
875,2876,2026-10-23,0
875,2876,2026-10-24,0
875,2876,2026-10-25,0
875,2876,2026-10-26,0
875,2876,2026-10-27,0
875,2876,2026-10-28,0
875,2876,2026-10-29,0
875,2876,2026-10-30,0
875,2876,2026-10-31,0
875,2876,2026-11-01,0
875,2876,2026-11-02,0
875,2876,2026-11-03,0
875,2876,2026-11-04,0
875,2876,2026-11-05,0
875,2876,2026-11-06,0
875,2876,2026-11-07,0
875,2876,2026-11-08,0
875,2876,2026-11-09,0
875,2876,2026-11-10,0
875,2876,2026-11-11,0
875,2876,2026-11-12,0
875,2876,2026-11-13,0
875,2877,2026-10-14,0
875,2877,2026-10-15,0
875,2877,2026-10-16,0
875,2877,2026-10-17,0
875,2877,2026-10-18,0
875,2877,2026-10-19,0
875,2877,2026-10-20,0
875,2877,2026-10-21,0
875,2877,2026-10-22,0
875,2877,2026-10-23,0
875,2877,2026-10-24,0
875,2877,2026-10-25,0
875,2877,2026-10-26,0
875,2877,2026-10-27,0
875,2877,2026-10-28,0
875,2877,2026-10-29,0
875,2877,2026-10-30,0
875,2877,2026-10-31,0
875,2877,2026-11-01,0
875,2877,2026-11-02,0
875,2877,2026-11-03,0
875,2877,2026-11-04,0
875,2877,2026-11-05,0
875,2877,2026-11-06,0
875,2877,2026-11-07,0
875,2877,2026-11-08,0
875,2877,2026-11-09,0
875,2877,2026-11-10,0
875,2877,2026-11-11,0
875,2877,2026-11-12,0
875,2877,2026-11-13,0
875,2878,2026-10-14,0
875,2878,2026-10-15,0
875,2878,2026-10-16,0
875,2878,2026-10-17,0
875,2878,2026-10-18,0
875,2878,2026-10-19,0
875,2878,2026-10-20,0
875,2878,2026-10-21,0
875,2878,2026-10-22,0
875,2878,2026-10-23,0
875,2878,2026-10-24,0
875,2878,2026-10-25,0
875,2878,2026-10-26,0
875,2878,2026-10-27,0
875,2878,2026-10-28,0
875,2878,2026-10-29,0
875,2878,2026-10-30,0
875,2878,2026-10-31,0
875,2878,2026-11-01,0
875,2878,2026-11-02,0
875,2878,2026-11-03,0
875,2878,2026-11-04,0
875,2878,2026-11-05,0
875,2878,2026-11-06,0
875,2878,2026-11-07,0
875,2878,2026-11-08,0
875,2878,2026-11-09,0
875,2878,2026-11-10,0
875,2878,2026-11-11,0
875,2878,2026-11-12,0
875,2878,2026-11-13,0
875,2879,2026-10-14,0
875,2879,2026-10-15,0
875,2879,2026-10-16,0
875,2879,2026-10-17,0
875,2879,2026-10-18,0
875,2879,2026-10-19,0
875,2879,2026-10-20,0
875,2879,2026-10-21,0
875,2879,2026-10-22,0
875,2879,2026-10-23,0
875,2879,2026-10-24,0
875,2879,2026-10-25,0
875,2879,2026-10-26,0
875,2879,2026-10-27,0
875,2879,2026-10-28,0
875,2879,2026-10-29,0
875,2879,2026-10-30,0
875,2879,2026-10-31,0
875,2879,2026-11-01,0
875,2879,2026-11-02,0
875,2879,2026-11-03,0
875,2879,2026-11-04,0
875,2879,2026-11-05,0
875,2879,2026-11-06,0
875,2879,2026-11-07,0
875,2879,2026-11-08,0
875,2879,2026-11-09,0
875,2879,2026-11-10,0
875,2879,2026-11-11,0
875,2879,2026-11-12,0
875,2879,2026-11-13,0
875,2880,2026-10-14,0
875,2880,2026-10-15,0
875,2880,2026-10-16,0
875,2880,2026-10-17,0
875,2880,2026-10-18,0
875,2880,2026-10-19,0
875,2880,2026-10-20,0
875,2880,2026-10-21,0
875,2880,2026-10-22,0
875,2880,2026-10-23,0
875,2880,2026-10-24,0
875,2880,2026-10-25,0
875,2880,2026-10-26,0
875,2880,2026-10-27,0
875,2880,2026-10-28,0
875,2880,2026-10-29,0
875,2880,2026-10-30,0
875,2880,2026-10-31,0
875,2880,2026-11-01,0
875,2880,2026-11-02,0
875,2880,2026-11-03,0
875,2880,2026-11-04,0
875,2880,2026-11-05,0
875,2880,2026-11-06,0
875,2880,2026-11-07,0
875,2880,2026-11-08,0
875,2880,2026-11-09,0
875,2880,2026-11-10,0
875,2880,2026-11-11,0
875,2880,2026-11-12,0
875,2880,2026-11-13,0
875,2881,2026-10-14,0
875,2881,2026-10-15,0
875,2881,2026-10-16,0
875,2881,2026-10-17,0
875,2881,2026-10-18,0
875,2881,2026-10-19,0
875,2881,2026-10-20,0
875,2881,2026-10-21,0
875,2881,2026-10-22,0
875,2881,2026-10-23,0
875,2881,2026-10-24,0
875,2881,2026-10-25,0
875,2881,2026-10-26,0
875,2881,2026-10-27,0
875,2881,2026-10-28,0
875,2881,2026-10-29,0
875,2881,2026-10-30,0
875,2881,2026-10-31,0
875,2881,2026-11-01,0
875,2881,2026-11-02,0
875,2881,2026-11-03,0
875,2881,2026-11-04,0
875,2881,2026-11-05,0
875,2881,2026-11-06,0
875,2881,2026-11-07,0
875,2881,2026-11-08,0
875,2881,2026-11-09,0
875,2881,2026-11-10,0
875,2881,2026-11-11,0
875,2881,2026-11-12,0
875,2881,2026-11-13,0
875,2882,2026-10-14,0
875,2882,2026-10-15,0
875,2882,2026-10-16,0
875,2882,2026-10-17,0
875,2882,2026-10-18,0
875,2882,2026-10-19,0
875,2882,2026-10-20,0
875,2882,2026-10-21,0
875,2882,2026-10-22,0
875,2882,2026-10-23,0
875,2882,2026-10-24,0
875,2882,2026-10-25,0
875,2882,2026-10-26,0
875,2882,2026-10-27,0
875,2882,2026-10-28,0
875,2882,2026-10-29,0
875,2882,2026-10-30,0
875,2882,2026-10-31,0
875,2882,2026-11-01,0
875,2882,2026-11-02,0
875,2882,2026-11-03,0
875,2882,2026-11-04,0
875,2882,2026-11-05,0
875,2882,2026-11-06,0
875,2882,2026-11-07,0
875,2882,2026-11-08,0
875,2882,2026-11-09,0
875,2882,2026-11-10,0
875,2882,2026-11-11,0
875,2882,2026-11-12,0
875,2882,2026-11-13,0
875,2883,2026-10-14,0
875,2883,2026-10-15,0
875,2883,2026-10-16,0
875,2883,2026-10-17,0
875,2883,2026-10-18,0
875,2883,2026-10-19,0
875,2883,2026-10-20,0
875,2883,2026-10-21,0
875,2883,2026-10-22,0
875,2883,2026-10-23,0
875,2883,2026-10-24,0
875,2883,2026-10-25,0
875,2883,2026-10-26,0
875,2883,2026-10-27,0
875,2883,2026-10-28,0
875,2883,2026-10-29,0
875,2883,2026-10-30,0
875,2883,2026-10-31,0
875,2883,2026-11-01,0
875,2883,2026-11-02,0
875,2883,2026-11-03,0
875,2883,2026-11-04,0
875,2883,2026-11-05,0
875,2883,2026-11-06,0
875,2883,2026-11-07,0
875,2883,2026-11-08,0
875,2883,2026-11-09,0
875,2883,2026-11-10,0
875,2883,2026-11-11,0
875,2883,2026-11-12,0
875,2883,2026-11-13,0
875,2884,2026-10-14,0
875,2884,2026-10-15,0
875,2884,2026-10-16,0
875,2884,2026-10-17,0
875,2884,2026-10-18,0
875,2884,2026-10-19,0
875,2884,2026-10-20,0
875,2884,2026-10-21,0
875,2884,2026-10-22,0
875,2884,2026-10-23,0
875,2884,2026-10-24,0
875,2884,2026-10-25,0
875,2884,2026-10-26,0
875,2884,2026-10-27,0
875,2884,2026-10-28,0
875,2884,2026-10-29,0
875,2884,2026-10-30,0
875,2884,2026-10-31,0
875,2884,2026-11-01,0
875,2884,2026-11-02,0
875,2884,2026-11-03,0
875,2884,2026-11-04,0
875,2884,2026-11-05,0
875,2884,2026-11-06,0
875,2884,2026-11-07,0
875,2884,2026-11-08,0
875,2884,2026-11-09,0
875,2884,2026-11-10,0
875,2884,2026-11-11,0
875,2884,2026-11-12,0
875,2884,2026-11-13,0
875,2885,2026-10-14,0
875,2885,2026-10-15,0
875,2885,2026-10-16,0
875,2885,2026-10-17,0
875,2885,2026-10-18,0
875,2885,2026-10-19,0
875,2885,2026-10-20,0
875,2885,2026-10-21,0
875,2885,2026-10-22,0
875,2885,2026-10-23,0
875,2885,2026-10-24,0
875,2885,2026-10-25,0
875,2885,2026-10-26,0
875,2885,2026-10-27,0
875,2885,2026-10-28,0
875,2885,2026-10-29,0
875,2885,2026-10-30,0
875,2885,2026-10-31,0
875,2885,2026-11-01,0
875,2885,2026-11-02,0
875,2885,2026-11-03,0
875,2885,2026-11-04,0
875,2885,2026-11-05,0
875,2885,2026-11-06,0
875,2885,2026-11-07,0
875,2885,2026-11-08,0
875,2885,2026-11-09,0
875,2885,2026-11-10,0
875,2885,2026-11-11,0
875,2885,2026-11-12,0
875,2885,2026-11-13,0
875,2886,2026-10-14,0
875,2886,2026-10-15,0
875,2886,2026-10-16,0
875,2886,2026-10-17,0
875,2886,2026-10-18,0
875,2886,2026-10-19,0
875,2886,2026-10-20,0
875,2886,2026-10-21,0
875,2886,2026-10-22,0
875,2886,2026-10-23,0
875,2886,2026-10-24,0
875,2886,2026-10-25,0
875,2886,2026-10-26,0
875,2886,2026-10-27,0
875,2886,2026-10-28,0
875,2886,2026-10-29,0
875,2886,2026-10-30,0
875,2886,2026-10-31,0
875,2886,2026-11-01,0
875,2886,2026-11-02,0
875,2886,2026-11-03,0
875,2886,2026-11-04,0
875,2886,2026-11-05,0
875,2886,2026-11-06,0
875,2886,2026-11-07,0
875,2886,2026-11-08,0
875,2886,2026-11-09,0
875,2886,2026-11-10,0
875,2886,2026-11-11,0
875,2886,2026-11-12,0
875,2886,2026-11-13,0
875,2887,2026-10-14,0
875,2887,2026-10-15,0
875,2887,2026-10-16,0
875,2887,2026-10-17,0
875,2887,2026-10-18,0
875,2887,2026-10-19,0
875,2887,2026-10-20,0
875,2887,2026-10-21,0
875,2887,2026-10-22,0
875,2887,2026-10-23,0
875,2887,2026-10-24,0
875,2887,2026-10-25,0
875,2887,2026-10-26,0
875,2887,2026-10-27,0
875,2887,2026-10-28,0
875,2887,2026-10-29,0
875,2887,2026-10-30,0
875,2887,2026-10-31,0
875,2887,2026-11-01,0
875,2887,2026-11-02,0
875,2887,2026-11-03,0
875,2887,2026-11-04,0
875,2887,2026-11-05,0
875,2887,2026-11-06,0
875,2887,2026-11-07,0
875,2887,2026-11-08,0
875,2887,2026-11-09,0
875,2887,2026-11-10,0
875,2887,2026-11-11,0
875,2887,2026-11-12,0
875,2887,2026-11-13,0
875,2865,2026-11-13,0
875,2865,2026-11-14,0
875,2865,2026-11-15,0
875,2865,2026-11-16,0
875,2865,2026-11-17,0
875,2865,2026-11-18,0
875,2865,2026-11-19,0
875,2865,2026-11-20,0
875,2865,2026-11-21,0
875,2865,2026-11-22,0
875,2865,2026-11-23,0
875,2865,2026-11-24,0
875,2865,2026-11-25,0
875,2865,2026-11-26,0
875,2865,2026-11-27,0
875,2865,2026-11-28,0
875,2865,2026-11-29,0
875,2865,2026-11-30,0
875,2865,2026-12-01,0
875,2865,2026-12-02,0
875,2865,2026-12-03,0
875,2865,2026-12-04,0
875,2865,2026-12-05,0
875,2865,2026-12-06,0
875,2865,2026-12-07,0
875,2865,2026-12-08,0
875,2865,2026-12-09,0
875,2865,2026-12-10,0
875,2865,2026-12-11,0
875,2865,2026-12-12,0
875,2865,2026-12-13,0
875,2866,2026-11-13,0
875,2866,2026-11-14,0
875,2866,2026-11-15,0
875,2866,2026-11-16,0
875,2866,2026-11-17,0
875,2866,2026-11-18,0
875,2866,2026-11-19,0
875,2866,2026-11-20,0
875,2866,2026-11-21,0
875,2866,2026-11-22,0
875,2866,2026-11-23,0
875,2866,2026-11-24,0
875,2866,2026-11-25,0
875,2866,2026-11-26,0
875,2866,2026-11-27,0
875,2866,2026-11-28,0
875,2866,2026-11-29,0
875,2866,2026-11-30,0
875,2866,2026-12-01,0
875,2866,2026-12-02,0
875,2866,2026-12-03,0
875,2866,2026-12-04,0
875,2866,2026-12-05,0
875,2866,2026-12-06,0
875,2866,2026-12-07,0
875,2866,2026-12-08,0
875,2866,2026-12-09,0
875,2866,2026-12-10,0
875,2866,2026-12-11,0
875,2866,2026-12-12,0
875,2866,2026-12-13,0
875,2867,2026-11-13,0
875,2867,2026-11-14,0
875,2867,2026-11-15,0
875,2867,2026-11-16,0
875,2867,2026-11-17,0
875,2867,2026-11-18,0
875,2867,2026-11-19,0
875,2867,2026-11-20,0
875,2867,2026-11-21,0
875,2867,2026-11-22,0
875,2867,2026-11-23,0
875,2867,2026-11-24,0
875,2867,2026-11-25,0
875,2867,2026-11-26,0
875,2867,2026-11-27,0
875,2867,2026-11-28,0
875,2867,2026-11-29,0
875,2867,2026-11-30,0
875,2867,2026-12-01,0
875,2867,2026-12-02,0
875,2867,2026-12-03,0
875,2867,2026-12-04,0
875,2867,2026-12-05,0
875,2867,2026-12-06,0
875,2867,2026-12-07,0
875,2867,2026-12-08,0
875,2867,2026-12-09,0
875,2867,2026-12-10,0
875,2867,2026-12-11,0
875,2867,2026-12-12,0
875,2867,2026-12-13,0
875,2868,2026-11-13,0
875,2868,2026-11-14,0
875,2868,2026-11-15,0
875,2868,2026-11-16,0
875,2868,2026-11-17,0
875,2868,2026-11-18,0
875,2868,2026-11-19,0
875,2868,2026-11-20,0
875,2868,2026-11-21,0
875,2868,2026-11-22,0
875,2868,2026-11-23,0
875,2868,2026-11-24,0
875,2868,2026-11-25,0
875,2868,2026-11-26,0
875,2868,2026-11-27,0
875,2868,2026-11-28,0
875,2868,2026-11-29,0
875,2868,2026-11-30,0
875,2868,2026-12-01,0
875,2868,2026-12-02,0
875,2868,2026-12-03,0
875,2868,2026-12-04,0
875,2868,2026-12-05,0
875,2868,2026-12-06,0
875,2868,2026-12-07,0
875,2868,2026-12-08,0
875,2868,2026-12-09,0
875,2868,2026-12-10,0
875,2868,2026-12-11,0
875,2868,2026-12-12,0
875,2868,2026-12-13,0
875,2869,2026-11-13,0
875,2869,2026-11-14,0
875,2869,2026-11-15,0
875,2869,2026-11-16,0
875,2869,2026-11-17,0
875,2869,2026-11-18,0
875,2869,2026-11-19,0
875,2869,2026-11-20,0
875,2869,2026-11-21,0
875,2869,2026-11-22,0
875,2869,2026-11-23,0
875,2869,2026-11-24,0
875,2869,2026-11-25,0
875,2869,2026-11-26,0
875,2869,2026-11-27,0
875,2869,2026-11-28,0
875,2869,2026-11-29,0
875,2869,2026-11-30,0
875,2869,2026-12-01,0
875,2869,2026-12-02,0
875,2869,2026-12-03,0
875,2869,2026-12-04,0
875,2869,2026-12-05,0
875,2869,2026-12-06,0
875,2869,2026-12-07,0
875,2869,2026-12-08,0
875,2869,2026-12-09,0
875,2869,2026-12-10,0
875,2869,2026-12-11,0
875,2869,2026-12-12,0
875,2869,2026-12-13,0
875,2870,2026-11-13,0
875,2870,2026-11-14,0
875,2870,2026-11-15,0
875,2870,2026-11-16,0
875,2870,2026-11-17,0
875,2870,2026-11-18,0
875,2870,2026-11-19,0
875,2870,2026-11-20,0
875,2870,2026-11-21,0
875,2870,2026-11-22,0
875,2870,2026-11-23,0
875,2870,2026-11-24,0
875,2870,2026-11-25,0
875,2870,2026-11-26,0
875,2870,2026-11-27,0
875,2870,2026-11-28,0
875,2870,2026-11-29,0
875,2870,2026-11-30,0
875,2870,2026-12-01,0
875,2870,2026-12-02,0
875,2870,2026-12-03,0
875,2870,2026-12-04,0
875,2870,2026-12-05,0
875,2870,2026-12-06,0
875,2870,2026-12-07,0
875,2870,2026-12-08,0
875,2870,2026-12-09,0
875,2870,2026-12-10,0
875,2870,2026-12-11,0
875,2870,2026-12-12,0
875,2870,2026-12-13,0
875,2871,2026-11-13,0
875,2871,2026-11-14,0
875,2871,2026-11-15,0
875,2871,2026-11-16,0
875,2871,2026-11-17,0
875,2871,2026-11-18,0
875,2871,2026-11-19,0
875,2871,2026-11-20,0
875,2871,2026-11-21,0
875,2871,2026-11-22,0
875,2871,2026-11-23,0
875,2871,2026-11-24,0
875,2871,2026-11-25,0
875,2871,2026-11-26,0
875,2871,2026-11-27,0
875,2871,2026-11-28,0
875,2871,2026-11-29,0
875,2871,2026-11-30,0
875,2871,2026-12-01,0
875,2871,2026-12-02,0
875,2871,2026-12-03,0
875,2871,2026-12-04,0
875,2871,2026-12-05,0
875,2871,2026-12-06,0
875,2871,2026-12-07,0
875,2871,2026-12-08,0
875,2871,2026-12-09,0
875,2871,2026-12-10,0
875,2871,2026-12-11,0
875,2871,2026-12-12,0
875,2871,2026-12-13,0
875,2872,2026-11-13,0
875,2872,2026-11-14,0
875,2872,2026-11-15,0
875,2872,2026-11-16,0
875,2872,2026-11-17,0
875,2872,2026-11-18,0
875,2872,2026-11-19,0
875,2872,2026-11-20,0
875,2872,2026-11-21,0
875,2872,2026-11-22,0
875,2872,2026-11-23,0
875,2872,2026-11-24,0
875,2872,2026-11-25,0
875,2872,2026-11-26,0
875,2872,2026-11-27,0
875,2872,2026-11-28,0
875,2872,2026-11-29,0
875,2872,2026-11-30,0
875,2872,2026-12-01,0
875,2872,2026-12-02,0
875,2872,2026-12-03,0
875,2872,2026-12-04,0
875,2872,2026-12-05,0
875,2872,2026-12-06,0
875,2872,2026-12-07,0
875,2872,2026-12-08,0
875,2872,2026-12-09,0
875,2872,2026-12-10,0
875,2872,2026-12-11,0
875,2872,2026-12-12,0
875,2872,2026-12-13,0
875,2873,2026-11-13,0
875,2873,2026-11-14,0
875,2873,2026-11-15,0
875,2873,2026-11-16,0
875,2873,2026-11-17,0
875,2873,2026-11-18,0
875,2873,2026-11-19,0
875,2873,2026-11-20,0
875,2873,2026-11-21,0
875,2873,2026-11-22,0
875,2873,2026-11-23,0
875,2873,2026-11-24,0
875,2873,2026-11-25,0
875,2873,2026-11-26,0
875,2873,2026-11-27,0
875,2873,2026-11-28,0
875,2873,2026-11-29,0
875,2873,2026-11-30,0
875,2873,2026-12-01,0
875,2873,2026-12-02,0
875,2873,2026-12-03,0
875,2873,2026-12-04,0
875,2873,2026-12-05,0
875,2873,2026-12-06,0
875,2873,2026-12-07,0
875,2873,2026-12-08,0
875,2873,2026-12-09,0
875,2873,2026-12-10,0
875,2873,2026-12-11,0
875,2873,2026-12-12,0
875,2873,2026-12-13,0
875,2874,2026-11-13,0
875,2874,2026-11-14,0
875,2874,2026-11-15,0
875,2874,2026-11-16,0
875,2874,2026-11-17,0
875,2874,2026-11-18,0
875,2874,2026-11-19,0
875,2874,2026-11-20,0
875,2874,2026-11-21,0
875,2874,2026-11-22,0
875,2874,2026-11-23,0
875,2874,2026-11-24,0
875,2874,2026-11-25,0
875,2874,2026-11-26,0
875,2874,2026-11-27,0
875,2874,2026-11-28,0
875,2874,2026-11-29,0
875,2874,2026-11-30,0
875,2874,2026-12-01,0
875,2874,2026-12-02,0
875,2874,2026-12-03,0
875,2874,2026-12-04,0
875,2874,2026-12-05,0
875,2874,2026-12-06,0
875,2874,2026-12-07,0
875,2874,2026-12-08,0
875,2874,2026-12-09,0
875,2874,2026-12-10,0
875,2874,2026-12-11,0
875,2874,2026-12-12,0
875,2874,2026-12-13,0
875,2876,2026-11-13,0
875,2876,2026-11-14,0
875,2876,2026-11-15,0
875,2876,2026-11-16,0
875,2876,2026-11-17,0
875,2876,2026-11-18,0
875,2876,2026-11-19,0
875,2876,2026-11-20,0
875,2876,2026-11-21,0
875,2876,2026-11-22,0
875,2876,2026-11-23,0
875,2876,2026-11-24,0
875,2876,2026-11-25,0
875,2876,2026-11-26,0
875,2876,2026-11-27,0
875,2876,2026-11-28,0
875,2876,2026-11-29,0
875,2876,2026-11-30,0
875,2876,2026-12-01,0
875,2876,2026-12-02,0
875,2876,2026-12-03,0
875,2876,2026-12-04,0
875,2876,2026-12-05,0
875,2876,2026-12-06,0
875,2876,2026-12-07,0
875,2876,2026-12-08,0
875,2876,2026-12-09,0
875,2876,2026-12-10,0
875,2876,2026-12-11,0
875,2876,2026-12-12,0
875,2876,2026-12-13,0
875,2877,2026-11-13,0
875,2877,2026-11-14,0
875,2877,2026-11-15,0
875,2877,2026-11-16,0
875,2877,2026-11-17,0
875,2877,2026-11-18,0
875,2877,2026-11-19,0
875,2877,2026-11-20,0
875,2877,2026-11-21,0
875,2877,2026-11-22,0
875,2877,2026-11-23,0
875,2877,2026-11-24,0
875,2877,2026-11-25,0
875,2877,2026-11-26,0
875,2877,2026-11-27,0
875,2877,2026-11-28,0
875,2877,2026-11-29,0
875,2877,2026-11-30,0
875,2877,2026-12-01,0
875,2877,2026-12-02,0
875,2877,2026-12-03,0
875,2877,2026-12-04,0
875,2877,2026-12-05,0
875,2877,2026-12-06,0
875,2877,2026-12-07,0
875,2877,2026-12-08,0
875,2877,2026-12-09,0
875,2877,2026-12-10,0
875,2877,2026-12-11,0
875,2877,2026-12-12,0
875,2877,2026-12-13,0
875,2878,2026-11-13,0
875,2878,2026-11-14,0
875,2878,2026-11-15,0
875,2878,2026-11-16,0
875,2878,2026-11-17,0
875,2878,2026-11-18,0
875,2878,2026-11-19,0
875,2878,2026-11-20,0
875,2878,2026-11-21,0
875,2878,2026-11-22,0
875,2878,2026-11-23,0
875,2878,2026-11-24,0
875,2878,2026-11-25,0
875,2878,2026-11-26,0
875,2878,2026-11-27,0
875,2878,2026-11-28,0
875,2878,2026-11-29,0
875,2878,2026-11-30,0
875,2878,2026-12-01,0
875,2878,2026-12-02,0
875,2878,2026-12-03,0
875,2878,2026-12-04,0
875,2878,2026-12-05,0
875,2878,2026-12-06,0
875,2878,2026-12-07,0
875,2878,2026-12-08,0
875,2878,2026-12-09,0
875,2878,2026-12-10,0
875,2878,2026-12-11,0
875,2878,2026-12-12,0
875,2878,2026-12-13,0
875,2879,2026-11-13,0
875,2879,2026-11-14,0
875,2879,2026-11-15,0
875,2879,2026-11-16,0
875,2879,2026-11-17,0
875,2879,2026-11-18,0
875,2879,2026-11-19,0
875,2879,2026-11-20,0
875,2879,2026-11-21,0
875,2879,2026-11-22,0
875,2879,2026-11-23,0
875,2879,2026-11-24,0
875,2879,2026-11-25,0
875,2879,2026-11-26,0
875,2879,2026-11-27,0
875,2879,2026-11-28,0
875,2879,2026-11-29,0
875,2879,2026-11-30,0
875,2879,2026-12-01,0
875,2879,2026-12-02,0
875,2879,2026-12-03,0
875,2879,2026-12-04,0
875,2879,2026-12-05,0
875,2879,2026-12-06,0
875,2879,2026-12-07,0
875,2879,2026-12-08,0
875,2879,2026-12-09,0
875,2879,2026-12-10,0
875,2879,2026-12-11,0
875,2879,2026-12-12,0
875,2879,2026-12-13,0
875,2880,2026-11-13,0
875,2880,2026-11-14,0
875,2880,2026-11-15,0
875,2880,2026-11-16,0
875,2880,2026-11-17,0
875,2880,2026-11-18,0
875,2880,2026-11-19,0
875,2880,2026-11-20,0
875,2880,2026-11-21,0
875,2880,2026-11-22,0
875,2880,2026-11-23,0
875,2880,2026-11-24,0
875,2880,2026-11-25,0
875,2880,2026-11-26,0
875,2880,2026-11-27,0
875,2880,2026-11-28,0
875,2880,2026-11-29,0
875,2880,2026-11-30,0
875,2880,2026-12-01,0
875,2880,2026-12-02,0
875,2880,2026-12-03,0
875,2880,2026-12-04,0
875,2880,2026-12-05,0
875,2880,2026-12-06,0
875,2880,2026-12-07,0
875,2880,2026-12-08,0
875,2880,2026-12-09,0
875,2880,2026-12-10,0
875,2880,2026-12-11,0
875,2880,2026-12-12,0
875,2880,2026-12-13,0
875,2881,2026-11-13,0
875,2881,2026-11-14,0
875,2881,2026-11-15,0
875,2881,2026-11-16,0
875,2881,2026-11-17,0
875,2881,2026-11-18,0
875,2881,2026-11-19,0
875,2881,2026-11-20,0
875,2881,2026-11-21,0
875,2881,2026-11-22,0
875,2881,2026-11-23,0
875,2881,2026-11-24,0
875,2881,2026-11-25,0
875,2881,2026-11-26,0
875,2881,2026-11-27,0
875,2881,2026-11-28,0
875,2881,2026-11-29,0
875,2881,2026-11-30,0
875,2881,2026-12-01,0
875,2881,2026-12-02,0
875,2881,2026-12-03,0
875,2881,2026-12-04,0
875,2881,2026-12-05,0
875,2881,2026-12-06,0
875,2881,2026-12-07,0
875,2881,2026-12-08,0
875,2881,2026-12-09,0
875,2881,2026-12-10,0
875,2881,2026-12-11,0
875,2881,2026-12-12,0
875,2881,2026-12-13,0
875,2882,2026-11-13,0
875,2882,2026-11-14,0
875,2882,2026-11-15,0
875,2882,2026-11-16,0
875,2882,2026-11-17,0
875,2882,2026-11-18,0
875,2882,2026-11-19,0
875,2882,2026-11-20,0
875,2882,2026-11-21,0
875,2882,2026-11-22,0
875,2882,2026-11-23,0
875,2882,2026-11-24,0
875,2882,2026-11-25,0
875,2882,2026-11-26,0
875,2882,2026-11-27,0
875,2882,2026-11-28,0
875,2882,2026-11-29,0
875,2882,2026-11-30,0
875,2882,2026-12-01,0
875,2882,2026-12-02,0
875,2882,2026-12-03,0
875,2882,2026-12-04,0
875,2882,2026-12-05,0
875,2882,2026-12-06,0
875,2882,2026-12-07,0
875,2882,2026-12-08,0
875,2882,2026-12-09,0
875,2882,2026-12-10,0
875,2882,2026-12-11,0
875,2882,2026-12-12,0
875,2882,2026-12-13,0
875,2883,2026-11-13,0
875,2883,2026-11-14,0
875,2883,2026-11-15,0
875,2883,2026-11-16,0
875,2883,2026-11-17,0
875,2883,2026-11-18,0
875,2883,2026-11-19,0
875,2883,2026-11-20,0
875,2883,2026-11-21,0
875,2883,2026-11-22,0
875,2883,2026-11-23,0
875,2883,2026-11-24,0
875,2883,2026-11-25,0
875,2883,2026-11-26,0
875,2883,2026-11-27,0
875,2883,2026-11-28,0
875,2883,2026-11-29,0
875,2883,2026-11-30,0
875,2883,2026-12-01,0
875,2883,2026-12-02,0
875,2883,2026-12-03,0
875,2883,2026-12-04,0
875,2883,2026-12-05,0
875,2883,2026-12-06,0
875,2883,2026-12-07,0
875,2883,2026-12-08,0
875,2883,2026-12-09,0
875,2883,2026-12-10,0
875,2883,2026-12-11,0
875,2883,2026-12-12,0
875,2883,2026-12-13,0
875,2884,2026-11-13,0
875,2884,2026-11-14,0
875,2884,2026-11-15,0
875,2884,2026-11-16,0
875,2884,2026-11-17,0
875,2884,2026-11-18,0
875,2884,2026-11-19,0
875,2884,2026-11-20,0
875,2884,2026-11-21,0
875,2884,2026-11-22,0
875,2884,2026-11-23,0
875,2884,2026-11-24,0
875,2884,2026-11-25,0
875,2884,2026-11-26,0
875,2884,2026-11-27,0
875,2884,2026-11-28,0
875,2884,2026-11-29,0
875,2884,2026-11-30,0
875,2884,2026-12-01,0
875,2884,2026-12-02,0
875,2884,2026-12-03,0
875,2884,2026-12-04,0
875,2884,2026-12-05,0
875,2884,2026-12-06,0
875,2884,2026-12-07,0
875,2884,2026-12-08,0
875,2884,2026-12-09,0
875,2884,2026-12-10,0
875,2884,2026-12-11,0
875,2884,2026-12-12,0
875,2884,2026-12-13,0
875,2885,2026-11-13,0
875,2885,2026-11-14,0
875,2885,2026-11-15,0
875,2885,2026-11-16,0
875,2885,2026-11-17,0
875,2885,2026-11-18,0
875,2885,2026-11-19,0
875,2885,2026-11-20,0
875,2885,2026-11-21,0
875,2885,2026-11-22,0
875,2885,2026-11-23,0
875,2885,2026-11-24,0
875,2885,2026-11-25,0
875,2885,2026-11-26,0
875,2885,2026-11-27,0
875,2885,2026-11-28,0
875,2885,2026-11-29,0
875,2885,2026-11-30,0
875,2885,2026-12-01,0
875,2885,2026-12-02,0
875,2885,2026-12-03,0
875,2885,2026-12-04,0
875,2885,2026-12-05,0
875,2885,2026-12-06,0
875,2885,2026-12-07,0
875,2885,2026-12-08,0
875,2885,2026-12-09,0
875,2885,2026-12-10,0
875,2885,2026-12-11,0
875,2885,2026-12-12,0
875,2885,2026-12-13,0
875,2886,2026-11-13,0
875,2886,2026-11-14,0
875,2886,2026-11-15,0
875,2886,2026-11-16,0
875,2886,2026-11-17,0
875,2886,2026-11-18,0
875,2886,2026-11-19,0
875,2886,2026-11-20,0
875,2886,2026-11-21,0
875,2886,2026-11-22,0
875,2886,2026-11-23,0
875,2886,2026-11-24,0
875,2886,2026-11-25,0
875,2886,2026-11-26,0
875,2886,2026-11-27,0
875,2886,2026-11-28,0
875,2886,2026-11-29,0
875,2886,2026-11-30,0
875,2886,2026-12-01,0
875,2886,2026-12-02,0
875,2886,2026-12-03,0
875,2886,2026-12-04,0
875,2886,2026-12-05,0
875,2886,2026-12-06,0
875,2886,2026-12-07,0
875,2886,2026-12-08,0
875,2886,2026-12-09,0
875,2886,2026-12-10,0
875,2886,2026-12-11,0
875,2886,2026-12-12,0
875,2886,2026-12-13,0
875,2887,2026-11-13,0
875,2887,2026-11-14,0
875,2887,2026-11-15,0
875,2887,2026-11-16,0
875,2887,2026-11-17,0
875,2887,2026-11-18,0
875,2887,2026-11-19,0
875,2887,2026-11-20,0
875,2887,2026-11-21,0
875,2887,2026-11-22,0
875,2887,2026-11-23,0
875,2887,2026-11-24,0
875,2887,2026-11-25,0
875,2887,2026-11-26,0
875,2887,2026-11-27,0
875,2887,2026-11-28,0
875,2887,2026-11-29,0
875,2887,2026-11-30,0
875,2887,2026-12-01,0
875,2887,2026-12-02,0
875,2887,2026-12-03,0
875,2887,2026-12-04,0
875,2887,2026-12-05,0
875,2887,2026-12-06,0
875,2887,2026-12-07,0
875,2887,2026-12-08,0
875,2887,2026-12-09,0
875,2887,2026-12-10,0
875,2887,2026-12-11,0
875,2887,2026-12-12,0
875,2887,2026-12-13,0
875,2865,2026-07-16,0
875,2865,2026-07-17,0
875,2865,2026-07-18,0
875,2865,2026-07-19,0
875,2865,2026-07-20,0
875,2865,2026-07-21,0
875,2865,2026-07-22,0
875,2865,2026-07-23,0
875,2865,2026-07-24,0
875,2865,2026-07-25,0
875,2865,2026-07-26,0
875,2865,2026-07-27,0
875,2865,2026-07-28,0
875,2865,2026-07-29,0
875,2865,2026-07-30,0
875,2865,2026-07-31,0
875,2865,2026-08-01,0
875,2865,2026-08-02,0
875,2865,2026-08-03,0
875,2865,2026-08-04,0
875,2865,2026-08-05,0
875,2865,2026-08-06,0
875,2865,2026-08-07,0
875,2865,2026-08-08,0
875,2865,2026-08-09,0
875,2865,2026-08-10,0
875,2865,2026-08-11,0
875,2865,2026-08-12,0
875,2865,2026-08-13,0
875,2865,2026-08-14,0
875,2865,2026-08-15,0
875,2866,2026-07-16,0
875,2866,2026-07-17,0
875,2866,2026-07-18,0
875,2866,2026-07-19,0
875,2866,2026-07-20,0
875,2866,2026-07-21,0
875,2866,2026-07-22,0
875,2866,2026-07-23,0
875,2866,2026-07-24,0
875,2866,2026-07-25,0
875,2866,2026-07-26,0
875,2866,2026-07-27,0
875,2866,2026-07-28,0
875,2866,2026-07-29,0
875,2866,2026-07-30,0
875,2866,2026-07-31,0
875,2866,2026-08-01,0
875,2866,2026-08-02,0
875,2866,2026-08-03,0
875,2866,2026-08-04,0
875,2866,2026-08-05,0
875,2866,2026-08-06,0
875,2866,2026-08-07,0
875,2866,2026-08-08,0
875,2866,2026-08-09,0
875,2866,2026-08-10,0
875,2866,2026-08-11,0
875,2866,2026-08-12,0
875,2866,2026-08-13,0
875,2866,2026-08-14,0
875,2866,2026-08-15,0
875,2867,2026-07-16,0
875,2867,2026-07-17,0
875,2867,2026-07-18,0
875,2867,2026-07-19,0
875,2867,2026-07-20,0
875,2867,2026-07-21,0
875,2867,2026-07-22,0
875,2867,2026-07-23,0
875,2867,2026-07-24,0
875,2867,2026-07-25,0
875,2867,2026-07-26,0
875,2867,2026-07-27,0
875,2867,2026-07-28,0
875,2867,2026-07-29,0
875,2867,2026-07-30,0
875,2867,2026-07-31,0
875,2867,2026-08-01,0
875,2867,2026-08-02,0
875,2867,2026-08-03,0
875,2867,2026-08-04,0
875,2867,2026-08-05,0
875,2867,2026-08-06,0
875,2867,2026-08-07,0
875,2867,2026-08-08,0
875,2867,2026-08-09,0
875,2867,2026-08-10,0
875,2867,2026-08-11,0
875,2867,2026-08-12,0
875,2867,2026-08-13,0
875,2867,2026-08-14,0
875,2867,2026-08-15,0
875,2868,2026-07-16,0
875,2868,2026-07-17,0
875,2868,2026-07-18,0
875,2868,2026-07-19,0
875,2868,2026-07-20,0
875,2868,2026-07-21,0
875,2868,2026-07-22,0
875,2868,2026-07-23,0
875,2868,2026-07-24,0
875,2868,2026-07-25,0
875,2868,2026-07-26,0
875,2868,2026-07-27,0
875,2868,2026-07-28,0
875,2868,2026-07-29,0
875,2868,2026-07-30,0
875,2868,2026-07-31,0
875,2868,2026-08-01,0
875,2868,2026-08-02,0
875,2868,2026-08-03,0
875,2868,2026-08-04,0
875,2868,2026-08-05,0
875,2868,2026-08-06,0
875,2868,2026-08-07,0
875,2868,2026-08-08,0
875,2868,2026-08-09,0
875,2868,2026-08-10,0
875,2868,2026-08-11,0
875,2868,2026-08-12,0
875,2868,2026-08-13,0
875,2868,2026-08-14,0
875,2868,2026-08-15,0
875,2869,2026-07-16,0
875,2869,2026-07-17,0
875,2869,2026-07-18,0
875,2869,2026-07-19,0
875,2869,2026-07-20,0
875,2869,2026-07-21,0
875,2869,2026-07-22,0
875,2869,2026-07-23,0
875,2869,2026-07-24,0
875,2869,2026-07-25,0
875,2869,2026-07-26,0
875,2869,2026-07-27,0
875,2869,2026-07-28,0
875,2869,2026-07-29,0
875,2869,2026-07-30,0
875,2869,2026-07-31,0
875,2869,2026-08-01,0
875,2869,2026-08-02,0
875,2869,2026-08-03,0
875,2869,2026-08-04,0
875,2869,2026-08-05,0
875,2869,2026-08-06,0
875,2869,2026-08-07,0
875,2869,2026-08-08,0
875,2869,2026-08-09,0
875,2869,2026-08-10,0
875,2869,2026-08-11,0
875,2869,2026-08-12,0
875,2869,2026-08-13,0
875,2869,2026-08-14,0
875,2869,2026-08-15,0
875,2870,2026-07-16,0
875,2870,2026-07-17,0
875,2870,2026-07-18,0
875,2870,2026-07-19,0
875,2870,2026-07-20,0
875,2870,2026-07-21,0
875,2870,2026-07-22,0
875,2870,2026-07-23,0
875,2870,2026-07-24,0
875,2870,2026-07-25,0
875,2870,2026-07-26,0
875,2870,2026-07-27,0
875,2870,2026-07-28,0
875,2870,2026-07-29,0
875,2870,2026-07-30,0
875,2870,2026-07-31,0
875,2870,2026-08-01,0
875,2870,2026-08-02,0
875,2870,2026-08-03,0
875,2870,2026-08-04,0
875,2870,2026-08-05,0
875,2870,2026-08-06,0
875,2870,2026-08-07,0
875,2870,2026-08-08,0
875,2870,2026-08-09,0
875,2870,2026-08-10,0
875,2870,2026-08-11,0
875,2870,2026-08-12,0
875,2870,2026-08-13,0
875,2870,2026-08-14,0
875,2870,2026-08-15,0
875,2871,2026-07-16,0
875,2871,2026-07-17,0
875,2871,2026-07-18,0
875,2871,2026-07-19,0
875,2871,2026-07-20,0
875,2871,2026-07-21,0
875,2871,2026-07-22,0
875,2871,2026-07-23,0
875,2871,2026-07-24,0
875,2871,2026-07-25,0
875,2871,2026-07-26,0
875,2871,2026-07-27,0
875,2871,2026-07-28,0
875,2871,2026-07-29,0
875,2871,2026-07-30,0
875,2871,2026-07-31,0
875,2871,2026-08-01,0
875,2871,2026-08-02,0
875,2871,2026-08-03,0
875,2871,2026-08-04,0
875,2871,2026-08-05,0
875,2871,2026-08-06,0
875,2871,2026-08-07,0
875,2871,2026-08-08,0
875,2871,2026-08-09,0
875,2871,2026-08-10,0
875,2871,2026-08-11,0
875,2871,2026-08-12,0
875,2871,2026-08-13,0
875,2871,2026-08-14,0
875,2871,2026-08-15,0
875,2872,2026-07-16,0
875,2872,2026-07-17,0
875,2872,2026-07-18,0
875,2872,2026-07-19,0
875,2872,2026-07-20,0
875,2872,2026-07-21,0
875,2872,2026-07-22,0
875,2872,2026-07-23,0
875,2872,2026-07-24,0
875,2872,2026-07-25,0
875,2872,2026-07-26,0
875,2872,2026-07-27,0
875,2872,2026-07-28,0
875,2872,2026-07-29,0
875,2872,2026-07-30,0
875,2872,2026-07-31,0
875,2872,2026-08-01,0
875,2872,2026-08-02,0
875,2872,2026-08-03,0
875,2872,2026-08-04,0
875,2872,2026-08-05,0
875,2872,2026-08-06,0
875,2872,2026-08-07,0
875,2872,2026-08-08,0
875,2872,2026-08-09,0
875,2872,2026-08-10,0
875,2872,2026-08-11,0
875,2872,2026-08-12,0
875,2872,2026-08-13,0
875,2872,2026-08-14,0
875,2872,2026-08-15,0
875,2873,2026-07-16,0
875,2873,2026-07-17,0
875,2873,2026-07-18,0
875,2873,2026-07-19,0
875,2873,2026-07-20,0
875,2873,2026-07-21,0
875,2873,2026-07-22,0
875,2873,2026-07-23,0
875,2873,2026-07-24,0
875,2873,2026-07-25,0
875,2873,2026-07-26,0
875,2873,2026-07-27,0
875,2873,2026-07-28,0
875,2873,2026-07-29,0
875,2873,2026-07-30,0
875,2873,2026-07-31,0
875,2873,2026-08-01,0
875,2873,2026-08-02,0
875,2873,2026-08-03,0
875,2873,2026-08-04,0
875,2873,2026-08-05,0
875,2873,2026-08-06,0
875,2873,2026-08-07,0
875,2873,2026-08-08,0
875,2873,2026-08-09,0
875,2873,2026-08-10,0
875,2873,2026-08-11,0
875,2873,2026-08-12,0
875,2873,2026-08-13,0
875,2873,2026-08-14,0
875,2873,2026-08-15,0
875,2874,2026-07-16,0
875,2874,2026-07-17,0
875,2874,2026-07-18,0
875,2874,2026-07-19,0
875,2874,2026-07-20,0
875,2874,2026-07-21,0
875,2874,2026-07-22,0
875,2874,2026-07-23,0
875,2874,2026-07-24,0
875,2874,2026-07-25,0
875,2874,2026-07-26,0
875,2874,2026-07-27,0
875,2874,2026-07-28,0
875,2874,2026-07-29,0
875,2874,2026-07-30,0
875,2874,2026-07-31,0
875,2874,2026-08-01,0
875,2874,2026-08-02,0
875,2874,2026-08-03,0
875,2874,2026-08-04,0
875,2874,2026-08-05,0
875,2874,2026-08-06,0
875,2874,2026-08-07,0
875,2874,2026-08-08,0
875,2874,2026-08-09,0
875,2874,2026-08-10,0
875,2874,2026-08-11,0
875,2874,2026-08-12,0
875,2874,2026-08-13,0
875,2874,2026-08-14,0
875,2874,2026-08-15,0
875,2876,2026-07-16,0
875,2876,2026-07-17,0
875,2876,2026-07-18,0
875,2876,2026-07-19,0
875,2876,2026-07-20,0
875,2876,2026-07-21,0
875,2876,2026-07-22,0
875,2876,2026-07-23,0
875,2876,2026-07-24,0
875,2876,2026-07-25,0
875,2876,2026-07-26,0
875,2876,2026-07-27,0
875,2876,2026-07-28,0
875,2876,2026-07-29,0
875,2876,2026-07-30,0
875,2876,2026-07-31,0
875,2876,2026-08-01,0
875,2876,2026-08-02,0
875,2876,2026-08-03,0
875,2876,2026-08-04,0
875,2876,2026-08-05,0
875,2876,2026-08-06,0
875,2876,2026-08-07,0
875,2876,2026-08-08,0
875,2876,2026-08-09,0
875,2876,2026-08-10,0
875,2876,2026-08-11,0
875,2876,2026-08-12,0
875,2876,2026-08-13,0
875,2876,2026-08-14,0
875,2876,2026-08-15,0
875,2877,2026-07-16,0
875,2877,2026-07-17,0
875,2877,2026-07-18,0
875,2877,2026-07-19,0
875,2877,2026-07-20,0
875,2877,2026-07-21,0
875,2877,2026-07-22,0
875,2877,2026-07-23,0
875,2877,2026-07-24,0
875,2877,2026-07-25,0
875,2877,2026-07-26,0
875,2877,2026-07-27,0
875,2877,2026-07-28,0
875,2877,2026-07-29,0
875,2877,2026-07-30,0
875,2877,2026-07-31,0
875,2877,2026-08-01,0
875,2877,2026-08-02,0
875,2877,2026-08-03,0
875,2877,2026-08-04,0
875,2877,2026-08-05,0
875,2877,2026-08-06,0
875,2877,2026-08-07,0
875,2877,2026-08-08,0
875,2877,2026-08-09,0
875,2877,2026-08-10,0
875,2877,2026-08-11,0
875,2877,2026-08-12,0
875,2877,2026-08-13,0
875,2877,2026-08-14,0
875,2877,2026-08-15,0
875,2878,2026-07-16,0
875,2878,2026-07-17,0
875,2878,2026-07-18,0
875,2878,2026-07-19,0
875,2878,2026-07-20,0
875,2878,2026-07-21,0
875,2878,2026-07-22,0
875,2878,2026-07-23,0
875,2878,2026-07-24,0
875,2878,2026-07-25,0
875,2878,2026-07-26,0
875,2878,2026-07-27,0
875,2878,2026-07-28,0
875,2878,2026-07-29,0
875,2878,2026-07-30,0
875,2878,2026-07-31,0
875,2878,2026-08-01,0
875,2878,2026-08-02,0
875,2878,2026-08-03,0
875,2878,2026-08-04,0
875,2878,2026-08-05,0
875,2878,2026-08-06,0
875,2878,2026-08-07,0
875,2878,2026-08-08,0
875,2878,2026-08-09,0
875,2878,2026-08-10,0
875,2878,2026-08-11,0
875,2878,2026-08-12,0
875,2878,2026-08-13,0
875,2878,2026-08-14,0
875,2878,2026-08-15,0
875,2879,2026-07-16,0
875,2879,2026-07-17,0
875,2879,2026-07-18,0
875,2879,2026-07-19,0
875,2879,2026-07-20,0
875,2879,2026-07-21,0
875,2879,2026-07-22,0
875,2879,2026-07-23,0
875,2879,2026-07-24,0
875,2879,2026-07-25,0
875,2879,2026-07-26,0
875,2879,2026-07-27,0
875,2879,2026-07-28,0
875,2879,2026-07-29,0
875,2879,2026-07-30,0
875,2879,2026-07-31,0
875,2879,2026-08-01,0
875,2879,2026-08-02,0
875,2879,2026-08-03,0
875,2879,2026-08-04,0
875,2879,2026-08-05,0
875,2879,2026-08-06,0
875,2879,2026-08-07,0
875,2879,2026-08-08,0
875,2879,2026-08-09,0
875,2879,2026-08-10,0
875,2879,2026-08-11,0
875,2879,2026-08-12,0
875,2879,2026-08-13,0
875,2879,2026-08-14,0
875,2879,2026-08-15,0
875,2880,2026-07-16,0
875,2880,2026-07-17,0
875,2880,2026-07-18,0
875,2880,2026-07-19,0
875,2880,2026-07-20,0
875,2880,2026-07-21,0
875,2880,2026-07-22,0
875,2880,2026-07-23,0
875,2880,2026-07-24,0
875,2880,2026-07-25,0
875,2880,2026-07-26,0
875,2880,2026-07-27,0
875,2880,2026-07-28,0
875,2880,2026-07-29,0
875,2880,2026-07-30,0
875,2880,2026-07-31,0
875,2880,2026-08-01,0
875,2880,2026-08-02,0
875,2880,2026-08-03,0
875,2880,2026-08-04,0
875,2880,2026-08-05,0
875,2880,2026-08-06,0
875,2880,2026-08-07,0
875,2880,2026-08-08,0
875,2880,2026-08-09,0
875,2880,2026-08-10,0
875,2880,2026-08-11,0
875,2880,2026-08-12,0
875,2880,2026-08-13,0
875,2880,2026-08-14,0
875,2880,2026-08-15,0
875,2881,2026-07-16,0
875,2881,2026-07-17,0
875,2881,2026-07-18,0
875,2881,2026-07-19,0
875,2881,2026-07-20,0
875,2881,2026-07-21,0
875,2881,2026-07-22,0
875,2881,2026-07-23,0
875,2881,2026-07-24,0
875,2881,2026-07-25,0
875,2881,2026-07-26,0
875,2881,2026-07-27,0
875,2881,2026-07-28,0
875,2881,2026-07-29,0
875,2881,2026-07-30,0
875,2881,2026-07-31,0
875,2881,2026-08-01,0
875,2881,2026-08-02,0
875,2881,2026-08-03,0
875,2881,2026-08-04,0
875,2881,2026-08-05,0
875,2881,2026-08-06,0
875,2881,2026-08-07,0
875,2881,2026-08-08,0
875,2881,2026-08-09,0
875,2881,2026-08-10,0
875,2881,2026-08-11,0
875,2881,2026-08-12,0
875,2881,2026-08-13,0
875,2881,2026-08-14,0
875,2881,2026-08-15,0
875,2882,2026-07-16,0
875,2882,2026-07-17,0
875,2882,2026-07-18,0
875,2882,2026-07-19,0
875,2882,2026-07-20,0
875,2882,2026-07-21,0
875,2882,2026-07-22,0
875,2882,2026-07-23,0
875,2882,2026-07-24,0
875,2882,2026-07-25,0
875,2882,2026-07-26,0
875,2882,2026-07-27,0
875,2882,2026-07-28,0
875,2882,2026-07-29,0
875,2882,2026-07-30,0
875,2882,2026-07-31,0
875,2882,2026-08-01,0
875,2882,2026-08-02,0
875,2882,2026-08-03,0
875,2882,2026-08-04,0
875,2882,2026-08-05,0
875,2882,2026-08-06,0
875,2882,2026-08-07,0
875,2882,2026-08-08,0
875,2882,2026-08-09,0
875,2882,2026-08-10,0
875,2882,2026-08-11,0
875,2882,2026-08-12,0
875,2882,2026-08-13,0
875,2882,2026-08-14,0
875,2882,2026-08-15,0
875,2883,2026-07-16,0
875,2883,2026-07-17,0
875,2883,2026-07-18,0
875,2883,2026-07-19,0
875,2883,2026-07-20,0
875,2883,2026-07-21,0
875,2883,2026-07-22,0
875,2883,2026-07-23,0
875,2883,2026-07-24,0
875,2883,2026-07-25,0
875,2883,2026-07-26,0
875,2883,2026-07-27,0
875,2883,2026-07-28,0
875,2883,2026-07-29,0
875,2883,2026-07-30,0
875,2883,2026-07-31,0
875,2883,2026-08-01,0
875,2883,2026-08-02,0
875,2883,2026-08-03,0
875,2883,2026-08-04,0
875,2883,2026-08-05,0
875,2883,2026-08-06,0
875,2883,2026-08-07,0
875,2883,2026-08-08,0
875,2883,2026-08-09,0
875,2883,2026-08-10,0
875,2883,2026-08-11,0
875,2883,2026-08-12,0
875,2883,2026-08-13,0
875,2883,2026-08-14,0
875,2883,2026-08-15,0
875,2884,2026-07-16,0
875,2884,2026-07-17,0
875,2884,2026-07-18,0
875,2884,2026-07-19,0
875,2884,2026-07-20,0
875,2884,2026-07-21,0
875,2884,2026-07-22,0
875,2884,2026-07-23,0
875,2884,2026-07-24,0
875,2884,2026-07-25,0
875,2884,2026-07-26,0
875,2884,2026-07-27,0
875,2884,2026-07-28,0
875,2884,2026-07-29,0
875,2884,2026-07-30,0
875,2884,2026-07-31,0
875,2884,2026-08-01,0
875,2884,2026-08-02,0
875,2884,2026-08-03,0
875,2884,2026-08-04,0
875,2884,2026-08-05,0
875,2884,2026-08-06,0
875,2884,2026-08-07,0
875,2884,2026-08-08,0
875,2884,2026-08-09,0
875,2884,2026-08-10,0
875,2884,2026-08-11,0
875,2884,2026-08-12,0
875,2884,2026-08-13,0
875,2884,2026-08-14,0
875,2884,2026-08-15,0
875,2885,2026-07-16,0
875,2885,2026-07-17,0
875,2885,2026-07-18,0
875,2885,2026-07-19,0
875,2885,2026-07-20,0
875,2885,2026-07-21,0
875,2885,2026-07-22,0
875,2885,2026-07-23,0
875,2885,2026-07-24,0
875,2885,2026-07-25,0
875,2885,2026-07-26,0
875,2885,2026-07-27,0
875,2885,2026-07-28,0
875,2885,2026-07-29,0
875,2885,2026-07-30,0
875,2885,2026-07-31,0
875,2885,2026-08-01,0
875,2885,2026-08-02,0
875,2885,2026-08-03,0
875,2885,2026-08-04,0
875,2885,2026-08-05,0
875,2885,2026-08-06,0
875,2885,2026-08-07,0
875,2885,2026-08-08,0
875,2885,2026-08-09,0
875,2885,2026-08-10,0
875,2885,2026-08-11,0
875,2885,2026-08-12,0
875,2885,2026-08-13,0
875,2885,2026-08-14,0
875,2885,2026-08-15,0
875,2886,2026-07-16,0
875,2886,2026-07-17,0
875,2886,2026-07-18,0
875,2886,2026-07-19,0
875,2886,2026-07-20,0
875,2886,2026-07-21,0
875,2886,2026-07-22,0
875,2886,2026-07-23,0
875,2886,2026-07-24,0
875,2886,2026-07-25,0
875,2886,2026-07-26,0
875,2886,2026-07-27,0
875,2886,2026-07-28,0
875,2886,2026-07-29,0
875,2886,2026-07-30,0
875,2886,2026-07-31,0
875,2886,2026-08-01,0
875,2886,2026-08-02,0
875,2886,2026-08-03,0
875,2886,2026-08-04,0
875,2886,2026-08-05,0
875,2886,2026-08-06,0
875,2886,2026-08-07,0
875,2886,2026-08-08,0
875,2886,2026-08-09,0
875,2886,2026-08-10,0
875,2886,2026-08-11,0
875,2886,2026-08-12,0
875,2886,2026-08-13,0
875,2886,2026-08-14,0
875,2886,2026-08-15,0
875,2887,2026-07-16,0
875,2887,2026-07-17,0
875,2887,2026-07-18,0
875,2887,2026-07-19,0
875,2887,2026-07-20,0
875,2887,2026-07-21,0
875,2887,2026-07-22,0
875,2887,2026-07-23,0
875,2887,2026-07-24,0
875,2887,2026-07-25,0
875,2887,2026-07-26,0
875,2887,2026-07-27,0
875,2887,2026-07-28,0
875,2887,2026-07-29,0
875,2887,2026-07-30,0
875,2887,2026-07-31,0
875,2887,2026-08-01,0
875,2887,2026-08-02,0
875,2887,2026-08-03,0
875,2887,2026-08-04,0
875,2887,2026-08-05,0
875,2887,2026-08-06,0
875,2887,2026-08-07,0
875,2887,2026-08-08,0
875,2887,2026-08-09,0
875,2887,2026-08-10,0
875,2887,2026-08-11,0
875,2887,2026-08-12,0
875,2887,2026-08-13,0
875,2887,2026-08-14,0
875,2887,2026-08-15,0
875,2865,2027-01-12,0
875,2865,2027-01-13,0
875,2865,2027-01-14,0
875,2865,2027-01-15,0
875,2865,2027-01-16,0
875,2865,2027-01-17,0
875,2865,2027-01-18,0
875,2865,2027-01-19,0
875,2865,2027-01-20,0
875,2865,2027-01-21,0
875,2865,2027-01-22,0
875,2865,2027-01-23,0
875,2865,2027-01-24,0
875,2865,2027-01-25,0
875,2865,2027-01-26,0
875,2865,2027-01-27,0
875,2865,2027-01-28,0
875,2865,2027-01-29,0
875,2865,2027-01-30,0
875,2865,2027-01-31,0
875,2865,2027-02-01,0
875,2865,2027-02-02,0
875,2865,2027-02-03,0
875,2865,2027-02-04,0
875,2865,2027-02-05,0
875,2865,2027-02-06,0
875,2865,2027-02-07,0
875,2865,2027-02-08,0
875,2865,2027-02-09,0
875,2865,2027-02-10,0
875,2865,2027-02-11,0
875,2866,2027-01-12,0
875,2866,2027-01-13,0
875,2866,2027-01-14,0
875,2866,2027-01-15,0
875,2866,2027-01-16,0
875,2866,2027-01-17,0
875,2866,2027-01-18,0
875,2866,2027-01-19,0
875,2866,2027-01-20,0
875,2866,2027-01-21,0
875,2866,2027-01-22,0
875,2866,2027-01-23,0
875,2866,2027-01-24,0
875,2866,2027-01-25,0
875,2866,2027-01-26,0
875,2866,2027-01-27,0
875,2866,2027-01-28,0
875,2866,2027-01-29,0
875,2866,2027-01-30,0
875,2866,2027-01-31,0
875,2866,2027-02-01,0
875,2866,2027-02-02,0
875,2866,2027-02-03,0
875,2866,2027-02-04,0
875,2866,2027-02-05,0
875,2866,2027-02-06,0
875,2866,2027-02-07,0
875,2866,2027-02-08,0
875,2866,2027-02-09,0
875,2866,2027-02-10,0
875,2866,2027-02-11,0
875,2867,2027-01-12,0
875,2867,2027-01-13,0
875,2867,2027-01-14,0
875,2867,2027-01-15,0
875,2867,2027-01-16,0
875,2867,2027-01-17,0
875,2867,2027-01-18,0
875,2867,2027-01-19,0
875,2867,2027-01-20,0
875,2867,2027-01-21,0
875,2867,2027-01-22,0
875,2867,2027-01-23,0
875,2867,2027-01-24,0
875,2867,2027-01-25,0
875,2867,2027-01-26,0
875,2867,2027-01-27,0
875,2867,2027-01-28,0
875,2867,2027-01-29,0
875,2867,2027-01-30,0
875,2867,2027-01-31,0
875,2867,2027-02-01,0
875,2867,2027-02-02,0
875,2867,2027-02-03,0
875,2867,2027-02-04,0
875,2867,2027-02-05,0
875,2867,2027-02-06,0
875,2867,2027-02-07,0
875,2867,2027-02-08,0
875,2867,2027-02-09,0
875,2867,2027-02-10,0
875,2867,2027-02-11,0
875,2868,2027-01-12,0
875,2868,2027-01-13,0
875,2868,2027-01-14,0
875,2868,2027-01-15,0
875,2868,2027-01-16,0
875,2868,2027-01-17,0
875,2868,2027-01-18,0
875,2868,2027-01-19,0
875,2868,2027-01-20,0
875,2868,2027-01-21,0
875,2868,2027-01-22,0
875,2868,2027-01-23,0
875,2868,2027-01-24,0
875,2868,2027-01-25,0
875,2868,2027-01-26,0
875,2868,2027-01-27,0
875,2868,2027-01-28,0
875,2868,2027-01-29,0
875,2868,2027-01-30,0
875,2868,2027-01-31,0
875,2868,2027-02-01,0
875,2868,2027-02-02,0
875,2868,2027-02-03,0
875,2868,2027-02-04,0
875,2868,2027-02-05,0
875,2868,2027-02-06,0
875,2868,2027-02-07,0
875,2868,2027-02-08,0
875,2868,2027-02-09,0
875,2868,2027-02-10,0
875,2868,2027-02-11,0
875,2869,2027-01-12,0
875,2869,2027-01-13,0
875,2869,2027-01-14,0
875,2869,2027-01-15,0
875,2869,2027-01-16,0
875,2869,2027-01-17,0
875,2869,2027-01-18,0
875,2869,2027-01-19,0
875,2869,2027-01-20,0
875,2869,2027-01-21,0
875,2869,2027-01-22,0
875,2869,2027-01-23,0
875,2869,2027-01-24,0
875,2869,2027-01-25,0
875,2869,2027-01-26,0
875,2869,2027-01-27,0
875,2869,2027-01-28,0
875,2869,2027-01-29,0
875,2869,2027-01-30,0
875,2869,2027-01-31,0
875,2869,2027-02-01,0
875,2869,2027-02-02,0
875,2869,2027-02-03,0
875,2869,2027-02-04,0
875,2869,2027-02-05,0
875,2869,2027-02-06,0
875,2869,2027-02-07,0
875,2869,2027-02-08,0
875,2869,2027-02-09,0
875,2869,2027-02-10,0
875,2869,2027-02-11,0
875,2870,2027-01-12,0
875,2870,2027-01-13,0
875,2870,2027-01-14,0
875,2870,2027-01-15,0
875,2870,2027-01-16,0
875,2870,2027-01-17,0
875,2870,2027-01-18,0
875,2870,2027-01-19,0
875,2870,2027-01-20,0
875,2870,2027-01-21,0
875,2870,2027-01-22,0
875,2870,2027-01-23,0
875,2870,2027-01-24,0
875,2870,2027-01-25,0
875,2870,2027-01-26,0
875,2870,2027-01-27,0
875,2870,2027-01-28,0
875,2870,2027-01-29,0
875,2870,2027-01-30,0
875,2870,2027-01-31,0
875,2870,2027-02-01,0
875,2870,2027-02-02,0
875,2870,2027-02-03,0
875,2870,2027-02-04,0
875,2870,2027-02-05,0
875,2870,2027-02-06,0
875,2870,2027-02-07,0
875,2870,2027-02-08,0
875,2870,2027-02-09,0
875,2870,2027-02-10,0
875,2870,2027-02-11,0
875,2871,2027-01-12,0
875,2871,2027-01-13,0
875,2871,2027-01-14,0
875,2871,2027-01-15,0
875,2871,2027-01-16,0
875,2871,2027-01-17,0
875,2871,2027-01-18,0
875,2871,2027-01-19,0
875,2871,2027-01-20,0
875,2871,2027-01-21,0
875,2871,2027-01-22,0
875,2871,2027-01-23,0
875,2871,2027-01-24,0
875,2871,2027-01-25,0
875,2871,2027-01-26,0
875,2871,2027-01-27,0
875,2871,2027-01-28,0
875,2871,2027-01-29,0
875,2871,2027-01-30,0
875,2871,2027-01-31,0
875,2871,2027-02-01,0
875,2871,2027-02-02,0
875,2871,2027-02-03,0
875,2871,2027-02-04,0
875,2871,2027-02-05,0
875,2871,2027-02-06,0
875,2871,2027-02-07,0
875,2871,2027-02-08,0
875,2871,2027-02-09,0
875,2871,2027-02-10,0
875,2871,2027-02-11,0
875,2872,2027-01-12,0
875,2872,2027-01-13,0
875,2872,2027-01-14,0
875,2872,2027-01-15,0
875,2872,2027-01-16,0
875,2872,2027-01-17,0
875,2872,2027-01-18,0
875,2872,2027-01-19,0
875,2872,2027-01-20,0
875,2872,2027-01-21,0
875,2872,2027-01-22,0
875,2872,2027-01-23,0
875,2872,2027-01-24,0
875,2872,2027-01-25,0
875,2872,2027-01-26,0
875,2872,2027-01-27,0
875,2872,2027-01-28,0
875,2872,2027-01-29,0
875,2872,2027-01-30,0
875,2872,2027-01-31,0
875,2872,2027-02-01,0
875,2872,2027-02-02,0
875,2872,2027-02-03,0
875,2872,2027-02-04,0
875,2872,2027-02-05,0
875,2872,2027-02-06,0
875,2872,2027-02-07,0
875,2872,2027-02-08,0
875,2872,2027-02-09,0
875,2872,2027-02-10,0
875,2872,2027-02-11,0
875,2873,2027-01-12,0
875,2873,2027-01-13,0
875,2873,2027-01-14,0
875,2873,2027-01-15,0
875,2873,2027-01-16,0
875,2873,2027-01-17,0
875,2873,2027-01-18,0
875,2873,2027-01-19,0
875,2873,2027-01-20,0
875,2873,2027-01-21,0
875,2873,2027-01-22,0
875,2873,2027-01-23,0
875,2873,2027-01-24,0
875,2873,2027-01-25,0
875,2873,2027-01-26,0
875,2873,2027-01-27,0
875,2873,2027-01-28,0
875,2873,2027-01-29,0
875,2873,2027-01-30,0
875,2873,2027-01-31,0
875,2873,2027-02-01,0
875,2873,2027-02-02,0
875,2873,2027-02-03,0
875,2873,2027-02-04,0
875,2873,2027-02-05,0
875,2873,2027-02-06,0
875,2873,2027-02-07,0
875,2873,2027-02-08,0
875,2873,2027-02-09,0
875,2873,2027-02-10,0
875,2873,2027-02-11,0
875,2874,2027-01-12,0
875,2874,2027-01-13,0
875,2874,2027-01-14,0
875,2874,2027-01-15,0
875,2874,2027-01-16,0
875,2874,2027-01-17,0
875,2874,2027-01-18,0
875,2874,2027-01-19,0
875,2874,2027-01-20,0
875,2874,2027-01-21,0
875,2874,2027-01-22,0
875,2874,2027-01-23,0
875,2874,2027-01-24,0
875,2874,2027-01-25,0
875,2874,2027-01-26,0
875,2874,2027-01-27,0
875,2874,2027-01-28,0
875,2874,2027-01-29,0
875,2874,2027-01-30,0
875,2874,2027-01-31,0
875,2874,2027-02-01,0
875,2874,2027-02-02,0
875,2874,2027-02-03,0
875,2874,2027-02-04,0
875,2874,2027-02-05,0
875,2874,2027-02-06,0
875,2874,2027-02-07,0
875,2874,2027-02-08,0
875,2874,2027-02-09,0
875,2874,2027-02-10,0
875,2874,2027-02-11,0
875,2876,2027-01-12,0
875,2876,2027-01-13,0
875,2876,2027-01-14,0
875,2876,2027-01-15,0
875,2876,2027-01-16,0
875,2876,2027-01-17,0
875,2876,2027-01-18,0
875,2876,2027-01-19,0
875,2876,2027-01-20,0
875,2876,2027-01-21,0
875,2876,2027-01-22,0
875,2876,2027-01-23,0
875,2876,2027-01-24,0
875,2876,2027-01-25,0
875,2876,2027-01-26,0
875,2876,2027-01-27,0
875,2876,2027-01-28,0
875,2876,2027-01-29,0
875,2876,2027-01-30,0
875,2876,2027-01-31,0
875,2876,2027-02-01,0
875,2876,2027-02-02,0
875,2876,2027-02-03,0
875,2876,2027-02-04,0
875,2876,2027-02-05,0
875,2876,2027-02-06,0
875,2876,2027-02-07,0
875,2876,2027-02-08,0
875,2876,2027-02-09,0
875,2876,2027-02-10,0
875,2876,2027-02-11,0
875,2877,2027-01-12,0
875,2877,2027-01-13,0
875,2877,2027-01-14,0
875,2877,2027-01-15,0
875,2877,2027-01-16,0
875,2877,2027-01-17,0
875,2877,2027-01-18,0
875,2877,2027-01-19,0
875,2877,2027-01-20,0
875,2877,2027-01-21,0
875,2877,2027-01-22,0
875,2877,2027-01-23,0
875,2877,2027-01-24,0
875,2877,2027-01-25,0
875,2877,2027-01-26,0
875,2877,2027-01-27,0
875,2877,2027-01-28,0
875,2877,2027-01-29,0
875,2877,2027-01-30,0
875,2877,2027-01-31,0
875,2877,2027-02-01,0
875,2877,2027-02-02,0
875,2877,2027-02-03,0
875,2877,2027-02-04,0
875,2877,2027-02-05,0
875,2877,2027-02-06,0
875,2877,2027-02-07,0
875,2877,2027-02-08,0
875,2877,2027-02-09,0
875,2877,2027-02-10,0
875,2877,2027-02-11,0
875,2878,2027-01-12,0
875,2878,2027-01-13,0
875,2878,2027-01-14,0
875,2878,2027-01-15,0
875,2878,2027-01-16,0
875,2878,2027-01-17,0
875,2878,2027-01-18,0
875,2878,2027-01-19,0
875,2878,2027-01-20,0
875,2878,2027-01-21,0
875,2878,2027-01-22,0
875,2878,2027-01-23,0
875,2878,2027-01-24,0
875,2878,2027-01-25,0
875,2878,2027-01-26,0
875,2878,2027-01-27,0
875,2878,2027-01-28,0
875,2878,2027-01-29,0
875,2878,2027-01-30,0
875,2878,2027-01-31,0
875,2878,2027-02-01,0
875,2878,2027-02-02,0
875,2878,2027-02-03,0
875,2878,2027-02-04,0
875,2878,2027-02-05,0
875,2878,2027-02-06,0
875,2878,2027-02-07,0
875,2878,2027-02-08,0
875,2878,2027-02-09,0
875,2878,2027-02-10,0
875,2878,2027-02-11,0
875,2879,2027-01-12,0
875,2879,2027-01-13,0
875,2879,2027-01-14,0
875,2879,2027-01-15,0
875,2879,2027-01-16,0
875,2879,2027-01-17,0
875,2879,2027-01-18,0
875,2879,2027-01-19,0
875,2879,2027-01-20,0
875,2879,2027-01-21,0
875,2879,2027-01-22,0
875,2879,2027-01-23,0
875,2879,2027-01-24,0
875,2879,2027-01-25,0
875,2879,2027-01-26,0
875,2879,2027-01-27,0
875,2879,2027-01-28,0
875,2879,2027-01-29,0
875,2879,2027-01-30,0
875,2879,2027-01-31,0
875,2879,2027-02-01,0
875,2879,2027-02-02,0
875,2879,2027-02-03,0
875,2879,2027-02-04,0
875,2879,2027-02-05,0
875,2879,2027-02-06,0
875,2879,2027-02-07,0
875,2879,2027-02-08,0
875,2879,2027-02-09,0
875,2879,2027-02-10,0
875,2879,2027-02-11,0
875,2880,2027-01-12,0
875,2880,2027-01-13,0
875,2880,2027-01-14,0
875,2880,2027-01-15,0
875,2880,2027-01-16,0
875,2880,2027-01-17,0
875,2880,2027-01-18,0
875,2880,2027-01-19,0
875,2880,2027-01-20,0
875,2880,2027-01-21,0
875,2880,2027-01-22,0
875,2880,2027-01-23,0
875,2880,2027-01-24,0
875,2880,2027-01-25,0
875,2880,2027-01-26,0
875,2880,2027-01-27,0
875,2880,2027-01-28,0
875,2880,2027-01-29,0
875,2880,2027-01-30,0
875,2880,2027-01-31,0
875,2880,2027-02-01,0
875,2880,2027-02-02,0
875,2880,2027-02-03,0
875,2880,2027-02-04,0
875,2880,2027-02-05,0
875,2880,2027-02-06,0
875,2880,2027-02-07,0
875,2880,2027-02-08,0
875,2880,2027-02-09,0
875,2880,2027-02-10,0
875,2880,2027-02-11,0
875,2881,2027-01-12,0
875,2881,2027-01-13,0
875,2881,2027-01-14,0
875,2881,2027-01-15,0
875,2881,2027-01-16,0
875,2881,2027-01-17,0
875,2881,2027-01-18,0
875,2881,2027-01-19,0
875,2881,2027-01-20,0
875,2881,2027-01-21,0
875,2881,2027-01-22,0
875,2881,2027-01-23,0
875,2881,2027-01-24,0
875,2881,2027-01-25,0
875,2881,2027-01-26,0
875,2881,2027-01-27,0
875,2881,2027-01-28,0
875,2881,2027-01-29,0
875,2881,2027-01-30,0
875,2881,2027-01-31,0
875,2881,2027-02-01,0
875,2881,2027-02-02,0
875,2881,2027-02-03,0
875,2881,2027-02-04,0
875,2881,2027-02-05,0
875,2881,2027-02-06,0
875,2881,2027-02-07,0
875,2881,2027-02-08,0
875,2881,2027-02-09,0
875,2881,2027-02-10,0
875,2881,2027-02-11,0
875,2882,2027-01-12,0
875,2882,2027-01-13,0
875,2882,2027-01-14,0
875,2882,2027-01-15,0
875,2882,2027-01-16,0
875,2882,2027-01-17,0
875,2882,2027-01-18,0
875,2882,2027-01-19,0
875,2882,2027-01-20,0
875,2882,2027-01-21,0
875,2882,2027-01-22,0
875,2882,2027-01-23,0
875,2882,2027-01-24,0
875,2882,2027-01-25,0
875,2882,2027-01-26,0
875,2882,2027-01-27,0
875,2882,2027-01-28,0
875,2882,2027-01-29,0
875,2882,2027-01-30,0
875,2882,2027-01-31,0
875,2882,2027-02-01,0
875,2882,2027-02-02,0
875,2882,2027-02-03,0
875,2882,2027-02-04,0
875,2882,2027-02-05,0
875,2882,2027-02-06,0
875,2882,2027-02-07,0
875,2882,2027-02-08,0
875,2882,2027-02-09,0
875,2882,2027-02-10,0
875,2882,2027-02-11,0
875,2883,2027-01-12,0
875,2883,2027-01-13,0
875,2883,2027-01-14,0
875,2883,2027-01-15,0
875,2883,2027-01-16,0
875,2883,2027-01-17,0
875,2883,2027-01-18,0
875,2883,2027-01-19,0
875,2883,2027-01-20,0
875,2883,2027-01-21,0
875,2883,2027-01-22,0
875,2883,2027-01-23,0
875,2883,2027-01-24,0
875,2883,2027-01-25,0
875,2883,2027-01-26,0
875,2883,2027-01-27,0
875,2883,2027-01-28,0
875,2883,2027-01-29,0
875,2883,2027-01-30,0
875,2883,2027-01-31,0
875,2883,2027-02-01,0
875,2883,2027-02-02,0
875,2883,2027-02-03,0
875,2883,2027-02-04,0
875,2883,2027-02-05,0
875,2883,2027-02-06,0
875,2883,2027-02-07,0
875,2883,2027-02-08,0
875,2883,2027-02-09,0
875,2883,2027-02-10,0
875,2883,2027-02-11,0
875,2884,2027-01-12,0
875,2884,2027-01-13,0
875,2884,2027-01-14,0
875,2884,2027-01-15,0
875,2884,2027-01-16,0
875,2884,2027-01-17,0
875,2884,2027-01-18,0
875,2884,2027-01-19,0
875,2884,2027-01-20,0
875,2884,2027-01-21,0
875,2884,2027-01-22,0
875,2884,2027-01-23,0
875,2884,2027-01-24,0
875,2884,2027-01-25,0
875,2884,2027-01-26,0
875,2884,2027-01-27,0
875,2884,2027-01-28,0
875,2884,2027-01-29,0
875,2884,2027-01-30,0
875,2884,2027-01-31,0
875,2884,2027-02-01,0
875,2884,2027-02-02,0
875,2884,2027-02-03,0
875,2884,2027-02-04,0
875,2884,2027-02-05,0
875,2884,2027-02-06,0
875,2884,2027-02-07,0
875,2884,2027-02-08,0
875,2884,2027-02-09,0
875,2884,2027-02-10,0
875,2884,2027-02-11,0
875,2885,2027-01-12,0
875,2885,2027-01-13,0
875,2885,2027-01-14,0
875,2885,2027-01-15,0
875,2885,2027-01-16,0
875,2885,2027-01-17,0
875,2885,2027-01-18,0
875,2885,2027-01-19,0
875,2885,2027-01-20,0
875,2885,2027-01-21,0
875,2885,2027-01-22,0
875,2885,2027-01-23,0
875,2885,2027-01-24,0
875,2885,2027-01-25,0
875,2885,2027-01-26,0
875,2885,2027-01-27,0
875,2885,2027-01-28,0
875,2885,2027-01-29,0
875,2885,2027-01-30,0
875,2885,2027-01-31,0
875,2885,2027-02-01,0
875,2885,2027-02-02,0
875,2885,2027-02-03,0
875,2885,2027-02-04,0
875,2885,2027-02-05,0
875,2885,2027-02-06,0
875,2885,2027-02-07,0
875,2885,2027-02-08,0
875,2885,2027-02-09,0
875,2885,2027-02-10,0
875,2885,2027-02-11,0
875,2886,2027-01-12,0
875,2886,2027-01-13,0
875,2886,2027-01-14,0
875,2886,2027-01-15,0
875,2886,2027-01-16,0
875,2886,2027-01-17,0
875,2886,2027-01-18,0
875,2886,2027-01-19,0
875,2886,2027-01-20,0
875,2886,2027-01-21,0
875,2886,2027-01-22,0
875,2886,2027-01-23,0
875,2886,2027-01-24,0
875,2886,2027-01-25,0
875,2886,2027-01-26,0
875,2886,2027-01-27,0
875,2886,2027-01-28,0
875,2886,2027-01-29,0
875,2886,2027-01-30,0
875,2886,2027-01-31,0
875,2886,2027-02-01,0
875,2886,2027-02-02,0
875,2886,2027-02-03,0
875,2886,2027-02-04,0
875,2886,2027-02-05,0
875,2886,2027-02-06,0
875,2886,2027-02-07,0
875,2886,2027-02-08,0
875,2886,2027-02-09,0
875,2886,2027-02-10,0
875,2886,2027-02-11,0
875,2887,2027-01-12,0
875,2887,2027-01-13,0
875,2887,2027-01-14,0
875,2887,2027-01-15,0
875,2887,2027-01-16,0
875,2887,2027-01-17,0
875,2887,2027-01-18,0
875,2887,2027-01-19,0
875,2887,2027-01-20,0
875,2887,2027-01-21,0
875,2887,2027-01-22,0
875,2887,2027-01-23,0
875,2887,2027-01-24,0
875,2887,2027-01-25,0
875,2887,2027-01-26,0
875,2887,2027-01-27,0
875,2887,2027-01-28,0
875,2887,2027-01-29,0
875,2887,2027-01-30,0
875,2887,2027-01-31,0
875,2887,2027-02-01,0
875,2887,2027-02-02,0
875,2887,2027-02-03,0
875,2887,2027-02-04,0
875,2887,2027-02-05,0
875,2887,2027-02-06,0
875,2887,2027-02-07,0
875,2887,2027-02-08,0
875,2887,2027-02-09,0
875,2887,2027-02-10,0
875,2887,2027-02-11,0
875,2865,2027-02-11,0
875,2865,2027-02-12,0
875,2865,2027-02-13,0
875,2865,2027-02-14,0
875,2865,2027-02-15,0
875,2865,2027-02-16,0
875,2865,2027-02-17,0
875,2865,2027-02-18,0
875,2865,2027-02-19,0
875,2865,2027-02-20,0
875,2865,2027-02-21,0
875,2865,2027-02-22,0
875,2865,2027-02-23,0
875,2865,2027-02-24,0
875,2865,2027-02-25,0
875,2865,2027-02-26,0
875,2865,2027-02-27,0
875,2865,2027-02-28,0
875,2865,2027-03-01,0
875,2865,2027-03-02,0
875,2865,2027-03-03,0
875,2865,2027-03-04,0
875,2865,2027-03-05,0
875,2865,2027-03-06,0
875,2865,2027-03-07,0
875,2865,2027-03-08,0
875,2865,2027-03-09,0
875,2865,2027-03-10,0
875,2865,2027-03-11,0
875,2865,2027-03-12,0
875,2865,2027-03-13,0
875,2866,2027-02-11,0
875,2866,2027-02-12,0
875,2866,2027-02-13,0
875,2866,2027-02-14,0
875,2866,2027-02-15,0
875,2866,2027-02-16,0
875,2866,2027-02-17,0
875,2866,2027-02-18,0
875,2866,2027-02-19,0
875,2866,2027-02-20,0
875,2866,2027-02-21,0
875,2866,2027-02-22,0
875,2866,2027-02-23,0
875,2866,2027-02-24,0
875,2866,2027-02-25,0
875,2866,2027-02-26,0
875,2866,2027-02-27,0
875,2866,2027-02-28,0
875,2866,2027-03-01,0
875,2866,2027-03-02,0
875,2866,2027-03-03,0
875,2866,2027-03-04,0
875,2866,2027-03-05,0
875,2866,2027-03-06,0
875,2866,2027-03-07,0
875,2866,2027-03-08,0
875,2866,2027-03-09,0
875,2866,2027-03-10,0
875,2866,2027-03-11,0
875,2866,2027-03-12,0
875,2866,2027-03-13,0
875,2867,2027-02-11,0
875,2867,2027-02-12,0
875,2867,2027-02-13,0
875,2867,2027-02-14,0
875,2867,2027-02-15,0
875,2867,2027-02-16,0
875,2867,2027-02-17,0
875,2867,2027-02-18,0
875,2867,2027-02-19,0
875,2867,2027-02-20,0
875,2867,2027-02-21,0
875,2867,2027-02-22,0
875,2867,2027-02-23,0
875,2867,2027-02-24,0
875,2867,2027-02-25,0
875,2867,2027-02-26,0
875,2867,2027-02-27,0
875,2867,2027-02-28,0
875,2867,2027-03-01,0
875,2867,2027-03-02,0
875,2867,2027-03-03,0
875,2867,2027-03-04,0
875,2867,2027-03-05,0
875,2867,2027-03-06,0
875,2867,2027-03-07,0
875,2867,2027-03-08,0
875,2867,2027-03-09,0
875,2867,2027-03-10,0
875,2867,2027-03-11,0
875,2867,2027-03-12,0
875,2867,2027-03-13,0
875,2868,2027-02-11,0
875,2868,2027-02-12,0
875,2868,2027-02-13,0
875,2868,2027-02-14,0
875,2868,2027-02-15,0
875,2868,2027-02-16,0
875,2868,2027-02-17,0
875,2868,2027-02-18,0
875,2868,2027-02-19,0
875,2868,2027-02-20,0
875,2868,2027-02-21,0
875,2868,2027-02-22,0
875,2868,2027-02-23,0
875,2868,2027-02-24,0
875,2868,2027-02-25,0
875,2868,2027-02-26,0
875,2868,2027-02-27,0
875,2868,2027-02-28,0
875,2868,2027-03-01,0
875,2868,2027-03-02,0
875,2868,2027-03-03,0
875,2868,2027-03-04,0
875,2868,2027-03-05,0
875,2868,2027-03-06,0
875,2868,2027-03-07,0
875,2868,2027-03-08,0
875,2868,2027-03-09,0
875,2868,2027-03-10,0
875,2868,2027-03-11,0
875,2868,2027-03-12,0
875,2868,2027-03-13,0
875,2869,2027-02-11,0
875,2869,2027-02-12,0
875,2869,2027-02-13,0
875,2869,2027-02-14,0
875,2869,2027-02-15,0
875,2869,2027-02-16,0
875,2869,2027-02-17,0
875,2869,2027-02-18,0
875,2869,2027-02-19,0
875,2869,2027-02-20,0
875,2869,2027-02-21,0
875,2869,2027-02-22,0
875,2869,2027-02-23,0
875,2869,2027-02-24,0
875,2869,2027-02-25,0
875,2869,2027-02-26,0
875,2869,2027-02-27,0
875,2869,2027-02-28,0
875,2869,2027-03-01,0
875,2869,2027-03-02,0
875,2869,2027-03-03,0
875,2869,2027-03-04,0
875,2869,2027-03-05,0
875,2869,2027-03-06,0
875,2869,2027-03-07,0
875,2869,2027-03-08,0
875,2869,2027-03-09,0
875,2869,2027-03-10,0
875,2869,2027-03-11,0
875,2869,2027-03-12,0
875,2869,2027-03-13,0
875,2870,2027-02-11,0
875,2870,2027-02-12,0
875,2870,2027-02-13,0
875,2870,2027-02-14,0
875,2870,2027-02-15,0
875,2870,2027-02-16,0
875,2870,2027-02-17,0
875,2870,2027-02-18,0
875,2870,2027-02-19,0
875,2870,2027-02-20,0
875,2870,2027-02-21,0
875,2870,2027-02-22,0
875,2870,2027-02-23,0
875,2870,2027-02-24,0
875,2870,2027-02-25,0
875,2870,2027-02-26,0
875,2870,2027-02-27,0
875,2870,2027-02-28,0
875,2870,2027-03-01,0
875,2870,2027-03-02,0
875,2870,2027-03-03,0
875,2870,2027-03-04,0
875,2870,2027-03-05,0
875,2870,2027-03-06,0
875,2870,2027-03-07,0
875,2870,2027-03-08,0
875,2870,2027-03-09,0
875,2870,2027-03-10,0
875,2870,2027-03-11,0
875,2870,2027-03-12,0
875,2870,2027-03-13,0
875,2871,2027-02-11,0
875,2871,2027-02-12,0
875,2871,2027-02-13,0
875,2871,2027-02-14,0
875,2871,2027-02-15,0
875,2871,2027-02-16,0
875,2871,2027-02-17,0
875,2871,2027-02-18,0
875,2871,2027-02-19,0
875,2871,2027-02-20,0
875,2871,2027-02-21,0
875,2871,2027-02-22,0
875,2871,2027-02-23,0
875,2871,2027-02-24,0
875,2871,2027-02-25,0
875,2871,2027-02-26,0
875,2871,2027-02-27,0
875,2871,2027-02-28,0
875,2871,2027-03-01,0
875,2871,2027-03-02,0
875,2871,2027-03-03,0
875,2871,2027-03-04,0
875,2871,2027-03-05,0
875,2871,2027-03-06,0
875,2871,2027-03-07,0
875,2871,2027-03-08,0
875,2871,2027-03-09,0
875,2871,2027-03-10,0
875,2871,2027-03-11,0
875,2871,2027-03-12,0
875,2871,2027-03-13,0
875,2872,2027-02-11,0
875,2872,2027-02-12,0
875,2872,2027-02-13,0
875,2872,2027-02-14,0
875,2872,2027-02-15,0
875,2872,2027-02-16,0
875,2872,2027-02-17,0
875,2872,2027-02-18,0
875,2872,2027-02-19,0
875,2872,2027-02-20,0
875,2872,2027-02-21,0
875,2872,2027-02-22,0
875,2872,2027-02-23,0
875,2872,2027-02-24,0
875,2872,2027-02-25,0
875,2872,2027-02-26,0
875,2872,2027-02-27,0
875,2872,2027-02-28,0
875,2872,2027-03-01,0
875,2872,2027-03-02,0
875,2872,2027-03-03,0
875,2872,2027-03-04,0
875,2872,2027-03-05,0
875,2872,2027-03-06,0
875,2872,2027-03-07,0
875,2872,2027-03-08,0
875,2872,2027-03-09,0
875,2872,2027-03-10,0
875,2872,2027-03-11,0
875,2872,2027-03-12,0
875,2872,2027-03-13,0
875,2873,2027-02-11,0
875,2873,2027-02-12,0
875,2873,2027-02-13,0
875,2873,2027-02-14,0
875,2873,2027-02-15,0
875,2873,2027-02-16,0
875,2873,2027-02-17,0
875,2873,2027-02-18,0
875,2873,2027-02-19,0
875,2873,2027-02-20,0
875,2873,2027-02-21,0
875,2873,2027-02-22,0
875,2873,2027-02-23,0
875,2873,2027-02-24,0
875,2873,2027-02-25,0
875,2873,2027-02-26,0
875,2873,2027-02-27,0
875,2873,2027-02-28,0
875,2873,2027-03-01,0
875,2873,2027-03-02,0
875,2873,2027-03-03,0
875,2873,2027-03-04,0
875,2873,2027-03-05,0
875,2873,2027-03-06,0
875,2873,2027-03-07,0
875,2873,2027-03-08,0
875,2873,2027-03-09,0
875,2873,2027-03-10,0
875,2873,2027-03-11,0
875,2873,2027-03-12,0
875,2873,2027-03-13,0
875,2874,2027-02-11,0
875,2874,2027-02-12,0
875,2874,2027-02-13,0
875,2874,2027-02-14,0
875,2874,2027-02-15,0
875,2874,2027-02-16,0
875,2874,2027-02-17,0
875,2874,2027-02-18,0
875,2874,2027-02-19,0
875,2874,2027-02-20,0
875,2874,2027-02-21,0
875,2874,2027-02-22,0
875,2874,2027-02-23,0
875,2874,2027-02-24,0
875,2874,2027-02-25,0
875,2874,2027-02-26,0
875,2874,2027-02-27,0
875,2874,2027-02-28,0
875,2874,2027-03-01,0
875,2874,2027-03-02,0
875,2874,2027-03-03,0
875,2874,2027-03-04,0
875,2874,2027-03-05,0
875,2874,2027-03-06,0
875,2874,2027-03-07,0
875,2874,2027-03-08,0
875,2874,2027-03-09,0
875,2874,2027-03-10,0
875,2874,2027-03-11,0
875,2874,2027-03-12,0
875,2874,2027-03-13,0
875,2876,2027-02-11,0
875,2876,2027-02-12,0
875,2876,2027-02-13,0
875,2876,2027-02-14,0
875,2876,2027-02-15,0
875,2876,2027-02-16,0
875,2876,2027-02-17,0
875,2876,2027-02-18,0
875,2876,2027-02-19,0
875,2876,2027-02-20,0
875,2876,2027-02-21,0
875,2876,2027-02-22,0
875,2876,2027-02-23,0
875,2876,2027-02-24,0
875,2876,2027-02-25,0
875,2876,2027-02-26,0
875,2876,2027-02-27,0
875,2876,2027-02-28,0
875,2876,2027-03-01,0
875,2876,2027-03-02,0
875,2876,2027-03-03,0
875,2876,2027-03-04,0
875,2876,2027-03-05,0
875,2876,2027-03-06,0
875,2876,2027-03-07,0
875,2876,2027-03-08,0
875,2876,2027-03-09,0
875,2876,2027-03-10,0
875,2876,2027-03-11,0
875,2876,2027-03-12,0
875,2876,2027-03-13,0
875,2877,2027-02-11,0
875,2877,2027-02-12,0
875,2877,2027-02-13,0
875,2877,2027-02-14,0
875,2877,2027-02-15,0
875,2877,2027-02-16,0
875,2877,2027-02-17,0
875,2877,2027-02-18,0
875,2877,2027-02-19,0
875,2877,2027-02-20,0
875,2877,2027-02-21,0
875,2877,2027-02-22,0
875,2877,2027-02-23,0
875,2877,2027-02-24,0
875,2877,2027-02-25,0
875,2877,2027-02-26,0
875,2877,2027-02-27,0
875,2877,2027-02-28,0
875,2877,2027-03-01,0
875,2877,2027-03-02,0
875,2877,2027-03-03,0
875,2877,2027-03-04,0
875,2877,2027-03-05,0
875,2877,2027-03-06,0
875,2877,2027-03-07,0
875,2877,2027-03-08,0
875,2877,2027-03-09,0
875,2877,2027-03-10,0
875,2877,2027-03-11,0
875,2877,2027-03-12,0
875,2877,2027-03-13,0
875,2878,2027-02-11,0
875,2878,2027-02-12,0
875,2878,2027-02-13,0
875,2878,2027-02-14,0
875,2878,2027-02-15,0
875,2878,2027-02-16,0
875,2878,2027-02-17,0
875,2878,2027-02-18,0
875,2878,2027-02-19,0
875,2878,2027-02-20,0
875,2878,2027-02-21,0
875,2878,2027-02-22,0
875,2878,2027-02-23,0
875,2878,2027-02-24,0
875,2878,2027-02-25,0
875,2878,2027-02-26,0
875,2878,2027-02-27,0
875,2878,2027-02-28,0
875,2878,2027-03-01,0
875,2878,2027-03-02,0
875,2878,2027-03-03,0
875,2878,2027-03-04,0
875,2878,2027-03-05,0
875,2878,2027-03-06,0
875,2878,2027-03-07,0
875,2878,2027-03-08,0
875,2878,2027-03-09,0
875,2878,2027-03-10,0
875,2878,2027-03-11,0
875,2878,2027-03-12,0
875,2878,2027-03-13,0
875,2879,2027-02-11,0
875,2879,2027-02-12,0
875,2879,2027-02-13,0
875,2879,2027-02-14,0
875,2879,2027-02-15,0
875,2879,2027-02-16,0
875,2879,2027-02-17,0
875,2879,2027-02-18,0
875,2879,2027-02-19,0
875,2879,2027-02-20,0
875,2879,2027-02-21,0
875,2879,2027-02-22,0
875,2879,2027-02-23,0
875,2879,2027-02-24,0
875,2879,2027-02-25,0
875,2879,2027-02-26,0
875,2879,2027-02-27,0
875,2879,2027-02-28,0
875,2879,2027-03-01,0
875,2879,2027-03-02,0
875,2879,2027-03-03,0
875,2879,2027-03-04,0
875,2879,2027-03-05,0
875,2879,2027-03-06,0
875,2879,2027-03-07,0
875,2879,2027-03-08,0
875,2879,2027-03-09,0
875,2879,2027-03-10,0
875,2879,2027-03-11,0
875,2879,2027-03-12,0
875,2879,2027-03-13,0
875,2880,2027-02-11,0
875,2880,2027-02-12,0
875,2880,2027-02-13,0
875,2880,2027-02-14,0
875,2880,2027-02-15,0
875,2880,2027-02-16,0
875,2880,2027-02-17,0
875,2880,2027-02-18,0
875,2880,2027-02-19,0
875,2880,2027-02-20,0
875,2880,2027-02-21,0
875,2880,2027-02-22,0
875,2880,2027-02-23,0
875,2880,2027-02-24,0
875,2880,2027-02-25,0
875,2880,2027-02-26,0
875,2880,2027-02-27,0
875,2880,2027-02-28,0
875,2880,2027-03-01,0
875,2880,2027-03-02,0
875,2880,2027-03-03,0
875,2880,2027-03-04,0
875,2880,2027-03-05,0
875,2880,2027-03-06,0
875,2880,2027-03-07,0
875,2880,2027-03-08,0
875,2880,2027-03-09,0
875,2880,2027-03-10,0
875,2880,2027-03-11,0
875,2880,2027-03-12,0
875,2880,2027-03-13,0
875,2881,2027-02-11,0
875,2881,2027-02-12,0
875,2881,2027-02-13,0
875,2881,2027-02-14,0
875,2881,2027-02-15,0
875,2881,2027-02-16,0
875,2881,2027-02-17,0
875,2881,2027-02-18,0
875,2881,2027-02-19,0
875,2881,2027-02-20,0
875,2881,2027-02-21,0
875,2881,2027-02-22,0
875,2881,2027-02-23,0
875,2881,2027-02-24,0
875,2881,2027-02-25,0
875,2881,2027-02-26,0
875,2881,2027-02-27,0
875,2881,2027-02-28,0
875,2881,2027-03-01,0
875,2881,2027-03-02,0
875,2881,2027-03-03,0
875,2881,2027-03-04,0
875,2881,2027-03-05,0
875,2881,2027-03-06,0
875,2881,2027-03-07,0
875,2881,2027-03-08,0
875,2881,2027-03-09,0
875,2881,2027-03-10,0
875,2881,2027-03-11,0
875,2881,2027-03-12,0
875,2881,2027-03-13,0
875,2882,2027-02-11,0
875,2882,2027-02-12,0
875,2882,2027-02-13,0
875,2882,2027-02-14,0
875,2882,2027-02-15,0
875,2882,2027-02-16,0
875,2882,2027-02-17,0
875,2882,2027-02-18,0
875,2882,2027-02-19,0
875,2882,2027-02-20,0
875,2882,2027-02-21,0
875,2882,2027-02-22,0
875,2882,2027-02-23,0
875,2882,2027-02-24,0
875,2882,2027-02-25,0
875,2882,2027-02-26,0
875,2882,2027-02-27,0
875,2882,2027-02-28,0
875,2882,2027-03-01,0
875,2882,2027-03-02,0
875,2882,2027-03-03,0
875,2882,2027-03-04,0
875,2882,2027-03-05,0
875,2882,2027-03-06,0
875,2882,2027-03-07,0
875,2882,2027-03-08,0
875,2882,2027-03-09,0
875,2882,2027-03-10,0
875,2882,2027-03-11,0
875,2882,2027-03-12,0
875,2882,2027-03-13,0
875,2883,2027-02-11,0
875,2883,2027-02-12,0
875,2883,2027-02-13,0
875,2883,2027-02-14,0
875,2883,2027-02-15,0
875,2883,2027-02-16,0
875,2883,2027-02-17,0
875,2883,2027-02-18,0
875,2883,2027-02-19,0
875,2883,2027-02-20,0
875,2883,2027-02-21,0
875,2883,2027-02-22,0
875,2883,2027-02-23,0
875,2883,2027-02-24,0
875,2883,2027-02-25,0
875,2883,2027-02-26,0
875,2883,2027-02-27,0
875,2883,2027-02-28,0
875,2883,2027-03-01,0
875,2883,2027-03-02,0
875,2883,2027-03-03,0
875,2883,2027-03-04,0
875,2883,2027-03-05,0
875,2883,2027-03-06,0
875,2883,2027-03-07,0
875,2883,2027-03-08,0
875,2883,2027-03-09,0
875,2883,2027-03-10,0
875,2883,2027-03-11,0
875,2883,2027-03-12,0
875,2883,2027-03-13,0
875,2884,2027-02-11,0
875,2884,2027-02-12,0
875,2884,2027-02-13,0
875,2884,2027-02-14,0
875,2884,2027-02-15,0
875,2884,2027-02-16,0
875,2884,2027-02-17,0
875,2884,2027-02-18,0
875,2884,2027-02-19,0
875,2884,2027-02-20,0
875,2884,2027-02-21,0
875,2884,2027-02-22,0
875,2884,2027-02-23,0
875,2884,2027-02-24,0
875,2884,2027-02-25,0
875,2884,2027-02-26,0
875,2884,2027-02-27,0
875,2884,2027-02-28,0
875,2884,2027-03-01,0
875,2884,2027-03-02,0
875,2884,2027-03-03,0
875,2884,2027-03-04,0
875,2884,2027-03-05,0
875,2884,2027-03-06,0
875,2884,2027-03-07,0
875,2884,2027-03-08,0
875,2884,2027-03-09,0
875,2884,2027-03-10,0
875,2884,2027-03-11,0
875,2884,2027-03-12,0
875,2884,2027-03-13,0
875,2885,2027-02-11,0
875,2885,2027-02-12,0
875,2885,2027-02-13,0
875,2885,2027-02-14,0
875,2885,2027-02-15,0
875,2885,2027-02-16,0
875,2885,2027-02-17,0
875,2885,2027-02-18,0
875,2885,2027-02-19,0
875,2885,2027-02-20,0
875,2885,2027-02-21,0
875,2885,2027-02-22,0
875,2885,2027-02-23,0
875,2885,2027-02-24,0
875,2885,2027-02-25,0
875,2885,2027-02-26,0
875,2885,2027-02-27,0
875,2885,2027-02-28,0
875,2885,2027-03-01,0
875,2885,2027-03-02,0
875,2885,2027-03-03,0
875,2885,2027-03-04,0
875,2885,2027-03-05,0
875,2885,2027-03-06,0
875,2885,2027-03-07,0
875,2885,2027-03-08,0
875,2885,2027-03-09,0
875,2885,2027-03-10,0
875,2885,2027-03-11,0
875,2885,2027-03-12,0
875,2885,2027-03-13,0
875,2886,2027-02-11,0
875,2886,2027-02-12,0
875,2886,2027-02-13,0
875,2886,2027-02-14,0
875,2886,2027-02-15,0
875,2886,2027-02-16,0
875,2886,2027-02-17,0
875,2886,2027-02-18,0
875,2886,2027-02-19,0
875,2886,2027-02-20,0
875,2886,2027-02-21,0
875,2886,2027-02-22,0
875,2886,2027-02-23,0
875,2886,2027-02-24,0
875,2886,2027-02-25,0
875,2886,2027-02-26,0
875,2886,2027-02-27,0
875,2886,2027-02-28,0
875,2886,2027-03-01,0
875,2886,2027-03-02,0
875,2886,2027-03-03,0
875,2886,2027-03-04,0
875,2886,2027-03-05,0
875,2886,2027-03-06,0
875,2886,2027-03-07,0
875,2886,2027-03-08,0
875,2886,2027-03-09,0
875,2886,2027-03-10,0
875,2886,2027-03-11,0
875,2886,2027-03-12,0
875,2886,2027-03-13,0
875,2887,2027-02-11,0
875,2887,2027-02-12,0
875,2887,2027-02-13,0
875,2887,2027-02-14,0
875,2887,2027-02-15,0
875,2887,2027-02-16,0
875,2887,2027-02-17,0
875,2887,2027-02-18,0
875,2887,2027-02-19,0
875,2887,2027-02-20,0
875,2887,2027-02-21,0
875,2887,2027-02-22,0
875,2887,2027-02-23,0
875,2887,2027-02-24,0
875,2887,2027-02-25,0
875,2887,2027-02-26,0
875,2887,2027-02-27,0
875,2887,2027-02-28,0
875,2887,2027-03-01,0
875,2887,2027-03-02,0
875,2887,2027-03-03,0
875,2887,2027-03-04,0
875,2887,2027-03-05,0
875,2887,2027-03-06,0
875,2887,2027-03-07,0
875,2887,2027-03-08,0
875,2887,2027-03-09,0
875,2887,2027-03-10,0
875,2887,2027-03-11,0
875,2887,2027-03-12,0
875,2887,2027-03-13,0
875,2865,2026-12-13,0
875,2865,2026-12-14,0
875,2865,2026-12-15,0
875,2865,2026-12-16,0
875,2865,2026-12-17,0
875,2865,2026-12-18,0
875,2865,2026-12-19,0
875,2865,2026-12-20,0
875,2865,2026-12-21,0
875,2865,2026-12-22,0
875,2865,2026-12-23,0
875,2865,2026-12-24,0
875,2865,2026-12-25,0
875,2865,2026-12-26,0
875,2865,2026-12-27,0
875,2865,2026-12-28,0
875,2865,2026-12-29,0
875,2865,2026-12-30,0
875,2865,2026-12-31,0
875,2865,2027-01-01,0
875,2865,2027-01-02,0
875,2865,2027-01-03,0
875,2865,2027-01-04,0
875,2865,2027-01-05,0
875,2865,2027-01-06,0
875,2865,2027-01-07,0
875,2865,2027-01-08,0
875,2865,2027-01-09,0
875,2865,2027-01-10,0
875,2865,2027-01-11,0
875,2865,2027-01-12,0
875,2866,2026-12-13,0
875,2866,2026-12-14,0
875,2866,2026-12-15,0
875,2866,2026-12-16,0
875,2866,2026-12-17,0
875,2866,2026-12-18,0
875,2866,2026-12-19,0
875,2866,2026-12-20,0
875,2866,2026-12-21,0
875,2866,2026-12-22,0
875,2866,2026-12-23,0
875,2866,2026-12-24,0
875,2866,2026-12-25,0
875,2866,2026-12-26,0
875,2866,2026-12-27,0
875,2866,2026-12-28,0
875,2866,2026-12-29,0
875,2866,2026-12-30,0
875,2866,2026-12-31,0
875,2866,2027-01-01,0
875,2866,2027-01-02,0
875,2866,2027-01-03,0
875,2866,2027-01-04,0
875,2866,2027-01-05,0
875,2866,2027-01-06,0
875,2866,2027-01-07,0
875,2866,2027-01-08,0
875,2866,2027-01-09,0
875,2866,2027-01-10,0
875,2866,2027-01-11,0
875,2866,2027-01-12,0
875,2867,2026-12-13,0
875,2867,2026-12-14,0
875,2867,2026-12-15,0
875,2867,2026-12-16,0
875,2867,2026-12-17,0
875,2867,2026-12-18,0
875,2867,2026-12-19,0
875,2867,2026-12-20,0
875,2867,2026-12-21,0
875,2867,2026-12-22,0
875,2867,2026-12-23,0
875,2867,2026-12-24,0
875,2867,2026-12-25,0
875,2867,2026-12-26,0
875,2867,2026-12-27,0
875,2867,2026-12-28,0
875,2867,2026-12-29,0
875,2867,2026-12-30,0
875,2867,2026-12-31,0
875,2867,2027-01-01,0
875,2867,2027-01-02,0
875,2867,2027-01-03,0
875,2867,2027-01-04,0
875,2867,2027-01-05,0
875,2867,2027-01-06,0
875,2867,2027-01-07,0
875,2867,2027-01-08,0
875,2867,2027-01-09,0
875,2867,2027-01-10,0
875,2867,2027-01-11,0
875,2867,2027-01-12,0
875,2868,2026-12-13,0
875,2868,2026-12-14,0
875,2868,2026-12-15,0
875,2868,2026-12-16,0
875,2868,2026-12-17,0
875,2868,2026-12-18,0
875,2868,2026-12-19,0
875,2868,2026-12-20,0
875,2868,2026-12-21,0
875,2868,2026-12-22,0
875,2868,2026-12-23,0
875,2868,2026-12-24,0
875,2868,2026-12-25,0
875,2868,2026-12-26,0
875,2868,2026-12-27,0
875,2868,2026-12-28,0
875,2868,2026-12-29,0
875,2868,2026-12-30,0
875,2868,2026-12-31,0
875,2868,2027-01-01,0
875,2868,2027-01-02,0
875,2868,2027-01-03,0
875,2868,2027-01-04,0
875,2868,2027-01-05,0
875,2868,2027-01-06,0
875,2868,2027-01-07,0
875,2868,2027-01-08,0
875,2868,2027-01-09,0
875,2868,2027-01-10,0
875,2868,2027-01-11,0
875,2868,2027-01-12,0
875,2869,2026-12-13,0
875,2869,2026-12-14,0
875,2869,2026-12-15,0
875,2869,2026-12-16,0
875,2869,2026-12-17,0
875,2869,2026-12-18,0
875,2869,2026-12-19,0
875,2869,2026-12-20,0
875,2869,2026-12-21,0
875,2869,2026-12-22,0
875,2869,2026-12-23,0
875,2869,2026-12-24,0
875,2869,2026-12-25,0
875,2869,2026-12-26,0
875,2869,2026-12-27,0
875,2869,2026-12-28,0
875,2869,2026-12-29,0
875,2869,2026-12-30,0
875,2869,2026-12-31,0
875,2869,2027-01-01,0
875,2869,2027-01-02,0
875,2869,2027-01-03,0
875,2869,2027-01-04,0
875,2869,2027-01-05,0
875,2869,2027-01-06,0
875,2869,2027-01-07,0
875,2869,2027-01-08,0
875,2869,2027-01-09,0
875,2869,2027-01-10,0
875,2869,2027-01-11,0
875,2869,2027-01-12,0
875,2870,2026-12-13,0
875,2870,2026-12-14,0
875,2870,2026-12-15,0
875,2870,2026-12-16,0
875,2870,2026-12-17,0
875,2870,2026-12-18,0
875,2870,2026-12-19,0
875,2870,2026-12-20,0
875,2870,2026-12-21,0
875,2870,2026-12-22,0
875,2870,2026-12-23,0
875,2870,2026-12-24,0
875,2870,2026-12-25,0
875,2870,2026-12-26,0
875,2870,2026-12-27,0
875,2870,2026-12-28,0
875,2870,2026-12-29,0
875,2870,2026-12-30,0
875,2870,2026-12-31,0
875,2870,2027-01-01,0
875,2870,2027-01-02,0
875,2870,2027-01-03,0
875,2870,2027-01-04,0
875,2870,2027-01-05,0
875,2870,2027-01-06,0
875,2870,2027-01-07,0
875,2870,2027-01-08,0
875,2870,2027-01-09,0
875,2870,2027-01-10,0
875,2870,2027-01-11,0
875,2870,2027-01-12,0
875,2871,2026-12-13,0
875,2871,2026-12-14,0
875,2871,2026-12-15,0
875,2871,2026-12-16,0
875,2871,2026-12-17,0
875,2871,2026-12-18,0
875,2871,2026-12-19,0
875,2871,2026-12-20,0
875,2871,2026-12-21,0
875,2871,2026-12-22,0
875,2871,2026-12-23,0
875,2871,2026-12-24,0
875,2871,2026-12-25,0
875,2871,2026-12-26,0
875,2871,2026-12-27,0
875,2871,2026-12-28,0
875,2871,2026-12-29,0
875,2871,2026-12-30,0
875,2871,2026-12-31,0
875,2871,2027-01-01,0
875,2871,2027-01-02,0
875,2871,2027-01-03,0
875,2871,2027-01-04,0
875,2871,2027-01-05,0
875,2871,2027-01-06,0
875,2871,2027-01-07,0
875,2871,2027-01-08,0
875,2871,2027-01-09,0
875,2871,2027-01-10,0
875,2871,2027-01-11,0
875,2871,2027-01-12,0
875,2872,2026-12-13,0
875,2872,2026-12-14,0
875,2872,2026-12-15,0
875,2872,2026-12-16,0
875,2872,2026-12-17,0
875,2872,2026-12-18,0
875,2872,2026-12-19,0
875,2872,2026-12-20,0
875,2872,2026-12-21,0
875,2872,2026-12-22,0
875,2872,2026-12-23,0
875,2872,2026-12-24,0
875,2872,2026-12-25,0
875,2872,2026-12-26,0
875,2872,2026-12-27,0
875,2872,2026-12-28,0
875,2872,2026-12-29,0
875,2872,2026-12-30,0
875,2872,2026-12-31,0
875,2872,2027-01-01,0
875,2872,2027-01-02,0
875,2872,2027-01-03,0
875,2872,2027-01-04,0
875,2872,2027-01-05,0
875,2872,2027-01-06,0
875,2872,2027-01-07,0
875,2872,2027-01-08,0
875,2872,2027-01-09,0
875,2872,2027-01-10,0
875,2872,2027-01-11,0
875,2872,2027-01-12,0
875,2873,2026-12-13,0
875,2873,2026-12-14,0
875,2873,2026-12-15,0
875,2873,2026-12-16,0
875,2873,2026-12-17,0
875,2873,2026-12-18,0
875,2873,2026-12-19,0
875,2873,2026-12-20,0
875,2873,2026-12-21,0
875,2873,2026-12-22,0
875,2873,2026-12-23,0
875,2873,2026-12-24,0
875,2873,2026-12-25,0
875,2873,2026-12-26,0
875,2873,2026-12-27,0
875,2873,2026-12-28,0
875,2873,2026-12-29,0
875,2873,2026-12-30,0
875,2873,2026-12-31,0
875,2873,2027-01-01,0
875,2873,2027-01-02,0
875,2873,2027-01-03,0
875,2873,2027-01-04,0
875,2873,2027-01-05,0
875,2873,2027-01-06,0
875,2873,2027-01-07,0
875,2873,2027-01-08,0
875,2873,2027-01-09,0
875,2873,2027-01-10,0
875,2873,2027-01-11,0
875,2873,2027-01-12,0
875,2874,2026-12-13,0
875,2874,2026-12-14,0
875,2874,2026-12-15,0
875,2874,2026-12-16,0
875,2874,2026-12-17,0
875,2874,2026-12-18,0
875,2874,2026-12-19,0
875,2874,2026-12-20,0
875,2874,2026-12-21,0
875,2874,2026-12-22,0
875,2874,2026-12-23,0
875,2874,2026-12-24,0
875,2874,2026-12-25,0
875,2874,2026-12-26,0
875,2874,2026-12-27,0
875,2874,2026-12-28,0
875,2874,2026-12-29,0
875,2874,2026-12-30,0
875,2874,2026-12-31,0
875,2874,2027-01-01,0
875,2874,2027-01-02,0
875,2874,2027-01-03,0
875,2874,2027-01-04,0
875,2874,2027-01-05,0
875,2874,2027-01-06,0
875,2874,2027-01-07,0
875,2874,2027-01-08,0
875,2874,2027-01-09,0
875,2874,2027-01-10,0
875,2874,2027-01-11,0
875,2874,2027-01-12,0
875,2876,2026-12-13,0
875,2876,2026-12-14,0
875,2876,2026-12-15,0
875,2876,2026-12-16,0
875,2876,2026-12-17,0
875,2876,2026-12-18,0
875,2876,2026-12-19,0
875,2876,2026-12-20,0
875,2876,2026-12-21,0
875,2876,2026-12-22,0
875,2876,2026-12-23,0
875,2876,2026-12-24,0
875,2876,2026-12-25,0
875,2876,2026-12-26,0
875,2876,2026-12-27,0
875,2876,2026-12-28,0
875,2876,2026-12-29,0
875,2876,2026-12-30,0
875,2876,2026-12-31,0
875,2876,2027-01-01,0
875,2876,2027-01-02,0
875,2876,2027-01-03,0
875,2876,2027-01-04,0
875,2876,2027-01-05,0
875,2876,2027-01-06,0
875,2876,2027-01-07,0
875,2876,2027-01-08,0
875,2876,2027-01-09,0
875,2876,2027-01-10,0
875,2876,2027-01-11,0
875,2876,2027-01-12,0
875,2877,2026-12-13,0
875,2877,2026-12-14,0
875,2877,2026-12-15,0
875,2877,2026-12-16,0
875,2877,2026-12-17,0
875,2877,2026-12-18,0
875,2877,2026-12-19,0
875,2877,2026-12-20,0
875,2877,2026-12-21,0
875,2877,2026-12-22,0
875,2877,2026-12-23,0
875,2877,2026-12-24,0
875,2877,2026-12-25,0
875,2877,2026-12-26,0
875,2877,2026-12-27,0
875,2877,2026-12-28,0
875,2877,2026-12-29,0
875,2877,2026-12-30,0
875,2877,2026-12-31,0
875,2877,2027-01-01,0
875,2877,2027-01-02,0
875,2877,2027-01-03,0
875,2877,2027-01-04,0
875,2877,2027-01-05,0
875,2877,2027-01-06,0
875,2877,2027-01-07,0
875,2877,2027-01-08,0
875,2877,2027-01-09,0
875,2877,2027-01-10,0
875,2877,2027-01-11,0
875,2877,2027-01-12,0
875,2878,2026-12-13,0
875,2878,2026-12-14,0
875,2878,2026-12-15,0
875,2878,2026-12-16,0
875,2878,2026-12-17,0
875,2878,2026-12-18,0
875,2878,2026-12-19,0
875,2878,2026-12-20,0
875,2878,2026-12-21,0
875,2878,2026-12-22,0
875,2878,2026-12-23,0
875,2878,2026-12-24,0
875,2878,2026-12-25,0
875,2878,2026-12-26,0
875,2878,2026-12-27,0
875,2878,2026-12-28,0
875,2878,2026-12-29,0
875,2878,2026-12-30,0
875,2878,2026-12-31,0
875,2878,2027-01-01,0
875,2878,2027-01-02,0
875,2878,2027-01-03,0
875,2878,2027-01-04,0
875,2878,2027-01-05,0
875,2878,2027-01-06,0
875,2878,2027-01-07,0
875,2878,2027-01-08,0
875,2878,2027-01-09,0
875,2878,2027-01-10,0
875,2878,2027-01-11,0
875,2878,2027-01-12,0
875,2879,2026-12-13,0
875,2879,2026-12-14,0
875,2879,2026-12-15,0
875,2879,2026-12-16,0
875,2879,2026-12-17,0
875,2879,2026-12-18,0
875,2879,2026-12-19,0
875,2879,2026-12-20,0
875,2879,2026-12-21,0
875,2879,2026-12-22,0
875,2879,2026-12-23,0
875,2879,2026-12-24,0
875,2879,2026-12-25,0
875,2879,2026-12-26,0
875,2879,2026-12-27,0
875,2879,2026-12-28,0
875,2879,2026-12-29,0
875,2879,2026-12-30,0
875,2879,2026-12-31,0
875,2879,2027-01-01,0
875,2879,2027-01-02,0
875,2879,2027-01-03,0
875,2879,2027-01-04,0
875,2879,2027-01-05,0
875,2879,2027-01-06,0
875,2879,2027-01-07,0
875,2879,2027-01-08,0
875,2879,2027-01-09,0
875,2879,2027-01-10,0
875,2879,2027-01-11,0
875,2879,2027-01-12,0
875,2880,2026-12-13,0
875,2880,2026-12-14,0
875,2880,2026-12-15,0
875,2880,2026-12-16,0
875,2880,2026-12-17,0
875,2880,2026-12-18,0
875,2880,2026-12-19,0
875,2880,2026-12-20,0
875,2880,2026-12-21,0
875,2880,2026-12-22,0
875,2880,2026-12-23,0
875,2880,2026-12-24,0
875,2880,2026-12-25,0
875,2880,2026-12-26,0
875,2880,2026-12-27,0
875,2880,2026-12-28,0
875,2880,2026-12-29,0
875,2880,2026-12-30,0
875,2880,2026-12-31,0
875,2880,2027-01-01,0
875,2880,2027-01-02,0
875,2880,2027-01-03,0
875,2880,2027-01-04,0
875,2880,2027-01-05,0
875,2880,2027-01-06,0
875,2880,2027-01-07,0
875,2880,2027-01-08,0
875,2880,2027-01-09,0
875,2880,2027-01-10,0
875,2880,2027-01-11,0
875,2880,2027-01-12,0
875,2881,2026-12-13,0
875,2881,2026-12-14,0
875,2881,2026-12-15,0
875,2881,2026-12-16,0
875,2881,2026-12-17,0
875,2881,2026-12-18,0
875,2881,2026-12-19,0
875,2881,2026-12-20,0
875,2881,2026-12-21,0
875,2881,2026-12-22,0
875,2881,2026-12-23,0
875,2881,2026-12-24,0
875,2881,2026-12-25,0
875,2881,2026-12-26,0
875,2881,2026-12-27,0
875,2881,2026-12-28,0
875,2881,2026-12-29,0
875,2881,2026-12-30,0
875,2881,2026-12-31,0
875,2881,2027-01-01,0
875,2881,2027-01-02,0
875,2881,2027-01-03,0
875,2881,2027-01-04,0
875,2881,2027-01-05,0
875,2881,2027-01-06,0
875,2881,2027-01-07,0
875,2881,2027-01-08,0
875,2881,2027-01-09,0
875,2881,2027-01-10,0
875,2881,2027-01-11,0
875,2881,2027-01-12,0
875,2882,2026-12-13,0
875,2882,2026-12-14,0
875,2882,2026-12-15,0
875,2882,2026-12-16,0
875,2882,2026-12-17,0
875,2882,2026-12-18,0
875,2882,2026-12-19,0
875,2882,2026-12-20,0
875,2882,2026-12-21,0
875,2882,2026-12-22,0
875,2882,2026-12-23,0
875,2882,2026-12-24,0
875,2882,2026-12-25,0
875,2882,2026-12-26,0
875,2882,2026-12-27,0
875,2882,2026-12-28,0
875,2882,2026-12-29,0
875,2882,2026-12-30,0
875,2882,2026-12-31,0
875,2882,2027-01-01,0
875,2882,2027-01-02,0
875,2882,2027-01-03,0
875,2882,2027-01-04,0
875,2882,2027-01-05,0
875,2882,2027-01-06,0
875,2882,2027-01-07,0
875,2882,2027-01-08,0
875,2882,2027-01-09,0
875,2882,2027-01-10,0
875,2882,2027-01-11,0
875,2882,2027-01-12,0
875,2883,2026-12-13,0
875,2883,2026-12-14,0
875,2883,2026-12-15,0
875,2883,2026-12-16,0
875,2883,2026-12-17,0
875,2883,2026-12-18,0
875,2883,2026-12-19,0
875,2883,2026-12-20,0
875,2883,2026-12-21,0
875,2883,2026-12-22,0
875,2883,2026-12-23,0
875,2883,2026-12-24,0
875,2883,2026-12-25,0
875,2883,2026-12-26,0
875,2883,2026-12-27,0
875,2883,2026-12-28,0
875,2883,2026-12-29,0
875,2883,2026-12-30,0
875,2883,2026-12-31,0
875,2883,2027-01-01,0
875,2883,2027-01-02,0
875,2883,2027-01-03,0
875,2883,2027-01-04,0
875,2883,2027-01-05,0
875,2883,2027-01-06,0
875,2883,2027-01-07,0
875,2883,2027-01-08,0
875,2883,2027-01-09,0
875,2883,2027-01-10,0
875,2883,2027-01-11,0
875,2883,2027-01-12,0
875,2884,2026-12-13,0
875,2884,2026-12-14,0
875,2884,2026-12-15,0
875,2884,2026-12-16,0
875,2884,2026-12-17,0
875,2884,2026-12-18,0
875,2884,2026-12-19,0
875,2884,2026-12-20,0
875,2884,2026-12-21,0
875,2884,2026-12-22,0
875,2884,2026-12-23,0
875,2884,2026-12-24,0
875,2884,2026-12-25,0
875,2884,2026-12-26,0
875,2884,2026-12-27,0
875,2884,2026-12-28,0
875,2884,2026-12-29,0
875,2884,2026-12-30,0
875,2884,2026-12-31,0
875,2884,2027-01-01,0
875,2884,2027-01-02,0
875,2884,2027-01-03,0
875,2884,2027-01-04,0
875,2884,2027-01-05,0
875,2884,2027-01-06,0
875,2884,2027-01-07,0
875,2884,2027-01-08,0
875,2884,2027-01-09,0
875,2884,2027-01-10,0
875,2884,2027-01-11,0
875,2884,2027-01-12,0
875,2885,2026-12-13,0
875,2885,2026-12-14,0
875,2885,2026-12-15,0
875,2885,2026-12-16,0
875,2885,2026-12-17,0
875,2885,2026-12-18,0
875,2885,2026-12-19,0
875,2885,2026-12-20,0
875,2885,2026-12-21,0
875,2885,2026-12-22,0
875,2885,2026-12-23,0
875,2885,2026-12-24,0
875,2885,2026-12-25,0
875,2885,2026-12-26,0
875,2885,2026-12-27,0
875,2885,2026-12-28,0
875,2885,2026-12-29,0
875,2885,2026-12-30,0
875,2885,2026-12-31,0
875,2885,2027-01-01,0
875,2885,2027-01-02,0
875,2885,2027-01-03,0
875,2885,2027-01-04,0
875,2885,2027-01-05,0
875,2885,2027-01-06,0
875,2885,2027-01-07,0
875,2885,2027-01-08,0
875,2885,2027-01-09,0
875,2885,2027-01-10,0
875,2885,2027-01-11,0
875,2885,2027-01-12,0
875,2886,2026-12-13,0
875,2886,2026-12-14,0
875,2886,2026-12-15,0
875,2886,2026-12-16,0
875,2886,2026-12-17,0
875,2886,2026-12-18,0
875,2886,2026-12-19,0
875,2886,2026-12-20,0
875,2886,2026-12-21,0
875,2886,2026-12-22,0
875,2886,2026-12-23,0
875,2886,2026-12-24,0
875,2886,2026-12-25,0
875,2886,2026-12-26,0
875,2886,2026-12-27,0
875,2886,2026-12-28,0
875,2886,2026-12-29,0
875,2886,2026-12-30,0
875,2886,2026-12-31,0
875,2886,2027-01-01,0
875,2886,2027-01-02,0
875,2886,2027-01-03,0
875,2886,2027-01-04,0
875,2886,2027-01-05,0
875,2886,2027-01-06,0
875,2886,2027-01-07,0
875,2886,2027-01-08,0
875,2886,2027-01-09,0
875,2886,2027-01-10,0
875,2886,2027-01-11,0
875,2886,2027-01-12,0
875,2887,2026-12-13,0
875,2887,2026-12-14,0
875,2887,2026-12-15,0
875,2887,2026-12-16,0
875,2887,2026-12-17,0
875,2887,2026-12-18,0
875,2887,2026-12-19,0
875,2887,2026-12-20,0
875,2887,2026-12-21,0
875,2887,2026-12-22,0
875,2887,2026-12-23,0
875,2887,2026-12-24,0
875,2887,2026-12-25,0
875,2887,2026-12-26,0
875,2887,2026-12-27,0
875,2887,2026-12-28,0
875,2887,2026-12-29,0
875,2887,2026-12-30,0
875,2887,2026-12-31,0
875,2887,2027-01-01,0
875,2887,2027-01-02,0
875,2887,2027-01-03,0
875,2887,2027-01-04,0
875,2887,2027-01-05,0
875,2887,2027-01-06,0
875,2887,2027-01-07,0
875,2887,2027-01-08,0
875,2887,2027-01-09,0
875,2887,2027-01-10,0
875,2887,2027-01-11,0
875,2887,2027-01-12,0
879,2918,2026-06-16,0
879,2918,2026-06-17,0
879,2918,2026-06-18,0
879,2918,2026-06-19,0
879,2918,2026-06-20,0
879,2918,2026-06-21,0
879,2918,2026-06-22,0
879,2918,2026-06-23,0
879,2918,2026-06-24,0
879,2918,2026-06-25,0
879,2918,2026-06-26,0
879,2918,2026-06-27,0
879,2918,2026-06-28,0
879,2918,2026-06-29,0
879,2918,2026-06-30,0
879,2918,2026-07-01,0
879,2918,2026-07-02,0
879,2918,2026-07-03,0
879,2918,2026-07-04,0
879,2918,2026-07-05,0
879,2918,2026-07-06,0
879,2918,2026-07-07,0
879,2918,2026-07-08,0
879,2918,2026-07-09,0
879,2918,2026-07-10,0
879,2918,2026-07-11,0
879,2918,2026-07-12,0
879,2918,2026-07-13,0
879,2918,2026-07-14,0
879,2918,2026-07-15,0
879,2918,2026-07-16,0
879,2919,2026-06-16,0
879,2919,2026-06-17,0
879,2919,2026-06-18,0
879,2919,2026-06-19,0
879,2919,2026-06-20,0
879,2919,2026-06-21,0
879,2919,2026-06-22,0
879,2919,2026-06-23,0
879,2919,2026-06-24,0
879,2919,2026-06-25,0
879,2919,2026-06-26,0
879,2919,2026-06-27,0
879,2919,2026-06-28,0
879,2919,2026-06-29,0
879,2919,2026-06-30,0
879,2919,2026-07-01,0
879,2919,2026-07-02,0
879,2919,2026-07-03,0
879,2919,2026-07-04,0
879,2919,2026-07-05,0
879,2919,2026-07-06,0
879,2919,2026-07-07,0
879,2919,2026-07-08,0
879,2919,2026-07-09,0
879,2919,2026-07-10,0
879,2919,2026-07-11,0
879,2919,2026-07-12,0
879,2919,2026-07-13,0
879,2919,2026-07-14,0
879,2919,2026-07-15,0
879,2919,2026-07-16,0
879,2920,2026-06-16,0
879,2920,2026-06-17,0
879,2920,2026-06-18,0
879,2920,2026-06-19,0
879,2920,2026-06-20,0
879,2920,2026-06-21,0
879,2920,2026-06-22,0
879,2920,2026-06-23,0
879,2920,2026-06-24,0
879,2920,2026-06-25,0
879,2920,2026-06-26,0
879,2920,2026-06-27,0
879,2920,2026-06-28,0
879,2920,2026-06-29,0
879,2920,2026-06-30,0
879,2920,2026-07-01,0
879,2920,2026-07-02,0
879,2920,2026-07-03,0
879,2920,2026-07-04,0
879,2920,2026-07-05,0
879,2920,2026-07-06,0
879,2920,2026-07-07,0
879,2920,2026-07-08,0
879,2920,2026-07-09,0
879,2920,2026-07-10,0
879,2920,2026-07-11,0
879,2920,2026-07-12,0
879,2920,2026-07-13,0
879,2920,2026-07-14,0
879,2920,2026-07-15,0
879,2920,2026-07-16,0
879,2921,2026-06-16,0
879,2921,2026-06-17,0
879,2921,2026-06-18,0
879,2921,2026-06-19,0
879,2921,2026-06-20,0
879,2921,2026-06-21,0
879,2921,2026-06-22,0
879,2921,2026-06-23,0
879,2921,2026-06-24,0
879,2921,2026-06-25,0
879,2921,2026-06-26,0
879,2921,2026-06-27,0
879,2921,2026-06-28,0
879,2921,2026-06-29,0
879,2921,2026-06-30,0
879,2921,2026-07-01,0
879,2921,2026-07-02,0
879,2921,2026-07-03,0
879,2921,2026-07-04,0
879,2921,2026-07-05,0
879,2921,2026-07-06,0
879,2921,2026-07-07,0
879,2921,2026-07-08,0
879,2921,2026-07-09,0
879,2921,2026-07-10,0
879,2921,2026-07-11,0
879,2921,2026-07-12,0
879,2921,2026-07-13,0
879,2921,2026-07-14,0
879,2921,2026-07-15,0
879,2921,2026-07-16,0
879,2922,2026-06-16,0
879,2922,2026-06-17,0
879,2922,2026-06-18,0
879,2922,2026-06-19,0
879,2922,2026-06-20,0
879,2922,2026-06-21,0
879,2922,2026-06-22,0
879,2922,2026-06-23,0
879,2922,2026-06-24,0
879,2922,2026-06-25,0
879,2922,2026-06-26,0
879,2922,2026-06-27,0
879,2922,2026-06-28,0
879,2922,2026-06-29,0
879,2922,2026-06-30,0
879,2922,2026-07-01,0
879,2922,2026-07-02,0
879,2922,2026-07-03,0
879,2922,2026-07-04,0
879,2922,2026-07-05,0
879,2922,2026-07-06,0
879,2922,2026-07-07,0
879,2922,2026-07-08,0
879,2922,2026-07-09,0
879,2922,2026-07-10,0
879,2922,2026-07-11,0
879,2922,2026-07-12,0
879,2922,2026-07-13,0
879,2922,2026-07-14,0
879,2922,2026-07-15,0
879,2922,2026-07-16,0
879,2923,2026-06-16,0
879,2923,2026-06-17,0
879,2923,2026-06-18,0
879,2923,2026-06-19,0
879,2923,2026-06-20,0
879,2923,2026-06-21,0
879,2923,2026-06-22,0
879,2923,2026-06-23,0
879,2923,2026-06-24,0
879,2923,2026-06-25,0
879,2923,2026-06-26,0
879,2923,2026-06-27,0
879,2923,2026-06-28,0
879,2923,2026-06-29,0
879,2923,2026-06-30,0
879,2923,2026-07-01,0
879,2923,2026-07-02,0
879,2923,2026-07-03,0
879,2923,2026-07-04,0
879,2923,2026-07-05,0
879,2923,2026-07-06,0
879,2923,2026-07-07,0
879,2923,2026-07-08,0
879,2923,2026-07-09,0
879,2923,2026-07-10,0
879,2923,2026-07-11,0
879,2923,2026-07-12,0
879,2923,2026-07-13,0
879,2923,2026-07-14,0
879,2923,2026-07-15,0
879,2923,2026-07-16,0
879,2918,2026-03-18,17
879,2918,2026-03-19,17
879,2918,2026-03-20,17
879,2918,2026-03-21,16
879,2918,2026-03-22,17
879,2918,2026-03-23,17
879,2918,2026-03-24,15
879,2918,2026-03-25,17
879,2918,2026-03-26,17
879,2918,2026-03-27,17
879,2918,2026-03-28,17
879,2918,2026-03-29,14
879,2918,2026-03-30,17
879,2918,2026-03-31,17
879,2918,2026-04-01,17
879,2918,2026-04-02,17
879,2918,2026-04-03,17
879,2918,2026-04-04,16
879,2918,2026-04-05,17
879,2918,2026-04-06,17
879,2918,2026-04-07,17
879,2918,2026-04-08,17
879,2918,2026-04-09,17
879,2918,2026-04-10,17
879,2918,2026-04-11,17
879,2918,2026-04-12,17
879,2918,2026-04-13,17
879,2918,2026-04-14,17
879,2918,2026-04-15,17
879,2918,2026-04-16,17
879,2918,2026-04-17,17
879,2919,2026-03-18,20
879,2919,2026-03-19,18
879,2919,2026-03-20,11
879,2919,2026-03-21,19
879,2919,2026-03-22,16
879,2919,2026-03-23,17
879,2919,2026-03-24,18
879,2919,2026-03-25,14
879,2919,2026-03-26,20
879,2919,2026-03-27,20
879,2919,2026-03-28,18
879,2919,2026-03-29,20
879,2919,2026-03-30,12
879,2919,2026-03-31,20
879,2919,2026-04-01,20
879,2919,2026-04-02,14
879,2919,2026-04-03,7
879,2919,2026-04-04,1
879,2919,2026-04-05,14
879,2919,2026-04-06,18
879,2919,2026-04-07,11
879,2919,2026-04-08,20
879,2919,2026-04-09,20
879,2919,2026-04-10,17
879,2919,2026-04-11,17
879,2919,2026-04-12,20
879,2919,2026-04-13,18
879,2919,2026-04-14,18
879,2919,2026-04-15,11
879,2919,2026-04-16,10
879,2919,2026-04-17,17
879,2920,2026-03-18,0
879,2920,2026-03-19,0
879,2920,2026-03-20,0
879,2920,2026-03-21,0
879,2920,2026-03-22,0
879,2920,2026-03-23,0
879,2920,2026-03-24,0
879,2920,2026-03-25,0
879,2920,2026-03-26,0
879,2920,2026-03-27,0
879,2920,2026-03-28,0
879,2920,2026-03-29,0
879,2920,2026-03-30,0
879,2920,2026-03-31,0
879,2920,2026-04-01,0
879,2920,2026-04-02,0
879,2920,2026-04-03,0
879,2920,2026-04-04,0
879,2920,2026-04-05,0
879,2920,2026-04-06,0
879,2920,2026-04-07,0
879,2920,2026-04-08,0
879,2920,2026-04-09,0
879,2920,2026-04-10,0
879,2920,2026-04-11,0
879,2920,2026-04-12,0
879,2920,2026-04-13,0
879,2920,2026-04-14,0
879,2920,2026-04-15,0
879,2920,2026-04-16,0
879,2920,2026-04-17,0
879,2921,2026-03-18,0
879,2921,2026-03-19,0
879,2921,2026-03-20,0
879,2921,2026-03-21,0
879,2921,2026-03-22,0
879,2921,2026-03-23,0
879,2921,2026-03-24,0
879,2921,2026-03-25,0
879,2921,2026-03-26,0
879,2921,2026-03-27,0
879,2921,2026-03-28,0
879,2921,2026-03-29,0
879,2921,2026-03-30,0
879,2921,2026-03-31,0
879,2921,2026-04-01,0
879,2921,2026-04-02,0
879,2921,2026-04-03,0
879,2921,2026-04-04,0
879,2921,2026-04-05,0
879,2921,2026-04-06,0
879,2921,2026-04-07,0
879,2921,2026-04-08,0
879,2921,2026-04-09,0
879,2921,2026-04-10,0
879,2921,2026-04-11,0
879,2921,2026-04-12,0
879,2921,2026-04-13,0
879,2921,2026-04-14,0
879,2921,2026-04-15,0
879,2921,2026-04-16,0
879,2921,2026-04-17,0
879,2922,2026-03-18,11
879,2922,2026-03-19,12
879,2922,2026-03-20,10
879,2922,2026-03-21,0
879,2922,2026-03-22,11
879,2922,2026-03-23,9
879,2922,2026-03-24,12
879,2922,2026-03-25,12
879,2922,2026-03-26,12
879,2922,2026-03-27,12
879,2922,2026-03-28,12
879,2922,2026-03-29,12
879,2922,2026-03-30,9
879,2922,2026-03-31,12
879,2922,2026-04-01,12
879,2922,2026-04-02,12
879,2922,2026-04-03,10
879,2922,2026-04-04,0
879,2922,2026-04-05,11
879,2922,2026-04-06,12
879,2922,2026-04-07,12
879,2922,2026-04-08,12
879,2922,2026-04-09,12
879,2922,2026-04-10,12
879,2922,2026-04-11,12
879,2922,2026-04-12,12
879,2922,2026-04-13,12
879,2922,2026-04-14,12
879,2922,2026-04-15,12
879,2922,2026-04-16,12
879,2922,2026-04-17,11
879,2923,2026-03-18,24
879,2923,2026-03-19,11
879,2923,2026-03-20,21
879,2923,2026-03-21,1
879,2923,2026-03-22,25
879,2923,2026-03-23,9
879,2923,2026-03-24,24
879,2923,2026-03-25,11
879,2923,2026-03-26,10
879,2923,2026-03-27,15
879,2923,2026-03-28,2
879,2923,2026-03-29,19
879,2923,2026-03-30,26
879,2923,2026-03-31,20
879,2923,2026-04-01,25
879,2923,2026-04-02,10
879,2923,2026-04-03,0
879,2923,2026-04-04,0
879,2923,2026-04-05,0
879,2923,2026-04-06,1
879,2923,2026-04-07,26
879,2923,2026-04-08,9
879,2923,2026-04-09,28
879,2923,2026-04-10,9
879,2923,2026-04-11,3
879,2923,2026-04-12,27
879,2923,2026-04-13,1
879,2923,2026-04-14,27
879,2923,2026-04-15,3
879,2923,2026-04-16,4
879,2923,2026-04-17,20
879,2918,2026-05-17,0
879,2918,2026-05-18,0
879,2918,2026-05-19,0
879,2918,2026-05-20,0
879,2918,2026-05-21,0
879,2918,2026-05-22,0
879,2918,2026-05-23,0
879,2918,2026-05-24,0
879,2918,2026-05-25,0
879,2918,2026-05-26,0
879,2918,2026-05-27,0
879,2918,2026-05-28,0
879,2918,2026-05-29,0
879,2918,2026-05-30,0
879,2918,2026-05-31,0
879,2918,2026-06-01,0
879,2918,2026-06-02,0
879,2918,2026-06-03,0
879,2918,2026-06-04,0
879,2918,2026-06-05,0
879,2918,2026-06-06,0
879,2918,2026-06-07,0
879,2918,2026-06-08,0
879,2918,2026-06-09,0
879,2918,2026-06-10,0
879,2918,2026-06-11,0
879,2918,2026-06-12,0
879,2918,2026-06-13,0
879,2918,2026-06-14,0
879,2918,2026-06-15,0
879,2918,2026-06-16,0
879,2919,2026-05-17,0
879,2919,2026-05-18,0
879,2919,2026-05-19,0
879,2919,2026-05-20,0
879,2919,2026-05-21,0
879,2919,2026-05-22,0
879,2919,2026-05-23,0
879,2919,2026-05-24,0
879,2919,2026-05-25,0
879,2919,2026-05-26,0
879,2919,2026-05-27,0
879,2919,2026-05-28,0
879,2919,2026-05-29,0
879,2919,2026-05-30,0
879,2919,2026-05-31,0
879,2919,2026-06-01,0
879,2919,2026-06-02,0
879,2919,2026-06-03,0
879,2919,2026-06-04,0
879,2919,2026-06-05,0
879,2919,2026-06-06,0
879,2919,2026-06-07,0
879,2919,2026-06-08,0
879,2919,2026-06-09,0
879,2919,2026-06-10,0
879,2919,2026-06-11,0
879,2919,2026-06-12,0
879,2919,2026-06-13,0
879,2919,2026-06-14,0
879,2919,2026-06-15,0
879,2919,2026-06-16,0
879,2920,2026-05-17,0
879,2920,2026-05-18,0
879,2920,2026-05-19,0
879,2920,2026-05-20,0
879,2920,2026-05-21,0
879,2920,2026-05-22,0
879,2920,2026-05-23,0
879,2920,2026-05-24,0
879,2920,2026-05-25,0
879,2920,2026-05-26,0
879,2920,2026-05-27,0
879,2920,2026-05-28,0
879,2920,2026-05-29,0
879,2920,2026-05-30,0
879,2920,2026-05-31,0
879,2920,2026-06-01,0
879,2920,2026-06-02,0
879,2920,2026-06-03,0
879,2920,2026-06-04,0
879,2920,2026-06-05,0
879,2920,2026-06-06,0
879,2920,2026-06-07,0
879,2920,2026-06-08,0
879,2920,2026-06-09,0
879,2920,2026-06-10,0
879,2920,2026-06-11,0
879,2920,2026-06-12,0
879,2920,2026-06-13,0
879,2920,2026-06-14,0
879,2920,2026-06-15,0
879,2920,2026-06-16,0
879,2921,2026-05-17,0
879,2921,2026-05-18,0
879,2921,2026-05-19,0
879,2921,2026-05-20,0
879,2921,2026-05-21,0
879,2921,2026-05-22,0
879,2921,2026-05-23,0
879,2921,2026-05-24,0
879,2921,2026-05-25,0
879,2921,2026-05-26,0
879,2921,2026-05-27,0
879,2921,2026-05-28,0
879,2921,2026-05-29,0
879,2921,2026-05-30,0
879,2921,2026-05-31,0
879,2921,2026-06-01,0
879,2921,2026-06-02,0
879,2921,2026-06-03,0
879,2921,2026-06-04,0
879,2921,2026-06-05,0
879,2921,2026-06-06,0
879,2921,2026-06-07,0
879,2921,2026-06-08,0
879,2921,2026-06-09,0
879,2921,2026-06-10,0
879,2921,2026-06-11,0
879,2921,2026-06-12,0
879,2921,2026-06-13,0
879,2921,2026-06-14,0
879,2921,2026-06-15,0
879,2921,2026-06-16,0
879,2922,2026-05-17,0
879,2922,2026-05-18,0
879,2922,2026-05-19,0
879,2922,2026-05-20,0
879,2922,2026-05-21,0
879,2922,2026-05-22,0
879,2922,2026-05-23,0
879,2922,2026-05-24,0
879,2922,2026-05-25,0
879,2922,2026-05-26,0
879,2922,2026-05-27,0
879,2922,2026-05-28,0
879,2922,2026-05-29,0
879,2922,2026-05-30,0
879,2922,2026-05-31,0
879,2922,2026-06-01,0
879,2922,2026-06-02,0
879,2922,2026-06-03,0
879,2922,2026-06-04,0
879,2922,2026-06-05,0
879,2922,2026-06-06,0
879,2922,2026-06-07,0
879,2922,2026-06-08,0
879,2922,2026-06-09,0
879,2922,2026-06-10,0
879,2922,2026-06-11,0
879,2922,2026-06-12,0
879,2922,2026-06-13,0
879,2922,2026-06-14,0
879,2922,2026-06-15,0
879,2922,2026-06-16,0
879,2923,2026-05-17,0
879,2923,2026-05-18,0
879,2923,2026-05-19,0
879,2923,2026-05-20,0
879,2923,2026-05-21,0
879,2923,2026-05-22,0
879,2923,2026-05-23,0
879,2923,2026-05-24,0
879,2923,2026-05-25,0
879,2923,2026-05-26,0
879,2923,2026-05-27,0
879,2923,2026-05-28,0
879,2923,2026-05-29,0
879,2923,2026-05-30,0
879,2923,2026-05-31,0
879,2923,2026-06-01,0
879,2923,2026-06-02,0
879,2923,2026-06-03,0
879,2923,2026-06-04,0
879,2923,2026-06-05,0
879,2923,2026-06-06,0
879,2923,2026-06-07,0
879,2923,2026-06-08,0
879,2923,2026-06-09,0
879,2923,2026-06-10,0
879,2923,2026-06-11,0
879,2923,2026-06-12,0
879,2923,2026-06-13,0
879,2923,2026-06-14,0
879,2923,2026-06-15,0
879,2923,2026-06-16,0
879,2918,2026-09-14,0
879,2918,2026-09-15,0
879,2918,2026-09-16,0
879,2918,2026-09-17,0
879,2918,2026-09-18,0
879,2918,2026-09-19,0
879,2918,2026-09-20,0
879,2918,2026-09-21,0
879,2918,2026-09-22,0
879,2918,2026-09-23,0
879,2918,2026-09-24,0
879,2918,2026-09-25,0
879,2918,2026-09-26,0
879,2918,2026-09-27,0
879,2918,2026-09-28,0
879,2918,2026-09-29,0
879,2918,2026-09-30,0
879,2918,2026-10-01,0
879,2918,2026-10-02,0
879,2918,2026-10-03,0
879,2918,2026-10-04,0
879,2918,2026-10-05,0
879,2918,2026-10-06,0
879,2918,2026-10-07,0
879,2918,2026-10-08,0
879,2918,2026-10-09,0
879,2918,2026-10-10,0
879,2918,2026-10-11,0
879,2918,2026-10-12,0
879,2918,2026-10-13,0
879,2918,2026-10-14,0
879,2919,2026-09-14,0
879,2919,2026-09-15,0
879,2919,2026-09-16,0
879,2919,2026-09-17,0
879,2919,2026-09-18,0
879,2919,2026-09-19,0
879,2919,2026-09-20,0
879,2919,2026-09-21,0
879,2919,2026-09-22,0
879,2919,2026-09-23,0
879,2919,2026-09-24,0
879,2919,2026-09-25,0
879,2919,2026-09-26,0
879,2919,2026-09-27,0
879,2919,2026-09-28,0
879,2919,2026-09-29,0
879,2919,2026-09-30,0
879,2919,2026-10-01,0
879,2919,2026-10-02,0
879,2919,2026-10-03,0
879,2919,2026-10-04,0
879,2919,2026-10-05,0
879,2919,2026-10-06,0
879,2919,2026-10-07,0
879,2919,2026-10-08,0
879,2919,2026-10-09,0
879,2919,2026-10-10,0
879,2919,2026-10-11,0
879,2919,2026-10-12,0
879,2919,2026-10-13,0
879,2919,2026-10-14,0
879,2920,2026-09-14,0
879,2920,2026-09-15,0
879,2920,2026-09-16,0
879,2920,2026-09-17,0
879,2920,2026-09-18,0
879,2920,2026-09-19,0
879,2920,2026-09-20,0
879,2920,2026-09-21,0
879,2920,2026-09-22,0
879,2920,2026-09-23,0
879,2920,2026-09-24,0
879,2920,2026-09-25,0
879,2920,2026-09-26,0
879,2920,2026-09-27,0
879,2920,2026-09-28,0
879,2920,2026-09-29,0
879,2920,2026-09-30,0
879,2920,2026-10-01,0
879,2920,2026-10-02,0
879,2920,2026-10-03,0
879,2920,2026-10-04,0
879,2920,2026-10-05,0
879,2920,2026-10-06,0
879,2920,2026-10-07,0
879,2920,2026-10-08,0
879,2920,2026-10-09,0
879,2920,2026-10-10,0
879,2920,2026-10-11,0
879,2920,2026-10-12,0
879,2920,2026-10-13,0
879,2920,2026-10-14,0
879,2921,2026-09-14,0
879,2921,2026-09-15,0
879,2921,2026-09-16,0
879,2921,2026-09-17,0
879,2921,2026-09-18,0
879,2921,2026-09-19,0
879,2921,2026-09-20,0
879,2921,2026-09-21,0
879,2921,2026-09-22,0
879,2921,2026-09-23,0
879,2921,2026-09-24,0
879,2921,2026-09-25,0
879,2921,2026-09-26,0
879,2921,2026-09-27,0
879,2921,2026-09-28,0
879,2921,2026-09-29,0
879,2921,2026-09-30,0
879,2921,2026-10-01,0
879,2921,2026-10-02,0
879,2921,2026-10-03,0
879,2921,2026-10-04,0
879,2921,2026-10-05,0
879,2921,2026-10-06,0
879,2921,2026-10-07,0
879,2921,2026-10-08,0
879,2921,2026-10-09,0
879,2921,2026-10-10,0
879,2921,2026-10-11,0
879,2921,2026-10-12,0
879,2921,2026-10-13,0
879,2921,2026-10-14,0
879,2922,2026-09-14,0
879,2922,2026-09-15,0
879,2922,2026-09-16,0
879,2922,2026-09-17,0
879,2922,2026-09-18,0
879,2922,2026-09-19,0
879,2922,2026-09-20,0
879,2922,2026-09-21,0
879,2922,2026-09-22,0
879,2922,2026-09-23,0
879,2922,2026-09-24,0
879,2922,2026-09-25,0
879,2922,2026-09-26,0
879,2922,2026-09-27,0
879,2922,2026-09-28,0
879,2922,2026-09-29,0
879,2922,2026-09-30,0
879,2922,2026-10-01,0
879,2922,2026-10-02,0
879,2922,2026-10-03,0
879,2922,2026-10-04,0
879,2922,2026-10-05,0
879,2922,2026-10-06,0
879,2922,2026-10-07,0
879,2922,2026-10-08,0
879,2922,2026-10-09,0
879,2922,2026-10-10,0
879,2922,2026-10-11,0
879,2922,2026-10-12,0
879,2922,2026-10-13,0
879,2922,2026-10-14,0
879,2923,2026-09-14,0
879,2923,2026-09-15,0
879,2923,2026-09-16,0
879,2923,2026-09-17,0
879,2923,2026-09-18,0
879,2923,2026-09-19,0
879,2923,2026-09-20,0
879,2923,2026-09-21,0
879,2923,2026-09-22,0
879,2923,2026-09-23,0
879,2923,2026-09-24,0
879,2923,2026-09-25,0
879,2923,2026-09-26,0
879,2923,2026-09-27,0
879,2923,2026-09-28,0
879,2923,2026-09-29,0
879,2923,2026-09-30,0
879,2923,2026-10-01,0
879,2923,2026-10-02,0
879,2923,2026-10-03,0
879,2923,2026-10-04,0
879,2923,2026-10-05,0
879,2923,2026-10-06,0
879,2923,2026-10-07,0
879,2923,2026-10-08,0
879,2923,2026-10-09,0
879,2923,2026-10-10,0
879,2923,2026-10-11,0
879,2923,2026-10-12,0
879,2923,2026-10-13,0
879,2923,2026-10-14,0
879,2918,2026-10-14,0
879,2918,2026-10-15,0
879,2918,2026-10-16,0
879,2918,2026-10-17,0
879,2918,2026-10-18,0
879,2918,2026-10-19,0
879,2918,2026-10-20,0
879,2918,2026-10-21,0
879,2918,2026-10-22,0
879,2918,2026-10-23,0
879,2918,2026-10-24,0
879,2918,2026-10-25,0
879,2918,2026-10-26,0
879,2918,2026-10-27,0
879,2918,2026-10-28,0
879,2918,2026-10-29,0
879,2918,2026-10-30,0
879,2918,2026-10-31,0
879,2918,2026-11-01,0
879,2918,2026-11-02,0
879,2918,2026-11-03,0
879,2918,2026-11-04,0
879,2918,2026-11-05,0
879,2918,2026-11-06,0
879,2918,2026-11-07,0
879,2918,2026-11-08,0
879,2918,2026-11-09,0
879,2918,2026-11-10,0
879,2918,2026-11-11,0
879,2918,2026-11-12,0
879,2918,2026-11-13,0
879,2919,2026-10-14,0
879,2919,2026-10-15,0
879,2919,2026-10-16,0
879,2919,2026-10-17,0
879,2919,2026-10-18,0
879,2919,2026-10-19,0
879,2919,2026-10-20,0
879,2919,2026-10-21,0
879,2919,2026-10-22,0
879,2919,2026-10-23,0
879,2919,2026-10-24,0
879,2919,2026-10-25,0
879,2919,2026-10-26,0
879,2919,2026-10-27,0
879,2919,2026-10-28,0
879,2919,2026-10-29,0
879,2919,2026-10-30,0
879,2919,2026-10-31,0
879,2919,2026-11-01,0
879,2919,2026-11-02,0
879,2919,2026-11-03,0
879,2919,2026-11-04,0
879,2919,2026-11-05,0
879,2919,2026-11-06,0
879,2919,2026-11-07,0
879,2919,2026-11-08,0
879,2919,2026-11-09,0
879,2919,2026-11-10,0
879,2919,2026-11-11,0
879,2919,2026-11-12,0
879,2919,2026-11-13,0
879,2920,2026-10-14,0
879,2920,2026-10-15,0
879,2920,2026-10-16,0
879,2920,2026-10-17,0
879,2920,2026-10-18,0
879,2920,2026-10-19,0
879,2920,2026-10-20,0
879,2920,2026-10-21,0
879,2920,2026-10-22,0
879,2920,2026-10-23,0
879,2920,2026-10-24,0
879,2920,2026-10-25,0
879,2920,2026-10-26,0
879,2920,2026-10-27,0
879,2920,2026-10-28,0
879,2920,2026-10-29,0
879,2920,2026-10-30,0
879,2920,2026-10-31,0
879,2920,2026-11-01,0
879,2920,2026-11-02,0
879,2920,2026-11-03,0
879,2920,2026-11-04,0
879,2920,2026-11-05,0
879,2920,2026-11-06,0
879,2920,2026-11-07,0
879,2920,2026-11-08,0
879,2920,2026-11-09,0
879,2920,2026-11-10,0
879,2920,2026-11-11,0
879,2920,2026-11-12,0
879,2920,2026-11-13,0
879,2921,2026-10-14,0
879,2921,2026-10-15,0
879,2921,2026-10-16,0
879,2921,2026-10-17,0
879,2921,2026-10-18,0
879,2921,2026-10-19,0
879,2921,2026-10-20,0
879,2921,2026-10-21,0
879,2921,2026-10-22,0
879,2921,2026-10-23,0
879,2921,2026-10-24,0
879,2921,2026-10-25,0
879,2921,2026-10-26,0
879,2921,2026-10-27,0
879,2921,2026-10-28,0
879,2921,2026-10-29,0
879,2921,2026-10-30,0
879,2921,2026-10-31,0
879,2921,2026-11-01,0
879,2921,2026-11-02,0
879,2921,2026-11-03,0
879,2921,2026-11-04,0
879,2921,2026-11-05,0
879,2921,2026-11-06,0
879,2921,2026-11-07,0
879,2921,2026-11-08,0
879,2921,2026-11-09,0
879,2921,2026-11-10,0
879,2921,2026-11-11,0
879,2921,2026-11-12,0
879,2921,2026-11-13,0
879,2922,2026-10-14,0
879,2922,2026-10-15,0
879,2922,2026-10-16,0
879,2922,2026-10-17,0
879,2922,2026-10-18,0
879,2922,2026-10-19,0
879,2922,2026-10-20,0
879,2922,2026-10-21,0
879,2922,2026-10-22,0
879,2922,2026-10-23,0
879,2922,2026-10-24,0
879,2922,2026-10-25,0
879,2922,2026-10-26,0
879,2922,2026-10-27,0
879,2922,2026-10-28,0
879,2922,2026-10-29,0
879,2922,2026-10-30,0
879,2922,2026-10-31,0
879,2922,2026-11-01,0
879,2922,2026-11-02,0
879,2922,2026-11-03,0
879,2922,2026-11-04,0
879,2922,2026-11-05,0
879,2922,2026-11-06,0
879,2922,2026-11-07,0
879,2922,2026-11-08,0
879,2922,2026-11-09,0
879,2922,2026-11-10,0
879,2922,2026-11-11,0
879,2922,2026-11-12,0
879,2922,2026-11-13,0
879,2923,2026-10-14,0
879,2923,2026-10-15,0
879,2923,2026-10-16,0
879,2923,2026-10-17,0
879,2923,2026-10-18,0
879,2923,2026-10-19,0
879,2923,2026-10-20,0
879,2923,2026-10-21,0
879,2923,2026-10-22,0
879,2923,2026-10-23,0
879,2923,2026-10-24,0
879,2923,2026-10-25,0
879,2923,2026-10-26,0
879,2923,2026-10-27,0
879,2923,2026-10-28,0
879,2923,2026-10-29,0
879,2923,2026-10-30,0
879,2923,2026-10-31,0
879,2923,2026-11-01,0
879,2923,2026-11-02,0
879,2923,2026-11-03,0
879,2923,2026-11-04,0
879,2923,2026-11-05,0
879,2923,2026-11-06,0
879,2923,2026-11-07,0
879,2923,2026-11-08,0
879,2923,2026-11-09,0
879,2923,2026-11-10,0
879,2923,2026-11-11,0
879,2923,2026-11-12,0
879,2923,2026-11-13,0
879,2918,2026-11-13,0
879,2918,2026-11-14,0
879,2918,2026-11-15,0
879,2918,2026-11-16,0
879,2918,2026-11-17,0
879,2918,2026-11-18,0
879,2918,2026-11-19,0
879,2918,2026-11-20,0
879,2918,2026-11-21,0
879,2918,2026-11-22,0
879,2918,2026-11-23,0
879,2918,2026-11-24,0
879,2918,2026-11-25,0
879,2918,2026-11-26,0
879,2918,2026-11-27,0
879,2918,2026-11-28,0
879,2918,2026-11-29,0
879,2918,2026-11-30,0
879,2918,2026-12-01,0
879,2918,2026-12-02,0
879,2918,2026-12-03,0
879,2918,2026-12-04,0
879,2918,2026-12-05,0
879,2918,2026-12-06,0
879,2918,2026-12-07,0
879,2918,2026-12-08,0
879,2918,2026-12-09,0
879,2918,2026-12-10,0
879,2918,2026-12-11,0
879,2918,2026-12-12,0
879,2918,2026-12-13,0
879,2919,2026-11-13,0
879,2919,2026-11-14,0
879,2919,2026-11-15,0
879,2919,2026-11-16,0
879,2919,2026-11-17,0
879,2919,2026-11-18,0
879,2919,2026-11-19,0
879,2919,2026-11-20,0
879,2919,2026-11-21,0
879,2919,2026-11-22,0
879,2919,2026-11-23,0
879,2919,2026-11-24,0
879,2919,2026-11-25,0
879,2919,2026-11-26,0
879,2919,2026-11-27,0
879,2919,2026-11-28,0
879,2919,2026-11-29,0
879,2919,2026-11-30,0
879,2919,2026-12-01,0
879,2919,2026-12-02,0
879,2919,2026-12-03,0
879,2919,2026-12-04,0
879,2919,2026-12-05,0
879,2919,2026-12-06,0
879,2919,2026-12-07,0
879,2919,2026-12-08,0
879,2919,2026-12-09,0
879,2919,2026-12-10,0
879,2919,2026-12-11,0
879,2919,2026-12-12,0
879,2919,2026-12-13,0
879,2920,2026-11-13,0
879,2920,2026-11-14,0
879,2920,2026-11-15,0
879,2920,2026-11-16,0
879,2920,2026-11-17,0
879,2920,2026-11-18,0
879,2920,2026-11-19,0
879,2920,2026-11-20,0
879,2920,2026-11-21,0
879,2920,2026-11-22,0
879,2920,2026-11-23,0
879,2920,2026-11-24,0
879,2920,2026-11-25,0
879,2920,2026-11-26,0
879,2920,2026-11-27,0
879,2920,2026-11-28,0
879,2920,2026-11-29,0
879,2920,2026-11-30,0
879,2920,2026-12-01,0
879,2920,2026-12-02,0
879,2920,2026-12-03,0
879,2920,2026-12-04,0
879,2920,2026-12-05,0
879,2920,2026-12-06,0
879,2920,2026-12-07,0
879,2920,2026-12-08,0
879,2920,2026-12-09,0
879,2920,2026-12-10,0
879,2920,2026-12-11,0
879,2920,2026-12-12,0
879,2920,2026-12-13,0
879,2921,2026-11-13,0
879,2921,2026-11-14,0
879,2921,2026-11-15,0
879,2921,2026-11-16,0
879,2921,2026-11-17,0
879,2921,2026-11-18,0
879,2921,2026-11-19,0
879,2921,2026-11-20,0
879,2921,2026-11-21,0
879,2921,2026-11-22,0
879,2921,2026-11-23,0
879,2921,2026-11-24,0
879,2921,2026-11-25,0
879,2921,2026-11-26,0
879,2921,2026-11-27,0
879,2921,2026-11-28,0
879,2921,2026-11-29,0
879,2921,2026-11-30,0
879,2921,2026-12-01,0
879,2921,2026-12-02,0
879,2921,2026-12-03,0
879,2921,2026-12-04,0
879,2921,2026-12-05,0
879,2921,2026-12-06,0
879,2921,2026-12-07,0
879,2921,2026-12-08,0
879,2921,2026-12-09,0
879,2921,2026-12-10,0
879,2921,2026-12-11,0
879,2921,2026-12-12,0
879,2921,2026-12-13,0
879,2922,2026-11-13,0
879,2922,2026-11-14,0
879,2922,2026-11-15,0
879,2922,2026-11-16,0
879,2922,2026-11-17,0
879,2922,2026-11-18,0
879,2922,2026-11-19,0
879,2922,2026-11-20,0
879,2922,2026-11-21,0
879,2922,2026-11-22,0
879,2922,2026-11-23,0
879,2922,2026-11-24,0
879,2922,2026-11-25,0
879,2922,2026-11-26,0
879,2922,2026-11-27,0
879,2922,2026-11-28,0
879,2922,2026-11-29,0
879,2922,2026-11-30,0
879,2922,2026-12-01,0
879,2922,2026-12-02,0
879,2922,2026-12-03,0
879,2922,2026-12-04,0
879,2922,2026-12-05,0
879,2922,2026-12-06,0
879,2922,2026-12-07,0
879,2922,2026-12-08,0
879,2922,2026-12-09,0
879,2922,2026-12-10,0
879,2922,2026-12-11,0
879,2922,2026-12-12,0
879,2922,2026-12-13,0
879,2923,2026-11-13,0
879,2923,2026-11-14,0
879,2923,2026-11-15,0
879,2923,2026-11-16,0
879,2923,2026-11-17,0
879,2923,2026-11-18,0
879,2923,2026-11-19,0
879,2923,2026-11-20,0
879,2923,2026-11-21,0
879,2923,2026-11-22,0
879,2923,2026-11-23,0
879,2923,2026-11-24,0
879,2923,2026-11-25,0
879,2923,2026-11-26,0
879,2923,2026-11-27,0
879,2923,2026-11-28,0
879,2923,2026-11-29,0
879,2923,2026-11-30,0
879,2923,2026-12-01,0
879,2923,2026-12-02,0
879,2923,2026-12-03,0
879,2923,2026-12-04,0
879,2923,2026-12-05,0
879,2923,2026-12-06,0
879,2923,2026-12-07,0
879,2923,2026-12-08,0
879,2923,2026-12-09,0
879,2923,2026-12-10,0
879,2923,2026-12-11,0
879,2923,2026-12-12,0
879,2923,2026-12-13,0
879,2918,2026-08-15,0
879,2918,2026-08-16,0
879,2918,2026-08-17,0
879,2918,2026-08-18,0
879,2918,2026-08-19,0
879,2918,2026-08-20,0
879,2918,2026-08-21,0
879,2918,2026-08-22,0
879,2918,2026-08-23,0
879,2918,2026-08-24,0
879,2918,2026-08-25,0
879,2918,2026-08-26,0
879,2918,2026-08-27,0
879,2918,2026-08-28,0
879,2918,2026-08-29,0
879,2918,2026-08-30,0
879,2918,2026-08-31,0
879,2918,2026-09-01,0
879,2918,2026-09-02,0
879,2918,2026-09-03,0
879,2918,2026-09-04,0
879,2918,2026-09-05,0
879,2918,2026-09-06,0
879,2918,2026-09-07,0
879,2918,2026-09-08,0
879,2918,2026-09-09,0
879,2918,2026-09-10,0
879,2918,2026-09-11,0
879,2918,2026-09-12,0
879,2918,2026-09-13,0
879,2918,2026-09-14,0
879,2919,2026-08-15,0
879,2919,2026-08-16,0
879,2919,2026-08-17,0
879,2919,2026-08-18,0
879,2919,2026-08-19,0
879,2919,2026-08-20,0
879,2919,2026-08-21,0
879,2919,2026-08-22,0
879,2919,2026-08-23,0
879,2919,2026-08-24,0
879,2919,2026-08-25,0
879,2919,2026-08-26,0
879,2919,2026-08-27,0
879,2919,2026-08-28,0
879,2919,2026-08-29,0
879,2919,2026-08-30,0
879,2919,2026-08-31,0
879,2919,2026-09-01,0
879,2919,2026-09-02,0
879,2919,2026-09-03,0
879,2919,2026-09-04,0
879,2919,2026-09-05,0
879,2919,2026-09-06,0
879,2919,2026-09-07,0
879,2919,2026-09-08,0
879,2919,2026-09-09,0
879,2919,2026-09-10,0
879,2919,2026-09-11,0
879,2919,2026-09-12,0
879,2919,2026-09-13,0
879,2919,2026-09-14,0
879,2920,2026-08-15,0
879,2920,2026-08-16,0
879,2920,2026-08-17,0
879,2920,2026-08-18,0
879,2920,2026-08-19,0
879,2920,2026-08-20,0
879,2920,2026-08-21,0
879,2920,2026-08-22,0
879,2920,2026-08-23,0
879,2920,2026-08-24,0
879,2920,2026-08-25,0
879,2920,2026-08-26,0
879,2920,2026-08-27,0
879,2920,2026-08-28,0
879,2920,2026-08-29,0
879,2920,2026-08-30,0
879,2920,2026-08-31,0
879,2920,2026-09-01,0
879,2920,2026-09-02,0
879,2920,2026-09-03,0
879,2920,2026-09-04,0
879,2920,2026-09-05,0
879,2920,2026-09-06,0
879,2920,2026-09-07,0
879,2920,2026-09-08,0
879,2920,2026-09-09,0
879,2920,2026-09-10,0
879,2920,2026-09-11,0
879,2920,2026-09-12,0
879,2920,2026-09-13,0
879,2920,2026-09-14,0
879,2921,2026-08-15,0
879,2921,2026-08-16,0
879,2921,2026-08-17,0
879,2921,2026-08-18,0
879,2921,2026-08-19,0
879,2921,2026-08-20,0
879,2921,2026-08-21,0
879,2921,2026-08-22,0
879,2921,2026-08-23,0
879,2921,2026-08-24,0
879,2921,2026-08-25,0
879,2921,2026-08-26,0
879,2921,2026-08-27,0
879,2921,2026-08-28,0
879,2921,2026-08-29,0
879,2921,2026-08-30,0
879,2921,2026-08-31,0
879,2921,2026-09-01,0
879,2921,2026-09-02,0
879,2921,2026-09-03,0
879,2921,2026-09-04,0
879,2921,2026-09-05,0
879,2921,2026-09-06,0
879,2921,2026-09-07,0
879,2921,2026-09-08,0
879,2921,2026-09-09,0
879,2921,2026-09-10,0
879,2921,2026-09-11,0
879,2921,2026-09-12,0
879,2921,2026-09-13,0
879,2921,2026-09-14,0
879,2922,2026-08-15,0
879,2922,2026-08-16,0
879,2922,2026-08-17,0
879,2922,2026-08-18,0
879,2922,2026-08-19,0
879,2922,2026-08-20,0
879,2922,2026-08-21,0
879,2922,2026-08-22,0
879,2922,2026-08-23,0
879,2922,2026-08-24,0
879,2922,2026-08-25,0
879,2922,2026-08-26,0
879,2922,2026-08-27,0
879,2922,2026-08-28,0
879,2922,2026-08-29,0
879,2922,2026-08-30,0
879,2922,2026-08-31,0
879,2922,2026-09-01,0
879,2922,2026-09-02,0
879,2922,2026-09-03,0
879,2922,2026-09-04,0
879,2922,2026-09-05,0
879,2922,2026-09-06,0
879,2922,2026-09-07,0
879,2922,2026-09-08,0
879,2922,2026-09-09,0
879,2922,2026-09-10,0
879,2922,2026-09-11,0
879,2922,2026-09-12,0
879,2922,2026-09-13,0
879,2922,2026-09-14,0
879,2923,2026-08-15,0
879,2923,2026-08-16,0
879,2923,2026-08-17,0
879,2923,2026-08-18,0
879,2923,2026-08-19,0
879,2923,2026-08-20,0
879,2923,2026-08-21,0
879,2923,2026-08-22,0
879,2923,2026-08-23,0
879,2923,2026-08-24,0
879,2923,2026-08-25,0
879,2923,2026-08-26,0
879,2923,2026-08-27,0
879,2923,2026-08-28,0
879,2923,2026-08-29,0
879,2923,2026-08-30,0
879,2923,2026-08-31,0
879,2923,2026-09-01,0
879,2923,2026-09-02,0
879,2923,2026-09-03,0
879,2923,2026-09-04,0
879,2923,2026-09-05,0
879,2923,2026-09-06,0
879,2923,2026-09-07,0
879,2923,2026-09-08,0
879,2923,2026-09-09,0
879,2923,2026-09-10,0
879,2923,2026-09-11,0
879,2923,2026-09-12,0
879,2923,2026-09-13,0
879,2923,2026-09-14,0
879,2918,2026-12-13,0
879,2918,2026-12-14,0
879,2918,2026-12-15,0
879,2918,2026-12-16,0
879,2918,2026-12-17,0
879,2918,2026-12-18,0
879,2918,2026-12-19,0
879,2918,2026-12-20,0
879,2918,2026-12-21,0
879,2918,2026-12-22,0
879,2918,2026-12-23,0
879,2918,2026-12-24,0
879,2918,2026-12-25,0
879,2918,2026-12-26,0
879,2918,2026-12-27,0
879,2918,2026-12-28,0
879,2918,2026-12-29,0
879,2918,2026-12-30,0
879,2918,2026-12-31,0
879,2918,2027-01-01,0
879,2918,2027-01-02,0
879,2918,2027-01-03,0
879,2918,2027-01-04,0
879,2918,2027-01-05,0
879,2918,2027-01-06,0
879,2918,2027-01-07,0
879,2918,2027-01-08,0
879,2918,2027-01-09,0
879,2918,2027-01-10,0
879,2918,2027-01-11,0
879,2918,2027-01-12,0
879,2919,2026-12-13,0
879,2919,2026-12-14,0
879,2919,2026-12-15,0
879,2919,2026-12-16,0
879,2919,2026-12-17,0
879,2919,2026-12-18,0
879,2919,2026-12-19,0
879,2919,2026-12-20,0
879,2919,2026-12-21,0
879,2919,2026-12-22,0
879,2919,2026-12-23,0
879,2919,2026-12-24,0
879,2919,2026-12-25,0
879,2919,2026-12-26,0
879,2919,2026-12-27,0
879,2919,2026-12-28,0
879,2919,2026-12-29,0
879,2919,2026-12-30,0
879,2919,2026-12-31,0
879,2919,2027-01-01,0
879,2919,2027-01-02,0
879,2919,2027-01-03,0
879,2919,2027-01-04,0
879,2919,2027-01-05,0
879,2919,2027-01-06,0
879,2919,2027-01-07,0
879,2919,2027-01-08,0
879,2919,2027-01-09,0
879,2919,2027-01-10,0
879,2919,2027-01-11,0
879,2919,2027-01-12,0
879,2920,2026-12-13,0
879,2920,2026-12-14,0
879,2920,2026-12-15,0
879,2920,2026-12-16,0
879,2920,2026-12-17,0
879,2920,2026-12-18,0
879,2920,2026-12-19,0
879,2920,2026-12-20,0
879,2920,2026-12-21,0
879,2920,2026-12-22,0
879,2920,2026-12-23,0
879,2920,2026-12-24,0
879,2920,2026-12-25,0
879,2920,2026-12-26,0
879,2920,2026-12-27,0
879,2920,2026-12-28,0
879,2920,2026-12-29,0
879,2920,2026-12-30,0
879,2920,2026-12-31,0
879,2920,2027-01-01,0
879,2920,2027-01-02,0
879,2920,2027-01-03,0
879,2920,2027-01-04,0
879,2920,2027-01-05,0
879,2920,2027-01-06,0
879,2920,2027-01-07,0
879,2920,2027-01-08,0
879,2920,2027-01-09,0
879,2920,2027-01-10,0
879,2920,2027-01-11,0
879,2920,2027-01-12,0
879,2921,2026-12-13,0
879,2921,2026-12-14,0
879,2921,2026-12-15,0
879,2921,2026-12-16,0
879,2921,2026-12-17,0
879,2921,2026-12-18,0
879,2921,2026-12-19,0
879,2921,2026-12-20,0
879,2921,2026-12-21,0
879,2921,2026-12-22,0
879,2921,2026-12-23,0
879,2921,2026-12-24,0
879,2921,2026-12-25,0
879,2921,2026-12-26,0
879,2921,2026-12-27,0
879,2921,2026-12-28,0
879,2921,2026-12-29,0
879,2921,2026-12-30,0
879,2921,2026-12-31,0
879,2921,2027-01-01,0
879,2921,2027-01-02,0
879,2921,2027-01-03,0
879,2921,2027-01-04,0
879,2921,2027-01-05,0
879,2921,2027-01-06,0
879,2921,2027-01-07,0
879,2921,2027-01-08,0
879,2921,2027-01-09,0
879,2921,2027-01-10,0
879,2921,2027-01-11,0
879,2921,2027-01-12,0
879,2922,2026-12-13,0
879,2922,2026-12-14,0
879,2922,2026-12-15,0
879,2922,2026-12-16,0
879,2922,2026-12-17,0
879,2922,2026-12-18,0
879,2922,2026-12-19,0
879,2922,2026-12-20,0
879,2922,2026-12-21,0
879,2922,2026-12-22,0
879,2922,2026-12-23,0
879,2922,2026-12-24,0
879,2922,2026-12-25,0
879,2922,2026-12-26,0
879,2922,2026-12-27,0
879,2922,2026-12-28,0
879,2922,2026-12-29,0
879,2922,2026-12-30,0
879,2922,2026-12-31,0
879,2922,2027-01-01,0
879,2922,2027-01-02,0
879,2922,2027-01-03,0
879,2922,2027-01-04,0
879,2922,2027-01-05,0
879,2922,2027-01-06,0
879,2922,2027-01-07,0
879,2922,2027-01-08,0
879,2922,2027-01-09,0
879,2922,2027-01-10,0
879,2922,2027-01-11,0
879,2922,2027-01-12,0
879,2923,2026-12-13,0
879,2923,2026-12-14,0
879,2923,2026-12-15,0
879,2923,2026-12-16,0
879,2923,2026-12-17,0
879,2923,2026-12-18,0
879,2923,2026-12-19,0
879,2923,2026-12-20,0
879,2923,2026-12-21,0
879,2923,2026-12-22,0
879,2923,2026-12-23,0
879,2923,2026-12-24,0
879,2923,2026-12-25,0
879,2923,2026-12-26,0
879,2923,2026-12-27,0
879,2923,2026-12-28,0
879,2923,2026-12-29,0
879,2923,2026-12-30,0
879,2923,2026-12-31,0
879,2923,2027-01-01,0
879,2923,2027-01-02,0
879,2923,2027-01-03,0
879,2923,2027-01-04,0
879,2923,2027-01-05,0
879,2923,2027-01-06,0
879,2923,2027-01-07,0
879,2923,2027-01-08,0
879,2923,2027-01-09,0
879,2923,2027-01-10,0
879,2923,2027-01-11,0
879,2923,2027-01-12,0
879,2918,2026-04-17,17
879,2918,2026-04-18,17
879,2918,2026-04-19,16
879,2918,2026-04-20,17
879,2918,2026-04-21,17
879,2918,2026-04-22,17
879,2918,2026-04-23,17
879,2918,2026-04-24,17
879,2918,2026-04-25,16
879,2918,2026-04-26,17
879,2918,2026-04-27,16
879,2918,2026-04-28,16
879,2918,2026-04-29,17
879,2918,2026-04-30,17
879,2918,2026-05-01,0
879,2918,2026-05-02,0
879,2918,2026-05-03,0
879,2918,2026-05-04,0
879,2918,2026-05-05,0
879,2918,2026-05-06,0
879,2918,2026-05-07,0
879,2918,2026-05-08,0
879,2918,2026-05-09,0
879,2918,2026-05-10,0
879,2918,2026-05-11,0
879,2918,2026-05-12,0
879,2918,2026-05-13,0
879,2918,2026-05-14,0
879,2918,2026-05-15,0
879,2918,2026-05-16,0
879,2918,2026-05-17,0
879,2919,2026-04-17,17
879,2919,2026-04-18,18
879,2919,2026-04-19,20
879,2919,2026-04-20,20
879,2919,2026-04-21,20
879,2919,2026-04-22,20
879,2919,2026-04-23,19
879,2919,2026-04-24,19
879,2919,2026-04-25,10
879,2919,2026-04-26,13
879,2919,2026-04-27,16
879,2919,2026-04-28,18
879,2919,2026-04-29,20
879,2919,2026-04-30,20
879,2919,2026-05-01,0
879,2919,2026-05-02,0
879,2919,2026-05-03,0
879,2919,2026-05-04,0
879,2919,2026-05-05,0
879,2919,2026-05-06,0
879,2919,2026-05-07,0
879,2919,2026-05-08,0
879,2919,2026-05-09,0
879,2919,2026-05-10,0
879,2919,2026-05-11,0
879,2919,2026-05-12,0
879,2919,2026-05-13,0
879,2919,2026-05-14,0
879,2919,2026-05-15,0
879,2919,2026-05-16,0
879,2919,2026-05-17,0
879,2920,2026-04-17,0
879,2920,2026-04-18,0
879,2920,2026-04-19,0
879,2920,2026-04-20,0
879,2920,2026-04-21,0
879,2920,2026-04-22,0
879,2920,2026-04-23,0
879,2920,2026-04-24,0
879,2920,2026-04-25,0
879,2920,2026-04-26,0
879,2920,2026-04-27,0
879,2920,2026-04-28,0
879,2920,2026-04-29,0
879,2920,2026-04-30,0
879,2920,2026-05-01,0
879,2920,2026-05-02,0
879,2920,2026-05-03,0
879,2920,2026-05-04,0
879,2920,2026-05-05,0
879,2920,2026-05-06,0
879,2920,2026-05-07,0
879,2920,2026-05-08,0
879,2920,2026-05-09,0
879,2920,2026-05-10,0
879,2920,2026-05-11,0
879,2920,2026-05-12,0
879,2920,2026-05-13,0
879,2920,2026-05-14,0
879,2920,2026-05-15,0
879,2920,2026-05-16,0
879,2920,2026-05-17,0
879,2921,2026-04-17,0
879,2921,2026-04-18,0
879,2921,2026-04-19,0
879,2921,2026-04-20,0
879,2921,2026-04-21,0
879,2921,2026-04-22,0
879,2921,2026-04-23,0
879,2921,2026-04-24,0
879,2921,2026-04-25,0
879,2921,2026-04-26,0
879,2921,2026-04-27,0
879,2921,2026-04-28,0
879,2921,2026-04-29,0
879,2921,2026-04-30,0
879,2921,2026-05-01,0
879,2921,2026-05-02,0
879,2921,2026-05-03,0
879,2921,2026-05-04,0
879,2921,2026-05-05,0
879,2921,2026-05-06,0
879,2921,2026-05-07,0
879,2921,2026-05-08,0
879,2921,2026-05-09,0
879,2921,2026-05-10,0
879,2921,2026-05-11,0
879,2921,2026-05-12,0
879,2921,2026-05-13,0
879,2921,2026-05-14,0
879,2921,2026-05-15,0
879,2921,2026-05-16,0
879,2921,2026-05-17,0
879,2922,2026-04-17,11
879,2922,2026-04-18,12
879,2922,2026-04-19,12
879,2922,2026-04-20,11
879,2922,2026-04-21,12
879,2922,2026-04-22,12
879,2922,2026-04-23,12
879,2922,2026-04-24,12
879,2922,2026-04-25,12
879,2922,2026-04-26,11
879,2922,2026-04-27,12
879,2922,2026-04-28,12
879,2922,2026-04-29,12
879,2922,2026-04-30,12
879,2922,2026-05-01,0
879,2922,2026-05-02,0
879,2922,2026-05-03,0
879,2922,2026-05-04,0
879,2922,2026-05-05,0
879,2922,2026-05-06,0
879,2922,2026-05-07,0
879,2922,2026-05-08,0
879,2922,2026-05-09,0
879,2922,2026-05-10,0
879,2922,2026-05-11,0
879,2922,2026-05-12,0
879,2922,2026-05-13,0
879,2922,2026-05-14,0
879,2922,2026-05-15,0
879,2922,2026-05-16,0
879,2922,2026-05-17,0
879,2923,2026-04-17,20
879,2923,2026-04-18,16
879,2923,2026-04-19,26
879,2923,2026-04-20,28
879,2923,2026-04-21,28
879,2923,2026-04-22,28
879,2923,2026-04-23,28
879,2923,2026-04-24,18
879,2923,2026-04-25,0
879,2923,2026-04-26,5
879,2923,2026-04-27,16
879,2923,2026-04-28,24
879,2923,2026-04-29,26
879,2923,2026-04-30,28
879,2923,2026-05-01,0
879,2923,2026-05-02,0
879,2923,2026-05-03,0
879,2923,2026-05-04,0
879,2923,2026-05-05,0
879,2923,2026-05-06,0
879,2923,2026-05-07,0
879,2923,2026-05-08,0
879,2923,2026-05-09,0
879,2923,2026-05-10,0
879,2923,2026-05-11,0
879,2923,2026-05-12,0
879,2923,2026-05-13,0
879,2923,2026-05-14,0
879,2923,2026-05-15,0
879,2923,2026-05-16,0
879,2923,2026-05-17,0
879,2918,2026-02-16,15
879,2918,2026-02-17,16
879,2918,2026-02-18,17
879,2918,2026-02-19,16
879,2918,2026-02-20,16
879,2918,2026-02-21,16
879,2918,2026-02-22,17
879,2918,2026-02-23,6
879,2918,2026-02-24,12
879,2918,2026-02-25,17
879,2918,2026-02-26,17
879,2918,2026-02-27,15
879,2918,2026-02-28,17
879,2918,2026-03-01,17
879,2918,2026-03-02,15
879,2918,2026-03-03,15
879,2918,2026-03-04,15
879,2918,2026-03-05,15
879,2918,2026-03-06,17
879,2918,2026-03-07,17
879,2918,2026-03-08,15
879,2918,2026-03-09,17
879,2918,2026-03-10,17
879,2918,2026-03-11,17
879,2918,2026-03-12,16
879,2918,2026-03-13,16
879,2918,2026-03-14,17
879,2918,2026-03-15,17
879,2918,2026-03-16,17
879,2918,2026-03-17,16
879,2918,2026-03-18,17
879,2919,2026-02-16,20
879,2919,2026-02-17,14
879,2919,2026-02-18,15
879,2919,2026-02-19,16
879,2919,2026-02-20,0
879,2919,2026-02-21,5
879,2919,2026-02-22,14
879,2919,2026-02-23,14
879,2919,2026-02-24,20
879,2919,2026-02-25,15
879,2919,2026-02-26,12
879,2919,2026-02-27,13
879,2919,2026-02-28,1
879,2919,2026-03-01,19
879,2919,2026-03-02,19
879,2919,2026-03-03,1
879,2919,2026-03-04,20
879,2919,2026-03-05,20
879,2919,2026-03-06,14
879,2919,2026-03-07,7
879,2919,2026-03-08,12
879,2919,2026-03-09,11
879,2919,2026-03-10,0
879,2919,2026-03-11,18
879,2919,2026-03-12,20
879,2919,2026-03-13,10
879,2919,2026-03-14,3
879,2919,2026-03-15,14
879,2919,2026-03-16,18
879,2919,2026-03-17,17
879,2919,2026-03-18,20
879,2920,2026-02-16,0
879,2920,2026-02-17,0
879,2920,2026-02-18,0
879,2920,2026-02-19,0
879,2920,2026-02-20,0
879,2920,2026-02-21,0
879,2920,2026-02-22,0
879,2920,2026-02-23,0
879,2920,2026-02-24,0
879,2920,2026-02-25,0
879,2920,2026-02-26,0
879,2920,2026-02-27,0
879,2920,2026-02-28,0
879,2920,2026-03-01,0
879,2920,2026-03-02,0
879,2920,2026-03-03,0
879,2920,2026-03-04,0
879,2920,2026-03-05,0
879,2920,2026-03-06,0
879,2920,2026-03-07,0
879,2920,2026-03-08,0
879,2920,2026-03-09,0
879,2920,2026-03-10,0
879,2920,2026-03-11,0
879,2920,2026-03-12,0
879,2920,2026-03-13,0
879,2920,2026-03-14,0
879,2920,2026-03-15,0
879,2920,2026-03-16,0
879,2920,2026-03-17,0
879,2920,2026-03-18,0
879,2921,2026-02-16,0
879,2921,2026-02-17,0
879,2921,2026-02-18,0
879,2921,2026-02-19,0
879,2921,2026-02-20,0
879,2921,2026-02-21,0
879,2921,2026-02-22,0
879,2921,2026-02-23,0
879,2921,2026-02-24,0
879,2921,2026-02-25,0
879,2921,2026-02-26,0
879,2921,2026-02-27,0
879,2921,2026-02-28,0
879,2921,2026-03-01,0
879,2921,2026-03-02,0
879,2921,2026-03-03,0
879,2921,2026-03-04,0
879,2921,2026-03-05,0
879,2921,2026-03-06,0
879,2921,2026-03-07,0
879,2921,2026-03-08,0
879,2921,2026-03-09,0
879,2921,2026-03-10,0
879,2921,2026-03-11,0
879,2921,2026-03-12,0
879,2921,2026-03-13,0
879,2921,2026-03-14,0
879,2921,2026-03-15,0
879,2921,2026-03-16,0
879,2921,2026-03-17,0
879,2921,2026-03-18,0
879,2922,2026-02-16,8
879,2922,2026-02-17,6
879,2922,2026-02-18,11
879,2922,2026-02-19,10
879,2922,2026-02-20,6
879,2922,2026-02-21,0
879,2922,2026-02-22,12
879,2922,2026-02-23,9
879,2922,2026-02-24,1
879,2922,2026-02-25,9
879,2922,2026-02-26,10
879,2922,2026-02-27,12
879,2922,2026-02-28,12
879,2922,2026-03-01,10
879,2922,2026-03-02,11
879,2922,2026-03-03,12
879,2922,2026-03-04,12
879,2922,2026-03-05,12
879,2922,2026-03-06,12
879,2922,2026-03-07,12
879,2922,2026-03-08,12
879,2922,2026-03-09,12
879,2922,2026-03-10,12
879,2922,2026-03-11,12
879,2922,2026-03-12,12
879,2922,2026-03-13,11
879,2922,2026-03-14,11
879,2922,2026-03-15,12
879,2922,2026-03-16,12
879,2922,2026-03-17,12
879,2922,2026-03-18,11
879,2923,2026-02-16,23
879,2923,2026-02-17,24
879,2923,2026-02-18,12
879,2923,2026-02-19,15
879,2923,2026-02-20,20
879,2923,2026-02-21,0
879,2923,2026-02-22,17
879,2923,2026-02-23,12
879,2923,2026-02-24,22
879,2923,2026-02-25,25
879,2923,2026-02-26,14
879,2923,2026-02-27,5
879,2923,2026-02-28,0
879,2923,2026-03-01,16
879,2923,2026-03-02,12
879,2923,2026-03-03,14
879,2923,2026-03-04,23
879,2923,2026-03-05,24
879,2923,2026-03-06,21
879,2923,2026-03-07,5
879,2923,2026-03-08,26
879,2923,2026-03-09,11
879,2923,2026-03-10,26
879,2923,2026-03-11,10
879,2923,2026-03-12,26
879,2923,2026-03-13,7
879,2923,2026-03-14,1
879,2923,2026-03-15,15
879,2923,2026-03-16,11
879,2923,2026-03-17,27
879,2923,2026-03-18,24
879,2918,2026-07-16,0
879,2918,2026-07-17,0
879,2918,2026-07-18,0
879,2918,2026-07-19,0
879,2918,2026-07-20,0
879,2918,2026-07-21,0
879,2918,2026-07-22,0
879,2918,2026-07-23,0
879,2918,2026-07-24,0
879,2918,2026-07-25,0
879,2918,2026-07-26,0
879,2918,2026-07-27,0
879,2918,2026-07-28,0
879,2918,2026-07-29,0
879,2918,2026-07-30,0
879,2918,2026-07-31,0
879,2918,2026-08-01,0
879,2918,2026-08-02,0
879,2918,2026-08-03,0
879,2918,2026-08-04,0
879,2918,2026-08-05,0
879,2918,2026-08-06,0
879,2918,2026-08-07,0
879,2918,2026-08-08,0
879,2918,2026-08-09,0
879,2918,2026-08-10,0
879,2918,2026-08-11,0
879,2918,2026-08-12,0
879,2918,2026-08-13,0
879,2918,2026-08-14,0
879,2918,2026-08-15,0
879,2919,2026-07-16,0
879,2919,2026-07-17,0
879,2919,2026-07-18,0
879,2919,2026-07-19,0
879,2919,2026-07-20,0
879,2919,2026-07-21,0
879,2919,2026-07-22,0
879,2919,2026-07-23,0
879,2919,2026-07-24,0
879,2919,2026-07-25,0
879,2919,2026-07-26,0
879,2919,2026-07-27,0
879,2919,2026-07-28,0
879,2919,2026-07-29,0
879,2919,2026-07-30,0
879,2919,2026-07-31,0
879,2919,2026-08-01,0
879,2919,2026-08-02,0
879,2919,2026-08-03,0
879,2919,2026-08-04,0
879,2919,2026-08-05,0
879,2919,2026-08-06,0
879,2919,2026-08-07,0
879,2919,2026-08-08,0
879,2919,2026-08-09,0
879,2919,2026-08-10,0
879,2919,2026-08-11,0
879,2919,2026-08-12,0
879,2919,2026-08-13,0
879,2919,2026-08-14,0
879,2919,2026-08-15,0
879,2920,2026-07-16,0
879,2920,2026-07-17,0
879,2920,2026-07-18,0
879,2920,2026-07-19,0
879,2920,2026-07-20,0
879,2920,2026-07-21,0
879,2920,2026-07-22,0
879,2920,2026-07-23,0
879,2920,2026-07-24,0
879,2920,2026-07-25,0
879,2920,2026-07-26,0
879,2920,2026-07-27,0
879,2920,2026-07-28,0
879,2920,2026-07-29,0
879,2920,2026-07-30,0
879,2920,2026-07-31,0
879,2920,2026-08-01,0
879,2920,2026-08-02,0
879,2920,2026-08-03,0
879,2920,2026-08-04,0
879,2920,2026-08-05,0
879,2920,2026-08-06,0
879,2920,2026-08-07,0
879,2920,2026-08-08,0
879,2920,2026-08-09,0
879,2920,2026-08-10,0
879,2920,2026-08-11,0
879,2920,2026-08-12,0
879,2920,2026-08-13,0
879,2920,2026-08-14,0
879,2920,2026-08-15,0
879,2921,2026-07-16,0
879,2921,2026-07-17,0
879,2921,2026-07-18,0
879,2921,2026-07-19,0
879,2921,2026-07-20,0
879,2921,2026-07-21,0
879,2921,2026-07-22,0
879,2921,2026-07-23,0
879,2921,2026-07-24,0
879,2921,2026-07-25,0
879,2921,2026-07-26,0
879,2921,2026-07-27,0
879,2921,2026-07-28,0
879,2921,2026-07-29,0
879,2921,2026-07-30,0
879,2921,2026-07-31,0
879,2921,2026-08-01,0
879,2921,2026-08-02,0
879,2921,2026-08-03,0
879,2921,2026-08-04,0
879,2921,2026-08-05,0
879,2921,2026-08-06,0
879,2921,2026-08-07,0
879,2921,2026-08-08,0
879,2921,2026-08-09,0
879,2921,2026-08-10,0
879,2921,2026-08-11,0
879,2921,2026-08-12,0
879,2921,2026-08-13,0
879,2921,2026-08-14,0
879,2921,2026-08-15,0
879,2922,2026-07-16,0
879,2922,2026-07-17,0
879,2922,2026-07-18,0
879,2922,2026-07-19,0
879,2922,2026-07-20,0
879,2922,2026-07-21,0
879,2922,2026-07-22,0
879,2922,2026-07-23,0
879,2922,2026-07-24,0
879,2922,2026-07-25,0
879,2922,2026-07-26,0
879,2922,2026-07-27,0
879,2922,2026-07-28,0
879,2922,2026-07-29,0
879,2922,2026-07-30,0
879,2922,2026-07-31,0
879,2922,2026-08-01,0
879,2922,2026-08-02,0
879,2922,2026-08-03,0
879,2922,2026-08-04,0
879,2922,2026-08-05,0
879,2922,2026-08-06,0
879,2922,2026-08-07,0
879,2922,2026-08-08,0
879,2922,2026-08-09,0
879,2922,2026-08-10,0
879,2922,2026-08-11,0
879,2922,2026-08-12,0
879,2922,2026-08-13,0
879,2922,2026-08-14,0
879,2922,2026-08-15,0
879,2923,2026-07-16,0
879,2923,2026-07-17,0
879,2923,2026-07-18,0
879,2923,2026-07-19,0
879,2923,2026-07-20,0
879,2923,2026-07-21,0
879,2923,2026-07-22,0
879,2923,2026-07-23,0
879,2923,2026-07-24,0
879,2923,2026-07-25,0
879,2923,2026-07-26,0
879,2923,2026-07-27,0
879,2923,2026-07-28,0
879,2923,2026-07-29,0
879,2923,2026-07-30,0
879,2923,2026-07-31,0
879,2923,2026-08-01,0
879,2923,2026-08-02,0
879,2923,2026-08-03,0
879,2923,2026-08-04,0
879,2923,2026-08-05,0
879,2923,2026-08-06,0
879,2923,2026-08-07,0
879,2923,2026-08-08,0
879,2923,2026-08-09,0
879,2923,2026-08-10,0
879,2923,2026-08-11,0
879,2923,2026-08-12,0
879,2923,2026-08-13,0
879,2923,2026-08-14,0
879,2923,2026-08-15,0
879,2918,2027-02-11,0
879,2918,2027-02-12,0
879,2918,2027-02-13,0
879,2918,2027-02-14,0
879,2918,2027-02-15,0
879,2918,2027-02-16,0
879,2918,2027-02-17,0
879,2918,2027-02-18,0
879,2918,2027-02-19,0
879,2918,2027-02-20,0
879,2918,2027-02-21,0
879,2918,2027-02-22,0
879,2918,2027-02-23,0
879,2918,2027-02-24,0
879,2918,2027-02-25,0
879,2918,2027-02-26,0
879,2918,2027-02-27,0
879,2918,2027-02-28,0
879,2918,2027-03-01,0
879,2918,2027-03-02,0
879,2918,2027-03-03,0
879,2918,2027-03-04,0
879,2918,2027-03-05,0
879,2918,2027-03-06,0
879,2918,2027-03-07,0
879,2918,2027-03-08,0
879,2918,2027-03-09,0
879,2918,2027-03-10,0
879,2918,2027-03-11,0
879,2918,2027-03-12,0
879,2918,2027-03-13,0
879,2919,2027-02-11,0
879,2919,2027-02-12,0
879,2919,2027-02-13,0
879,2919,2027-02-14,0
879,2919,2027-02-15,0
879,2919,2027-02-16,0
879,2919,2027-02-17,0
879,2919,2027-02-18,0
879,2919,2027-02-19,0
879,2919,2027-02-20,0
879,2919,2027-02-21,0
879,2919,2027-02-22,0
879,2919,2027-02-23,0
879,2919,2027-02-24,0
879,2919,2027-02-25,0
879,2919,2027-02-26,0
879,2919,2027-02-27,0
879,2919,2027-02-28,0
879,2919,2027-03-01,0
879,2919,2027-03-02,0
879,2919,2027-03-03,0
879,2919,2027-03-04,0
879,2919,2027-03-05,0
879,2919,2027-03-06,0
879,2919,2027-03-07,0
879,2919,2027-03-08,0
879,2919,2027-03-09,0
879,2919,2027-03-10,0
879,2919,2027-03-11,0
879,2919,2027-03-12,0
879,2919,2027-03-13,0
879,2920,2027-02-11,0
879,2920,2027-02-12,0
879,2920,2027-02-13,0
879,2920,2027-02-14,0
879,2920,2027-02-15,0
879,2920,2027-02-16,0
879,2920,2027-02-17,0
879,2920,2027-02-18,0
879,2920,2027-02-19,0
879,2920,2027-02-20,0
879,2920,2027-02-21,0
879,2920,2027-02-22,0
879,2920,2027-02-23,0
879,2920,2027-02-24,0
879,2920,2027-02-25,0
879,2920,2027-02-26,0
879,2920,2027-02-27,0
879,2920,2027-02-28,0
879,2920,2027-03-01,0
879,2920,2027-03-02,0
879,2920,2027-03-03,0
879,2920,2027-03-04,0
879,2920,2027-03-05,0
879,2920,2027-03-06,0
879,2920,2027-03-07,0
879,2920,2027-03-08,0
879,2920,2027-03-09,0
879,2920,2027-03-10,0
879,2920,2027-03-11,0
879,2920,2027-03-12,0
879,2920,2027-03-13,0
879,2921,2027-02-11,0
879,2921,2027-02-12,0
879,2921,2027-02-13,0
879,2921,2027-02-14,0
879,2921,2027-02-15,0
879,2921,2027-02-16,0
879,2921,2027-02-17,0
879,2921,2027-02-18,0
879,2921,2027-02-19,0
879,2921,2027-02-20,0
879,2921,2027-02-21,0
879,2921,2027-02-22,0
879,2921,2027-02-23,0
879,2921,2027-02-24,0
879,2921,2027-02-25,0
879,2921,2027-02-26,0
879,2921,2027-02-27,0
879,2921,2027-02-28,0
879,2921,2027-03-01,0
879,2921,2027-03-02,0
879,2921,2027-03-03,0
879,2921,2027-03-04,0
879,2921,2027-03-05,0
879,2921,2027-03-06,0
879,2921,2027-03-07,0
879,2921,2027-03-08,0
879,2921,2027-03-09,0
879,2921,2027-03-10,0
879,2921,2027-03-11,0
879,2921,2027-03-12,0
879,2921,2027-03-13,0
879,2922,2027-02-11,0
879,2922,2027-02-12,0
879,2922,2027-02-13,0
879,2922,2027-02-14,0
879,2922,2027-02-15,0
879,2922,2027-02-16,0
879,2922,2027-02-17,0
879,2922,2027-02-18,0
879,2922,2027-02-19,0
879,2922,2027-02-20,0
879,2922,2027-02-21,0
879,2922,2027-02-22,0
879,2922,2027-02-23,0
879,2922,2027-02-24,0
879,2922,2027-02-25,0
879,2922,2027-02-26,0
879,2922,2027-02-27,0
879,2922,2027-02-28,0
879,2922,2027-03-01,0
879,2922,2027-03-02,0
879,2922,2027-03-03,0
879,2922,2027-03-04,0
879,2922,2027-03-05,0
879,2922,2027-03-06,0
879,2922,2027-03-07,0
879,2922,2027-03-08,0
879,2922,2027-03-09,0
879,2922,2027-03-10,0
879,2922,2027-03-11,0
879,2922,2027-03-12,0
879,2922,2027-03-13,0
879,2923,2027-02-11,0
879,2923,2027-02-12,0
879,2923,2027-02-13,0
879,2923,2027-02-14,0
879,2923,2027-02-15,0
879,2923,2027-02-16,0
879,2923,2027-02-17,0
879,2923,2027-02-18,0
879,2923,2027-02-19,0
879,2923,2027-02-20,0
879,2923,2027-02-21,0
879,2923,2027-02-22,0
879,2923,2027-02-23,0
879,2923,2027-02-24,0
879,2923,2027-02-25,0
879,2923,2027-02-26,0
879,2923,2027-02-27,0
879,2923,2027-02-28,0
879,2923,2027-03-01,0
879,2923,2027-03-02,0
879,2923,2027-03-03,0
879,2923,2027-03-04,0
879,2923,2027-03-05,0
879,2923,2027-03-06,0
879,2923,2027-03-07,0
879,2923,2027-03-08,0
879,2923,2027-03-09,0
879,2923,2027-03-10,0
879,2923,2027-03-11,0
879,2923,2027-03-12,0
879,2923,2027-03-13,0
879,2918,2027-01-12,0
879,2918,2027-01-13,0
879,2918,2027-01-14,0
879,2918,2027-01-15,0
879,2918,2027-01-16,0
879,2918,2027-01-17,0
879,2918,2027-01-18,0
879,2918,2027-01-19,0
879,2918,2027-01-20,0
879,2918,2027-01-21,0
879,2918,2027-01-22,0
879,2918,2027-01-23,0
879,2918,2027-01-24,0
879,2918,2027-01-25,0
879,2918,2027-01-26,0
879,2918,2027-01-27,0
879,2918,2027-01-28,0
879,2918,2027-01-29,0
879,2918,2027-01-30,0
879,2918,2027-01-31,0
879,2918,2027-02-01,0
879,2918,2027-02-02,0
879,2918,2027-02-03,0
879,2918,2027-02-04,0
879,2918,2027-02-05,0
879,2918,2027-02-06,0
879,2918,2027-02-07,0
879,2918,2027-02-08,0
879,2918,2027-02-09,0
879,2918,2027-02-10,0
879,2918,2027-02-11,0
879,2919,2027-01-12,0
879,2919,2027-01-13,0
879,2919,2027-01-14,0
879,2919,2027-01-15,0
879,2919,2027-01-16,0
879,2919,2027-01-17,0
879,2919,2027-01-18,0
879,2919,2027-01-19,0
879,2919,2027-01-20,0
879,2919,2027-01-21,0
879,2919,2027-01-22,0
879,2919,2027-01-23,0
879,2919,2027-01-24,0
879,2919,2027-01-25,0
879,2919,2027-01-26,0
879,2919,2027-01-27,0
879,2919,2027-01-28,0
879,2919,2027-01-29,0
879,2919,2027-01-30,0
879,2919,2027-01-31,0
879,2919,2027-02-01,0
879,2919,2027-02-02,0
879,2919,2027-02-03,0
879,2919,2027-02-04,0
879,2919,2027-02-05,0
879,2919,2027-02-06,0
879,2919,2027-02-07,0
879,2919,2027-02-08,0
879,2919,2027-02-09,0
879,2919,2027-02-10,0
879,2919,2027-02-11,0
879,2920,2027-01-12,0
879,2920,2027-01-13,0
879,2920,2027-01-14,0
879,2920,2027-01-15,0
879,2920,2027-01-16,0
879,2920,2027-01-17,0
879,2920,2027-01-18,0
879,2920,2027-01-19,0
879,2920,2027-01-20,0
879,2920,2027-01-21,0
879,2920,2027-01-22,0
879,2920,2027-01-23,0
879,2920,2027-01-24,0
879,2920,2027-01-25,0
879,2920,2027-01-26,0
879,2920,2027-01-27,0
879,2920,2027-01-28,0
879,2920,2027-01-29,0
879,2920,2027-01-30,0
879,2920,2027-01-31,0
879,2920,2027-02-01,0
879,2920,2027-02-02,0
879,2920,2027-02-03,0
879,2920,2027-02-04,0
879,2920,2027-02-05,0
879,2920,2027-02-06,0
879,2920,2027-02-07,0
879,2920,2027-02-08,0
879,2920,2027-02-09,0
879,2920,2027-02-10,0
879,2920,2027-02-11,0
879,2921,2027-01-12,0
879,2921,2027-01-13,0
879,2921,2027-01-14,0
879,2921,2027-01-15,0
879,2921,2027-01-16,0
879,2921,2027-01-17,0
879,2921,2027-01-18,0
879,2921,2027-01-19,0
879,2921,2027-01-20,0
879,2921,2027-01-21,0
879,2921,2027-01-22,0
879,2921,2027-01-23,0
879,2921,2027-01-24,0
879,2921,2027-01-25,0
879,2921,2027-01-26,0
879,2921,2027-01-27,0
879,2921,2027-01-28,0
879,2921,2027-01-29,0
879,2921,2027-01-30,0
879,2921,2027-01-31,0
879,2921,2027-02-01,0
879,2921,2027-02-02,0
879,2921,2027-02-03,0
879,2921,2027-02-04,0
879,2921,2027-02-05,0
879,2921,2027-02-06,0
879,2921,2027-02-07,0
879,2921,2027-02-08,0
879,2921,2027-02-09,0
879,2921,2027-02-10,0
879,2921,2027-02-11,0
879,2922,2027-01-12,0
879,2922,2027-01-13,0
879,2922,2027-01-14,0
879,2922,2027-01-15,0
879,2922,2027-01-16,0
879,2922,2027-01-17,0
879,2922,2027-01-18,0
879,2922,2027-01-19,0
879,2922,2027-01-20,0
879,2922,2027-01-21,0
879,2922,2027-01-22,0
879,2922,2027-01-23,0
879,2922,2027-01-24,0
879,2922,2027-01-25,0
879,2922,2027-01-26,0
879,2922,2027-01-27,0
879,2922,2027-01-28,0
879,2922,2027-01-29,0
879,2922,2027-01-30,0
879,2922,2027-01-31,0
879,2922,2027-02-01,0
879,2922,2027-02-02,0
879,2922,2027-02-03,0
879,2922,2027-02-04,0
879,2922,2027-02-05,0
879,2922,2027-02-06,0
879,2922,2027-02-07,0
879,2922,2027-02-08,0
879,2922,2027-02-09,0
879,2922,2027-02-10,0
879,2922,2027-02-11,0
879,2923,2027-01-12,0
879,2923,2027-01-13,0
879,2923,2027-01-14,0
879,2923,2027-01-15,0
879,2923,2027-01-16,0
879,2923,2027-01-17,0
879,2923,2027-01-18,0
879,2923,2027-01-19,0
879,2923,2027-01-20,0
879,2923,2027-01-21,0
879,2923,2027-01-22,0
879,2923,2027-01-23,0
879,2923,2027-01-24,0
879,2923,2027-01-25,0
879,2923,2027-01-26,0
879,2923,2027-01-27,0
879,2923,2027-01-28,0
879,2923,2027-01-29,0
879,2923,2027-01-30,0
879,2923,2027-01-31,0
879,2923,2027-02-01,0
879,2923,2027-02-02,0
879,2923,2027-02-03,0
879,2923,2027-02-04,0
879,2923,2027-02-05,0
879,2923,2027-02-06,0
879,2923,2027-02-07,0
879,2923,2027-02-08,0
879,2923,2027-02-09,0
879,2923,2027-02-10,0
879,2923,2027-02-11,0
878,2908,2026-06-16,20
878,2908,2026-06-17,20
878,2908,2026-06-18,20
878,2908,2026-06-19,20
878,2908,2026-06-20,20
878,2908,2026-06-21,20
878,2908,2026-06-22,20
878,2908,2026-06-23,20
878,2908,2026-06-24,20
878,2908,2026-06-25,20
878,2908,2026-06-26,20
878,2908,2026-06-27,20
878,2908,2026-06-28,20
878,2908,2026-06-29,20
878,2908,2026-06-30,20
878,2908,2026-07-01,0
878,2908,2026-07-02,0
878,2908,2026-07-03,0
878,2908,2026-07-04,0
878,2908,2026-07-05,0
878,2908,2026-07-06,0
878,2908,2026-07-07,0
878,2908,2026-07-08,0
878,2908,2026-07-09,0
878,2908,2026-07-10,0
878,2908,2026-07-11,0
878,2908,2026-07-12,0
878,2908,2026-07-13,0
878,2908,2026-07-14,0
878,2908,2026-07-15,0
878,2908,2026-07-16,0
878,2909,2026-06-16,25
878,2909,2026-06-17,25
878,2909,2026-06-18,25
878,2909,2026-06-19,25
878,2909,2026-06-20,25
878,2909,2026-06-21,25
878,2909,2026-06-22,25
878,2909,2026-06-23,25
878,2909,2026-06-24,25
878,2909,2026-06-25,25
878,2909,2026-06-26,25
878,2909,2026-06-27,25
878,2909,2026-06-28,25
878,2909,2026-06-29,25
878,2909,2026-06-30,25
878,2909,2026-07-01,0
878,2909,2026-07-02,0
878,2909,2026-07-03,0
878,2909,2026-07-04,0
878,2909,2026-07-05,0
878,2909,2026-07-06,0
878,2909,2026-07-07,0
878,2909,2026-07-08,0
878,2909,2026-07-09,0
878,2909,2026-07-10,0
878,2909,2026-07-11,0
878,2909,2026-07-12,0
878,2909,2026-07-13,0
878,2909,2026-07-14,0
878,2909,2026-07-15,0
878,2909,2026-07-16,0
878,2910,2026-06-16,20
878,2910,2026-06-17,20
878,2910,2026-06-18,20
878,2910,2026-06-19,20
878,2910,2026-06-20,20
878,2910,2026-06-21,20
878,2910,2026-06-22,20
878,2910,2026-06-23,20
878,2910,2026-06-24,20
878,2910,2026-06-25,20
878,2910,2026-06-26,20
878,2910,2026-06-27,20
878,2910,2026-06-28,20
878,2910,2026-06-29,20
878,2910,2026-06-30,20
878,2910,2026-07-01,0
878,2910,2026-07-02,0
878,2910,2026-07-03,0
878,2910,2026-07-04,0
878,2910,2026-07-05,0
878,2910,2026-07-06,0
878,2910,2026-07-07,0
878,2910,2026-07-08,0
878,2910,2026-07-09,0
878,2910,2026-07-10,0
878,2910,2026-07-11,0
878,2910,2026-07-12,0
878,2910,2026-07-13,0
878,2910,2026-07-14,0
878,2910,2026-07-15,0
878,2910,2026-07-16,0
878,2911,2026-06-16,36
878,2911,2026-06-17,36
878,2911,2026-06-18,36
878,2911,2026-06-19,36
878,2911,2026-06-20,36
878,2911,2026-06-21,36
878,2911,2026-06-22,36
878,2911,2026-06-23,36
878,2911,2026-06-24,36
878,2911,2026-06-25,36
878,2911,2026-06-26,36
878,2911,2026-06-27,36
878,2911,2026-06-28,36
878,2911,2026-06-29,36
878,2911,2026-06-30,36
878,2911,2026-07-01,0
878,2911,2026-07-02,0
878,2911,2026-07-03,0
878,2911,2026-07-04,0
878,2911,2026-07-05,0
878,2911,2026-07-06,0
878,2911,2026-07-07,0
878,2911,2026-07-08,0
878,2911,2026-07-09,0
878,2911,2026-07-10,0
878,2911,2026-07-11,0
878,2911,2026-07-12,0
878,2911,2026-07-13,0
878,2911,2026-07-14,0
878,2911,2026-07-15,0
878,2911,2026-07-16,0
878,2913,2026-06-16,20
878,2913,2026-06-17,20
878,2913,2026-06-18,20
878,2913,2026-06-19,20
878,2913,2026-06-20,20
878,2913,2026-06-21,20
878,2913,2026-06-22,20
878,2913,2026-06-23,20
878,2913,2026-06-24,20
878,2913,2026-06-25,20
878,2913,2026-06-26,20
878,2913,2026-06-27,20
878,2913,2026-06-28,20
878,2913,2026-06-29,20
878,2913,2026-06-30,20
878,2913,2026-07-01,0
878,2913,2026-07-02,0
878,2913,2026-07-03,0
878,2913,2026-07-04,0
878,2913,2026-07-05,0
878,2913,2026-07-06,0
878,2913,2026-07-07,0
878,2913,2026-07-08,0
878,2913,2026-07-09,0
878,2913,2026-07-10,0
878,2913,2026-07-11,0
878,2913,2026-07-12,0
878,2913,2026-07-13,0
878,2913,2026-07-14,0
878,2913,2026-07-15,0
878,2913,2026-07-16,0
878,2914,2026-06-16,30
878,2914,2026-06-17,30
878,2914,2026-06-18,30
878,2914,2026-06-19,30
878,2914,2026-06-20,30
878,2914,2026-06-21,30
878,2914,2026-06-22,30
878,2914,2026-06-23,30
878,2914,2026-06-24,30
878,2914,2026-06-25,30
878,2914,2026-06-26,30
878,2914,2026-06-27,30
878,2914,2026-06-28,30
878,2914,2026-06-29,30
878,2914,2026-06-30,30
878,2914,2026-07-01,0
878,2914,2026-07-02,0
878,2914,2026-07-03,0
878,2914,2026-07-04,0
878,2914,2026-07-05,0
878,2914,2026-07-06,0
878,2914,2026-07-07,0
878,2914,2026-07-08,0
878,2914,2026-07-09,0
878,2914,2026-07-10,0
878,2914,2026-07-11,0
878,2914,2026-07-12,0
878,2914,2026-07-13,0
878,2914,2026-07-14,0
878,2914,2026-07-15,0
878,2914,2026-07-16,0
878,2916,2026-06-16,40
878,2916,2026-06-17,40
878,2916,2026-06-18,40
878,2916,2026-06-19,40
878,2916,2026-06-20,40
878,2916,2026-06-21,40
878,2916,2026-06-22,40
878,2916,2026-06-23,40
878,2916,2026-06-24,40
878,2916,2026-06-25,40
878,2916,2026-06-26,40
878,2916,2026-06-27,40
878,2916,2026-06-28,40
878,2916,2026-06-29,40
878,2916,2026-06-30,40
878,2916,2026-07-01,0
878,2916,2026-07-02,0
878,2916,2026-07-03,0
878,2916,2026-07-04,0
878,2916,2026-07-05,0
878,2916,2026-07-06,0
878,2916,2026-07-07,0
878,2916,2026-07-08,0
878,2916,2026-07-09,0
878,2916,2026-07-10,0
878,2916,2026-07-11,0
878,2916,2026-07-12,0
878,2916,2026-07-13,0
878,2916,2026-07-14,0
878,2916,2026-07-15,0
878,2916,2026-07-16,0
878,2917,2026-06-16,20
878,2917,2026-06-17,20
878,2917,2026-06-18,20
878,2917,2026-06-19,20
878,2917,2026-06-20,20
878,2917,2026-06-21,20
878,2917,2026-06-22,20
878,2917,2026-06-23,20
878,2917,2026-06-24,20
878,2917,2026-06-25,20
878,2917,2026-06-26,20
878,2917,2026-06-27,20
878,2917,2026-06-28,20
878,2917,2026-06-29,20
878,2917,2026-06-30,20
878,2917,2026-07-01,0
878,2917,2026-07-02,0
878,2917,2026-07-03,0
878,2917,2026-07-04,0
878,2917,2026-07-05,0
878,2917,2026-07-06,0
878,2917,2026-07-07,0
878,2917,2026-07-08,0
878,2917,2026-07-09,0
878,2917,2026-07-10,0
878,2917,2026-07-11,0
878,2917,2026-07-12,0
878,2917,2026-07-13,0
878,2917,2026-07-14,0
878,2917,2026-07-15,0
878,2917,2026-07-16,0
878,2908,2026-05-17,20
878,2908,2026-05-18,20
878,2908,2026-05-19,20
878,2908,2026-05-20,20
878,2908,2026-05-21,20
878,2908,2026-05-22,20
878,2908,2026-05-23,20
878,2908,2026-05-24,20
878,2908,2026-05-25,20
878,2908,2026-05-26,20
878,2908,2026-05-27,20
878,2908,2026-05-28,20
878,2908,2026-05-29,20
878,2908,2026-05-30,20
878,2908,2026-05-31,20
878,2908,2026-06-01,20
878,2908,2026-06-02,20
878,2908,2026-06-03,20
878,2908,2026-06-04,20
878,2908,2026-06-05,20
878,2908,2026-06-06,20
878,2908,2026-06-07,20
878,2908,2026-06-08,20
878,2908,2026-06-09,20
878,2908,2026-06-10,20
878,2908,2026-06-11,20
878,2908,2026-06-12,20
878,2908,2026-06-13,20
878,2908,2026-06-14,20
878,2908,2026-06-15,20
878,2908,2026-06-16,20
878,2909,2026-05-17,25
878,2909,2026-05-18,25
878,2909,2026-05-19,25
878,2909,2026-05-20,25
878,2909,2026-05-21,25
878,2909,2026-05-22,25
878,2909,2026-05-23,25
878,2909,2026-05-24,25
878,2909,2026-05-25,25
878,2909,2026-05-26,25
878,2909,2026-05-27,25
878,2909,2026-05-28,25
878,2909,2026-05-29,25
878,2909,2026-05-30,25
878,2909,2026-05-31,23
878,2909,2026-06-01,25
878,2909,2026-06-02,25
878,2909,2026-06-03,25
878,2909,2026-06-04,25
878,2909,2026-06-05,25
878,2909,2026-06-06,25
878,2909,2026-06-07,25
878,2909,2026-06-08,25
878,2909,2026-06-09,25
878,2909,2026-06-10,25
878,2909,2026-06-11,25
878,2909,2026-06-12,25
878,2909,2026-06-13,20
878,2909,2026-06-14,25
878,2909,2026-06-15,25
878,2909,2026-06-16,25
878,2910,2026-05-17,20
878,2910,2026-05-18,20
878,2910,2026-05-19,20
878,2910,2026-05-20,20
878,2910,2026-05-21,20
878,2910,2026-05-22,20
878,2910,2026-05-23,20
878,2910,2026-05-24,20
878,2910,2026-05-25,20
878,2910,2026-05-26,20
878,2910,2026-05-27,20
878,2910,2026-05-28,20
878,2910,2026-05-29,20
878,2910,2026-05-30,20
878,2910,2026-05-31,20
878,2910,2026-06-01,20
878,2910,2026-06-02,20
878,2910,2026-06-03,20
878,2910,2026-06-04,20
878,2910,2026-06-05,20
878,2910,2026-06-06,20
878,2910,2026-06-07,20
878,2910,2026-06-08,20
878,2910,2026-06-09,20
878,2910,2026-06-10,20
878,2910,2026-06-11,20
878,2910,2026-06-12,20
878,2910,2026-06-13,20
878,2910,2026-06-14,20
878,2910,2026-06-15,20
878,2910,2026-06-16,20
878,2911,2026-05-17,36
878,2911,2026-05-18,30
878,2911,2026-05-19,36
878,2911,2026-05-20,36
878,2911,2026-05-21,36
878,2911,2026-05-22,32
878,2911,2026-05-23,36
878,2911,2026-05-24,36
878,2911,2026-05-25,36
878,2911,2026-05-26,36
878,2911,2026-05-27,36
878,2911,2026-05-28,36
878,2911,2026-05-29,34
878,2911,2026-05-30,36
878,2911,2026-05-31,36
878,2911,2026-06-01,36
878,2911,2026-06-02,36
878,2911,2026-06-03,36
878,2911,2026-06-04,36
878,2911,2026-06-05,36
878,2911,2026-06-06,36
878,2911,2026-06-07,36
878,2911,2026-06-08,36
878,2911,2026-06-09,36
878,2911,2026-06-10,36
878,2911,2026-06-11,31
878,2911,2026-06-12,36
878,2911,2026-06-13,36
878,2911,2026-06-14,36
878,2911,2026-06-15,36
878,2911,2026-06-16,36
878,2913,2026-05-17,20
878,2913,2026-05-18,20
878,2913,2026-05-19,20
878,2913,2026-05-20,20
878,2913,2026-05-21,20
878,2913,2026-05-22,20
878,2913,2026-05-23,20
878,2913,2026-05-24,20
878,2913,2026-05-25,20
878,2913,2026-05-26,20
878,2913,2026-05-27,20
878,2913,2026-05-28,20
878,2913,2026-05-29,20
878,2913,2026-05-30,20
878,2913,2026-05-31,20
878,2913,2026-06-01,20
878,2913,2026-06-02,20
878,2913,2026-06-03,20
878,2913,2026-06-04,20
878,2913,2026-06-05,20
878,2913,2026-06-06,20
878,2913,2026-06-07,20
878,2913,2026-06-08,20
878,2913,2026-06-09,20
878,2913,2026-06-10,20
878,2913,2026-06-11,20
878,2913,2026-06-12,20
878,2913,2026-06-13,20
878,2913,2026-06-14,20
878,2913,2026-06-15,20
878,2913,2026-06-16,20
878,2914,2026-05-17,30
878,2914,2026-05-18,30
878,2914,2026-05-19,24
878,2914,2026-05-20,30
878,2914,2026-05-21,30
878,2914,2026-05-22,30
878,2914,2026-05-23,30
878,2914,2026-05-24,30
878,2914,2026-05-25,30
878,2914,2026-05-26,30
878,2914,2026-05-27,30
878,2914,2026-05-28,30
878,2914,2026-05-29,30
878,2914,2026-05-30,28
878,2914,2026-05-31,24
878,2914,2026-06-01,30
878,2914,2026-06-02,30
878,2914,2026-06-03,30
878,2914,2026-06-04,30
878,2914,2026-06-05,30
878,2914,2026-06-06,30
878,2914,2026-06-07,30
878,2914,2026-06-08,30
878,2914,2026-06-09,30
878,2914,2026-06-10,30
878,2914,2026-06-11,30
878,2914,2026-06-12,25
878,2914,2026-06-13,30
878,2914,2026-06-14,30
878,2914,2026-06-15,30
878,2914,2026-06-16,30
878,2916,2026-05-17,40
878,2916,2026-05-18,40
878,2916,2026-05-19,40
878,2916,2026-05-20,34
878,2916,2026-05-21,40
878,2916,2026-05-22,40
878,2916,2026-05-23,36
878,2916,2026-05-24,40
878,2916,2026-05-25,40
878,2916,2026-05-26,40
878,2916,2026-05-27,40
878,2916,2026-05-28,40
878,2916,2026-05-29,40
878,2916,2026-05-30,40
878,2916,2026-05-31,40
878,2916,2026-06-01,34
878,2916,2026-06-02,40
878,2916,2026-06-03,40
878,2916,2026-06-04,40
878,2916,2026-06-05,40
878,2916,2026-06-06,40
878,2916,2026-06-07,40
878,2916,2026-06-08,40
878,2916,2026-06-09,40
878,2916,2026-06-10,40
878,2916,2026-06-11,40
878,2916,2026-06-12,40
878,2916,2026-06-13,40
878,2916,2026-06-14,35
878,2916,2026-06-15,40
878,2916,2026-06-16,40
878,2917,2026-05-17,20
878,2917,2026-05-18,20
878,2917,2026-05-19,20
878,2917,2026-05-20,20
878,2917,2026-05-21,20
878,2917,2026-05-22,20
878,2917,2026-05-23,20
878,2917,2026-05-24,20
878,2917,2026-05-25,20
878,2917,2026-05-26,20
878,2917,2026-05-27,20
878,2917,2026-05-28,20
878,2917,2026-05-29,20
878,2917,2026-05-30,20
878,2917,2026-05-31,20
878,2917,2026-06-01,20
878,2917,2026-06-02,20
878,2917,2026-06-03,20
878,2917,2026-06-04,20
878,2917,2026-06-05,20
878,2917,2026-06-06,20
878,2917,2026-06-07,20
878,2917,2026-06-08,20
878,2917,2026-06-09,20
878,2917,2026-06-10,20
878,2917,2026-06-11,20
878,2917,2026-06-12,20
878,2917,2026-06-13,20
878,2917,2026-06-14,20
878,2917,2026-06-15,20
878,2917,2026-06-16,20
878,2908,2026-04-17,20
878,2908,2026-04-18,20
878,2908,2026-04-19,20
878,2908,2026-04-20,20
878,2908,2026-04-21,20
878,2908,2026-04-22,20
878,2908,2026-04-23,20
878,2908,2026-04-24,20
878,2908,2026-04-25,18
878,2908,2026-04-26,20
878,2908,2026-04-27,20
878,2908,2026-04-28,20
878,2908,2026-04-29,20
878,2908,2026-04-30,20
878,2908,2026-05-01,20
878,2908,2026-05-02,20
878,2908,2026-05-03,20
878,2908,2026-05-04,20
878,2908,2026-05-05,20
878,2908,2026-05-06,20
878,2908,2026-05-07,20
878,2908,2026-05-08,20
878,2908,2026-05-09,20
878,2908,2026-05-10,20
878,2908,2026-05-11,20
878,2908,2026-05-12,20
878,2908,2026-05-13,20
878,2908,2026-05-14,20
878,2908,2026-05-15,20
878,2908,2026-05-16,20
878,2908,2026-05-17,20
878,2909,2026-04-17,25
878,2909,2026-04-18,21
878,2909,2026-04-19,22
878,2909,2026-04-20,22
878,2909,2026-04-21,22
878,2909,2026-04-22,25
878,2909,2026-04-23,25
878,2909,2026-04-24,23
878,2909,2026-04-25,21
878,2909,2026-04-26,0
878,2909,2026-04-27,25
878,2909,2026-04-28,25
878,2909,2026-04-29,25
878,2909,2026-04-30,25
878,2909,2026-05-01,25
878,2909,2026-05-02,25
878,2909,2026-05-03,25
878,2909,2026-05-04,25
878,2909,2026-05-05,25
878,2909,2026-05-06,25
878,2909,2026-05-07,25
878,2909,2026-05-08,25
878,2909,2026-05-09,25
878,2909,2026-05-10,25
878,2909,2026-05-11,25
878,2909,2026-05-12,25
878,2909,2026-05-13,25
878,2909,2026-05-14,25
878,2909,2026-05-15,25
878,2909,2026-05-16,25
878,2909,2026-05-17,25
878,2910,2026-04-17,18
878,2910,2026-04-18,20
878,2910,2026-04-19,20
878,2910,2026-04-20,20
878,2910,2026-04-21,20
878,2910,2026-04-22,20
878,2910,2026-04-23,20
878,2910,2026-04-24,20
878,2910,2026-04-25,20
878,2910,2026-04-26,20
878,2910,2026-04-27,20
878,2910,2026-04-28,19
878,2910,2026-04-29,20
878,2910,2026-04-30,20
878,2910,2026-05-01,20
878,2910,2026-05-02,20
878,2910,2026-05-03,20
878,2910,2026-05-04,20
878,2910,2026-05-05,20
878,2910,2026-05-06,20
878,2910,2026-05-07,20
878,2910,2026-05-08,20
878,2910,2026-05-09,20
878,2910,2026-05-10,20
878,2910,2026-05-11,20
878,2910,2026-05-12,20
878,2910,2026-05-13,20
878,2910,2026-05-14,20
878,2910,2026-05-15,20
878,2910,2026-05-16,20
878,2910,2026-05-17,20
878,2911,2026-04-17,20
878,2911,2026-04-18,20
878,2911,2026-04-19,36
878,2911,2026-04-20,36
878,2911,2026-04-21,36
878,2911,2026-04-22,36
878,2911,2026-04-23,31
878,2911,2026-04-24,29
878,2911,2026-04-25,9
878,2911,2026-04-26,24
878,2911,2026-04-27,36
878,2911,2026-04-28,36
878,2911,2026-04-29,30
878,2911,2026-04-30,35
878,2911,2026-05-01,36
878,2911,2026-05-02,36
878,2911,2026-05-03,36
878,2911,2026-05-04,36
878,2911,2026-05-05,36
878,2911,2026-05-06,36
878,2911,2026-05-07,36
878,2911,2026-05-08,36
878,2911,2026-05-09,36
878,2911,2026-05-10,36
878,2911,2026-05-11,36
878,2911,2026-05-12,36
878,2911,2026-05-13,36
878,2911,2026-05-14,36
878,2911,2026-05-15,36
878,2911,2026-05-16,36
878,2911,2026-05-17,36
878,2913,2026-04-17,20
878,2913,2026-04-18,20
878,2913,2026-04-19,20
878,2913,2026-04-20,20
878,2913,2026-04-21,20
878,2913,2026-04-22,20
878,2913,2026-04-23,20
878,2913,2026-04-24,20
878,2913,2026-04-25,20
878,2913,2026-04-26,20
878,2913,2026-04-27,19
878,2913,2026-04-28,20
878,2913,2026-04-29,20
878,2913,2026-04-30,20
878,2913,2026-05-01,20
878,2913,2026-05-02,20
878,2913,2026-05-03,20
878,2913,2026-05-04,20
878,2913,2026-05-05,20
878,2913,2026-05-06,20
878,2913,2026-05-07,20
878,2913,2026-05-08,20
878,2913,2026-05-09,20
878,2913,2026-05-10,20
878,2913,2026-05-11,20
878,2913,2026-05-12,20
878,2913,2026-05-13,20
878,2913,2026-05-14,20
878,2913,2026-05-15,20
878,2913,2026-05-16,20
878,2913,2026-05-17,20
878,2914,2026-04-17,11
878,2914,2026-04-18,27
878,2914,2026-04-19,27
878,2914,2026-04-20,30
878,2914,2026-04-21,30
878,2914,2026-04-22,27
878,2914,2026-04-23,30
878,2914,2026-04-24,24
878,2914,2026-04-25,16
878,2914,2026-04-26,28
878,2914,2026-04-27,30
878,2914,2026-04-28,30
878,2914,2026-04-29,30
878,2914,2026-04-30,24
878,2914,2026-05-01,30
878,2914,2026-05-02,30
878,2914,2026-05-03,30
878,2914,2026-05-04,30
878,2914,2026-05-05,30
878,2914,2026-05-06,30
878,2914,2026-05-07,30
878,2914,2026-05-08,30
878,2914,2026-05-09,30
878,2914,2026-05-10,30
878,2914,2026-05-11,30
878,2914,2026-05-12,30
878,2914,2026-05-13,30
878,2914,2026-05-14,30
878,2914,2026-05-15,30
878,2914,2026-05-16,30
878,2914,2026-05-17,30
878,2916,2026-04-17,38
878,2916,2026-04-18,40
878,2916,2026-04-19,40
878,2916,2026-04-20,37
878,2916,2026-04-21,40
878,2916,2026-04-22,40
878,2916,2026-04-23,40
878,2916,2026-04-24,40
878,2916,2026-04-25,34
878,2916,2026-04-26,31
878,2916,2026-04-27,37
878,2916,2026-04-28,40
878,2916,2026-04-29,40
878,2916,2026-04-30,40
878,2916,2026-05-01,34
878,2916,2026-05-02,40
878,2916,2026-05-03,40
878,2916,2026-05-04,40
878,2916,2026-05-05,40
878,2916,2026-05-06,40
878,2916,2026-05-07,40
878,2916,2026-05-08,40
878,2916,2026-05-09,40
878,2916,2026-05-10,40
878,2916,2026-05-11,40
878,2916,2026-05-12,40
878,2916,2026-05-13,40
878,2916,2026-05-14,40
878,2916,2026-05-15,40
878,2916,2026-05-16,40
878,2916,2026-05-17,40
878,2917,2026-04-17,20
878,2917,2026-04-18,20
878,2917,2026-04-19,20
878,2917,2026-04-20,20
878,2917,2026-04-21,20
878,2917,2026-04-22,20
878,2917,2026-04-23,20
878,2917,2026-04-24,20
878,2917,2026-04-25,20
878,2917,2026-04-26,20
878,2917,2026-04-27,20
878,2917,2026-04-28,20
878,2917,2026-04-29,19
878,2917,2026-04-30,20
878,2917,2026-05-01,20
878,2917,2026-05-02,20
878,2917,2026-05-03,20
878,2917,2026-05-04,20
878,2917,2026-05-05,20
878,2917,2026-05-06,20
878,2917,2026-05-07,20
878,2917,2026-05-08,20
878,2917,2026-05-09,20
878,2917,2026-05-10,20
878,2917,2026-05-11,20
878,2917,2026-05-12,20
878,2917,2026-05-13,20
878,2917,2026-05-14,20
878,2917,2026-05-15,20
878,2917,2026-05-16,20
878,2917,2026-05-17,20
878,2908,2026-02-16,19
878,2908,2026-02-17,18
878,2908,2026-02-18,16
878,2908,2026-02-19,19
878,2908,2026-02-20,20
878,2908,2026-02-21,16
878,2908,2026-02-22,20
878,2908,2026-02-23,20
878,2908,2026-02-24,20
878,2908,2026-02-25,20
878,2908,2026-02-26,20
878,2908,2026-02-27,19
878,2908,2026-02-28,17
878,2908,2026-03-01,19
878,2908,2026-03-02,20
878,2908,2026-03-03,19
878,2908,2026-03-04,20
878,2908,2026-03-05,20
878,2908,2026-03-06,20
878,2908,2026-03-07,16
878,2908,2026-03-08,20
878,2908,2026-03-09,20
878,2908,2026-03-10,20
878,2908,2026-03-11,20
878,2908,2026-03-12,20
878,2908,2026-03-13,20
878,2908,2026-03-14,15
878,2908,2026-03-15,20
878,2908,2026-03-16,20
878,2908,2026-03-17,20
878,2908,2026-03-18,20
878,2909,2026-02-16,23
878,2909,2026-02-17,18
878,2909,2026-02-18,20
878,2909,2026-02-19,20
878,2909,2026-02-20,19
878,2909,2026-02-21,11
878,2909,2026-02-22,22
878,2909,2026-02-23,5
878,2909,2026-02-24,19
878,2909,2026-02-25,7
878,2909,2026-02-26,20
878,2909,2026-02-27,20
878,2909,2026-02-28,0
878,2909,2026-03-01,16
878,2909,2026-03-02,13
878,2909,2026-03-03,20
878,2909,2026-03-04,12
878,2909,2026-03-05,23
878,2909,2026-03-06,11
878,2909,2026-03-07,7
878,2909,2026-03-08,11
878,2909,2026-03-09,18
878,2909,2026-03-10,19
878,2909,2026-03-11,25
878,2909,2026-03-12,8
878,2909,2026-03-13,2
878,2909,2026-03-14,11
878,2909,2026-03-15,6
878,2909,2026-03-16,20
878,2909,2026-03-17,23
878,2909,2026-03-18,21
878,2910,2026-02-16,20
878,2910,2026-02-17,17
878,2910,2026-02-18,20
878,2910,2026-02-19,20
878,2910,2026-02-20,18
878,2910,2026-02-21,20
878,2910,2026-02-22,16
878,2910,2026-02-23,20
878,2910,2026-02-24,20
878,2910,2026-02-25,18
878,2910,2026-02-26,20
878,2910,2026-02-27,18
878,2910,2026-02-28,20
878,2910,2026-03-01,20
878,2910,2026-03-02,20
878,2910,2026-03-03,20
878,2910,2026-03-04,20
878,2910,2026-03-05,20
878,2910,2026-03-06,20
878,2910,2026-03-07,20
878,2910,2026-03-08,20
878,2910,2026-03-09,20
878,2910,2026-03-10,20
878,2910,2026-03-11,20
878,2910,2026-03-12,20
878,2910,2026-03-13,20
878,2910,2026-03-14,20
878,2910,2026-03-15,20
878,2910,2026-03-16,20
878,2910,2026-03-17,20
878,2910,2026-03-18,20
878,2911,2026-02-16,27
878,2911,2026-02-17,21
878,2911,2026-02-18,30
878,2911,2026-02-19,26
878,2911,2026-02-20,24
878,2911,2026-02-21,14
878,2911,2026-02-22,18
878,2911,2026-02-23,20
878,2911,2026-02-24,28
878,2911,2026-02-25,15
878,2911,2026-02-26,32
878,2911,2026-02-27,7
878,2911,2026-02-28,2
878,2911,2026-03-01,30
878,2911,2026-03-02,21
878,2911,2026-03-03,34
878,2911,2026-03-04,13
878,2911,2026-03-05,25
878,2911,2026-03-06,11
878,2911,2026-03-07,16
878,2911,2026-03-08,3
878,2911,2026-03-09,32
878,2911,2026-03-10,25
878,2911,2026-03-11,5
878,2911,2026-03-12,23
878,2911,2026-03-13,12
878,2911,2026-03-14,0
878,2911,2026-03-15,28
878,2911,2026-03-16,32
878,2911,2026-03-17,22
878,2911,2026-03-18,33
878,2913,2026-02-16,18
878,2913,2026-02-17,14
878,2913,2026-02-18,20
878,2913,2026-02-19,20
878,2913,2026-02-20,19
878,2913,2026-02-21,14
878,2913,2026-02-22,15
878,2913,2026-02-23,20
878,2913,2026-02-24,20
878,2913,2026-02-25,20
878,2913,2026-02-26,20
878,2913,2026-02-27,18
878,2913,2026-02-28,20
878,2913,2026-03-01,20
878,2913,2026-03-02,20
878,2913,2026-03-03,20
878,2913,2026-03-04,19
878,2913,2026-03-05,20
878,2913,2026-03-06,20
878,2913,2026-03-07,10
878,2913,2026-03-08,16
878,2913,2026-03-09,20
878,2913,2026-03-10,20
878,2913,2026-03-11,20
878,2913,2026-03-12,20
878,2913,2026-03-13,20
878,2913,2026-03-14,20
878,2913,2026-03-15,19
878,2913,2026-03-16,18
878,2913,2026-03-17,20
878,2913,2026-03-18,20
878,2914,2026-02-16,24
878,2914,2026-02-17,28
878,2914,2026-02-18,13
878,2914,2026-02-19,20
878,2914,2026-02-20,18
878,2914,2026-02-21,0
878,2914,2026-02-22,6
878,2914,2026-02-23,19
878,2914,2026-02-24,5
878,2914,2026-02-25,22
878,2914,2026-02-26,5
878,2914,2026-02-27,1
878,2914,2026-02-28,14
878,2914,2026-03-01,18
878,2914,2026-03-02,26
878,2914,2026-03-03,19
878,2914,2026-03-04,25
878,2914,2026-03-05,8
878,2914,2026-03-06,10
878,2914,2026-03-07,7
878,2914,2026-03-08,11
878,2914,2026-03-09,2
878,2914,2026-03-10,26
878,2914,2026-03-11,21
878,2914,2026-03-12,1
878,2914,2026-03-13,1
878,2914,2026-03-14,0
878,2914,2026-03-15,12
878,2914,2026-03-16,28
878,2914,2026-03-17,26
878,2914,2026-03-18,11
878,2916,2026-02-16,28
878,2916,2026-02-17,40
878,2916,2026-02-18,33
878,2916,2026-02-19,24
878,2916,2026-02-20,36
878,2916,2026-02-21,38
878,2916,2026-02-22,7
878,2916,2026-02-23,33
878,2916,2026-02-24,29
878,2916,2026-02-25,31
878,2916,2026-02-26,21
878,2916,2026-02-27,23
878,2916,2026-02-28,37
878,2916,2026-03-01,24
878,2916,2026-03-02,40
878,2916,2026-03-03,38
878,2916,2026-03-04,38
878,2916,2026-03-05,37
878,2916,2026-03-06,21
878,2916,2026-03-07,31
878,2916,2026-03-08,40
878,2916,2026-03-09,28
878,2916,2026-03-10,20
878,2916,2026-03-11,34
878,2916,2026-03-12,34
878,2916,2026-03-13,10
878,2916,2026-03-14,40
878,2916,2026-03-15,20
878,2916,2026-03-16,27
878,2916,2026-03-17,40
878,2916,2026-03-18,40
878,2917,2026-02-16,18
878,2917,2026-02-17,20
878,2917,2026-02-18,18
878,2917,2026-02-19,20
878,2917,2026-02-20,14
878,2917,2026-02-21,11
878,2917,2026-02-22,20
878,2917,2026-02-23,20
878,2917,2026-02-24,20
878,2917,2026-02-25,20
878,2917,2026-02-26,18
878,2917,2026-02-27,20
878,2917,2026-02-28,18
878,2917,2026-03-01,20
878,2917,2026-03-02,20
878,2917,2026-03-03,20
878,2917,2026-03-04,20
878,2917,2026-03-05,20
878,2917,2026-03-06,18
878,2917,2026-03-07,20
878,2917,2026-03-08,20
878,2917,2026-03-09,20
878,2917,2026-03-10,20
878,2917,2026-03-11,20
878,2917,2026-03-12,19
878,2917,2026-03-13,19
878,2917,2026-03-14,20
878,2917,2026-03-15,18
878,2917,2026-03-16,20
878,2917,2026-03-17,20
878,2917,2026-03-18,20
878,2908,2026-03-18,20
878,2908,2026-03-19,20
878,2908,2026-03-20,20
878,2908,2026-03-21,20
878,2908,2026-03-22,20
878,2908,2026-03-23,20
878,2908,2026-03-24,20
878,2908,2026-03-25,20
878,2908,2026-03-26,20
878,2908,2026-03-27,20
878,2908,2026-03-28,20
878,2908,2026-03-29,20
878,2908,2026-03-30,20
878,2908,2026-03-31,20
878,2908,2026-04-01,20
878,2908,2026-04-02,20
878,2908,2026-04-03,10
878,2908,2026-04-04,4
878,2908,2026-04-05,16
878,2908,2026-04-06,20
878,2908,2026-04-07,20
878,2908,2026-04-08,20
878,2908,2026-04-09,20
878,2908,2026-04-10,20
878,2908,2026-04-11,20
878,2908,2026-04-12,16
878,2908,2026-04-13,20
878,2908,2026-04-14,20
878,2908,2026-04-15,20
878,2908,2026-04-16,18
878,2908,2026-04-17,20
878,2909,2026-03-18,21
878,2909,2026-03-19,8
878,2909,2026-03-20,0
878,2909,2026-03-21,25
878,2909,2026-03-22,21
878,2909,2026-03-23,25
878,2909,2026-03-24,25
878,2909,2026-03-25,22
878,2909,2026-03-26,23
878,2909,2026-03-27,28
878,2909,2026-03-28,15
878,2909,2026-03-29,7
878,2909,2026-03-30,22
878,2909,2026-03-31,23
878,2909,2026-04-01,25
878,2909,2026-04-02,16
878,2909,2026-04-03,1
878,2909,2026-04-04,4
878,2909,2026-04-05,6
878,2909,2026-04-06,5
878,2909,2026-04-07,0
878,2909,2026-04-08,0
878,2909,2026-04-09,4
878,2909,2026-04-10,11
878,2909,2026-04-11,14
878,2909,2026-04-12,1
878,2909,2026-04-13,4
878,2909,2026-04-14,3
878,2909,2026-04-15,9
878,2909,2026-04-16,17
878,2909,2026-04-17,25
878,2910,2026-03-18,20
878,2910,2026-03-19,20
878,2910,2026-03-20,20
878,2910,2026-03-21,20
878,2910,2026-03-22,20
878,2910,2026-03-23,20
878,2910,2026-03-24,20
878,2910,2026-03-25,20
878,2910,2026-03-26,20
878,2910,2026-03-27,20
878,2910,2026-03-28,20
878,2910,2026-03-29,20
878,2910,2026-03-30,20
878,2910,2026-03-31,20
878,2910,2026-04-01,20
878,2910,2026-04-02,20
878,2910,2026-04-03,15
878,2910,2026-04-04,1
878,2910,2026-04-05,14
878,2910,2026-04-06,20
878,2910,2026-04-07,8
878,2910,2026-04-08,12
878,2910,2026-04-09,12
878,2910,2026-04-10,12
878,2910,2026-04-11,12
878,2910,2026-04-12,12
878,2910,2026-04-13,20
878,2910,2026-04-14,20
878,2910,2026-04-15,20
878,2910,2026-04-16,20
878,2910,2026-04-17,18
878,2911,2026-03-18,33
878,2911,2026-03-19,11
878,2911,2026-03-20,20
878,2911,2026-03-21,30
878,2911,2026-03-22,25
878,2911,2026-03-23,33
878,2911,2026-03-24,32
878,2911,2026-03-25,34
878,2911,2026-03-26,24
878,2911,2026-03-27,11
878,2911,2026-03-28,36
878,2911,2026-03-29,32
878,2911,2026-03-30,32
878,2911,2026-03-31,34
878,2911,2026-04-01,15
878,2911,2026-04-02,7
878,2911,2026-04-03,0
878,2911,2026-04-04,0
878,2911,2026-04-05,0
878,2911,2026-04-06,1
878,2911,2026-04-07,3
878,2911,2026-04-08,20
878,2911,2026-04-09,3
878,2911,2026-04-10,0
878,2911,2026-04-11,9
878,2911,2026-04-12,4
878,2911,2026-04-13,30
878,2911,2026-04-14,36
878,2911,2026-04-15,32
878,2911,2026-04-16,32
878,2911,2026-04-17,20
878,2913,2026-03-18,20
878,2913,2026-03-19,20
878,2913,2026-03-20,20
878,2913,2026-03-21,20
878,2913,2026-03-22,20
878,2913,2026-03-23,20
878,2913,2026-03-24,20
878,2913,2026-03-25,20
878,2913,2026-03-26,20
878,2913,2026-03-27,20
878,2913,2026-03-28,20
878,2913,2026-03-29,20
878,2913,2026-03-30,20
878,2913,2026-03-31,20
878,2913,2026-04-01,19
878,2913,2026-04-02,20
878,2913,2026-04-03,12
878,2913,2026-04-04,16
878,2913,2026-04-05,4
878,2913,2026-04-06,16
878,2913,2026-04-07,20
878,2913,2026-04-08,14
878,2913,2026-04-09,20
878,2913,2026-04-10,20
878,2913,2026-04-11,16
878,2913,2026-04-12,20
878,2913,2026-04-13,19
878,2913,2026-04-14,20
878,2913,2026-04-15,20
878,2913,2026-04-16,20
878,2913,2026-04-17,20
878,2914,2026-03-18,11
878,2914,2026-03-19,27
878,2914,2026-03-20,30
878,2914,2026-03-21,1
878,2914,2026-03-22,24
878,2914,2026-03-23,30
878,2914,2026-03-24,27
878,2914,2026-03-25,26
878,2914,2026-03-26,30
878,2914,2026-03-27,21
878,2914,2026-03-28,1
878,2914,2026-03-29,27
878,2914,2026-03-30,28
878,2914,2026-03-31,26
878,2914,2026-04-01,28
878,2914,2026-04-02,10
878,2914,2026-04-03,0
878,2914,2026-04-04,0
878,2914,2026-04-05,1
878,2914,2026-04-06,8
878,2914,2026-04-07,0
878,2914,2026-04-08,1
878,2914,2026-04-09,2
878,2914,2026-04-10,5
878,2914,2026-04-11,0
878,2914,2026-04-12,2
878,2914,2026-04-13,8
878,2914,2026-04-14,25
878,2914,2026-04-15,26
878,2914,2026-04-16,15
878,2914,2026-04-17,11
878,2916,2026-03-18,40
878,2916,2026-03-19,38
878,2916,2026-03-20,22
878,2916,2026-03-21,40
878,2916,2026-03-22,26
878,2916,2026-03-23,30
878,2916,2026-03-24,40
878,2916,2026-03-25,40
878,2916,2026-03-26,35
878,2916,2026-03-27,40
878,2916,2026-03-28,39
878,2916,2026-03-29,24
878,2916,2026-03-30,40
878,2916,2026-03-31,40
878,2916,2026-04-01,36
878,2916,2026-04-02,40
878,2916,2026-04-03,9
878,2916,2026-04-04,7
878,2916,2026-04-05,9
878,2916,2026-04-06,16
878,2916,2026-04-07,29
878,2916,2026-04-08,20
878,2916,2026-04-09,36
878,2916,2026-04-10,27
878,2916,2026-04-11,33
878,2916,2026-04-12,36
878,2916,2026-04-13,28
878,2916,2026-04-14,23
878,2916,2026-04-15,18
878,2916,2026-04-16,35
878,2916,2026-04-17,38
878,2917,2026-03-18,20
878,2917,2026-03-19,20
878,2917,2026-03-20,20
878,2917,2026-03-21,20
878,2917,2026-03-22,20
878,2917,2026-03-23,20
878,2917,2026-03-24,20
878,2917,2026-03-25,20
878,2917,2026-03-26,20
878,2917,2026-03-27,20
878,2917,2026-03-28,20
878,2917,2026-03-29,20
878,2917,2026-03-30,20
878,2917,2026-03-31,19
878,2917,2026-04-01,20
878,2917,2026-04-02,20
878,2917,2026-04-03,5
878,2917,2026-04-04,9
878,2917,2026-04-05,14
878,2917,2026-04-06,14
878,2917,2026-04-07,20
878,2917,2026-04-08,16
878,2917,2026-04-09,14
878,2917,2026-04-10,20
878,2917,2026-04-11,20
878,2917,2026-04-12,19
878,2917,2026-04-13,20
878,2917,2026-04-14,20
878,2917,2026-04-15,20
878,2917,2026-04-16,20
878,2917,2026-04-17,20
878,2908,2026-07-16,0
878,2908,2026-07-17,0
878,2908,2026-07-18,0
878,2908,2026-07-19,0
878,2908,2026-07-20,0
878,2908,2026-07-21,0
878,2908,2026-07-22,0
878,2908,2026-07-23,0
878,2908,2026-07-24,0
878,2908,2026-07-25,0
878,2908,2026-07-26,0
878,2908,2026-07-27,0
878,2908,2026-07-28,0
878,2908,2026-07-29,0
878,2908,2026-07-30,0
878,2908,2026-07-31,0
878,2908,2026-08-01,0
878,2908,2026-08-02,0
878,2908,2026-08-03,0
878,2908,2026-08-04,0
878,2908,2026-08-05,0
878,2908,2026-08-06,0
878,2908,2026-08-07,0
878,2908,2026-08-08,0
878,2908,2026-08-09,0
878,2908,2026-08-10,0
878,2908,2026-08-11,0
878,2908,2026-08-12,0
878,2908,2026-08-13,0
878,2908,2026-08-14,0
878,2908,2026-08-15,0
878,2909,2026-07-16,0
878,2909,2026-07-17,0
878,2909,2026-07-18,0
878,2909,2026-07-19,0
878,2909,2026-07-20,0
878,2909,2026-07-21,0
878,2909,2026-07-22,0
878,2909,2026-07-23,0
878,2909,2026-07-24,0
878,2909,2026-07-25,0
878,2909,2026-07-26,0
878,2909,2026-07-27,0
878,2909,2026-07-28,0
878,2909,2026-07-29,0
878,2909,2026-07-30,0
878,2909,2026-07-31,0
878,2909,2026-08-01,0
878,2909,2026-08-02,0
878,2909,2026-08-03,0
878,2909,2026-08-04,0
878,2909,2026-08-05,0
878,2909,2026-08-06,0
878,2909,2026-08-07,0
878,2909,2026-08-08,0
878,2909,2026-08-09,0
878,2909,2026-08-10,0
878,2909,2026-08-11,0
878,2909,2026-08-12,0
878,2909,2026-08-13,0
878,2909,2026-08-14,0
878,2909,2026-08-15,0
878,2910,2026-07-16,0
878,2910,2026-07-17,0
878,2910,2026-07-18,0
878,2910,2026-07-19,0
878,2910,2026-07-20,0
878,2910,2026-07-21,0
878,2910,2026-07-22,0
878,2910,2026-07-23,0
878,2910,2026-07-24,0
878,2910,2026-07-25,0
878,2910,2026-07-26,0
878,2910,2026-07-27,0
878,2910,2026-07-28,0
878,2910,2026-07-29,0
878,2910,2026-07-30,0
878,2910,2026-07-31,0
878,2910,2026-08-01,0
878,2910,2026-08-02,0
878,2910,2026-08-03,0
878,2910,2026-08-04,0
878,2910,2026-08-05,0
878,2910,2026-08-06,0
878,2910,2026-08-07,0
878,2910,2026-08-08,0
878,2910,2026-08-09,0
878,2910,2026-08-10,0
878,2910,2026-08-11,0
878,2910,2026-08-12,0
878,2910,2026-08-13,0
878,2910,2026-08-14,0
878,2910,2026-08-15,0
878,2911,2026-07-16,0
878,2911,2026-07-17,0
878,2911,2026-07-18,0
878,2911,2026-07-19,0
878,2911,2026-07-20,0
878,2911,2026-07-21,0
878,2911,2026-07-22,0
878,2911,2026-07-23,0
878,2911,2026-07-24,0
878,2911,2026-07-25,0
878,2911,2026-07-26,0
878,2911,2026-07-27,0
878,2911,2026-07-28,0
878,2911,2026-07-29,0
878,2911,2026-07-30,0
878,2911,2026-07-31,0
878,2911,2026-08-01,0
878,2911,2026-08-02,0
878,2911,2026-08-03,0
878,2911,2026-08-04,0
878,2911,2026-08-05,0
878,2911,2026-08-06,0
878,2911,2026-08-07,0
878,2911,2026-08-08,0
878,2911,2026-08-09,0
878,2911,2026-08-10,0
878,2911,2026-08-11,0
878,2911,2026-08-12,0
878,2911,2026-08-13,0
878,2911,2026-08-14,0
878,2911,2026-08-15,0
878,2913,2026-07-16,0
878,2913,2026-07-17,0
878,2913,2026-07-18,0
878,2913,2026-07-19,0
878,2913,2026-07-20,0
878,2913,2026-07-21,0
878,2913,2026-07-22,0
878,2913,2026-07-23,0
878,2913,2026-07-24,0
878,2913,2026-07-25,0
878,2913,2026-07-26,0
878,2913,2026-07-27,0
878,2913,2026-07-28,0
878,2913,2026-07-29,0
878,2913,2026-07-30,0
878,2913,2026-07-31,0
878,2913,2026-08-01,0
878,2913,2026-08-02,0
878,2913,2026-08-03,0
878,2913,2026-08-04,0
878,2913,2026-08-05,0
878,2913,2026-08-06,0
878,2913,2026-08-07,0
878,2913,2026-08-08,0
878,2913,2026-08-09,0
878,2913,2026-08-10,0
878,2913,2026-08-11,0
878,2913,2026-08-12,0
878,2913,2026-08-13,0
878,2913,2026-08-14,0
878,2913,2026-08-15,0
878,2914,2026-07-16,0
878,2914,2026-07-17,0
878,2914,2026-07-18,0
878,2914,2026-07-19,0
878,2914,2026-07-20,0
878,2914,2026-07-21,0
878,2914,2026-07-22,0
878,2914,2026-07-23,0
878,2914,2026-07-24,0
878,2914,2026-07-25,0
878,2914,2026-07-26,0
878,2914,2026-07-27,0
878,2914,2026-07-28,0
878,2914,2026-07-29,0
878,2914,2026-07-30,0
878,2914,2026-07-31,0
878,2914,2026-08-01,0
878,2914,2026-08-02,0
878,2914,2026-08-03,0
878,2914,2026-08-04,0
878,2914,2026-08-05,0
878,2914,2026-08-06,0
878,2914,2026-08-07,0
878,2914,2026-08-08,0
878,2914,2026-08-09,0
878,2914,2026-08-10,0
878,2914,2026-08-11,0
878,2914,2026-08-12,0
878,2914,2026-08-13,0
878,2914,2026-08-14,0
878,2914,2026-08-15,0
878,2916,2026-07-16,0
878,2916,2026-07-17,0
878,2916,2026-07-18,0
878,2916,2026-07-19,0
878,2916,2026-07-20,0
878,2916,2026-07-21,0
878,2916,2026-07-22,0
878,2916,2026-07-23,0
878,2916,2026-07-24,0
878,2916,2026-07-25,0
878,2916,2026-07-26,0
878,2916,2026-07-27,0
878,2916,2026-07-28,0
878,2916,2026-07-29,0
878,2916,2026-07-30,0
878,2916,2026-07-31,0
878,2916,2026-08-01,0
878,2916,2026-08-02,0
878,2916,2026-08-03,0
878,2916,2026-08-04,0
878,2916,2026-08-05,0
878,2916,2026-08-06,0
878,2916,2026-08-07,0
878,2916,2026-08-08,0
878,2916,2026-08-09,0
878,2916,2026-08-10,0
878,2916,2026-08-11,0
878,2916,2026-08-12,0
878,2916,2026-08-13,0
878,2916,2026-08-14,0
878,2916,2026-08-15,0
878,2917,2026-07-16,0
878,2917,2026-07-17,0
878,2917,2026-07-18,0
878,2917,2026-07-19,0
878,2917,2026-07-20,0
878,2917,2026-07-21,0
878,2917,2026-07-22,0
878,2917,2026-07-23,0
878,2917,2026-07-24,0
878,2917,2026-07-25,0
878,2917,2026-07-26,0
878,2917,2026-07-27,0
878,2917,2026-07-28,0
878,2917,2026-07-29,0
878,2917,2026-07-30,0
878,2917,2026-07-31,0
878,2917,2026-08-01,0
878,2917,2026-08-02,0
878,2917,2026-08-03,0
878,2917,2026-08-04,0
878,2917,2026-08-05,0
878,2917,2026-08-06,0
878,2917,2026-08-07,0
878,2917,2026-08-08,0
878,2917,2026-08-09,0
878,2917,2026-08-10,0
878,2917,2026-08-11,0
878,2917,2026-08-12,0
878,2917,2026-08-13,0
878,2917,2026-08-14,0
878,2917,2026-08-15,0
878,2908,2026-08-15,0
878,2908,2026-08-16,0
878,2908,2026-08-17,0
878,2908,2026-08-18,0
878,2908,2026-08-19,0
878,2908,2026-08-20,0
878,2908,2026-08-21,0
878,2908,2026-08-22,0
878,2908,2026-08-23,0
878,2908,2026-08-24,0
878,2908,2026-08-25,0
878,2908,2026-08-26,0
878,2908,2026-08-27,0
878,2908,2026-08-28,0
878,2908,2026-08-29,0
878,2908,2026-08-30,0
878,2908,2026-08-31,0
878,2908,2026-09-01,0
878,2908,2026-09-02,0
878,2908,2026-09-03,0
878,2908,2026-09-04,0
878,2908,2026-09-05,0
878,2908,2026-09-06,0
878,2908,2026-09-07,0
878,2908,2026-09-08,0
878,2908,2026-09-09,0
878,2908,2026-09-10,0
878,2908,2026-09-11,0
878,2908,2026-09-12,0
878,2908,2026-09-13,0
878,2908,2026-09-14,0
878,2909,2026-08-15,0
878,2909,2026-08-16,0
878,2909,2026-08-17,0
878,2909,2026-08-18,0
878,2909,2026-08-19,0
878,2909,2026-08-20,0
878,2909,2026-08-21,0
878,2909,2026-08-22,0
878,2909,2026-08-23,0
878,2909,2026-08-24,0
878,2909,2026-08-25,0
878,2909,2026-08-26,0
878,2909,2026-08-27,0
878,2909,2026-08-28,0
878,2909,2026-08-29,0
878,2909,2026-08-30,0
878,2909,2026-08-31,0
878,2909,2026-09-01,0
878,2909,2026-09-02,0
878,2909,2026-09-03,0
878,2909,2026-09-04,0
878,2909,2026-09-05,0
878,2909,2026-09-06,0
878,2909,2026-09-07,0
878,2909,2026-09-08,0
878,2909,2026-09-09,0
878,2909,2026-09-10,0
878,2909,2026-09-11,0
878,2909,2026-09-12,0
878,2909,2026-09-13,0
878,2909,2026-09-14,0
878,2910,2026-08-15,0
878,2910,2026-08-16,0
878,2910,2026-08-17,0
878,2910,2026-08-18,0
878,2910,2026-08-19,0
878,2910,2026-08-20,0
878,2910,2026-08-21,0
878,2910,2026-08-22,0
878,2910,2026-08-23,0
878,2910,2026-08-24,0
878,2910,2026-08-25,0
878,2910,2026-08-26,0
878,2910,2026-08-27,0
878,2910,2026-08-28,0
878,2910,2026-08-29,0
878,2910,2026-08-30,0
878,2910,2026-08-31,0
878,2910,2026-09-01,0
878,2910,2026-09-02,0
878,2910,2026-09-03,0
878,2910,2026-09-04,0
878,2910,2026-09-05,0
878,2910,2026-09-06,0
878,2910,2026-09-07,0
878,2910,2026-09-08,0
878,2910,2026-09-09,0
878,2910,2026-09-10,0
878,2910,2026-09-11,0
878,2910,2026-09-12,0
878,2910,2026-09-13,0
878,2910,2026-09-14,0
878,2911,2026-08-15,0
878,2911,2026-08-16,0
878,2911,2026-08-17,0
878,2911,2026-08-18,0
878,2911,2026-08-19,0
878,2911,2026-08-20,0
878,2911,2026-08-21,0
878,2911,2026-08-22,0
878,2911,2026-08-23,0
878,2911,2026-08-24,0
878,2911,2026-08-25,0
878,2911,2026-08-26,0
878,2911,2026-08-27,0
878,2911,2026-08-28,0
878,2911,2026-08-29,0
878,2911,2026-08-30,0
878,2911,2026-08-31,0
878,2911,2026-09-01,0
878,2911,2026-09-02,0
878,2911,2026-09-03,0
878,2911,2026-09-04,0
878,2911,2026-09-05,0
878,2911,2026-09-06,0
878,2911,2026-09-07,0
878,2911,2026-09-08,0
878,2911,2026-09-09,0
878,2911,2026-09-10,0
878,2911,2026-09-11,0
878,2911,2026-09-12,0
878,2911,2026-09-13,0
878,2911,2026-09-14,0
878,2913,2026-08-15,0
878,2913,2026-08-16,0
878,2913,2026-08-17,0
878,2913,2026-08-18,0
878,2913,2026-08-19,0
878,2913,2026-08-20,0
878,2913,2026-08-21,0
878,2913,2026-08-22,0
878,2913,2026-08-23,0
878,2913,2026-08-24,0
878,2913,2026-08-25,0
878,2913,2026-08-26,0
878,2913,2026-08-27,0
878,2913,2026-08-28,0
878,2913,2026-08-29,0
878,2913,2026-08-30,0
878,2913,2026-08-31,0
878,2913,2026-09-01,0
878,2913,2026-09-02,0
878,2913,2026-09-03,0
878,2913,2026-09-04,0
878,2913,2026-09-05,0
878,2913,2026-09-06,0
878,2913,2026-09-07,0
878,2913,2026-09-08,0
878,2913,2026-09-09,0
878,2913,2026-09-10,0
878,2913,2026-09-11,0
878,2913,2026-09-12,0
878,2913,2026-09-13,0
878,2913,2026-09-14,0
878,2914,2026-08-15,0
878,2914,2026-08-16,0
878,2914,2026-08-17,0
878,2914,2026-08-18,0
878,2914,2026-08-19,0
878,2914,2026-08-20,0
878,2914,2026-08-21,0
878,2914,2026-08-22,0
878,2914,2026-08-23,0
878,2914,2026-08-24,0
878,2914,2026-08-25,0
878,2914,2026-08-26,0
878,2914,2026-08-27,0
878,2914,2026-08-28,0
878,2914,2026-08-29,0
878,2914,2026-08-30,0
878,2914,2026-08-31,0
878,2914,2026-09-01,0
878,2914,2026-09-02,0
878,2914,2026-09-03,0
878,2914,2026-09-04,0
878,2914,2026-09-05,0
878,2914,2026-09-06,0
878,2914,2026-09-07,0
878,2914,2026-09-08,0
878,2914,2026-09-09,0
878,2914,2026-09-10,0
878,2914,2026-09-11,0
878,2914,2026-09-12,0
878,2914,2026-09-13,0
878,2914,2026-09-14,0
878,2916,2026-08-15,0
878,2916,2026-08-16,0
878,2916,2026-08-17,0
878,2916,2026-08-18,0
878,2916,2026-08-19,0
878,2916,2026-08-20,0
878,2916,2026-08-21,0
878,2916,2026-08-22,0
878,2916,2026-08-23,0
878,2916,2026-08-24,0
878,2916,2026-08-25,0
878,2916,2026-08-26,0
878,2916,2026-08-27,0
878,2916,2026-08-28,0
878,2916,2026-08-29,0
878,2916,2026-08-30,0
878,2916,2026-08-31,0
878,2916,2026-09-01,0
878,2916,2026-09-02,0
878,2916,2026-09-03,0
878,2916,2026-09-04,0
878,2916,2026-09-05,0
878,2916,2026-09-06,0
878,2916,2026-09-07,0
878,2916,2026-09-08,0
878,2916,2026-09-09,0
878,2916,2026-09-10,0
878,2916,2026-09-11,0
878,2916,2026-09-12,0
878,2916,2026-09-13,0
878,2916,2026-09-14,0
878,2917,2026-08-15,0
878,2917,2026-08-16,0
878,2917,2026-08-17,0
878,2917,2026-08-18,0
878,2917,2026-08-19,0
878,2917,2026-08-20,0
878,2917,2026-08-21,0
878,2917,2026-08-22,0
878,2917,2026-08-23,0
878,2917,2026-08-24,0
878,2917,2026-08-25,0
878,2917,2026-08-26,0
878,2917,2026-08-27,0
878,2917,2026-08-28,0
878,2917,2026-08-29,0
878,2917,2026-08-30,0
878,2917,2026-08-31,0
878,2917,2026-09-01,0
878,2917,2026-09-02,0
878,2917,2026-09-03,0
878,2917,2026-09-04,0
878,2917,2026-09-05,0
878,2917,2026-09-06,0
878,2917,2026-09-07,0
878,2917,2026-09-08,0
878,2917,2026-09-09,0
878,2917,2026-09-10,0
878,2917,2026-09-11,0
878,2917,2026-09-12,0
878,2917,2026-09-13,0
878,2917,2026-09-14,0
878,2908,2026-09-14,0
878,2908,2026-09-15,0
878,2908,2026-09-16,0
878,2908,2026-09-17,0
878,2908,2026-09-18,0
878,2908,2026-09-19,0
878,2908,2026-09-20,0
878,2908,2026-09-21,0
878,2908,2026-09-22,0
878,2908,2026-09-23,0
878,2908,2026-09-24,0
878,2908,2026-09-25,0
878,2908,2026-09-26,0
878,2908,2026-09-27,0
878,2908,2026-09-28,0
878,2908,2026-09-29,0
878,2908,2026-09-30,0
878,2908,2026-10-01,0
878,2908,2026-10-02,0
878,2908,2026-10-03,0
878,2908,2026-10-04,0
878,2908,2026-10-05,0
878,2908,2026-10-06,0
878,2908,2026-10-07,0
878,2908,2026-10-08,0
878,2908,2026-10-09,0
878,2908,2026-10-10,0
878,2908,2026-10-11,0
878,2908,2026-10-12,0
878,2908,2026-10-13,0
878,2908,2026-10-14,0
878,2909,2026-09-14,0
878,2909,2026-09-15,0
878,2909,2026-09-16,0
878,2909,2026-09-17,0
878,2909,2026-09-18,0
878,2909,2026-09-19,0
878,2909,2026-09-20,0
878,2909,2026-09-21,0
878,2909,2026-09-22,0
878,2909,2026-09-23,0
878,2909,2026-09-24,0
878,2909,2026-09-25,0
878,2909,2026-09-26,0
878,2909,2026-09-27,0
878,2909,2026-09-28,0
878,2909,2026-09-29,0
878,2909,2026-09-30,0
878,2909,2026-10-01,0
878,2909,2026-10-02,0
878,2909,2026-10-03,0
878,2909,2026-10-04,0
878,2909,2026-10-05,0
878,2909,2026-10-06,0
878,2909,2026-10-07,0
878,2909,2026-10-08,0
878,2909,2026-10-09,0
878,2909,2026-10-10,0
878,2909,2026-10-11,0
878,2909,2026-10-12,0
878,2909,2026-10-13,0
878,2909,2026-10-14,0
878,2910,2026-09-14,0
878,2910,2026-09-15,0
878,2910,2026-09-16,0
878,2910,2026-09-17,0
878,2910,2026-09-18,0
878,2910,2026-09-19,0
878,2910,2026-09-20,0
878,2910,2026-09-21,0
878,2910,2026-09-22,0
878,2910,2026-09-23,0
878,2910,2026-09-24,0
878,2910,2026-09-25,0
878,2910,2026-09-26,0
878,2910,2026-09-27,0
878,2910,2026-09-28,0
878,2910,2026-09-29,0
878,2910,2026-09-30,0
878,2910,2026-10-01,0
878,2910,2026-10-02,0
878,2910,2026-10-03,0
878,2910,2026-10-04,0
878,2910,2026-10-05,0
878,2910,2026-10-06,0
878,2910,2026-10-07,0
878,2910,2026-10-08,0
878,2910,2026-10-09,0
878,2910,2026-10-10,0
878,2910,2026-10-11,0
878,2910,2026-10-12,0
878,2910,2026-10-13,0
878,2910,2026-10-14,0
878,2911,2026-09-14,0
878,2911,2026-09-15,0
878,2911,2026-09-16,0
878,2911,2026-09-17,0
878,2911,2026-09-18,0
878,2911,2026-09-19,0
878,2911,2026-09-20,0
878,2911,2026-09-21,0
878,2911,2026-09-22,0
878,2911,2026-09-23,0
878,2911,2026-09-24,0
878,2911,2026-09-25,0
878,2911,2026-09-26,0
878,2911,2026-09-27,0
878,2911,2026-09-28,0
878,2911,2026-09-29,0
878,2911,2026-09-30,0
878,2911,2026-10-01,0
878,2911,2026-10-02,0
878,2911,2026-10-03,0
878,2911,2026-10-04,0
878,2911,2026-10-05,0
878,2911,2026-10-06,0
878,2911,2026-10-07,0
878,2911,2026-10-08,0
878,2911,2026-10-09,0
878,2911,2026-10-10,0
878,2911,2026-10-11,0
878,2911,2026-10-12,0
878,2911,2026-10-13,0
878,2911,2026-10-14,0
878,2913,2026-09-14,0
878,2913,2026-09-15,0
878,2913,2026-09-16,0
878,2913,2026-09-17,0
878,2913,2026-09-18,0
878,2913,2026-09-19,0
878,2913,2026-09-20,0
878,2913,2026-09-21,0
878,2913,2026-09-22,0
878,2913,2026-09-23,0
878,2913,2026-09-24,0
878,2913,2026-09-25,0
878,2913,2026-09-26,0
878,2913,2026-09-27,0
878,2913,2026-09-28,0
878,2913,2026-09-29,0
878,2913,2026-09-30,0
878,2913,2026-10-01,0
878,2913,2026-10-02,0
878,2913,2026-10-03,0
878,2913,2026-10-04,0
878,2913,2026-10-05,0
878,2913,2026-10-06,0
878,2913,2026-10-07,0
878,2913,2026-10-08,0
878,2913,2026-10-09,0
878,2913,2026-10-10,0
878,2913,2026-10-11,0
878,2913,2026-10-12,0
878,2913,2026-10-13,0
878,2913,2026-10-14,0
878,2914,2026-09-14,0
878,2914,2026-09-15,0
878,2914,2026-09-16,0
878,2914,2026-09-17,0
878,2914,2026-09-18,0
878,2914,2026-09-19,0
878,2914,2026-09-20,0
878,2914,2026-09-21,0
878,2914,2026-09-22,0
878,2914,2026-09-23,0
878,2914,2026-09-24,0
878,2914,2026-09-25,0
878,2914,2026-09-26,0
878,2914,2026-09-27,0
878,2914,2026-09-28,0
878,2914,2026-09-29,0
878,2914,2026-09-30,0
878,2914,2026-10-01,0
878,2914,2026-10-02,0
878,2914,2026-10-03,0
878,2914,2026-10-04,0
878,2914,2026-10-05,0
878,2914,2026-10-06,0
878,2914,2026-10-07,0
878,2914,2026-10-08,0
878,2914,2026-10-09,0
878,2914,2026-10-10,0
878,2914,2026-10-11,0
878,2914,2026-10-12,0
878,2914,2026-10-13,0
878,2914,2026-10-14,0
878,2916,2026-09-14,0
878,2916,2026-09-15,0
878,2916,2026-09-16,0
878,2916,2026-09-17,0
878,2916,2026-09-18,0
878,2916,2026-09-19,0
878,2916,2026-09-20,0
878,2916,2026-09-21,0
878,2916,2026-09-22,0
878,2916,2026-09-23,0
878,2916,2026-09-24,0
878,2916,2026-09-25,0
878,2916,2026-09-26,0
878,2916,2026-09-27,0
878,2916,2026-09-28,0
878,2916,2026-09-29,0
878,2916,2026-09-30,0
878,2916,2026-10-01,0
878,2916,2026-10-02,0
878,2916,2026-10-03,0
878,2916,2026-10-04,0
878,2916,2026-10-05,0
878,2916,2026-10-06,0
878,2916,2026-10-07,0
878,2916,2026-10-08,0
878,2916,2026-10-09,0
878,2916,2026-10-10,0
878,2916,2026-10-11,0
878,2916,2026-10-12,0
878,2916,2026-10-13,0
878,2916,2026-10-14,0
878,2917,2026-09-14,0
878,2917,2026-09-15,0
878,2917,2026-09-16,0
878,2917,2026-09-17,0
878,2917,2026-09-18,0
878,2917,2026-09-19,0
878,2917,2026-09-20,0
878,2917,2026-09-21,0
878,2917,2026-09-22,0
878,2917,2026-09-23,0
878,2917,2026-09-24,0
878,2917,2026-09-25,0
878,2917,2026-09-26,0
878,2917,2026-09-27,0
878,2917,2026-09-28,0
878,2917,2026-09-29,0
878,2917,2026-09-30,0
878,2917,2026-10-01,0
878,2917,2026-10-02,0
878,2917,2026-10-03,0
878,2917,2026-10-04,0
878,2917,2026-10-05,0
878,2917,2026-10-06,0
878,2917,2026-10-07,0
878,2917,2026-10-08,0
878,2917,2026-10-09,0
878,2917,2026-10-10,0
878,2917,2026-10-11,0
878,2917,2026-10-12,0
878,2917,2026-10-13,0
878,2917,2026-10-14,0
878,2908,2026-11-13,0
878,2908,2026-11-14,0
878,2908,2026-11-15,0
878,2908,2026-11-16,0
878,2908,2026-11-17,0
878,2908,2026-11-18,0
878,2908,2026-11-19,0
878,2908,2026-11-20,0
878,2908,2026-11-21,0
878,2908,2026-11-22,0
878,2908,2026-11-23,0
878,2908,2026-11-24,0
878,2908,2026-11-25,0
878,2908,2026-11-26,0
878,2908,2026-11-27,0
878,2908,2026-11-28,0
878,2908,2026-11-29,0
878,2908,2026-11-30,0
878,2908,2026-12-01,0
878,2908,2026-12-02,0
878,2908,2026-12-03,0
878,2908,2026-12-04,0
878,2908,2026-12-05,0
878,2908,2026-12-06,0
878,2908,2026-12-07,0
878,2908,2026-12-08,0
878,2908,2026-12-09,0
878,2908,2026-12-10,0
878,2908,2026-12-11,0
878,2908,2026-12-12,0
878,2908,2026-12-13,0
878,2909,2026-11-13,0
878,2909,2026-11-14,0
878,2909,2026-11-15,0
878,2909,2026-11-16,0
878,2909,2026-11-17,0
878,2909,2026-11-18,0
878,2909,2026-11-19,0
878,2909,2026-11-20,0
878,2909,2026-11-21,0
878,2909,2026-11-22,0
878,2909,2026-11-23,0
878,2909,2026-11-24,0
878,2909,2026-11-25,0
878,2909,2026-11-26,0
878,2909,2026-11-27,0
878,2909,2026-11-28,0
878,2909,2026-11-29,0
878,2909,2026-11-30,0
878,2909,2026-12-01,0
878,2909,2026-12-02,0
878,2909,2026-12-03,0
878,2909,2026-12-04,0
878,2909,2026-12-05,0
878,2909,2026-12-06,0
878,2909,2026-12-07,0
878,2909,2026-12-08,0
878,2909,2026-12-09,0
878,2909,2026-12-10,0
878,2909,2026-12-11,0
878,2909,2026-12-12,0
878,2909,2026-12-13,0
878,2910,2026-11-13,0
878,2910,2026-11-14,0
878,2910,2026-11-15,0
878,2910,2026-11-16,0
878,2910,2026-11-17,0
878,2910,2026-11-18,0
878,2910,2026-11-19,0
878,2910,2026-11-20,0
878,2910,2026-11-21,0
878,2910,2026-11-22,0
878,2910,2026-11-23,0
878,2910,2026-11-24,0
878,2910,2026-11-25,0
878,2910,2026-11-26,0
878,2910,2026-11-27,0
878,2910,2026-11-28,0
878,2910,2026-11-29,0
878,2910,2026-11-30,0
878,2910,2026-12-01,0
878,2910,2026-12-02,0
878,2910,2026-12-03,0
878,2910,2026-12-04,0
878,2910,2026-12-05,0
878,2910,2026-12-06,0
878,2910,2026-12-07,0
878,2910,2026-12-08,0
878,2910,2026-12-09,0
878,2910,2026-12-10,0
878,2910,2026-12-11,0
878,2910,2026-12-12,0
878,2910,2026-12-13,0
878,2911,2026-11-13,0
878,2911,2026-11-14,0
878,2911,2026-11-15,0
878,2911,2026-11-16,0
878,2911,2026-11-17,0
878,2911,2026-11-18,0
878,2911,2026-11-19,0
878,2911,2026-11-20,0
878,2911,2026-11-21,0
878,2911,2026-11-22,0
878,2911,2026-11-23,0
878,2911,2026-11-24,0
878,2911,2026-11-25,0
878,2911,2026-11-26,0
878,2911,2026-11-27,0
878,2911,2026-11-28,0
878,2911,2026-11-29,0
878,2911,2026-11-30,0
878,2911,2026-12-01,0
878,2911,2026-12-02,0
878,2911,2026-12-03,0
878,2911,2026-12-04,0
878,2911,2026-12-05,0
878,2911,2026-12-06,0
878,2911,2026-12-07,0
878,2911,2026-12-08,0
878,2911,2026-12-09,0
878,2911,2026-12-10,0
878,2911,2026-12-11,0
878,2911,2026-12-12,0
878,2911,2026-12-13,0
878,2913,2026-11-13,0
878,2913,2026-11-14,0
878,2913,2026-11-15,0
878,2913,2026-11-16,0
878,2913,2026-11-17,0
878,2913,2026-11-18,0
878,2913,2026-11-19,0
878,2913,2026-11-20,0
878,2913,2026-11-21,0
878,2913,2026-11-22,0
878,2913,2026-11-23,0
878,2913,2026-11-24,0
878,2913,2026-11-25,0
878,2913,2026-11-26,0
878,2913,2026-11-27,0
878,2913,2026-11-28,0
878,2913,2026-11-29,0
878,2913,2026-11-30,0
878,2913,2026-12-01,0
878,2913,2026-12-02,0
878,2913,2026-12-03,0
878,2913,2026-12-04,0
878,2913,2026-12-05,0
878,2913,2026-12-06,0
878,2913,2026-12-07,0
878,2913,2026-12-08,0
878,2913,2026-12-09,0
878,2913,2026-12-10,0
878,2913,2026-12-11,0
878,2913,2026-12-12,0
878,2913,2026-12-13,0
878,2914,2026-11-13,0
878,2914,2026-11-14,0
878,2914,2026-11-15,0
878,2914,2026-11-16,0
878,2914,2026-11-17,0
878,2914,2026-11-18,0
878,2914,2026-11-19,0
878,2914,2026-11-20,0
878,2914,2026-11-21,0
878,2914,2026-11-22,0
878,2914,2026-11-23,0
878,2914,2026-11-24,0
878,2914,2026-11-25,0
878,2914,2026-11-26,0
878,2914,2026-11-27,0
878,2914,2026-11-28,0
878,2914,2026-11-29,0
878,2914,2026-11-30,0
878,2914,2026-12-01,0
878,2914,2026-12-02,0
878,2914,2026-12-03,0
878,2914,2026-12-04,0
878,2914,2026-12-05,0
878,2914,2026-12-06,0
878,2914,2026-12-07,0
878,2914,2026-12-08,0
878,2914,2026-12-09,0
878,2914,2026-12-10,0
878,2914,2026-12-11,0
878,2914,2026-12-12,0
878,2914,2026-12-13,0
878,2916,2026-11-13,0
878,2916,2026-11-14,0
878,2916,2026-11-15,0
878,2916,2026-11-16,0
878,2916,2026-11-17,0
878,2916,2026-11-18,0
878,2916,2026-11-19,0
878,2916,2026-11-20,0
878,2916,2026-11-21,0
878,2916,2026-11-22,0
878,2916,2026-11-23,0
878,2916,2026-11-24,0
878,2916,2026-11-25,0
878,2916,2026-11-26,0
878,2916,2026-11-27,0
878,2916,2026-11-28,0
878,2916,2026-11-29,0
878,2916,2026-11-30,0
878,2916,2026-12-01,0
878,2916,2026-12-02,0
878,2916,2026-12-03,0
878,2916,2026-12-04,0
878,2916,2026-12-05,0
878,2916,2026-12-06,0
878,2916,2026-12-07,0
878,2916,2026-12-08,0
878,2916,2026-12-09,0
878,2916,2026-12-10,0
878,2916,2026-12-11,0
878,2916,2026-12-12,0
878,2916,2026-12-13,0
878,2917,2026-11-13,0
878,2917,2026-11-14,0
878,2917,2026-11-15,0
878,2917,2026-11-16,0
878,2917,2026-11-17,0
878,2917,2026-11-18,0
878,2917,2026-11-19,0
878,2917,2026-11-20,0
878,2917,2026-11-21,0
878,2917,2026-11-22,0
878,2917,2026-11-23,0
878,2917,2026-11-24,0
878,2917,2026-11-25,0
878,2917,2026-11-26,0
878,2917,2026-11-27,0
878,2917,2026-11-28,0
878,2917,2026-11-29,0
878,2917,2026-11-30,0
878,2917,2026-12-01,0
878,2917,2026-12-02,0
878,2917,2026-12-03,0
878,2917,2026-12-04,0
878,2917,2026-12-05,0
878,2917,2026-12-06,0
878,2917,2026-12-07,0
878,2917,2026-12-08,0
878,2917,2026-12-09,0
878,2917,2026-12-10,0
878,2917,2026-12-11,0
878,2917,2026-12-12,0
878,2917,2026-12-13,0
878,2908,2027-01-12,0
878,2908,2027-01-13,0
878,2908,2027-01-14,0
878,2908,2027-01-15,0
878,2908,2027-01-16,0
878,2908,2027-01-17,0
878,2908,2027-01-18,0
878,2908,2027-01-19,0
878,2908,2027-01-20,0
878,2908,2027-01-21,0
878,2908,2027-01-22,0
878,2908,2027-01-23,0
878,2908,2027-01-24,0
878,2908,2027-01-25,0
878,2908,2027-01-26,0
878,2908,2027-01-27,0
878,2908,2027-01-28,0
878,2908,2027-01-29,0
878,2908,2027-01-30,0
878,2908,2027-01-31,0
878,2908,2027-02-01,0
878,2908,2027-02-02,0
878,2908,2027-02-03,0
878,2908,2027-02-04,0
878,2908,2027-02-05,0
878,2908,2027-02-06,0
878,2908,2027-02-07,0
878,2908,2027-02-08,0
878,2908,2027-02-09,0
878,2908,2027-02-10,0
878,2908,2027-02-11,0
878,2909,2027-01-12,0
878,2909,2027-01-13,0
878,2909,2027-01-14,0
878,2909,2027-01-15,0
878,2909,2027-01-16,0
878,2909,2027-01-17,0
878,2909,2027-01-18,0
878,2909,2027-01-19,0
878,2909,2027-01-20,0
878,2909,2027-01-21,0
878,2909,2027-01-22,0
878,2909,2027-01-23,0
878,2909,2027-01-24,0
878,2909,2027-01-25,0
878,2909,2027-01-26,0
878,2909,2027-01-27,0
878,2909,2027-01-28,0
878,2909,2027-01-29,0
878,2909,2027-01-30,0
878,2909,2027-01-31,0
878,2909,2027-02-01,0
878,2909,2027-02-02,0
878,2909,2027-02-03,0
878,2909,2027-02-04,0
878,2909,2027-02-05,0
878,2909,2027-02-06,0
878,2909,2027-02-07,0
878,2909,2027-02-08,0
878,2909,2027-02-09,0
878,2909,2027-02-10,0
878,2909,2027-02-11,0
878,2910,2027-01-12,0
878,2910,2027-01-13,0
878,2910,2027-01-14,0
878,2910,2027-01-15,0
878,2910,2027-01-16,0
878,2910,2027-01-17,0
878,2910,2027-01-18,0
878,2910,2027-01-19,0
878,2910,2027-01-20,0
878,2910,2027-01-21,0
878,2910,2027-01-22,0
878,2910,2027-01-23,0
878,2910,2027-01-24,0
878,2910,2027-01-25,0
878,2910,2027-01-26,0
878,2910,2027-01-27,0
878,2910,2027-01-28,0
878,2910,2027-01-29,0
878,2910,2027-01-30,0
878,2910,2027-01-31,0
878,2910,2027-02-01,0
878,2910,2027-02-02,0
878,2910,2027-02-03,0
878,2910,2027-02-04,0
878,2910,2027-02-05,0
878,2910,2027-02-06,0
878,2910,2027-02-07,0
878,2910,2027-02-08,0
878,2910,2027-02-09,0
878,2910,2027-02-10,0
878,2910,2027-02-11,0
878,2911,2027-01-12,0
878,2911,2027-01-13,0
878,2911,2027-01-14,0
878,2911,2027-01-15,0
878,2911,2027-01-16,0
878,2911,2027-01-17,0
878,2911,2027-01-18,0
878,2911,2027-01-19,0
878,2911,2027-01-20,0
878,2911,2027-01-21,0
878,2911,2027-01-22,0
878,2911,2027-01-23,0
878,2911,2027-01-24,0
878,2911,2027-01-25,0
878,2911,2027-01-26,0
878,2911,2027-01-27,0
878,2911,2027-01-28,0
878,2911,2027-01-29,0
878,2911,2027-01-30,0
878,2911,2027-01-31,0
878,2911,2027-02-01,0
878,2911,2027-02-02,0
878,2911,2027-02-03,0
878,2911,2027-02-04,0
878,2911,2027-02-05,0
878,2911,2027-02-06,0
878,2911,2027-02-07,0
878,2911,2027-02-08,0
878,2911,2027-02-09,0
878,2911,2027-02-10,0
878,2911,2027-02-11,0
878,2913,2027-01-12,0
878,2913,2027-01-13,0
878,2913,2027-01-14,0
878,2913,2027-01-15,0
878,2913,2027-01-16,0
878,2913,2027-01-17,0
878,2913,2027-01-18,0
878,2913,2027-01-19,0
878,2913,2027-01-20,0
878,2913,2027-01-21,0
878,2913,2027-01-22,0
878,2913,2027-01-23,0
878,2913,2027-01-24,0
878,2913,2027-01-25,0
878,2913,2027-01-26,0
878,2913,2027-01-27,0
878,2913,2027-01-28,0
878,2913,2027-01-29,0
878,2913,2027-01-30,0
878,2913,2027-01-31,0
878,2913,2027-02-01,0
878,2913,2027-02-02,0
878,2913,2027-02-03,0
878,2913,2027-02-04,0
878,2913,2027-02-05,0
878,2913,2027-02-06,0
878,2913,2027-02-07,0
878,2913,2027-02-08,0
878,2913,2027-02-09,0
878,2913,2027-02-10,0
878,2913,2027-02-11,0
878,2914,2027-01-12,0
878,2914,2027-01-13,0
878,2914,2027-01-14,0
878,2914,2027-01-15,0
878,2914,2027-01-16,0
878,2914,2027-01-17,0
878,2914,2027-01-18,0
878,2914,2027-01-19,0
878,2914,2027-01-20,0
878,2914,2027-01-21,0
878,2914,2027-01-22,0
878,2914,2027-01-23,0
878,2914,2027-01-24,0
878,2914,2027-01-25,0
878,2914,2027-01-26,0
878,2914,2027-01-27,0
878,2914,2027-01-28,0
878,2914,2027-01-29,0
878,2914,2027-01-30,0
878,2914,2027-01-31,0
878,2914,2027-02-01,0
878,2914,2027-02-02,0
878,2914,2027-02-03,0
878,2914,2027-02-04,0
878,2914,2027-02-05,0
878,2914,2027-02-06,0
878,2914,2027-02-07,0
878,2914,2027-02-08,0
878,2914,2027-02-09,0
878,2914,2027-02-10,0
878,2914,2027-02-11,0
878,2916,2027-01-12,0
878,2916,2027-01-13,0
878,2916,2027-01-14,0
878,2916,2027-01-15,0
878,2916,2027-01-16,0
878,2916,2027-01-17,0
878,2916,2027-01-18,0
878,2916,2027-01-19,0
878,2916,2027-01-20,0
878,2916,2027-01-21,0
878,2916,2027-01-22,0
878,2916,2027-01-23,0
878,2916,2027-01-24,0
878,2916,2027-01-25,0
878,2916,2027-01-26,0
878,2916,2027-01-27,0
878,2916,2027-01-28,0
878,2916,2027-01-29,0
878,2916,2027-01-30,0
878,2916,2027-01-31,0
878,2916,2027-02-01,0
878,2916,2027-02-02,0
878,2916,2027-02-03,0
878,2916,2027-02-04,0
878,2916,2027-02-05,0
878,2916,2027-02-06,0
878,2916,2027-02-07,0
878,2916,2027-02-08,0
878,2916,2027-02-09,0
878,2916,2027-02-10,0
878,2916,2027-02-11,0
878,2917,2027-01-12,0
878,2917,2027-01-13,0
878,2917,2027-01-14,0
878,2917,2027-01-15,0
878,2917,2027-01-16,0
878,2917,2027-01-17,0
878,2917,2027-01-18,0
878,2917,2027-01-19,0
878,2917,2027-01-20,0
878,2917,2027-01-21,0
878,2917,2027-01-22,0
878,2917,2027-01-23,0
878,2917,2027-01-24,0
878,2917,2027-01-25,0
878,2917,2027-01-26,0
878,2917,2027-01-27,0
878,2917,2027-01-28,0
878,2917,2027-01-29,0
878,2917,2027-01-30,0
878,2917,2027-01-31,0
878,2917,2027-02-01,0
878,2917,2027-02-02,0
878,2917,2027-02-03,0
878,2917,2027-02-04,0
878,2917,2027-02-05,0
878,2917,2027-02-06,0
878,2917,2027-02-07,0
878,2917,2027-02-08,0
878,2917,2027-02-09,0
878,2917,2027-02-10,0
878,2917,2027-02-11,0
878,2908,2026-10-14,0
878,2908,2026-10-15,0
878,2908,2026-10-16,0
878,2908,2026-10-17,0
878,2908,2026-10-18,0
878,2908,2026-10-19,0
878,2908,2026-10-20,0
878,2908,2026-10-21,0
878,2908,2026-10-22,0
878,2908,2026-10-23,0
878,2908,2026-10-24,0
878,2908,2026-10-25,0
878,2908,2026-10-26,0
878,2908,2026-10-27,0
878,2908,2026-10-28,0
878,2908,2026-10-29,0
878,2908,2026-10-30,0
878,2908,2026-10-31,0
878,2908,2026-11-01,0
878,2908,2026-11-02,0
878,2908,2026-11-03,0
878,2908,2026-11-04,0
878,2908,2026-11-05,0
878,2908,2026-11-06,0
878,2908,2026-11-07,0
878,2908,2026-11-08,0
878,2908,2026-11-09,0
878,2908,2026-11-10,0
878,2908,2026-11-11,0
878,2908,2026-11-12,0
878,2908,2026-11-13,0
878,2909,2026-10-14,0
878,2909,2026-10-15,0
878,2909,2026-10-16,0
878,2909,2026-10-17,0
878,2909,2026-10-18,0
878,2909,2026-10-19,0
878,2909,2026-10-20,0
878,2909,2026-10-21,0
878,2909,2026-10-22,0
878,2909,2026-10-23,0
878,2909,2026-10-24,0
878,2909,2026-10-25,0
878,2909,2026-10-26,0
878,2909,2026-10-27,0
878,2909,2026-10-28,0
878,2909,2026-10-29,0
878,2909,2026-10-30,0
878,2909,2026-10-31,0
878,2909,2026-11-01,0
878,2909,2026-11-02,0
878,2909,2026-11-03,0
878,2909,2026-11-04,0
878,2909,2026-11-05,0
878,2909,2026-11-06,0
878,2909,2026-11-07,0
878,2909,2026-11-08,0
878,2909,2026-11-09,0
878,2909,2026-11-10,0
878,2909,2026-11-11,0
878,2909,2026-11-12,0
878,2909,2026-11-13,0
878,2910,2026-10-14,0
878,2910,2026-10-15,0
878,2910,2026-10-16,0
878,2910,2026-10-17,0
878,2910,2026-10-18,0
878,2910,2026-10-19,0
878,2910,2026-10-20,0
878,2910,2026-10-21,0
878,2910,2026-10-22,0
878,2910,2026-10-23,0
878,2910,2026-10-24,0
878,2910,2026-10-25,0
878,2910,2026-10-26,0
878,2910,2026-10-27,0
878,2910,2026-10-28,0
878,2910,2026-10-29,0
878,2910,2026-10-30,0
878,2910,2026-10-31,0
878,2910,2026-11-01,0
878,2910,2026-11-02,0
878,2910,2026-11-03,0
878,2910,2026-11-04,0
878,2910,2026-11-05,0
878,2910,2026-11-06,0
878,2910,2026-11-07,0
878,2910,2026-11-08,0
878,2910,2026-11-09,0
878,2910,2026-11-10,0
878,2910,2026-11-11,0
878,2910,2026-11-12,0
878,2910,2026-11-13,0
878,2911,2026-10-14,0
878,2911,2026-10-15,0
878,2911,2026-10-16,0
878,2911,2026-10-17,0
878,2911,2026-10-18,0
878,2911,2026-10-19,0
878,2911,2026-10-20,0
878,2911,2026-10-21,0
878,2911,2026-10-22,0
878,2911,2026-10-23,0
878,2911,2026-10-24,0
878,2911,2026-10-25,0
878,2911,2026-10-26,0
878,2911,2026-10-27,0
878,2911,2026-10-28,0
878,2911,2026-10-29,0
878,2911,2026-10-30,0
878,2911,2026-10-31,0
878,2911,2026-11-01,0
878,2911,2026-11-02,0
878,2911,2026-11-03,0
878,2911,2026-11-04,0
878,2911,2026-11-05,0
878,2911,2026-11-06,0
878,2911,2026-11-07,0
878,2911,2026-11-08,0
878,2911,2026-11-09,0
878,2911,2026-11-10,0
878,2911,2026-11-11,0
878,2911,2026-11-12,0
878,2911,2026-11-13,0
878,2913,2026-10-14,0
878,2913,2026-10-15,0
878,2913,2026-10-16,0
878,2913,2026-10-17,0
878,2913,2026-10-18,0
878,2913,2026-10-19,0
878,2913,2026-10-20,0
878,2913,2026-10-21,0
878,2913,2026-10-22,0
878,2913,2026-10-23,0
878,2913,2026-10-24,0
878,2913,2026-10-25,0
878,2913,2026-10-26,0
878,2913,2026-10-27,0
878,2913,2026-10-28,0
878,2913,2026-10-29,0
878,2913,2026-10-30,0
878,2913,2026-10-31,0
878,2913,2026-11-01,0
878,2913,2026-11-02,0
878,2913,2026-11-03,0
878,2913,2026-11-04,0
878,2913,2026-11-05,0
878,2913,2026-11-06,0
878,2913,2026-11-07,0
878,2913,2026-11-08,0
878,2913,2026-11-09,0
878,2913,2026-11-10,0
878,2913,2026-11-11,0
878,2913,2026-11-12,0
878,2913,2026-11-13,0
878,2914,2026-10-14,0
878,2914,2026-10-15,0
878,2914,2026-10-16,0
878,2914,2026-10-17,0
878,2914,2026-10-18,0
878,2914,2026-10-19,0
878,2914,2026-10-20,0
878,2914,2026-10-21,0
878,2914,2026-10-22,0
878,2914,2026-10-23,0
878,2914,2026-10-24,0
878,2914,2026-10-25,0
878,2914,2026-10-26,0
878,2914,2026-10-27,0
878,2914,2026-10-28,0
878,2914,2026-10-29,0
878,2914,2026-10-30,0
878,2914,2026-10-31,0
878,2914,2026-11-01,0
878,2914,2026-11-02,0
878,2914,2026-11-03,0
878,2914,2026-11-04,0
878,2914,2026-11-05,0
878,2914,2026-11-06,0
878,2914,2026-11-07,0
878,2914,2026-11-08,0
878,2914,2026-11-09,0
878,2914,2026-11-10,0
878,2914,2026-11-11,0
878,2914,2026-11-12,0
878,2914,2026-11-13,0
878,2916,2026-10-14,0
878,2916,2026-10-15,0
878,2916,2026-10-16,0
878,2916,2026-10-17,0
878,2916,2026-10-18,0
878,2916,2026-10-19,0
878,2916,2026-10-20,0
878,2916,2026-10-21,0
878,2916,2026-10-22,0
878,2916,2026-10-23,0
878,2916,2026-10-24,0
878,2916,2026-10-25,0
878,2916,2026-10-26,0
878,2916,2026-10-27,0
878,2916,2026-10-28,0
878,2916,2026-10-29,0
878,2916,2026-10-30,0
878,2916,2026-10-31,0
878,2916,2026-11-01,0
878,2916,2026-11-02,0
878,2916,2026-11-03,0
878,2916,2026-11-04,0
878,2916,2026-11-05,0
878,2916,2026-11-06,0
878,2916,2026-11-07,0
878,2916,2026-11-08,0
878,2916,2026-11-09,0
878,2916,2026-11-10,0
878,2916,2026-11-11,0
878,2916,2026-11-12,0
878,2916,2026-11-13,0
878,2917,2026-10-14,0
878,2917,2026-10-15,0
878,2917,2026-10-16,0
878,2917,2026-10-17,0
878,2917,2026-10-18,0
878,2917,2026-10-19,0
878,2917,2026-10-20,0
878,2917,2026-10-21,0
878,2917,2026-10-22,0
878,2917,2026-10-23,0
878,2917,2026-10-24,0
878,2917,2026-10-25,0
878,2917,2026-10-26,0
878,2917,2026-10-27,0
878,2917,2026-10-28,0
878,2917,2026-10-29,0
878,2917,2026-10-30,0
878,2917,2026-10-31,0
878,2917,2026-11-01,0
878,2917,2026-11-02,0
878,2917,2026-11-03,0
878,2917,2026-11-04,0
878,2917,2026-11-05,0
878,2917,2026-11-06,0
878,2917,2026-11-07,0
878,2917,2026-11-08,0
878,2917,2026-11-09,0
878,2917,2026-11-10,0
878,2917,2026-11-11,0
878,2917,2026-11-12,0
878,2917,2026-11-13,0
878,2908,2026-12-13,0
878,2908,2026-12-14,0
878,2908,2026-12-15,0
878,2908,2026-12-16,0
878,2908,2026-12-17,0
878,2908,2026-12-18,0
878,2908,2026-12-19,0
878,2908,2026-12-20,0
878,2908,2026-12-21,0
878,2908,2026-12-22,0
878,2908,2026-12-23,0
878,2908,2026-12-24,0
878,2908,2026-12-25,0
878,2908,2026-12-26,0
878,2908,2026-12-27,0
878,2908,2026-12-28,0
878,2908,2026-12-29,0
878,2908,2026-12-30,0
878,2908,2026-12-31,0
878,2908,2027-01-01,0
878,2908,2027-01-02,0
878,2908,2027-01-03,0
878,2908,2027-01-04,0
878,2908,2027-01-05,0
878,2908,2027-01-06,0
878,2908,2027-01-07,0
878,2908,2027-01-08,0
878,2908,2027-01-09,0
878,2908,2027-01-10,0
878,2908,2027-01-11,0
878,2908,2027-01-12,0
878,2909,2026-12-13,0
878,2909,2026-12-14,0
878,2909,2026-12-15,0
878,2909,2026-12-16,0
878,2909,2026-12-17,0
878,2909,2026-12-18,0
878,2909,2026-12-19,0
878,2909,2026-12-20,0
878,2909,2026-12-21,0
878,2909,2026-12-22,0
878,2909,2026-12-23,0
878,2909,2026-12-24,0
878,2909,2026-12-25,0
878,2909,2026-12-26,0
878,2909,2026-12-27,0
878,2909,2026-12-28,0
878,2909,2026-12-29,0
878,2909,2026-12-30,0
878,2909,2026-12-31,0
878,2909,2027-01-01,0
878,2909,2027-01-02,0
878,2909,2027-01-03,0
878,2909,2027-01-04,0
878,2909,2027-01-05,0
878,2909,2027-01-06,0
878,2909,2027-01-07,0
878,2909,2027-01-08,0
878,2909,2027-01-09,0
878,2909,2027-01-10,0
878,2909,2027-01-11,0
878,2909,2027-01-12,0
878,2910,2026-12-13,0
878,2910,2026-12-14,0
878,2910,2026-12-15,0
878,2910,2026-12-16,0
878,2910,2026-12-17,0
878,2910,2026-12-18,0
878,2910,2026-12-19,0
878,2910,2026-12-20,0
878,2910,2026-12-21,0
878,2910,2026-12-22,0
878,2910,2026-12-23,0
878,2910,2026-12-24,0
878,2910,2026-12-25,0
878,2910,2026-12-26,0
878,2910,2026-12-27,0
878,2910,2026-12-28,0
878,2910,2026-12-29,0
878,2910,2026-12-30,0
878,2910,2026-12-31,0
878,2910,2027-01-01,0
878,2910,2027-01-02,0
878,2910,2027-01-03,0
878,2910,2027-01-04,0
878,2910,2027-01-05,0
878,2910,2027-01-06,0
878,2910,2027-01-07,0
878,2910,2027-01-08,0
878,2910,2027-01-09,0
878,2910,2027-01-10,0
878,2910,2027-01-11,0
878,2910,2027-01-12,0
878,2911,2026-12-13,0
878,2911,2026-12-14,0
878,2911,2026-12-15,0
878,2911,2026-12-16,0
878,2911,2026-12-17,0
878,2911,2026-12-18,0
878,2911,2026-12-19,0
878,2911,2026-12-20,0
878,2911,2026-12-21,0
878,2911,2026-12-22,0
878,2911,2026-12-23,0
878,2911,2026-12-24,0
878,2911,2026-12-25,0
878,2911,2026-12-26,0
878,2911,2026-12-27,0
878,2911,2026-12-28,0
878,2911,2026-12-29,0
878,2911,2026-12-30,0
878,2911,2026-12-31,0
878,2911,2027-01-01,0
878,2911,2027-01-02,0
878,2911,2027-01-03,0
878,2911,2027-01-04,0
878,2911,2027-01-05,0
878,2911,2027-01-06,0
878,2911,2027-01-07,0
878,2911,2027-01-08,0
878,2911,2027-01-09,0
878,2911,2027-01-10,0
878,2911,2027-01-11,0
878,2911,2027-01-12,0
878,2913,2026-12-13,0
878,2913,2026-12-14,0
878,2913,2026-12-15,0
878,2913,2026-12-16,0
878,2913,2026-12-17,0
878,2913,2026-12-18,0
878,2913,2026-12-19,0
878,2913,2026-12-20,0
878,2913,2026-12-21,0
878,2913,2026-12-22,0
878,2913,2026-12-23,0
878,2913,2026-12-24,0
878,2913,2026-12-25,0
878,2913,2026-12-26,0
878,2913,2026-12-27,0
878,2913,2026-12-28,0
878,2913,2026-12-29,0
878,2913,2026-12-30,0
878,2913,2026-12-31,0
878,2913,2027-01-01,0
878,2913,2027-01-02,0
878,2913,2027-01-03,0
878,2913,2027-01-04,0
878,2913,2027-01-05,0
878,2913,2027-01-06,0
878,2913,2027-01-07,0
878,2913,2027-01-08,0
878,2913,2027-01-09,0
878,2913,2027-01-10,0
878,2913,2027-01-11,0
878,2913,2027-01-12,0
878,2914,2026-12-13,0
878,2914,2026-12-14,0
878,2914,2026-12-15,0
878,2914,2026-12-16,0
878,2914,2026-12-17,0
878,2914,2026-12-18,0
878,2914,2026-12-19,0
878,2914,2026-12-20,0
878,2914,2026-12-21,0
878,2914,2026-12-22,0
878,2914,2026-12-23,0
878,2914,2026-12-24,0
878,2914,2026-12-25,0
878,2914,2026-12-26,0
878,2914,2026-12-27,0
878,2914,2026-12-28,0
878,2914,2026-12-29,0
878,2914,2026-12-30,0
878,2914,2026-12-31,0
878,2914,2027-01-01,0
878,2914,2027-01-02,0
878,2914,2027-01-03,0
878,2914,2027-01-04,0
878,2914,2027-01-05,0
878,2914,2027-01-06,0
878,2914,2027-01-07,0
878,2914,2027-01-08,0
878,2914,2027-01-09,0
878,2914,2027-01-10,0
878,2914,2027-01-11,0
878,2914,2027-01-12,0
878,2916,2026-12-13,0
878,2916,2026-12-14,0
878,2916,2026-12-15,0
878,2916,2026-12-16,0
878,2916,2026-12-17,0
878,2916,2026-12-18,0
878,2916,2026-12-19,0
878,2916,2026-12-20,0
878,2916,2026-12-21,0
878,2916,2026-12-22,0
878,2916,2026-12-23,0
878,2916,2026-12-24,0
878,2916,2026-12-25,0
878,2916,2026-12-26,0
878,2916,2026-12-27,0
878,2916,2026-12-28,0
878,2916,2026-12-29,0
878,2916,2026-12-30,0
878,2916,2026-12-31,0
878,2916,2027-01-01,0
878,2916,2027-01-02,0
878,2916,2027-01-03,0
878,2916,2027-01-04,0
878,2916,2027-01-05,0
878,2916,2027-01-06,0
878,2916,2027-01-07,0
878,2916,2027-01-08,0
878,2916,2027-01-09,0
878,2916,2027-01-10,0
878,2916,2027-01-11,0
878,2916,2027-01-12,0
878,2917,2026-12-13,0
878,2917,2026-12-14,0
878,2917,2026-12-15,0
878,2917,2026-12-16,0
878,2917,2026-12-17,0
878,2917,2026-12-18,0
878,2917,2026-12-19,0
878,2917,2026-12-20,0
878,2917,2026-12-21,0
878,2917,2026-12-22,0
878,2917,2026-12-23,0
878,2917,2026-12-24,0
878,2917,2026-12-25,0
878,2917,2026-12-26,0
878,2917,2026-12-27,0
878,2917,2026-12-28,0
878,2917,2026-12-29,0
878,2917,2026-12-30,0
878,2917,2026-12-31,0
878,2917,2027-01-01,0
878,2917,2027-01-02,0
878,2917,2027-01-03,0
878,2917,2027-01-04,0
878,2917,2027-01-05,0
878,2917,2027-01-06,0
878,2917,2027-01-07,0
878,2917,2027-01-08,0
878,2917,2027-01-09,0
878,2917,2027-01-10,0
878,2917,2027-01-11,0
878,2917,2027-01-12,0
878,2908,2027-02-11,0
878,2908,2027-02-12,0
878,2908,2027-02-13,0
878,2908,2027-02-14,0
878,2908,2027-02-15,0
878,2908,2027-02-16,0
878,2908,2027-02-17,0
878,2908,2027-02-18,0
878,2908,2027-02-19,0
878,2908,2027-02-20,0
878,2908,2027-02-21,0
878,2908,2027-02-22,0
878,2908,2027-02-23,0
878,2908,2027-02-24,0
878,2908,2027-02-25,0
878,2908,2027-02-26,0
878,2908,2027-02-27,0
878,2908,2027-02-28,0
878,2908,2027-03-01,0
878,2908,2027-03-02,0
878,2908,2027-03-03,0
878,2908,2027-03-04,0
878,2908,2027-03-05,0
878,2908,2027-03-06,0
878,2908,2027-03-07,0
878,2908,2027-03-08,0
878,2908,2027-03-09,0
878,2908,2027-03-10,0
878,2908,2027-03-11,0
878,2908,2027-03-12,0
878,2908,2027-03-13,0
878,2909,2027-02-11,0
878,2909,2027-02-12,0
878,2909,2027-02-13,0
878,2909,2027-02-14,0
878,2909,2027-02-15,0
878,2909,2027-02-16,0
878,2909,2027-02-17,0
878,2909,2027-02-18,0
878,2909,2027-02-19,0
878,2909,2027-02-20,0
878,2909,2027-02-21,0
878,2909,2027-02-22,0
878,2909,2027-02-23,0
878,2909,2027-02-24,0
878,2909,2027-02-25,0
878,2909,2027-02-26,0
878,2909,2027-02-27,0
878,2909,2027-02-28,0
878,2909,2027-03-01,0
878,2909,2027-03-02,0
878,2909,2027-03-03,0
878,2909,2027-03-04,0
878,2909,2027-03-05,0
878,2909,2027-03-06,0
878,2909,2027-03-07,0
878,2909,2027-03-08,0
878,2909,2027-03-09,0
878,2909,2027-03-10,0
878,2909,2027-03-11,0
878,2909,2027-03-12,0
878,2909,2027-03-13,0
878,2910,2027-02-11,0
878,2910,2027-02-12,0
878,2910,2027-02-13,0
878,2910,2027-02-14,0
878,2910,2027-02-15,0
878,2910,2027-02-16,0
878,2910,2027-02-17,0
878,2910,2027-02-18,0
878,2910,2027-02-19,0
878,2910,2027-02-20,0
878,2910,2027-02-21,0
878,2910,2027-02-22,0
878,2910,2027-02-23,0
878,2910,2027-02-24,0
878,2910,2027-02-25,0
878,2910,2027-02-26,0
878,2910,2027-02-27,0
878,2910,2027-02-28,0
878,2910,2027-03-01,0
878,2910,2027-03-02,0
878,2910,2027-03-03,0
878,2910,2027-03-04,0
878,2910,2027-03-05,0
878,2910,2027-03-06,0
878,2910,2027-03-07,0
878,2910,2027-03-08,0
878,2910,2027-03-09,0
878,2910,2027-03-10,0
878,2910,2027-03-11,0
878,2910,2027-03-12,0
878,2910,2027-03-13,0
878,2911,2027-02-11,0
878,2911,2027-02-12,0
878,2911,2027-02-13,0
878,2911,2027-02-14,0
878,2911,2027-02-15,0
878,2911,2027-02-16,0
878,2911,2027-02-17,0
878,2911,2027-02-18,0
878,2911,2027-02-19,0
878,2911,2027-02-20,0
878,2911,2027-02-21,0
878,2911,2027-02-22,0
878,2911,2027-02-23,0
878,2911,2027-02-24,0
878,2911,2027-02-25,0
878,2911,2027-02-26,0
878,2911,2027-02-27,0
878,2911,2027-02-28,0
878,2911,2027-03-01,0
878,2911,2027-03-02,0
878,2911,2027-03-03,0
878,2911,2027-03-04,0
878,2911,2027-03-05,0
878,2911,2027-03-06,0
878,2911,2027-03-07,0
878,2911,2027-03-08,0
878,2911,2027-03-09,0
878,2911,2027-03-10,0
878,2911,2027-03-11,0
878,2911,2027-03-12,0
878,2911,2027-03-13,0
878,2913,2027-02-11,0
878,2913,2027-02-12,0
878,2913,2027-02-13,0
878,2913,2027-02-14,0
878,2913,2027-02-15,0
878,2913,2027-02-16,0
878,2913,2027-02-17,0
878,2913,2027-02-18,0
878,2913,2027-02-19,0
878,2913,2027-02-20,0
878,2913,2027-02-21,0
878,2913,2027-02-22,0
878,2913,2027-02-23,0
878,2913,2027-02-24,0
878,2913,2027-02-25,0
878,2913,2027-02-26,0
878,2913,2027-02-27,0
878,2913,2027-02-28,0
878,2913,2027-03-01,0
878,2913,2027-03-02,0
878,2913,2027-03-03,0
878,2913,2027-03-04,0
878,2913,2027-03-05,0
878,2913,2027-03-06,0
878,2913,2027-03-07,0
878,2913,2027-03-08,0
878,2913,2027-03-09,0
878,2913,2027-03-10,0
878,2913,2027-03-11,0
878,2913,2027-03-12,0
878,2913,2027-03-13,0
878,2914,2027-02-11,0
878,2914,2027-02-12,0
878,2914,2027-02-13,0
878,2914,2027-02-14,0
878,2914,2027-02-15,0
878,2914,2027-02-16,0
878,2914,2027-02-17,0
878,2914,2027-02-18,0
878,2914,2027-02-19,0
878,2914,2027-02-20,0
878,2914,2027-02-21,0
878,2914,2027-02-22,0
878,2914,2027-02-23,0
878,2914,2027-02-24,0
878,2914,2027-02-25,0
878,2914,2027-02-26,0
878,2914,2027-02-27,0
878,2914,2027-02-28,0
878,2914,2027-03-01,0
878,2914,2027-03-02,0
878,2914,2027-03-03,0
878,2914,2027-03-04,0
878,2914,2027-03-05,0
878,2914,2027-03-06,0
878,2914,2027-03-07,0
878,2914,2027-03-08,0
878,2914,2027-03-09,0
878,2914,2027-03-10,0
878,2914,2027-03-11,0
878,2914,2027-03-12,0
878,2914,2027-03-13,0
878,2916,2027-02-11,0
878,2916,2027-02-12,0
878,2916,2027-02-13,0
878,2916,2027-02-14,0
878,2916,2027-02-15,0
878,2916,2027-02-16,0
878,2916,2027-02-17,0
878,2916,2027-02-18,0
878,2916,2027-02-19,0
878,2916,2027-02-20,0
878,2916,2027-02-21,0
878,2916,2027-02-22,0
878,2916,2027-02-23,0
878,2916,2027-02-24,0
878,2916,2027-02-25,0
878,2916,2027-02-26,0
878,2916,2027-02-27,0
878,2916,2027-02-28,0
878,2916,2027-03-01,0
878,2916,2027-03-02,0
878,2916,2027-03-03,0
878,2916,2027-03-04,0
878,2916,2027-03-05,0
878,2916,2027-03-06,0
878,2916,2027-03-07,0
878,2916,2027-03-08,0
878,2916,2027-03-09,0
878,2916,2027-03-10,0
878,2916,2027-03-11,0
878,2916,2027-03-12,0
878,2916,2027-03-13,0
878,2917,2027-02-11,0
878,2917,2027-02-12,0
878,2917,2027-02-13,0
878,2917,2027-02-14,0
878,2917,2027-02-15,0
878,2917,2027-02-16,0
878,2917,2027-02-17,0
878,2917,2027-02-18,0
878,2917,2027-02-19,0
878,2917,2027-02-20,0
878,2917,2027-02-21,0
878,2917,2027-02-22,0
878,2917,2027-02-23,0
878,2917,2027-02-24,0
878,2917,2027-02-25,0
878,2917,2027-02-26,0
878,2917,2027-02-27,0
878,2917,2027-02-28,0
878,2917,2027-03-01,0
878,2917,2027-03-02,0
878,2917,2027-03-03,0
878,2917,2027-03-04,0
878,2917,2027-03-05,0
878,2917,2027-03-06,0
878,2917,2027-03-07,0
878,2917,2027-03-08,0
878,2917,2027-03-09,0
878,2917,2027-03-10,0
878,2917,2027-03-11,0
878,2917,2027-03-12,0
878,2917,2027-03-13,0
881,2927,2026-05-17,0
881,2927,2026-05-18,0
881,2927,2026-05-19,0
881,2927,2026-05-20,0
881,2927,2026-05-21,0
881,2927,2026-05-22,0
881,2927,2026-05-23,0
881,2927,2026-05-24,0
881,2927,2026-05-25,0
881,2927,2026-05-26,0
881,2927,2026-05-27,0
881,2927,2026-05-28,0
881,2927,2026-05-29,0
881,2927,2026-05-30,0
881,2927,2026-05-31,0
881,2927,2026-06-01,0
881,2927,2026-06-02,0
881,2927,2026-06-03,0
881,2927,2026-06-04,0
881,2927,2026-06-05,0
881,2927,2026-06-06,0
881,2927,2026-06-07,0
881,2927,2026-06-08,0
881,2927,2026-06-09,0
881,2927,2026-06-10,0
881,2927,2026-06-11,0
881,2927,2026-06-12,0
881,2927,2026-06-13,0
881,2927,2026-06-14,0
881,2927,2026-06-15,0
881,2927,2026-06-16,0
881,2928,2026-05-17,0
881,2928,2026-05-18,0
881,2928,2026-05-19,0
881,2928,2026-05-20,0
881,2928,2026-05-21,0
881,2928,2026-05-22,0
881,2928,2026-05-23,0
881,2928,2026-05-24,0
881,2928,2026-05-25,0
881,2928,2026-05-26,0
881,2928,2026-05-27,0
881,2928,2026-05-28,0
881,2928,2026-05-29,0
881,2928,2026-05-30,0
881,2928,2026-05-31,0
881,2928,2026-06-01,0
881,2928,2026-06-02,0
881,2928,2026-06-03,0
881,2928,2026-06-04,0
881,2928,2026-06-05,0
881,2928,2026-06-06,0
881,2928,2026-06-07,0
881,2928,2026-06-08,0
881,2928,2026-06-09,0
881,2928,2026-06-10,0
881,2928,2026-06-11,0
881,2928,2026-06-12,0
881,2928,2026-06-13,0
881,2928,2026-06-14,0
881,2928,2026-06-15,0
881,2928,2026-06-16,0
881,2929,2026-05-17,0
881,2929,2026-05-18,0
881,2929,2026-05-19,0
881,2929,2026-05-20,0
881,2929,2026-05-21,0
881,2929,2026-05-22,0
881,2929,2026-05-23,0
881,2929,2026-05-24,0
881,2929,2026-05-25,0
881,2929,2026-05-26,0
881,2929,2026-05-27,0
881,2929,2026-05-28,0
881,2929,2026-05-29,0
881,2929,2026-05-30,0
881,2929,2026-05-31,0
881,2929,2026-06-01,0
881,2929,2026-06-02,0
881,2929,2026-06-03,0
881,2929,2026-06-04,0
881,2929,2026-06-05,0
881,2929,2026-06-06,0
881,2929,2026-06-07,0
881,2929,2026-06-08,0
881,2929,2026-06-09,0
881,2929,2026-06-10,0
881,2929,2026-06-11,0
881,2929,2026-06-12,0
881,2929,2026-06-13,0
881,2929,2026-06-14,0
881,2929,2026-06-15,0
881,2929,2026-06-16,0
881,2930,2026-05-17,0
881,2930,2026-05-18,0
881,2930,2026-05-19,0
881,2930,2026-05-20,0
881,2930,2026-05-21,0
881,2930,2026-05-22,0
881,2930,2026-05-23,0
881,2930,2026-05-24,0
881,2930,2026-05-25,0
881,2930,2026-05-26,0
881,2930,2026-05-27,0
881,2930,2026-05-28,0
881,2930,2026-05-29,0
881,2930,2026-05-30,0
881,2930,2026-05-31,0
881,2930,2026-06-01,0
881,2930,2026-06-02,0
881,2930,2026-06-03,0
881,2930,2026-06-04,0
881,2930,2026-06-05,0
881,2930,2026-06-06,0
881,2930,2026-06-07,0
881,2930,2026-06-08,0
881,2930,2026-06-09,0
881,2930,2026-06-10,0
881,2930,2026-06-11,0
881,2930,2026-06-12,0
881,2930,2026-06-13,0
881,2930,2026-06-14,0
881,2930,2026-06-15,0
881,2930,2026-06-16,0
881,2931,2026-05-17,0
881,2931,2026-05-18,0
881,2931,2026-05-19,0
881,2931,2026-05-20,0
881,2931,2026-05-21,0
881,2931,2026-05-22,0
881,2931,2026-05-23,0
881,2931,2026-05-24,0
881,2931,2026-05-25,0
881,2931,2026-05-26,0
881,2931,2026-05-27,0
881,2931,2026-05-28,0
881,2931,2026-05-29,0
881,2931,2026-05-30,0
881,2931,2026-05-31,0
881,2931,2026-06-01,0
881,2931,2026-06-02,0
881,2931,2026-06-03,0
881,2931,2026-06-04,0
881,2931,2026-06-05,0
881,2931,2026-06-06,0
881,2931,2026-06-07,0
881,2931,2026-06-08,0
881,2931,2026-06-09,0
881,2931,2026-06-10,0
881,2931,2026-06-11,0
881,2931,2026-06-12,0
881,2931,2026-06-13,0
881,2931,2026-06-14,0
881,2931,2026-06-15,0
881,2931,2026-06-16,0
881,2932,2026-05-17,0
881,2932,2026-05-18,0
881,2932,2026-05-19,0
881,2932,2026-05-20,0
881,2932,2026-05-21,0
881,2932,2026-05-22,0
881,2932,2026-05-23,0
881,2932,2026-05-24,0
881,2932,2026-05-25,0
881,2932,2026-05-26,0
881,2932,2026-05-27,0
881,2932,2026-05-28,0
881,2932,2026-05-29,0
881,2932,2026-05-30,0
881,2932,2026-05-31,0
881,2932,2026-06-01,0
881,2932,2026-06-02,0
881,2932,2026-06-03,0
881,2932,2026-06-04,0
881,2932,2026-06-05,0
881,2932,2026-06-06,0
881,2932,2026-06-07,0
881,2932,2026-06-08,0
881,2932,2026-06-09,0
881,2932,2026-06-10,0
881,2932,2026-06-11,0
881,2932,2026-06-12,0
881,2932,2026-06-13,0
881,2932,2026-06-14,0
881,2932,2026-06-15,0
881,2932,2026-06-16,0
881,2933,2026-05-17,0
881,2933,2026-05-18,0
881,2933,2026-05-19,0
881,2933,2026-05-20,0
881,2933,2026-05-21,0
881,2933,2026-05-22,0
881,2933,2026-05-23,0
881,2933,2026-05-24,0
881,2933,2026-05-25,0
881,2933,2026-05-26,0
881,2933,2026-05-27,0
881,2933,2026-05-28,0
881,2933,2026-05-29,0
881,2933,2026-05-30,0
881,2933,2026-05-31,0
881,2933,2026-06-01,0
881,2933,2026-06-02,0
881,2933,2026-06-03,0
881,2933,2026-06-04,0
881,2933,2026-06-05,0
881,2933,2026-06-06,0
881,2933,2026-06-07,0
881,2933,2026-06-08,0
881,2933,2026-06-09,0
881,2933,2026-06-10,0
881,2933,2026-06-11,0
881,2933,2026-06-12,0
881,2933,2026-06-13,0
881,2933,2026-06-14,0
881,2933,2026-06-15,0
881,2933,2026-06-16,0
881,2934,2026-05-17,0
881,2934,2026-05-18,0
881,2934,2026-05-19,0
881,2934,2026-05-20,0
881,2934,2026-05-21,0
881,2934,2026-05-22,0
881,2934,2026-05-23,0
881,2934,2026-05-24,0
881,2934,2026-05-25,0
881,2934,2026-05-26,0
881,2934,2026-05-27,0
881,2934,2026-05-28,0
881,2934,2026-05-29,0
881,2934,2026-05-30,0
881,2934,2026-05-31,0
881,2934,2026-06-01,0
881,2934,2026-06-02,0
881,2934,2026-06-03,0
881,2934,2026-06-04,0
881,2934,2026-06-05,0
881,2934,2026-06-06,0
881,2934,2026-06-07,0
881,2934,2026-06-08,0
881,2934,2026-06-09,0
881,2934,2026-06-10,0
881,2934,2026-06-11,0
881,2934,2026-06-12,0
881,2934,2026-06-13,0
881,2934,2026-06-14,0
881,2934,2026-06-15,0
881,2934,2026-06-16,0
881,2935,2026-05-17,0
881,2935,2026-05-18,0
881,2935,2026-05-19,0
881,2935,2026-05-20,0
881,2935,2026-05-21,0
881,2935,2026-05-22,0
881,2935,2026-05-23,0
881,2935,2026-05-24,0
881,2935,2026-05-25,0
881,2935,2026-05-26,0
881,2935,2026-05-27,0
881,2935,2026-05-28,0
881,2935,2026-05-29,0
881,2935,2026-05-30,0
881,2935,2026-05-31,0
881,2935,2026-06-01,0
881,2935,2026-06-02,0
881,2935,2026-06-03,0
881,2935,2026-06-04,0
881,2935,2026-06-05,0
881,2935,2026-06-06,0
881,2935,2026-06-07,0
881,2935,2026-06-08,0
881,2935,2026-06-09,0
881,2935,2026-06-10,0
881,2935,2026-06-11,0
881,2935,2026-06-12,0
881,2935,2026-06-13,0
881,2935,2026-06-14,0
881,2935,2026-06-15,0
881,2935,2026-06-16,0
881,2936,2026-05-17,0
881,2936,2026-05-18,0
881,2936,2026-05-19,0
881,2936,2026-05-20,0
881,2936,2026-05-21,0
881,2936,2026-05-22,0
881,2936,2026-05-23,0
881,2936,2026-05-24,0
881,2936,2026-05-25,0
881,2936,2026-05-26,0
881,2936,2026-05-27,0
881,2936,2026-05-28,0
881,2936,2026-05-29,0
881,2936,2026-05-30,0
881,2936,2026-05-31,0
881,2936,2026-06-01,0
881,2936,2026-06-02,0
881,2936,2026-06-03,0
881,2936,2026-06-04,0
881,2936,2026-06-05,0
881,2936,2026-06-06,0
881,2936,2026-06-07,0
881,2936,2026-06-08,0
881,2936,2026-06-09,0
881,2936,2026-06-10,0
881,2936,2026-06-11,0
881,2936,2026-06-12,0
881,2936,2026-06-13,0
881,2936,2026-06-14,0
881,2936,2026-06-15,0
881,2936,2026-06-16,0
881,2937,2026-05-17,0
881,2937,2026-05-18,0
881,2937,2026-05-19,0
881,2937,2026-05-20,0
881,2937,2026-05-21,0
881,2937,2026-05-22,0
881,2937,2026-05-23,0
881,2937,2026-05-24,0
881,2937,2026-05-25,0
881,2937,2026-05-26,0
881,2937,2026-05-27,0
881,2937,2026-05-28,0
881,2937,2026-05-29,0
881,2937,2026-05-30,0
881,2937,2026-05-31,0
881,2937,2026-06-01,0
881,2937,2026-06-02,0
881,2937,2026-06-03,0
881,2937,2026-06-04,0
881,2937,2026-06-05,0
881,2937,2026-06-06,0
881,2937,2026-06-07,0
881,2937,2026-06-08,0
881,2937,2026-06-09,0
881,2937,2026-06-10,0
881,2937,2026-06-11,0
881,2937,2026-06-12,0
881,2937,2026-06-13,0
881,2937,2026-06-14,0
881,2937,2026-06-15,0
881,2937,2026-06-16,0
881,2938,2026-05-17,0
881,2938,2026-05-18,0
881,2938,2026-05-19,0
881,2938,2026-05-20,0
881,2938,2026-05-21,0
881,2938,2026-05-22,0
881,2938,2026-05-23,0
881,2938,2026-05-24,0
881,2938,2026-05-25,0
881,2938,2026-05-26,0
881,2938,2026-05-27,0
881,2938,2026-05-28,0
881,2938,2026-05-29,0
881,2938,2026-05-30,0
881,2938,2026-05-31,0
881,2938,2026-06-01,0
881,2938,2026-06-02,0
881,2938,2026-06-03,0
881,2938,2026-06-04,0
881,2938,2026-06-05,0
881,2938,2026-06-06,0
881,2938,2026-06-07,0
881,2938,2026-06-08,0
881,2938,2026-06-09,0
881,2938,2026-06-10,0
881,2938,2026-06-11,0
881,2938,2026-06-12,0
881,2938,2026-06-13,0
881,2938,2026-06-14,0
881,2938,2026-06-15,0
881,2938,2026-06-16,0
881,2939,2026-05-17,0
881,2939,2026-05-18,0
881,2939,2026-05-19,0
881,2939,2026-05-20,0
881,2939,2026-05-21,0
881,2939,2026-05-22,0
881,2939,2026-05-23,0
881,2939,2026-05-24,0
881,2939,2026-05-25,0
881,2939,2026-05-26,0
881,2939,2026-05-27,0
881,2939,2026-05-28,0
881,2939,2026-05-29,0
881,2939,2026-05-30,0
881,2939,2026-05-31,0
881,2939,2026-06-01,0
881,2939,2026-06-02,0
881,2939,2026-06-03,0
881,2939,2026-06-04,0
881,2939,2026-06-05,0
881,2939,2026-06-06,0
881,2939,2026-06-07,0
881,2939,2026-06-08,0
881,2939,2026-06-09,0
881,2939,2026-06-10,0
881,2939,2026-06-11,0
881,2939,2026-06-12,0
881,2939,2026-06-13,0
881,2939,2026-06-14,0
881,2939,2026-06-15,0
881,2939,2026-06-16,0
881,2940,2026-05-17,0
881,2940,2026-05-18,0
881,2940,2026-05-19,0
881,2940,2026-05-20,0
881,2940,2026-05-21,0
881,2940,2026-05-22,0
881,2940,2026-05-23,0
881,2940,2026-05-24,0
881,2940,2026-05-25,0
881,2940,2026-05-26,0
881,2940,2026-05-27,0
881,2940,2026-05-28,0
881,2940,2026-05-29,0
881,2940,2026-05-30,0
881,2940,2026-05-31,0
881,2940,2026-06-01,0
881,2940,2026-06-02,0
881,2940,2026-06-03,0
881,2940,2026-06-04,0
881,2940,2026-06-05,0
881,2940,2026-06-06,0
881,2940,2026-06-07,0
881,2940,2026-06-08,0
881,2940,2026-06-09,0
881,2940,2026-06-10,0
881,2940,2026-06-11,0
881,2940,2026-06-12,0
881,2940,2026-06-13,0
881,2940,2026-06-14,0
881,2940,2026-06-15,0
881,2940,2026-06-16,0
881,2927,2026-06-16,0
881,2927,2026-06-17,0
881,2927,2026-06-18,0
881,2927,2026-06-19,0
881,2927,2026-06-20,0
881,2927,2026-06-21,0
881,2927,2026-06-22,0
881,2927,2026-06-23,0
881,2927,2026-06-24,0
881,2927,2026-06-25,0
881,2927,2026-06-26,0
881,2927,2026-06-27,0
881,2927,2026-06-28,0
881,2927,2026-06-29,0
881,2927,2026-06-30,0
881,2927,2026-07-01,0
881,2927,2026-07-02,0
881,2927,2026-07-03,0
881,2927,2026-07-04,0
881,2927,2026-07-05,0
881,2927,2026-07-06,0
881,2927,2026-07-07,0
881,2927,2026-07-08,0
881,2927,2026-07-09,0
881,2927,2026-07-10,0
881,2927,2026-07-11,0
881,2927,2026-07-12,0
881,2927,2026-07-13,0
881,2927,2026-07-14,0
881,2927,2026-07-15,0
881,2927,2026-07-16,0
881,2928,2026-06-16,0
881,2928,2026-06-17,0
881,2928,2026-06-18,0
881,2928,2026-06-19,0
881,2928,2026-06-20,0
881,2928,2026-06-21,0
881,2928,2026-06-22,0
881,2928,2026-06-23,0
881,2928,2026-06-24,0
881,2928,2026-06-25,0
881,2928,2026-06-26,0
881,2928,2026-06-27,0
881,2928,2026-06-28,0
881,2928,2026-06-29,0
881,2928,2026-06-30,0
881,2928,2026-07-01,0
881,2928,2026-07-02,0
881,2928,2026-07-03,0
881,2928,2026-07-04,0
881,2928,2026-07-05,0
881,2928,2026-07-06,0
881,2928,2026-07-07,0
881,2928,2026-07-08,0
881,2928,2026-07-09,0
881,2928,2026-07-10,0
881,2928,2026-07-11,0
881,2928,2026-07-12,0
881,2928,2026-07-13,0
881,2928,2026-07-14,0
881,2928,2026-07-15,0
881,2928,2026-07-16,0
881,2929,2026-06-16,0
881,2929,2026-06-17,0
881,2929,2026-06-18,0
881,2929,2026-06-19,0
881,2929,2026-06-20,0
881,2929,2026-06-21,0
881,2929,2026-06-22,0
881,2929,2026-06-23,0
881,2929,2026-06-24,0
881,2929,2026-06-25,0
881,2929,2026-06-26,0
881,2929,2026-06-27,0
881,2929,2026-06-28,0
881,2929,2026-06-29,0
881,2929,2026-06-30,0
881,2929,2026-07-01,0
881,2929,2026-07-02,0
881,2929,2026-07-03,0
881,2929,2026-07-04,0
881,2929,2026-07-05,0
881,2929,2026-07-06,0
881,2929,2026-07-07,0
881,2929,2026-07-08,0
881,2929,2026-07-09,0
881,2929,2026-07-10,0
881,2929,2026-07-11,0
881,2929,2026-07-12,0
881,2929,2026-07-13,0
881,2929,2026-07-14,0
881,2929,2026-07-15,0
881,2929,2026-07-16,0
881,2930,2026-06-16,0
881,2930,2026-06-17,0
881,2930,2026-06-18,0
881,2930,2026-06-19,0
881,2930,2026-06-20,0
881,2930,2026-06-21,0
881,2930,2026-06-22,0
881,2930,2026-06-23,0
881,2930,2026-06-24,0
881,2930,2026-06-25,0
881,2930,2026-06-26,0
881,2930,2026-06-27,0
881,2930,2026-06-28,0
881,2930,2026-06-29,0
881,2930,2026-06-30,0
881,2930,2026-07-01,0
881,2930,2026-07-02,0
881,2930,2026-07-03,0
881,2930,2026-07-04,0
881,2930,2026-07-05,0
881,2930,2026-07-06,0
881,2930,2026-07-07,0
881,2930,2026-07-08,0
881,2930,2026-07-09,0
881,2930,2026-07-10,0
881,2930,2026-07-11,0
881,2930,2026-07-12,0
881,2930,2026-07-13,0
881,2930,2026-07-14,0
881,2930,2026-07-15,0
881,2930,2026-07-16,0
881,2931,2026-06-16,0
881,2931,2026-06-17,0
881,2931,2026-06-18,0
881,2931,2026-06-19,0
881,2931,2026-06-20,0
881,2931,2026-06-21,0
881,2931,2026-06-22,0
881,2931,2026-06-23,0
881,2931,2026-06-24,0
881,2931,2026-06-25,0
881,2931,2026-06-26,0
881,2931,2026-06-27,0
881,2931,2026-06-28,0
881,2931,2026-06-29,0
881,2931,2026-06-30,0
881,2931,2026-07-01,0
881,2931,2026-07-02,0
881,2931,2026-07-03,0
881,2931,2026-07-04,0
881,2931,2026-07-05,0
881,2931,2026-07-06,0
881,2931,2026-07-07,0
881,2931,2026-07-08,0
881,2931,2026-07-09,0
881,2931,2026-07-10,0
881,2931,2026-07-11,0
881,2931,2026-07-12,0
881,2931,2026-07-13,0
881,2931,2026-07-14,0
881,2931,2026-07-15,0
881,2931,2026-07-16,0
881,2932,2026-06-16,0
881,2932,2026-06-17,0
881,2932,2026-06-18,0
881,2932,2026-06-19,0
881,2932,2026-06-20,0
881,2932,2026-06-21,0
881,2932,2026-06-22,0
881,2932,2026-06-23,0
881,2932,2026-06-24,0
881,2932,2026-06-25,0
881,2932,2026-06-26,0
881,2932,2026-06-27,0
881,2932,2026-06-28,0
881,2932,2026-06-29,0
881,2932,2026-06-30,0
881,2932,2026-07-01,0
881,2932,2026-07-02,0
881,2932,2026-07-03,0
881,2932,2026-07-04,0
881,2932,2026-07-05,0
881,2932,2026-07-06,0
881,2932,2026-07-07,0
881,2932,2026-07-08,0
881,2932,2026-07-09,0
881,2932,2026-07-10,0
881,2932,2026-07-11,0
881,2932,2026-07-12,0
881,2932,2026-07-13,0
881,2932,2026-07-14,0
881,2932,2026-07-15,0
881,2932,2026-07-16,0
881,2933,2026-06-16,0
881,2933,2026-06-17,0
881,2933,2026-06-18,0
881,2933,2026-06-19,0
881,2933,2026-06-20,0
881,2933,2026-06-21,0
881,2933,2026-06-22,0
881,2933,2026-06-23,0
881,2933,2026-06-24,0
881,2933,2026-06-25,0
881,2933,2026-06-26,0
881,2933,2026-06-27,0
881,2933,2026-06-28,0
881,2933,2026-06-29,0
881,2933,2026-06-30,0
881,2933,2026-07-01,0
881,2933,2026-07-02,0
881,2933,2026-07-03,0
881,2933,2026-07-04,0
881,2933,2026-07-05,0
881,2933,2026-07-06,0
881,2933,2026-07-07,0
881,2933,2026-07-08,0
881,2933,2026-07-09,0
881,2933,2026-07-10,0
881,2933,2026-07-11,0
881,2933,2026-07-12,0
881,2933,2026-07-13,0
881,2933,2026-07-14,0
881,2933,2026-07-15,0
881,2933,2026-07-16,0
881,2934,2026-06-16,0
881,2934,2026-06-17,0
881,2934,2026-06-18,0
881,2934,2026-06-19,0
881,2934,2026-06-20,0
881,2934,2026-06-21,0
881,2934,2026-06-22,0
881,2934,2026-06-23,0
881,2934,2026-06-24,0
881,2934,2026-06-25,0
881,2934,2026-06-26,0
881,2934,2026-06-27,0
881,2934,2026-06-28,0
881,2934,2026-06-29,0
881,2934,2026-06-30,0
881,2934,2026-07-01,0
881,2934,2026-07-02,0
881,2934,2026-07-03,0
881,2934,2026-07-04,0
881,2934,2026-07-05,0
881,2934,2026-07-06,0
881,2934,2026-07-07,0
881,2934,2026-07-08,0
881,2934,2026-07-09,0
881,2934,2026-07-10,0
881,2934,2026-07-11,0
881,2934,2026-07-12,0
881,2934,2026-07-13,0
881,2934,2026-07-14,0
881,2934,2026-07-15,0
881,2934,2026-07-16,0
881,2935,2026-06-16,0
881,2935,2026-06-17,0
881,2935,2026-06-18,0
881,2935,2026-06-19,0
881,2935,2026-06-20,0
881,2935,2026-06-21,0
881,2935,2026-06-22,0
881,2935,2026-06-23,0
881,2935,2026-06-24,0
881,2935,2026-06-25,0
881,2935,2026-06-26,0
881,2935,2026-06-27,0
881,2935,2026-06-28,0
881,2935,2026-06-29,0
881,2935,2026-06-30,0
881,2935,2026-07-01,0
881,2935,2026-07-02,0
881,2935,2026-07-03,0
881,2935,2026-07-04,0
881,2935,2026-07-05,0
881,2935,2026-07-06,0
881,2935,2026-07-07,0
881,2935,2026-07-08,0
881,2935,2026-07-09,0
881,2935,2026-07-10,0
881,2935,2026-07-11,0
881,2935,2026-07-12,0
881,2935,2026-07-13,0
881,2935,2026-07-14,0
881,2935,2026-07-15,0
881,2935,2026-07-16,0
881,2936,2026-06-16,0
881,2936,2026-06-17,0
881,2936,2026-06-18,0
881,2936,2026-06-19,0
881,2936,2026-06-20,0
881,2936,2026-06-21,0
881,2936,2026-06-22,0
881,2936,2026-06-23,0
881,2936,2026-06-24,0
881,2936,2026-06-25,0
881,2936,2026-06-26,0
881,2936,2026-06-27,0
881,2936,2026-06-28,0
881,2936,2026-06-29,0
881,2936,2026-06-30,0
881,2936,2026-07-01,0
881,2936,2026-07-02,0
881,2936,2026-07-03,0
881,2936,2026-07-04,0
881,2936,2026-07-05,0
881,2936,2026-07-06,0
881,2936,2026-07-07,0
881,2936,2026-07-08,0
881,2936,2026-07-09,0
881,2936,2026-07-10,0
881,2936,2026-07-11,0
881,2936,2026-07-12,0
881,2936,2026-07-13,0
881,2936,2026-07-14,0
881,2936,2026-07-15,0
881,2936,2026-07-16,0
881,2937,2026-06-16,0
881,2937,2026-06-17,0
881,2937,2026-06-18,0
881,2937,2026-06-19,0
881,2937,2026-06-20,0
881,2937,2026-06-21,0
881,2937,2026-06-22,0
881,2937,2026-06-23,0
881,2937,2026-06-24,0
881,2937,2026-06-25,0
881,2937,2026-06-26,0
881,2937,2026-06-27,0
881,2937,2026-06-28,0
881,2937,2026-06-29,0
881,2937,2026-06-30,0
881,2937,2026-07-01,0
881,2937,2026-07-02,0
881,2937,2026-07-03,0
881,2937,2026-07-04,0
881,2937,2026-07-05,0
881,2937,2026-07-06,0
881,2937,2026-07-07,0
881,2937,2026-07-08,0
881,2937,2026-07-09,0
881,2937,2026-07-10,0
881,2937,2026-07-11,0
881,2937,2026-07-12,0
881,2937,2026-07-13,0
881,2937,2026-07-14,0
881,2937,2026-07-15,0
881,2937,2026-07-16,0
881,2938,2026-06-16,0
881,2938,2026-06-17,0
881,2938,2026-06-18,0
881,2938,2026-06-19,0
881,2938,2026-06-20,0
881,2938,2026-06-21,0
881,2938,2026-06-22,0
881,2938,2026-06-23,0
881,2938,2026-06-24,0
881,2938,2026-06-25,0
881,2938,2026-06-26,0
881,2938,2026-06-27,0
881,2938,2026-06-28,0
881,2938,2026-06-29,0
881,2938,2026-06-30,0
881,2938,2026-07-01,0
881,2938,2026-07-02,0
881,2938,2026-07-03,0
881,2938,2026-07-04,0
881,2938,2026-07-05,0
881,2938,2026-07-06,0
881,2938,2026-07-07,0
881,2938,2026-07-08,0
881,2938,2026-07-09,0
881,2938,2026-07-10,0
881,2938,2026-07-11,0
881,2938,2026-07-12,0
881,2938,2026-07-13,0
881,2938,2026-07-14,0
881,2938,2026-07-15,0
881,2938,2026-07-16,0
881,2939,2026-06-16,0
881,2939,2026-06-17,0
881,2939,2026-06-18,0
881,2939,2026-06-19,0
881,2939,2026-06-20,0
881,2939,2026-06-21,0
881,2939,2026-06-22,0
881,2939,2026-06-23,0
881,2939,2026-06-24,0
881,2939,2026-06-25,0
881,2939,2026-06-26,0
881,2939,2026-06-27,0
881,2939,2026-06-28,0
881,2939,2026-06-29,0
881,2939,2026-06-30,0
881,2939,2026-07-01,0
881,2939,2026-07-02,0
881,2939,2026-07-03,0
881,2939,2026-07-04,0
881,2939,2026-07-05,0
881,2939,2026-07-06,0
881,2939,2026-07-07,0
881,2939,2026-07-08,0
881,2939,2026-07-09,0
881,2939,2026-07-10,0
881,2939,2026-07-11,0
881,2939,2026-07-12,0
881,2939,2026-07-13,0
881,2939,2026-07-14,0
881,2939,2026-07-15,0
881,2939,2026-07-16,0
881,2940,2026-06-16,0
881,2940,2026-06-17,0
881,2940,2026-06-18,0
881,2940,2026-06-19,0
881,2940,2026-06-20,0
881,2940,2026-06-21,0
881,2940,2026-06-22,0
881,2940,2026-06-23,0
881,2940,2026-06-24,0
881,2940,2026-06-25,0
881,2940,2026-06-26,0
881,2940,2026-06-27,0
881,2940,2026-06-28,0
881,2940,2026-06-29,0
881,2940,2026-06-30,0
881,2940,2026-07-01,0
881,2940,2026-07-02,0
881,2940,2026-07-03,0
881,2940,2026-07-04,0
881,2940,2026-07-05,0
881,2940,2026-07-06,0
881,2940,2026-07-07,0
881,2940,2026-07-08,0
881,2940,2026-07-09,0
881,2940,2026-07-10,0
881,2940,2026-07-11,0
881,2940,2026-07-12,0
881,2940,2026-07-13,0
881,2940,2026-07-14,0
881,2940,2026-07-15,0
881,2940,2026-07-16,0
881,2927,2026-04-17,36
881,2927,2026-04-18,36
881,2927,2026-04-19,36
881,2927,2026-04-20,34
881,2927,2026-04-21,36
881,2927,2026-04-22,36
881,2927,2026-04-23,36
881,2927,2026-04-24,16
881,2927,2026-04-25,4
881,2927,2026-04-26,33
881,2927,2026-04-27,36
881,2927,2026-04-28,36
881,2927,2026-04-29,36
881,2927,2026-04-30,36
881,2927,2026-05-01,0
881,2927,2026-05-02,0
881,2927,2026-05-03,0
881,2927,2026-05-04,0
881,2927,2026-05-05,0
881,2927,2026-05-06,0
881,2927,2026-05-07,0
881,2927,2026-05-08,0
881,2927,2026-05-09,0
881,2927,2026-05-10,0
881,2927,2026-05-11,0
881,2927,2026-05-12,0
881,2927,2026-05-13,0
881,2927,2026-05-14,0
881,2927,2026-05-15,0
881,2927,2026-05-16,0
881,2927,2026-05-17,0
881,2928,2026-04-17,18
881,2928,2026-04-18,14
881,2928,2026-04-19,20
881,2928,2026-04-20,24
881,2928,2026-04-21,18
881,2928,2026-04-22,24
881,2928,2026-04-23,22
881,2928,2026-04-24,24
881,2928,2026-04-25,6
881,2928,2026-04-26,24
881,2928,2026-04-27,24
881,2928,2026-04-28,24
881,2928,2026-04-29,24
881,2928,2026-04-30,24
881,2928,2026-05-01,0
881,2928,2026-05-02,0
881,2928,2026-05-03,0
881,2928,2026-05-04,0
881,2928,2026-05-05,0
881,2928,2026-05-06,0
881,2928,2026-05-07,0
881,2928,2026-05-08,0
881,2928,2026-05-09,0
881,2928,2026-05-10,0
881,2928,2026-05-11,0
881,2928,2026-05-12,0
881,2928,2026-05-13,0
881,2928,2026-05-14,0
881,2928,2026-05-15,0
881,2928,2026-05-16,0
881,2928,2026-05-17,0
881,2929,2026-04-17,24
881,2929,2026-04-18,24
881,2929,2026-04-19,24
881,2929,2026-04-20,24
881,2929,2026-04-21,24
881,2929,2026-04-22,24
881,2929,2026-04-23,24
881,2929,2026-04-24,24
881,2929,2026-04-25,24
881,2929,2026-04-26,24
881,2929,2026-04-27,24
881,2929,2026-04-28,24
881,2929,2026-04-29,24
881,2929,2026-04-30,24
881,2929,2026-05-01,0
881,2929,2026-05-02,0
881,2929,2026-05-03,0
881,2929,2026-05-04,0
881,2929,2026-05-05,0
881,2929,2026-05-06,0
881,2929,2026-05-07,0
881,2929,2026-05-08,0
881,2929,2026-05-09,0
881,2929,2026-05-10,0
881,2929,2026-05-11,0
881,2929,2026-05-12,0
881,2929,2026-05-13,0
881,2929,2026-05-14,0
881,2929,2026-05-15,0
881,2929,2026-05-16,0
881,2929,2026-05-17,0
881,2930,2026-04-17,20
881,2930,2026-04-18,20
881,2930,2026-04-19,20
881,2930,2026-04-20,20
881,2930,2026-04-21,20
881,2930,2026-04-22,20
881,2930,2026-04-23,20
881,2930,2026-04-24,20
881,2930,2026-04-25,18
881,2930,2026-04-26,20
881,2930,2026-04-27,20
881,2930,2026-04-28,20
881,2930,2026-04-29,20
881,2930,2026-04-30,20
881,2930,2026-05-01,0
881,2930,2026-05-02,0
881,2930,2026-05-03,0
881,2930,2026-05-04,0
881,2930,2026-05-05,0
881,2930,2026-05-06,0
881,2930,2026-05-07,0
881,2930,2026-05-08,0
881,2930,2026-05-09,0
881,2930,2026-05-10,0
881,2930,2026-05-11,0
881,2930,2026-05-12,0
881,2930,2026-05-13,0
881,2930,2026-05-14,0
881,2930,2026-05-15,0
881,2930,2026-05-16,0
881,2930,2026-05-17,0
881,2931,2026-04-17,20
881,2931,2026-04-18,20
881,2931,2026-04-19,20
881,2931,2026-04-20,20
881,2931,2026-04-21,20
881,2931,2026-04-22,20
881,2931,2026-04-23,20
881,2931,2026-04-24,20
881,2931,2026-04-25,0
881,2931,2026-04-26,12
881,2931,2026-04-27,20
881,2931,2026-04-28,20
881,2931,2026-04-29,20
881,2931,2026-04-30,20
881,2931,2026-05-01,0
881,2931,2026-05-02,0
881,2931,2026-05-03,0
881,2931,2026-05-04,0
881,2931,2026-05-05,0
881,2931,2026-05-06,0
881,2931,2026-05-07,0
881,2931,2026-05-08,0
881,2931,2026-05-09,0
881,2931,2026-05-10,0
881,2931,2026-05-11,0
881,2931,2026-05-12,0
881,2931,2026-05-13,0
881,2931,2026-05-14,0
881,2931,2026-05-15,0
881,2931,2026-05-16,0
881,2931,2026-05-17,0
881,2932,2026-04-17,36
881,2932,2026-04-18,36
881,2932,2026-04-19,36
881,2932,2026-04-20,36
881,2932,2026-04-21,36
881,2932,2026-04-22,36
881,2932,2026-04-23,36
881,2932,2026-04-24,36
881,2932,2026-04-25,36
881,2932,2026-04-26,34
881,2932,2026-04-27,36
881,2932,2026-04-28,36
881,2932,2026-04-29,36
881,2932,2026-04-30,36
881,2932,2026-05-01,0
881,2932,2026-05-02,0
881,2932,2026-05-03,0
881,2932,2026-05-04,0
881,2932,2026-05-05,0
881,2932,2026-05-06,0
881,2932,2026-05-07,0
881,2932,2026-05-08,0
881,2932,2026-05-09,0
881,2932,2026-05-10,0
881,2932,2026-05-11,0
881,2932,2026-05-12,0
881,2932,2026-05-13,0
881,2932,2026-05-14,0
881,2932,2026-05-15,0
881,2932,2026-05-16,0
881,2932,2026-05-17,0
881,2933,2026-04-17,20
881,2933,2026-04-18,20
881,2933,2026-04-19,20
881,2933,2026-04-20,20
881,2933,2026-04-21,20
881,2933,2026-04-22,20
881,2933,2026-04-23,20
881,2933,2026-04-24,20
881,2933,2026-04-25,18
881,2933,2026-04-26,20
881,2933,2026-04-27,15
881,2933,2026-04-28,20
881,2933,2026-04-29,20
881,2933,2026-04-30,20
881,2933,2026-05-01,0
881,2933,2026-05-02,0
881,2933,2026-05-03,0
881,2933,2026-05-04,0
881,2933,2026-05-05,0
881,2933,2026-05-06,0
881,2933,2026-05-07,0
881,2933,2026-05-08,0
881,2933,2026-05-09,0
881,2933,2026-05-10,0
881,2933,2026-05-11,0
881,2933,2026-05-12,0
881,2933,2026-05-13,0
881,2933,2026-05-14,0
881,2933,2026-05-15,0
881,2933,2026-05-16,0
881,2933,2026-05-17,0
881,2934,2026-04-17,0
881,2934,2026-04-18,0
881,2934,2026-04-19,0
881,2934,2026-04-20,0
881,2934,2026-04-21,0
881,2934,2026-04-22,0
881,2934,2026-04-23,0
881,2934,2026-04-24,0
881,2934,2026-04-25,0
881,2934,2026-04-26,0
881,2934,2026-04-27,0
881,2934,2026-04-28,0
881,2934,2026-04-29,0
881,2934,2026-04-30,0
881,2934,2026-05-01,0
881,2934,2026-05-02,0
881,2934,2026-05-03,0
881,2934,2026-05-04,0
881,2934,2026-05-05,0
881,2934,2026-05-06,0
881,2934,2026-05-07,0
881,2934,2026-05-08,0
881,2934,2026-05-09,0
881,2934,2026-05-10,0
881,2934,2026-05-11,0
881,2934,2026-05-12,0
881,2934,2026-05-13,0
881,2934,2026-05-14,0
881,2934,2026-05-15,0
881,2934,2026-05-16,0
881,2934,2026-05-17,0
881,2935,2026-04-17,36
881,2935,2026-04-18,36
881,2935,2026-04-19,36
881,2935,2026-04-20,36
881,2935,2026-04-21,36
881,2935,2026-04-22,36
881,2935,2026-04-23,36
881,2935,2026-04-24,36
881,2935,2026-04-25,36
881,2935,2026-04-26,36
881,2935,2026-04-27,36
881,2935,2026-04-28,36
881,2935,2026-04-29,36
881,2935,2026-04-30,36
881,2935,2026-05-01,0
881,2935,2026-05-02,0
881,2935,2026-05-03,0
881,2935,2026-05-04,0
881,2935,2026-05-05,0
881,2935,2026-05-06,0
881,2935,2026-05-07,0
881,2935,2026-05-08,0
881,2935,2026-05-09,0
881,2935,2026-05-10,0
881,2935,2026-05-11,0
881,2935,2026-05-12,0
881,2935,2026-05-13,0
881,2935,2026-05-14,0
881,2935,2026-05-15,0
881,2935,2026-05-16,0
881,2935,2026-05-17,0
881,2936,2026-04-17,20
881,2936,2026-04-18,20
881,2936,2026-04-19,20
881,2936,2026-04-20,20
881,2936,2026-04-21,20
881,2936,2026-04-22,20
881,2936,2026-04-23,20
881,2936,2026-04-24,18
881,2936,2026-04-25,20
881,2936,2026-04-26,20
881,2936,2026-04-27,20
881,2936,2026-04-28,20
881,2936,2026-04-29,20
881,2936,2026-04-30,20
881,2936,2026-05-01,0
881,2936,2026-05-02,0
881,2936,2026-05-03,0
881,2936,2026-05-04,0
881,2936,2026-05-05,0
881,2936,2026-05-06,0
881,2936,2026-05-07,0
881,2936,2026-05-08,0
881,2936,2026-05-09,0
881,2936,2026-05-10,0
881,2936,2026-05-11,0
881,2936,2026-05-12,0
881,2936,2026-05-13,0
881,2936,2026-05-14,0
881,2936,2026-05-15,0
881,2936,2026-05-16,0
881,2936,2026-05-17,0
881,2937,2026-04-17,0
881,2937,2026-04-18,0
881,2937,2026-04-19,0
881,2937,2026-04-20,0
881,2937,2026-04-21,0
881,2937,2026-04-22,0
881,2937,2026-04-23,0
881,2937,2026-04-24,0
881,2937,2026-04-25,0
881,2937,2026-04-26,0
881,2937,2026-04-27,0
881,2937,2026-04-28,0
881,2937,2026-04-29,0
881,2937,2026-04-30,0
881,2937,2026-05-01,0
881,2937,2026-05-02,0
881,2937,2026-05-03,0
881,2937,2026-05-04,0
881,2937,2026-05-05,0
881,2937,2026-05-06,0
881,2937,2026-05-07,0
881,2937,2026-05-08,0
881,2937,2026-05-09,0
881,2937,2026-05-10,0
881,2937,2026-05-11,0
881,2937,2026-05-12,0
881,2937,2026-05-13,0
881,2937,2026-05-14,0
881,2937,2026-05-15,0
881,2937,2026-05-16,0
881,2937,2026-05-17,0
881,2938,2026-04-17,10
881,2938,2026-04-18,14
881,2938,2026-04-19,16
881,2938,2026-04-20,16
881,2938,2026-04-21,20
881,2938,2026-04-22,14
881,2938,2026-04-23,20
881,2938,2026-04-24,18
881,2938,2026-04-25,20
881,2938,2026-04-26,2
881,2938,2026-04-27,20
881,2938,2026-04-28,20
881,2938,2026-04-29,20
881,2938,2026-04-30,20
881,2938,2026-05-01,0
881,2938,2026-05-02,0
881,2938,2026-05-03,0
881,2938,2026-05-04,0
881,2938,2026-05-05,0
881,2938,2026-05-06,0
881,2938,2026-05-07,0
881,2938,2026-05-08,0
881,2938,2026-05-09,0
881,2938,2026-05-10,0
881,2938,2026-05-11,0
881,2938,2026-05-12,0
881,2938,2026-05-13,0
881,2938,2026-05-14,0
881,2938,2026-05-15,0
881,2938,2026-05-16,0
881,2938,2026-05-17,0
881,2939,2026-04-17,10
881,2939,2026-04-18,10
881,2939,2026-04-19,10
881,2939,2026-04-20,10
881,2939,2026-04-21,10
881,2939,2026-04-22,10
881,2939,2026-04-23,10
881,2939,2026-04-24,2
881,2939,2026-04-25,10
881,2939,2026-04-26,10
881,2939,2026-04-27,10
881,2939,2026-04-28,10
881,2939,2026-04-29,10
881,2939,2026-04-30,10
881,2939,2026-05-01,0
881,2939,2026-05-02,0
881,2939,2026-05-03,0
881,2939,2026-05-04,0
881,2939,2026-05-05,0
881,2939,2026-05-06,0
881,2939,2026-05-07,0
881,2939,2026-05-08,0
881,2939,2026-05-09,0
881,2939,2026-05-10,0
881,2939,2026-05-11,0
881,2939,2026-05-12,0
881,2939,2026-05-13,0
881,2939,2026-05-14,0
881,2939,2026-05-15,0
881,2939,2026-05-16,0
881,2939,2026-05-17,0
881,2940,2026-04-17,36
881,2940,2026-04-18,36
881,2940,2026-04-19,36
881,2940,2026-04-20,36
881,2940,2026-04-21,36
881,2940,2026-04-22,36
881,2940,2026-04-23,36
881,2940,2026-04-24,36
881,2940,2026-04-25,33
881,2940,2026-04-26,36
881,2940,2026-04-27,36
881,2940,2026-04-28,36
881,2940,2026-04-29,36
881,2940,2026-04-30,36
881,2940,2026-05-01,0
881,2940,2026-05-02,0
881,2940,2026-05-03,0
881,2940,2026-05-04,0
881,2940,2026-05-05,0
881,2940,2026-05-06,0
881,2940,2026-05-07,0
881,2940,2026-05-08,0
881,2940,2026-05-09,0
881,2940,2026-05-10,0
881,2940,2026-05-11,0
881,2940,2026-05-12,0
881,2940,2026-05-13,0
881,2940,2026-05-14,0
881,2940,2026-05-15,0
881,2940,2026-05-16,0
881,2940,2026-05-17,0
881,2927,2026-03-18,6
881,2927,2026-03-19,22
881,2927,2026-03-20,32
881,2927,2026-03-21,36
881,2927,2026-03-22,29
881,2927,2026-03-23,35
881,2927,2026-03-24,36
881,2927,2026-03-25,8
881,2927,2026-03-26,36
881,2927,2026-03-27,21
881,2927,2026-03-28,32
881,2927,2026-03-29,36
881,2927,2026-03-30,9
881,2927,2026-03-31,16
881,2927,2026-04-01,36
881,2927,2026-04-02,36
881,2927,2026-04-03,0
881,2927,2026-04-04,0
881,2927,2026-04-05,10
881,2927,2026-04-06,34
881,2927,2026-04-07,36
881,2927,2026-04-08,12
881,2927,2026-04-09,0
881,2927,2026-04-10,22
881,2927,2026-04-11,34
881,2927,2026-04-12,34
881,2927,2026-04-13,36
881,2927,2026-04-14,36
881,2927,2026-04-15,34
881,2927,2026-04-16,36
881,2927,2026-04-17,36
881,2928,2026-03-18,24
881,2928,2026-03-19,20
881,2928,2026-03-20,1
881,2928,2026-03-21,0
881,2928,2026-03-22,20
881,2928,2026-03-23,24
881,2928,2026-03-24,16
881,2928,2026-03-25,24
881,2928,2026-03-26,24
881,2928,2026-03-27,1
881,2928,2026-03-28,4
881,2928,2026-03-29,24
881,2928,2026-03-30,20
881,2928,2026-03-31,24
881,2928,2026-04-01,21
881,2928,2026-04-02,12
881,2928,2026-04-03,1
881,2928,2026-04-04,0
881,2928,2026-04-05,0
881,2928,2026-04-06,0
881,2928,2026-04-07,2
881,2928,2026-04-08,3
881,2928,2026-04-09,3
881,2928,2026-04-10,0
881,2928,2026-04-11,0
881,2928,2026-04-12,12
881,2928,2026-04-13,13
881,2928,2026-04-14,5
881,2928,2026-04-15,21
881,2928,2026-04-16,14
881,2928,2026-04-17,18
881,2929,2026-03-18,15
881,2929,2026-03-19,24
881,2929,2026-03-20,24
881,2929,2026-03-21,16
881,2929,2026-03-22,24
881,2929,2026-03-23,24
881,2929,2026-03-24,24
881,2929,2026-03-25,24
881,2929,2026-03-26,24
881,2929,2026-03-27,24
881,2929,2026-03-28,24
881,2929,2026-03-29,24
881,2929,2026-03-30,24
881,2929,2026-03-31,24
881,2929,2026-04-01,24
881,2929,2026-04-02,24
881,2929,2026-04-03,24
881,2929,2026-04-04,24
881,2929,2026-04-05,24
881,2929,2026-04-06,24
881,2929,2026-04-07,24
881,2929,2026-04-08,4
881,2929,2026-04-09,24
881,2929,2026-04-10,24
881,2929,2026-04-11,9
881,2929,2026-04-12,24
881,2929,2026-04-13,8
881,2929,2026-04-14,21
881,2929,2026-04-15,24
881,2929,2026-04-16,24
881,2929,2026-04-17,24
881,2930,2026-03-18,20
881,2930,2026-03-19,18
881,2930,2026-03-20,20
881,2930,2026-03-21,20
881,2930,2026-03-22,19
881,2930,2026-03-23,20
881,2930,2026-03-24,0
881,2930,2026-03-25,20
881,2930,2026-03-26,20
881,2930,2026-03-27,20
881,2930,2026-03-28,20
881,2930,2026-03-29,13
881,2930,2026-03-30,0
881,2930,2026-03-31,20
881,2930,2026-04-01,16
881,2930,2026-04-02,20
881,2930,2026-04-03,0
881,2930,2026-04-04,11
881,2930,2026-04-05,16
881,2930,2026-04-06,20
881,2930,2026-04-07,16
881,2930,2026-04-08,14
881,2930,2026-04-09,0
881,2930,2026-04-10,20
881,2930,2026-04-11,20
881,2930,2026-04-12,20
881,2930,2026-04-13,20
881,2930,2026-04-14,10
881,2930,2026-04-15,16
881,2930,2026-04-16,20
881,2930,2026-04-17,20
881,2931,2026-03-18,0
881,2931,2026-03-19,20
881,2931,2026-03-20,20
881,2931,2026-03-21,20
881,2931,2026-03-22,20
881,2931,2026-03-23,20
881,2931,2026-03-24,19
881,2931,2026-03-25,20
881,2931,2026-03-26,20
881,2931,2026-03-27,20
881,2931,2026-03-28,20
881,2931,2026-03-29,20
881,2931,2026-03-30,18
881,2931,2026-03-31,20
881,2931,2026-04-01,20
881,2931,2026-04-02,20
881,2931,2026-04-03,20
881,2931,2026-04-04,0
881,2931,2026-04-05,-1
881,2931,2026-04-06,20
881,2931,2026-04-07,15
881,2931,2026-04-08,20
881,2931,2026-04-09,0
881,2931,2026-04-10,20
881,2931,2026-04-11,20
881,2931,2026-04-12,18
881,2931,2026-04-13,20
881,2931,2026-04-14,20
881,2931,2026-04-15,14
881,2931,2026-04-16,20
881,2931,2026-04-17,20
881,2932,2026-03-18,0
881,2932,2026-03-19,0
881,2932,2026-03-20,0
881,2932,2026-03-21,0
881,2932,2026-03-22,0
881,2932,2026-03-23,0
881,2932,2026-03-24,0
881,2932,2026-03-25,0
881,2932,2026-03-26,0
881,2932,2026-03-27,0
881,2932,2026-03-28,0
881,2932,2026-03-29,0
881,2932,2026-03-30,0
881,2932,2026-03-31,0
881,2932,2026-04-01,36
881,2932,2026-04-02,32
881,2932,2026-04-03,36
881,2932,2026-04-04,14
881,2932,2026-04-05,23
881,2932,2026-04-06,18
881,2932,2026-04-07,36
881,2932,2026-04-08,36
881,2932,2026-04-09,36
881,2932,2026-04-10,16
881,2932,2026-04-11,36
881,2932,2026-04-12,36
881,2932,2026-04-13,36
881,2932,2026-04-14,36
881,2932,2026-04-15,26
881,2932,2026-04-16,36
881,2932,2026-04-17,36
881,2933,2026-03-18,20
881,2933,2026-03-19,20
881,2933,2026-03-20,20
881,2933,2026-03-21,20
881,2933,2026-03-22,20
881,2933,2026-03-23,20
881,2933,2026-03-24,20
881,2933,2026-03-25,19
881,2933,2026-03-26,20
881,2933,2026-03-27,20
881,2933,2026-03-28,20
881,2933,2026-03-29,20
881,2933,2026-03-30,20
881,2933,2026-03-31,18
881,2933,2026-04-01,0
881,2933,2026-04-02,20
881,2933,2026-04-03,20
881,2933,2026-04-04,20
881,2933,2026-04-05,0
881,2933,2026-04-06,7
881,2933,2026-04-07,2
881,2933,2026-04-08,20
881,2933,2026-04-09,20
881,2933,2026-04-10,20
881,2933,2026-04-11,20
881,2933,2026-04-12,20
881,2933,2026-04-13,20
881,2933,2026-04-14,20
881,2933,2026-04-15,20
881,2933,2026-04-16,15
881,2933,2026-04-17,20
881,2934,2026-03-18,0
881,2934,2026-03-19,0
881,2934,2026-03-20,0
881,2934,2026-03-21,0
881,2934,2026-03-22,0
881,2934,2026-03-23,0
881,2934,2026-03-24,0
881,2934,2026-03-25,0
881,2934,2026-03-26,0
881,2934,2026-03-27,0
881,2934,2026-03-28,0
881,2934,2026-03-29,0
881,2934,2026-03-30,0
881,2934,2026-03-31,0
881,2934,2026-04-01,0
881,2934,2026-04-02,0
881,2934,2026-04-03,0
881,2934,2026-04-04,0
881,2934,2026-04-05,0
881,2934,2026-04-06,0
881,2934,2026-04-07,0
881,2934,2026-04-08,0
881,2934,2026-04-09,0
881,2934,2026-04-10,0
881,2934,2026-04-11,0
881,2934,2026-04-12,0
881,2934,2026-04-13,0
881,2934,2026-04-14,0
881,2934,2026-04-15,0
881,2934,2026-04-16,0
881,2934,2026-04-17,0
881,2935,2026-03-18,34
881,2935,2026-03-19,36
881,2935,2026-03-20,31
881,2935,2026-03-21,36
881,2935,2026-03-22,36
881,2935,2026-03-23,36
881,2935,2026-03-24,36
881,2935,2026-03-25,36
881,2935,2026-03-26,36
881,2935,2026-03-27,36
881,2935,2026-03-28,36
881,2935,2026-03-29,36
881,2935,2026-03-30,36
881,2935,2026-03-31,36
881,2935,2026-04-01,28
881,2935,2026-04-02,36
881,2935,2026-04-03,27
881,2935,2026-04-04,21
881,2935,2026-04-05,34
881,2935,2026-04-06,33
881,2935,2026-04-07,36
881,2935,2026-04-08,36
881,2935,2026-04-09,36
881,2935,2026-04-10,22
881,2935,2026-04-11,36
881,2935,2026-04-12,21
881,2935,2026-04-13,33
881,2935,2026-04-14,36
881,2935,2026-04-15,36
881,2935,2026-04-16,36
881,2935,2026-04-17,36
881,2936,2026-03-18,18
881,2936,2026-03-19,20
881,2936,2026-03-20,17
881,2936,2026-03-21,20
881,2936,2026-03-22,20
881,2936,2026-03-23,20
881,2936,2026-03-24,20
881,2936,2026-03-25,20
881,2936,2026-03-26,20
881,2936,2026-03-27,20
881,2936,2026-03-28,11
881,2936,2026-03-29,20
881,2936,2026-03-30,20
881,2936,2026-03-31,20
881,2936,2026-04-01,20
881,2936,2026-04-02,20
881,2936,2026-04-03,13
881,2936,2026-04-04,14
881,2936,2026-04-05,20
881,2936,2026-04-06,20
881,2936,2026-04-07,14
881,2936,2026-04-08,20
881,2936,2026-04-09,20
881,2936,2026-04-10,20
881,2936,2026-04-11,20
881,2936,2026-04-12,20
881,2936,2026-04-13,20
881,2936,2026-04-14,20
881,2936,2026-04-15,20
881,2936,2026-04-16,20
881,2936,2026-04-17,20
881,2937,2026-03-18,36
881,2937,2026-03-19,6
881,2937,2026-03-20,24
881,2937,2026-03-21,34
881,2937,2026-03-22,36
881,2937,2026-03-23,29
881,2937,2026-03-24,36
881,2937,2026-03-25,36
881,2937,2026-03-26,8
881,2937,2026-03-27,36
881,2937,2026-03-28,31
881,2937,2026-03-29,32
881,2937,2026-03-30,35
881,2937,2026-03-31,9
881,2937,2026-04-01,0
881,2937,2026-04-02,0
881,2937,2026-04-03,0
881,2937,2026-04-04,0
881,2937,2026-04-05,0
881,2937,2026-04-06,0
881,2937,2026-04-07,0
881,2937,2026-04-08,0
881,2937,2026-04-09,0
881,2937,2026-04-10,0
881,2937,2026-04-11,0
881,2937,2026-04-12,0
881,2937,2026-04-13,0
881,2937,2026-04-14,0
881,2937,2026-04-15,0
881,2937,2026-04-16,0
881,2937,2026-04-17,0
881,2938,2026-03-18,20
881,2938,2026-03-19,20
881,2938,2026-03-20,20
881,2938,2026-03-21,3
881,2938,2026-03-22,7
881,2938,2026-03-23,16
881,2938,2026-03-24,20
881,2938,2026-03-25,12
881,2938,2026-03-26,20
881,2938,2026-03-27,20
881,2938,2026-03-28,7
881,2938,2026-03-29,0
881,2938,2026-03-30,20
881,2938,2026-03-31,16
881,2938,2026-04-01,20
881,2938,2026-04-02,17
881,2938,2026-04-03,4
881,2938,2026-04-04,4
881,2938,2026-04-05,1
881,2938,2026-04-06,1
881,2938,2026-04-07,1
881,2938,2026-04-08,0
881,2938,2026-04-09,0
881,2938,2026-04-10,1
881,2938,2026-04-11,13
881,2938,2026-04-12,16
881,2938,2026-04-13,6
881,2938,2026-04-14,9
881,2938,2026-04-15,1
881,2938,2026-04-16,17
881,2938,2026-04-17,10
881,2939,2026-03-18,10
881,2939,2026-03-19,8
881,2939,2026-03-20,10
881,2939,2026-03-21,6
881,2939,2026-03-22,10
881,2939,2026-03-23,10
881,2939,2026-03-24,10
881,2939,2026-03-25,10
881,2939,2026-03-26,10
881,2939,2026-03-27,6
881,2939,2026-03-28,10
881,2939,2026-03-29,10
881,2939,2026-03-30,10
881,2939,2026-03-31,10
881,2939,2026-04-01,10
881,2939,2026-04-02,10
881,2939,2026-04-03,0
881,2939,2026-04-04,1
881,2939,2026-04-05,5
881,2939,2026-04-06,6
881,2939,2026-04-07,2
881,2939,2026-04-08,4
881,2939,2026-04-09,4
881,2939,2026-04-10,8
881,2939,2026-04-11,0
881,2939,2026-04-12,10
881,2939,2026-04-13,5
881,2939,2026-04-14,10
881,2939,2026-04-15,10
881,2939,2026-04-16,10
881,2939,2026-04-17,10
881,2940,2026-03-18,34
881,2940,2026-03-19,36
881,2940,2026-03-20,36
881,2940,2026-03-21,36
881,2940,2026-03-22,36
881,2940,2026-03-23,36
881,2940,2026-03-24,36
881,2940,2026-03-25,36
881,2940,2026-03-26,36
881,2940,2026-03-27,36
881,2940,2026-03-28,36
881,2940,2026-03-29,14
881,2940,2026-03-30,36
881,2940,2026-03-31,36
881,2940,2026-04-01,36
881,2940,2026-04-02,28
881,2940,2026-04-03,27
881,2940,2026-04-04,22
881,2940,2026-04-05,20
881,2940,2026-04-06,36
881,2940,2026-04-07,36
881,2940,2026-04-08,36
881,2940,2026-04-09,36
881,2940,2026-04-10,36
881,2940,2026-04-11,32
881,2940,2026-04-12,36
881,2940,2026-04-13,36
881,2940,2026-04-14,36
881,2940,2026-04-15,36
881,2940,2026-04-16,36
881,2940,2026-04-17,36
881,2927,2026-02-16,34
881,2927,2026-02-17,30
881,2927,2026-02-18,25
881,2927,2026-02-19,26
881,2927,2026-02-20,0
881,2927,2026-02-21,0
881,2927,2026-02-22,34
881,2927,2026-02-23,34
881,2927,2026-02-24,34
881,2927,2026-02-25,36
881,2927,2026-02-26,3
881,2927,2026-02-27,5
881,2927,2026-02-28,19
881,2927,2026-03-01,31
881,2927,2026-03-02,36
881,2927,2026-03-03,14
881,2927,2026-03-04,11
881,2927,2026-03-05,32
881,2927,2026-03-06,1
881,2927,2026-03-07,22
881,2927,2026-03-08,36
881,2927,2026-03-09,36
881,2927,2026-03-10,34
881,2927,2026-03-11,6
881,2927,2026-03-12,36
881,2927,2026-03-13,16
881,2927,2026-03-14,18
881,2927,2026-03-15,36
881,2927,2026-03-16,36
881,2927,2026-03-17,16
881,2927,2026-03-18,6
881,2928,2026-02-16,4
881,2928,2026-02-17,20
881,2928,2026-02-18,10
881,2928,2026-02-19,0
881,2928,2026-02-20,3
881,2928,2026-02-21,7
881,2928,2026-02-22,24
881,2928,2026-02-23,18
881,2928,2026-02-24,10
881,2928,2026-02-25,20
881,2928,2026-02-26,2
881,2928,2026-02-27,9
881,2928,2026-02-28,0
881,2928,2026-03-01,1
881,2928,2026-03-02,15
881,2928,2026-03-03,16
881,2928,2026-03-04,14
881,2928,2026-03-05,0
881,2928,2026-03-06,2
881,2928,2026-03-07,2
881,2928,2026-03-08,17
881,2928,2026-03-09,18
881,2928,2026-03-10,15
881,2928,2026-03-11,24
881,2928,2026-03-12,21
881,2928,2026-03-13,2
881,2928,2026-03-14,0
881,2928,2026-03-15,24
881,2928,2026-03-16,22
881,2928,2026-03-17,22
881,2928,2026-03-18,24
881,2929,2026-02-16,4
881,2929,2026-02-17,20
881,2929,2026-02-18,24
881,2929,2026-02-19,22
881,2929,2026-02-20,24
881,2929,2026-02-21,24
881,2929,2026-02-22,24
881,2929,2026-02-23,24
881,2929,2026-02-24,21
881,2929,2026-02-25,4
881,2929,2026-02-26,20
881,2929,2026-02-27,24
881,2929,2026-02-28,24
881,2929,2026-03-01,24
881,2929,2026-03-02,24
881,2929,2026-03-03,24
881,2929,2026-03-04,24
881,2929,2026-03-05,19
881,2929,2026-03-06,22
881,2929,2026-03-07,24
881,2929,2026-03-08,24
881,2929,2026-03-09,22
881,2929,2026-03-10,24
881,2929,2026-03-11,24
881,2929,2026-03-12,24
881,2929,2026-03-13,24
881,2929,2026-03-14,24
881,2929,2026-03-15,24
881,2929,2026-03-16,4
881,2929,2026-03-17,24
881,2929,2026-03-18,15
881,2930,2026-02-16,20
881,2930,2026-02-17,20
881,2930,2026-02-18,20
881,2930,2026-02-19,20
881,2930,2026-02-20,20
881,2930,2026-02-21,20
881,2930,2026-02-22,20
881,2930,2026-02-23,20
881,2930,2026-02-24,20
881,2930,2026-02-25,20
881,2930,2026-02-26,13
881,2930,2026-02-27,18
881,2930,2026-02-28,17
881,2930,2026-03-01,20
881,2930,2026-03-02,20
881,2930,2026-03-03,13
881,2930,2026-03-04,20
881,2930,2026-03-05,20
881,2930,2026-03-06,20
881,2930,2026-03-07,15
881,2930,2026-03-08,20
881,2930,2026-03-09,20
881,2930,2026-03-10,0
881,2930,2026-03-11,20
881,2930,2026-03-12,20
881,2930,2026-03-13,20
881,2930,2026-03-14,20
881,2930,2026-03-15,20
881,2930,2026-03-16,20
881,2930,2026-03-17,0
881,2930,2026-03-18,20
881,2931,2026-02-16,20
881,2931,2026-02-17,18
881,2931,2026-02-18,0
881,2931,2026-02-19,18
881,2931,2026-02-20,5
881,2931,2026-02-21,20
881,2931,2026-02-22,18
881,2931,2026-02-23,0
881,2931,2026-02-24,12
881,2931,2026-02-25,10
881,2931,2026-02-26,17
881,2931,2026-02-27,0
881,2931,2026-02-28,18
881,2931,2026-03-01,19
881,2931,2026-03-02,20
881,2931,2026-03-03,20
881,2931,2026-03-04,0
881,2931,2026-03-05,17
881,2931,2026-03-06,0
881,2931,2026-03-07,0
881,2931,2026-03-08,20
881,2931,2026-03-09,20
881,2931,2026-03-10,20
881,2931,2026-03-11,20
881,2931,2026-03-12,18
881,2931,2026-03-13,20
881,2931,2026-03-14,10
881,2931,2026-03-15,20
881,2931,2026-03-16,20
881,2931,2026-03-17,0
881,2931,2026-03-18,0
881,2932,2026-02-16,0
881,2932,2026-02-17,0
881,2932,2026-02-18,0
881,2932,2026-02-19,0
881,2932,2026-02-20,0
881,2932,2026-02-21,0
881,2932,2026-02-22,0
881,2932,2026-02-23,0
881,2932,2026-02-24,0
881,2932,2026-02-25,0
881,2932,2026-02-26,0
881,2932,2026-02-27,0
881,2932,2026-02-28,0
881,2932,2026-03-01,0
881,2932,2026-03-02,0
881,2932,2026-03-03,0
881,2932,2026-03-04,0
881,2932,2026-03-05,0
881,2932,2026-03-06,0
881,2932,2026-03-07,0
881,2932,2026-03-08,0
881,2932,2026-03-09,0
881,2932,2026-03-10,0
881,2932,2026-03-11,0
881,2932,2026-03-12,0
881,2932,2026-03-13,0
881,2932,2026-03-14,0
881,2932,2026-03-15,0
881,2932,2026-03-16,0
881,2932,2026-03-17,0
881,2932,2026-03-18,0
881,2933,2026-02-16,20
881,2933,2026-02-17,20
881,2933,2026-02-18,18
881,2933,2026-02-19,20
881,2933,2026-02-20,20
881,2933,2026-02-21,20
881,2933,2026-02-22,20
881,2933,2026-02-23,18
881,2933,2026-02-24,0
881,2933,2026-02-25,20
881,2933,2026-02-26,20
881,2933,2026-02-27,17
881,2933,2026-02-28,20
881,2933,2026-03-01,18
881,2933,2026-03-02,20
881,2933,2026-03-03,20
881,2933,2026-03-04,20
881,2933,2026-03-05,20
881,2933,2026-03-06,20
881,2933,2026-03-07,20
881,2933,2026-03-08,20
881,2933,2026-03-09,20
881,2933,2026-03-10,20
881,2933,2026-03-11,20
881,2933,2026-03-12,20
881,2933,2026-03-13,20
881,2933,2026-03-14,20
881,2933,2026-03-15,20
881,2933,2026-03-16,20
881,2933,2026-03-17,20
881,2933,2026-03-18,20
881,2934,2026-02-16,18
881,2934,2026-02-17,0
881,2934,2026-02-18,18
881,2934,2026-02-19,10
881,2934,2026-02-20,20
881,2934,2026-02-21,18
881,2934,2026-02-22,0
881,2934,2026-02-23,12
881,2934,2026-02-24,4
881,2934,2026-02-25,17
881,2934,2026-02-26,0
881,2934,2026-02-27,14
881,2934,2026-02-28,19
881,2934,2026-03-01,0
881,2934,2026-03-02,0
881,2934,2026-03-03,0
881,2934,2026-03-04,0
881,2934,2026-03-05,0
881,2934,2026-03-06,0
881,2934,2026-03-07,0
881,2934,2026-03-08,0
881,2934,2026-03-09,0
881,2934,2026-03-10,0
881,2934,2026-03-11,0
881,2934,2026-03-12,0
881,2934,2026-03-13,0
881,2934,2026-03-14,0
881,2934,2026-03-15,0
881,2934,2026-03-16,0
881,2934,2026-03-17,0
881,2934,2026-03-18,0
881,2935,2026-02-16,34
881,2935,2026-02-17,36
881,2935,2026-02-18,36
881,2935,2026-02-19,31
881,2935,2026-02-20,36
881,2935,2026-02-21,36
881,2935,2026-02-22,36
881,2935,2026-02-23,13
881,2935,2026-02-24,36
881,2935,2026-02-25,32
881,2935,2026-02-26,36
881,2935,2026-02-27,34
881,2935,2026-02-28,36
881,2935,2026-03-01,36
881,2935,2026-03-02,36
881,2935,2026-03-03,36
881,2935,2026-03-04,36
881,2935,2026-03-05,34
881,2935,2026-03-06,36
881,2935,2026-03-07,36
881,2935,2026-03-08,36
881,2935,2026-03-09,36
881,2935,2026-03-10,36
881,2935,2026-03-11,36
881,2935,2026-03-12,36
881,2935,2026-03-13,36
881,2935,2026-03-14,36
881,2935,2026-03-15,36
881,2935,2026-03-16,36
881,2935,2026-03-17,27
881,2935,2026-03-18,34
881,2936,2026-02-16,20
881,2936,2026-02-17,20
881,2936,2026-02-18,20
881,2936,2026-02-19,20
881,2936,2026-02-20,20
881,2936,2026-02-21,20
881,2936,2026-02-22,20
881,2936,2026-02-23,20
881,2936,2026-02-24,20
881,2936,2026-02-25,20
881,2936,2026-02-26,18
881,2936,2026-02-27,19
881,2936,2026-02-28,11
881,2936,2026-03-01,20
881,2936,2026-03-02,15
881,2936,2026-03-03,20
881,2936,2026-03-04,20
881,2936,2026-03-05,20
881,2936,2026-03-06,20
881,2936,2026-03-07,20
881,2936,2026-03-08,20
881,2936,2026-03-09,20
881,2936,2026-03-10,20
881,2936,2026-03-11,20
881,2936,2026-03-12,20
881,2936,2026-03-13,20
881,2936,2026-03-14,20
881,2936,2026-03-15,20
881,2936,2026-03-16,20
881,2936,2026-03-17,20
881,2936,2026-03-18,18
881,2937,2026-02-16,36
881,2937,2026-02-17,30
881,2937,2026-02-18,30
881,2937,2026-02-19,18
881,2937,2026-02-20,27
881,2937,2026-02-21,7
881,2937,2026-02-22,5
881,2937,2026-02-23,36
881,2937,2026-02-24,34
881,2937,2026-02-25,34
881,2937,2026-02-26,36
881,2937,2026-02-27,14
881,2937,2026-02-28,1
881,2937,2026-03-01,22
881,2937,2026-03-02,31
881,2937,2026-03-03,0
881,2937,2026-03-04,34
881,2937,2026-03-05,21
881,2937,2026-03-06,0
881,2937,2026-03-07,21
881,2937,2026-03-08,32
881,2937,2026-03-09,36
881,2937,2026-03-10,36
881,2937,2026-03-11,34
881,2937,2026-03-12,8
881,2937,2026-03-13,34
881,2937,2026-03-14,26
881,2937,2026-03-15,32
881,2937,2026-03-16,0
881,2937,2026-03-17,36
881,2937,2026-03-18,36
881,2938,2026-02-16,7
881,2938,2026-02-17,4
881,2938,2026-02-18,14
881,2938,2026-02-19,11
881,2938,2026-02-20,0
881,2938,2026-02-21,0
881,2938,2026-02-22,3
881,2938,2026-02-23,18
881,2938,2026-02-24,14
881,2938,2026-02-25,6
881,2938,2026-02-26,16
881,2938,2026-02-27,4
881,2938,2026-02-28,1
881,2938,2026-03-01,13
881,2938,2026-03-02,0
881,2938,2026-03-03,11
881,2938,2026-03-04,12
881,2938,2026-03-05,3
881,2938,2026-03-06,0
881,2938,2026-03-07,5
881,2938,2026-03-08,0
881,2938,2026-03-09,13
881,2938,2026-03-10,14
881,2938,2026-03-11,13
881,2938,2026-03-12,20
881,2938,2026-03-13,17
881,2938,2026-03-14,2
881,2938,2026-03-15,0
881,2938,2026-03-16,20
881,2938,2026-03-17,18
881,2938,2026-03-18,20
881,2939,2026-02-16,7
881,2939,2026-02-17,10
881,2939,2026-02-18,10
881,2939,2026-02-19,8
881,2939,2026-02-20,1
881,2939,2026-02-21,10
881,2939,2026-02-22,10
881,2939,2026-02-23,10
881,2939,2026-02-24,8
881,2939,2026-02-25,10
881,2939,2026-02-26,10
881,2939,2026-02-27,6
881,2939,2026-02-28,7
881,2939,2026-03-01,10
881,2939,2026-03-02,10
881,2939,2026-03-03,10
881,2939,2026-03-04,4
881,2939,2026-03-05,8
881,2939,2026-03-06,8
881,2939,2026-03-07,8
881,2939,2026-03-08,8
881,2939,2026-03-09,6
881,2939,2026-03-10,10
881,2939,2026-03-11,10
881,2939,2026-03-12,8
881,2939,2026-03-13,8
881,2939,2026-03-14,10
881,2939,2026-03-15,10
881,2939,2026-03-16,10
881,2939,2026-03-17,10
881,2939,2026-03-18,10
881,2940,2026-02-16,35
881,2940,2026-02-17,28
881,2940,2026-02-18,36
881,2940,2026-02-19,36
881,2940,2026-02-20,31
881,2940,2026-02-21,32
881,2940,2026-02-22,34
881,2940,2026-02-23,30
881,2940,2026-02-24,36
881,2940,2026-02-25,30
881,2940,2026-02-26,36
881,2940,2026-02-27,36
881,2940,2026-02-28,36
881,2940,2026-03-01,32
881,2940,2026-03-02,36
881,2940,2026-03-03,36
881,2940,2026-03-04,36
881,2940,2026-03-05,30
881,2940,2026-03-06,36
881,2940,2026-03-07,36
881,2940,2026-03-08,36
881,2940,2026-03-09,36
881,2940,2026-03-10,36
881,2940,2026-03-11,36
881,2940,2026-03-12,36
881,2940,2026-03-13,36
881,2940,2026-03-14,36
881,2940,2026-03-15,36
881,2940,2026-03-16,36
881,2940,2026-03-17,36
881,2940,2026-03-18,34
881,2927,2026-08-15,0
881,2927,2026-08-16,0
881,2927,2026-08-17,0
881,2927,2026-08-18,0
881,2927,2026-08-19,0
881,2927,2026-08-20,0
881,2927,2026-08-21,0
881,2927,2026-08-22,0
881,2927,2026-08-23,0
881,2927,2026-08-24,0
881,2927,2026-08-25,0
881,2927,2026-08-26,0
881,2927,2026-08-27,0
881,2927,2026-08-28,0
881,2927,2026-08-29,0
881,2927,2026-08-30,0
881,2927,2026-08-31,0
881,2927,2026-09-01,0
881,2927,2026-09-02,0
881,2927,2026-09-03,0
881,2927,2026-09-04,0
881,2927,2026-09-05,0
881,2927,2026-09-06,0
881,2927,2026-09-07,0
881,2927,2026-09-08,0
881,2927,2026-09-09,0
881,2927,2026-09-10,0
881,2927,2026-09-11,0
881,2927,2026-09-12,0
881,2927,2026-09-13,0
881,2927,2026-09-14,0
881,2928,2026-08-15,0
881,2928,2026-08-16,0
881,2928,2026-08-17,0
881,2928,2026-08-18,0
881,2928,2026-08-19,0
881,2928,2026-08-20,0
881,2928,2026-08-21,0
881,2928,2026-08-22,0
881,2928,2026-08-23,0
881,2928,2026-08-24,0
881,2928,2026-08-25,0
881,2928,2026-08-26,0
881,2928,2026-08-27,0
881,2928,2026-08-28,0
881,2928,2026-08-29,0
881,2928,2026-08-30,0
881,2928,2026-08-31,0
881,2928,2026-09-01,0
881,2928,2026-09-02,0
881,2928,2026-09-03,0
881,2928,2026-09-04,0
881,2928,2026-09-05,0
881,2928,2026-09-06,0
881,2928,2026-09-07,0
881,2928,2026-09-08,0
881,2928,2026-09-09,0
881,2928,2026-09-10,0
881,2928,2026-09-11,0
881,2928,2026-09-12,0
881,2928,2026-09-13,0
881,2928,2026-09-14,0
881,2929,2026-08-15,0
881,2929,2026-08-16,0
881,2929,2026-08-17,0
881,2929,2026-08-18,0
881,2929,2026-08-19,0
881,2929,2026-08-20,0
881,2929,2026-08-21,0
881,2929,2026-08-22,0
881,2929,2026-08-23,0
881,2929,2026-08-24,0
881,2929,2026-08-25,0
881,2929,2026-08-26,0
881,2929,2026-08-27,0
881,2929,2026-08-28,0
881,2929,2026-08-29,0
881,2929,2026-08-30,0
881,2929,2026-08-31,0
881,2929,2026-09-01,0
881,2929,2026-09-02,0
881,2929,2026-09-03,0
881,2929,2026-09-04,0
881,2929,2026-09-05,0
881,2929,2026-09-06,0
881,2929,2026-09-07,0
881,2929,2026-09-08,0
881,2929,2026-09-09,0
881,2929,2026-09-10,0
881,2929,2026-09-11,0
881,2929,2026-09-12,0
881,2929,2026-09-13,0
881,2929,2026-09-14,0
881,2930,2026-08-15,0
881,2930,2026-08-16,0
881,2930,2026-08-17,0
881,2930,2026-08-18,0
881,2930,2026-08-19,0
881,2930,2026-08-20,0
881,2930,2026-08-21,0
881,2930,2026-08-22,0
881,2930,2026-08-23,0
881,2930,2026-08-24,0
881,2930,2026-08-25,0
881,2930,2026-08-26,0
881,2930,2026-08-27,0
881,2930,2026-08-28,0
881,2930,2026-08-29,0
881,2930,2026-08-30,0
881,2930,2026-08-31,0
881,2930,2026-09-01,0
881,2930,2026-09-02,0
881,2930,2026-09-03,0
881,2930,2026-09-04,0
881,2930,2026-09-05,0
881,2930,2026-09-06,0
881,2930,2026-09-07,0
881,2930,2026-09-08,0
881,2930,2026-09-09,0
881,2930,2026-09-10,0
881,2930,2026-09-11,0
881,2930,2026-09-12,0
881,2930,2026-09-13,0
881,2930,2026-09-14,0
881,2931,2026-08-15,0
881,2931,2026-08-16,0
881,2931,2026-08-17,0
881,2931,2026-08-18,0
881,2931,2026-08-19,0
881,2931,2026-08-20,0
881,2931,2026-08-21,0
881,2931,2026-08-22,0
881,2931,2026-08-23,0
881,2931,2026-08-24,0
881,2931,2026-08-25,0
881,2931,2026-08-26,0
881,2931,2026-08-27,0
881,2931,2026-08-28,0
881,2931,2026-08-29,0
881,2931,2026-08-30,0
881,2931,2026-08-31,0
881,2931,2026-09-01,0
881,2931,2026-09-02,0
881,2931,2026-09-03,0
881,2931,2026-09-04,0
881,2931,2026-09-05,0
881,2931,2026-09-06,0
881,2931,2026-09-07,0
881,2931,2026-09-08,0
881,2931,2026-09-09,0
881,2931,2026-09-10,0
881,2931,2026-09-11,0
881,2931,2026-09-12,0
881,2931,2026-09-13,0
881,2931,2026-09-14,0
881,2932,2026-08-15,0
881,2932,2026-08-16,0
881,2932,2026-08-17,0
881,2932,2026-08-18,0
881,2932,2026-08-19,0
881,2932,2026-08-20,0
881,2932,2026-08-21,0
881,2932,2026-08-22,0
881,2932,2026-08-23,0
881,2932,2026-08-24,0
881,2932,2026-08-25,0
881,2932,2026-08-26,0
881,2932,2026-08-27,0
881,2932,2026-08-28,0
881,2932,2026-08-29,0
881,2932,2026-08-30,0
881,2932,2026-08-31,0
881,2932,2026-09-01,0
881,2932,2026-09-02,0
881,2932,2026-09-03,0
881,2932,2026-09-04,0
881,2932,2026-09-05,0
881,2932,2026-09-06,0
881,2932,2026-09-07,0
881,2932,2026-09-08,0
881,2932,2026-09-09,0
881,2932,2026-09-10,0
881,2932,2026-09-11,0
881,2932,2026-09-12,0
881,2932,2026-09-13,0
881,2932,2026-09-14,0
881,2933,2026-08-15,0
881,2933,2026-08-16,0
881,2933,2026-08-17,0
881,2933,2026-08-18,0
881,2933,2026-08-19,0
881,2933,2026-08-20,0
881,2933,2026-08-21,0
881,2933,2026-08-22,0
881,2933,2026-08-23,0
881,2933,2026-08-24,0
881,2933,2026-08-25,0
881,2933,2026-08-26,0
881,2933,2026-08-27,0
881,2933,2026-08-28,0
881,2933,2026-08-29,0
881,2933,2026-08-30,0
881,2933,2026-08-31,0
881,2933,2026-09-01,0
881,2933,2026-09-02,0
881,2933,2026-09-03,0
881,2933,2026-09-04,0
881,2933,2026-09-05,0
881,2933,2026-09-06,0
881,2933,2026-09-07,0
881,2933,2026-09-08,0
881,2933,2026-09-09,0
881,2933,2026-09-10,0
881,2933,2026-09-11,0
881,2933,2026-09-12,0
881,2933,2026-09-13,0
881,2933,2026-09-14,0
881,2934,2026-08-15,0
881,2934,2026-08-16,0
881,2934,2026-08-17,0
881,2934,2026-08-18,0
881,2934,2026-08-19,0
881,2934,2026-08-20,0
881,2934,2026-08-21,0
881,2934,2026-08-22,0
881,2934,2026-08-23,0
881,2934,2026-08-24,0
881,2934,2026-08-25,0
881,2934,2026-08-26,0
881,2934,2026-08-27,0
881,2934,2026-08-28,0
881,2934,2026-08-29,0
881,2934,2026-08-30,0
881,2934,2026-08-31,0
881,2934,2026-09-01,0
881,2934,2026-09-02,0
881,2934,2026-09-03,0
881,2934,2026-09-04,0
881,2934,2026-09-05,0
881,2934,2026-09-06,0
881,2934,2026-09-07,0
881,2934,2026-09-08,0
881,2934,2026-09-09,0
881,2934,2026-09-10,0
881,2934,2026-09-11,0
881,2934,2026-09-12,0
881,2934,2026-09-13,0
881,2934,2026-09-14,0
881,2935,2026-08-15,0
881,2935,2026-08-16,0
881,2935,2026-08-17,0
881,2935,2026-08-18,0
881,2935,2026-08-19,0
881,2935,2026-08-20,0
881,2935,2026-08-21,0
881,2935,2026-08-22,0
881,2935,2026-08-23,0
881,2935,2026-08-24,0
881,2935,2026-08-25,0
881,2935,2026-08-26,0
881,2935,2026-08-27,0
881,2935,2026-08-28,0
881,2935,2026-08-29,0
881,2935,2026-08-30,0
881,2935,2026-08-31,0
881,2935,2026-09-01,0
881,2935,2026-09-02,0
881,2935,2026-09-03,0
881,2935,2026-09-04,0
881,2935,2026-09-05,0
881,2935,2026-09-06,0
881,2935,2026-09-07,0
881,2935,2026-09-08,0
881,2935,2026-09-09,0
881,2935,2026-09-10,0
881,2935,2026-09-11,0
881,2935,2026-09-12,0
881,2935,2026-09-13,0
881,2935,2026-09-14,0
881,2936,2026-08-15,0
881,2936,2026-08-16,0
881,2936,2026-08-17,0
881,2936,2026-08-18,0
881,2936,2026-08-19,0
881,2936,2026-08-20,0
881,2936,2026-08-21,0
881,2936,2026-08-22,0
881,2936,2026-08-23,0
881,2936,2026-08-24,0
881,2936,2026-08-25,0
881,2936,2026-08-26,0
881,2936,2026-08-27,0
881,2936,2026-08-28,0
881,2936,2026-08-29,0
881,2936,2026-08-30,0
881,2936,2026-08-31,0
881,2936,2026-09-01,0
881,2936,2026-09-02,0
881,2936,2026-09-03,0
881,2936,2026-09-04,0
881,2936,2026-09-05,0
881,2936,2026-09-06,0
881,2936,2026-09-07,0
881,2936,2026-09-08,0
881,2936,2026-09-09,0
881,2936,2026-09-10,0
881,2936,2026-09-11,0
881,2936,2026-09-12,0
881,2936,2026-09-13,0
881,2936,2026-09-14,0
881,2937,2026-08-15,0
881,2937,2026-08-16,0
881,2937,2026-08-17,0
881,2937,2026-08-18,0
881,2937,2026-08-19,0
881,2937,2026-08-20,0
881,2937,2026-08-21,0
881,2937,2026-08-22,0
881,2937,2026-08-23,0
881,2937,2026-08-24,0
881,2937,2026-08-25,0
881,2937,2026-08-26,0
881,2937,2026-08-27,0
881,2937,2026-08-28,0
881,2937,2026-08-29,0
881,2937,2026-08-30,0
881,2937,2026-08-31,0
881,2937,2026-09-01,0
881,2937,2026-09-02,0
881,2937,2026-09-03,0
881,2937,2026-09-04,0
881,2937,2026-09-05,0
881,2937,2026-09-06,0
881,2937,2026-09-07,0
881,2937,2026-09-08,0
881,2937,2026-09-09,0
881,2937,2026-09-10,0
881,2937,2026-09-11,0
881,2937,2026-09-12,0
881,2937,2026-09-13,0
881,2937,2026-09-14,0
881,2938,2026-08-15,0
881,2938,2026-08-16,0
881,2938,2026-08-17,0
881,2938,2026-08-18,0
881,2938,2026-08-19,0
881,2938,2026-08-20,0
881,2938,2026-08-21,0
881,2938,2026-08-22,0
881,2938,2026-08-23,0
881,2938,2026-08-24,0
881,2938,2026-08-25,0
881,2938,2026-08-26,0
881,2938,2026-08-27,0
881,2938,2026-08-28,0
881,2938,2026-08-29,0
881,2938,2026-08-30,0
881,2938,2026-08-31,0
881,2938,2026-09-01,0
881,2938,2026-09-02,0
881,2938,2026-09-03,0
881,2938,2026-09-04,0
881,2938,2026-09-05,0
881,2938,2026-09-06,0
881,2938,2026-09-07,0
881,2938,2026-09-08,0
881,2938,2026-09-09,0
881,2938,2026-09-10,0
881,2938,2026-09-11,0
881,2938,2026-09-12,0
881,2938,2026-09-13,0
881,2938,2026-09-14,0
881,2939,2026-08-15,0
881,2939,2026-08-16,0
881,2939,2026-08-17,0
881,2939,2026-08-18,0
881,2939,2026-08-19,0
881,2939,2026-08-20,0
881,2939,2026-08-21,0
881,2939,2026-08-22,0
881,2939,2026-08-23,0
881,2939,2026-08-24,0
881,2939,2026-08-25,0
881,2939,2026-08-26,0
881,2939,2026-08-27,0
881,2939,2026-08-28,0
881,2939,2026-08-29,0
881,2939,2026-08-30,0
881,2939,2026-08-31,0
881,2939,2026-09-01,0
881,2939,2026-09-02,0
881,2939,2026-09-03,0
881,2939,2026-09-04,0
881,2939,2026-09-05,0
881,2939,2026-09-06,0
881,2939,2026-09-07,0
881,2939,2026-09-08,0
881,2939,2026-09-09,0
881,2939,2026-09-10,0
881,2939,2026-09-11,0
881,2939,2026-09-12,0
881,2939,2026-09-13,0
881,2939,2026-09-14,0
881,2940,2026-08-15,0
881,2940,2026-08-16,0
881,2940,2026-08-17,0
881,2940,2026-08-18,0
881,2940,2026-08-19,0
881,2940,2026-08-20,0
881,2940,2026-08-21,0
881,2940,2026-08-22,0
881,2940,2026-08-23,0
881,2940,2026-08-24,0
881,2940,2026-08-25,0
881,2940,2026-08-26,0
881,2940,2026-08-27,0
881,2940,2026-08-28,0
881,2940,2026-08-29,0
881,2940,2026-08-30,0
881,2940,2026-08-31,0
881,2940,2026-09-01,0
881,2940,2026-09-02,0
881,2940,2026-09-03,0
881,2940,2026-09-04,0
881,2940,2026-09-05,0
881,2940,2026-09-06,0
881,2940,2026-09-07,0
881,2940,2026-09-08,0
881,2940,2026-09-09,0
881,2940,2026-09-10,0
881,2940,2026-09-11,0
881,2940,2026-09-12,0
881,2940,2026-09-13,0
881,2940,2026-09-14,0
881,2927,2026-07-16,0
881,2927,2026-07-17,0
881,2927,2026-07-18,0
881,2927,2026-07-19,0
881,2927,2026-07-20,0
881,2927,2026-07-21,0
881,2927,2026-07-22,0
881,2927,2026-07-23,0
881,2927,2026-07-24,0
881,2927,2026-07-25,0
881,2927,2026-07-26,0
881,2927,2026-07-27,0
881,2927,2026-07-28,0
881,2927,2026-07-29,0
881,2927,2026-07-30,0
881,2927,2026-07-31,0
881,2927,2026-08-01,0
881,2927,2026-08-02,0
881,2927,2026-08-03,0
881,2927,2026-08-04,0
881,2927,2026-08-05,0
881,2927,2026-08-06,0
881,2927,2026-08-07,0
881,2927,2026-08-08,0
881,2927,2026-08-09,0
881,2927,2026-08-10,0
881,2927,2026-08-11,0
881,2927,2026-08-12,0
881,2927,2026-08-13,0
881,2927,2026-08-14,0
881,2927,2026-08-15,0
881,2928,2026-07-16,0
881,2928,2026-07-17,0
881,2928,2026-07-18,0
881,2928,2026-07-19,0
881,2928,2026-07-20,0
881,2928,2026-07-21,0
881,2928,2026-07-22,0
881,2928,2026-07-23,0
881,2928,2026-07-24,0
881,2928,2026-07-25,0
881,2928,2026-07-26,0
881,2928,2026-07-27,0
881,2928,2026-07-28,0
881,2928,2026-07-29,0
881,2928,2026-07-30,0
881,2928,2026-07-31,0
881,2928,2026-08-01,0
881,2928,2026-08-02,0
881,2928,2026-08-03,0
881,2928,2026-08-04,0
881,2928,2026-08-05,0
881,2928,2026-08-06,0
881,2928,2026-08-07,0
881,2928,2026-08-08,0
881,2928,2026-08-09,0
881,2928,2026-08-10,0
881,2928,2026-08-11,0
881,2928,2026-08-12,0
881,2928,2026-08-13,0
881,2928,2026-08-14,0
881,2928,2026-08-15,0
881,2929,2026-07-16,0
881,2929,2026-07-17,0
881,2929,2026-07-18,0
881,2929,2026-07-19,0
881,2929,2026-07-20,0
881,2929,2026-07-21,0
881,2929,2026-07-22,0
881,2929,2026-07-23,0
881,2929,2026-07-24,0
881,2929,2026-07-25,0
881,2929,2026-07-26,0
881,2929,2026-07-27,0
881,2929,2026-07-28,0
881,2929,2026-07-29,0
881,2929,2026-07-30,0
881,2929,2026-07-31,0
881,2929,2026-08-01,0
881,2929,2026-08-02,0
881,2929,2026-08-03,0
881,2929,2026-08-04,0
881,2929,2026-08-05,0
881,2929,2026-08-06,0
881,2929,2026-08-07,0
881,2929,2026-08-08,0
881,2929,2026-08-09,0
881,2929,2026-08-10,0
881,2929,2026-08-11,0
881,2929,2026-08-12,0
881,2929,2026-08-13,0
881,2929,2026-08-14,0
881,2929,2026-08-15,0
881,2930,2026-07-16,0
881,2930,2026-07-17,0
881,2930,2026-07-18,0
881,2930,2026-07-19,0
881,2930,2026-07-20,0
881,2930,2026-07-21,0
881,2930,2026-07-22,0
881,2930,2026-07-23,0
881,2930,2026-07-24,0
881,2930,2026-07-25,0
881,2930,2026-07-26,0
881,2930,2026-07-27,0
881,2930,2026-07-28,0
881,2930,2026-07-29,0
881,2930,2026-07-30,0
881,2930,2026-07-31,0
881,2930,2026-08-01,0
881,2930,2026-08-02,0
881,2930,2026-08-03,0
881,2930,2026-08-04,0
881,2930,2026-08-05,0
881,2930,2026-08-06,0
881,2930,2026-08-07,0
881,2930,2026-08-08,0
881,2930,2026-08-09,0
881,2930,2026-08-10,0
881,2930,2026-08-11,0
881,2930,2026-08-12,0
881,2930,2026-08-13,0
881,2930,2026-08-14,0
881,2930,2026-08-15,0
881,2931,2026-07-16,0
881,2931,2026-07-17,0
881,2931,2026-07-18,0
881,2931,2026-07-19,0
881,2931,2026-07-20,0
881,2931,2026-07-21,0
881,2931,2026-07-22,0
881,2931,2026-07-23,0
881,2931,2026-07-24,0
881,2931,2026-07-25,0
881,2931,2026-07-26,0
881,2931,2026-07-27,0
881,2931,2026-07-28,0
881,2931,2026-07-29,0
881,2931,2026-07-30,0
881,2931,2026-07-31,0
881,2931,2026-08-01,0
881,2931,2026-08-02,0
881,2931,2026-08-03,0
881,2931,2026-08-04,0
881,2931,2026-08-05,0
881,2931,2026-08-06,0
881,2931,2026-08-07,0
881,2931,2026-08-08,0
881,2931,2026-08-09,0
881,2931,2026-08-10,0
881,2931,2026-08-11,0
881,2931,2026-08-12,0
881,2931,2026-08-13,0
881,2931,2026-08-14,0
881,2931,2026-08-15,0
881,2932,2026-07-16,0
881,2932,2026-07-17,0
881,2932,2026-07-18,0
881,2932,2026-07-19,0
881,2932,2026-07-20,0
881,2932,2026-07-21,0
881,2932,2026-07-22,0
881,2932,2026-07-23,0
881,2932,2026-07-24,0
881,2932,2026-07-25,0
881,2932,2026-07-26,0
881,2932,2026-07-27,0
881,2932,2026-07-28,0
881,2932,2026-07-29,0
881,2932,2026-07-30,0
881,2932,2026-07-31,0
881,2932,2026-08-01,0
881,2932,2026-08-02,0
881,2932,2026-08-03,0
881,2932,2026-08-04,0
881,2932,2026-08-05,0
881,2932,2026-08-06,0
881,2932,2026-08-07,0
881,2932,2026-08-08,0
881,2932,2026-08-09,0
881,2932,2026-08-10,0
881,2932,2026-08-11,0
881,2932,2026-08-12,0
881,2932,2026-08-13,0
881,2932,2026-08-14,0
881,2932,2026-08-15,0
881,2933,2026-07-16,0
881,2933,2026-07-17,0
881,2933,2026-07-18,0
881,2933,2026-07-19,0
881,2933,2026-07-20,0
881,2933,2026-07-21,0
881,2933,2026-07-22,0
881,2933,2026-07-23,0
881,2933,2026-07-24,0
881,2933,2026-07-25,0
881,2933,2026-07-26,0
881,2933,2026-07-27,0
881,2933,2026-07-28,0
881,2933,2026-07-29,0
881,2933,2026-07-30,0
881,2933,2026-07-31,0
881,2933,2026-08-01,0
881,2933,2026-08-02,0
881,2933,2026-08-03,0
881,2933,2026-08-04,0
881,2933,2026-08-05,0
881,2933,2026-08-06,0
881,2933,2026-08-07,0
881,2933,2026-08-08,0
881,2933,2026-08-09,0
881,2933,2026-08-10,0
881,2933,2026-08-11,0
881,2933,2026-08-12,0
881,2933,2026-08-13,0
881,2933,2026-08-14,0
881,2933,2026-08-15,0
881,2934,2026-07-16,0
881,2934,2026-07-17,0
881,2934,2026-07-18,0
881,2934,2026-07-19,0
881,2934,2026-07-20,0
881,2934,2026-07-21,0
881,2934,2026-07-22,0
881,2934,2026-07-23,0
881,2934,2026-07-24,0
881,2934,2026-07-25,0
881,2934,2026-07-26,0
881,2934,2026-07-27,0
881,2934,2026-07-28,0
881,2934,2026-07-29,0
881,2934,2026-07-30,0
881,2934,2026-07-31,0
881,2934,2026-08-01,0
881,2934,2026-08-02,0
881,2934,2026-08-03,0
881,2934,2026-08-04,0
881,2934,2026-08-05,0
881,2934,2026-08-06,0
881,2934,2026-08-07,0
881,2934,2026-08-08,0
881,2934,2026-08-09,0
881,2934,2026-08-10,0
881,2934,2026-08-11,0
881,2934,2026-08-12,0
881,2934,2026-08-13,0
881,2934,2026-08-14,0
881,2934,2026-08-15,0
881,2935,2026-07-16,0
881,2935,2026-07-17,0
881,2935,2026-07-18,0
881,2935,2026-07-19,0
881,2935,2026-07-20,0
881,2935,2026-07-21,0
881,2935,2026-07-22,0
881,2935,2026-07-23,0
881,2935,2026-07-24,0
881,2935,2026-07-25,0
881,2935,2026-07-26,0
881,2935,2026-07-27,0
881,2935,2026-07-28,0
881,2935,2026-07-29,0
881,2935,2026-07-30,0
881,2935,2026-07-31,0
881,2935,2026-08-01,0
881,2935,2026-08-02,0
881,2935,2026-08-03,0
881,2935,2026-08-04,0
881,2935,2026-08-05,0
881,2935,2026-08-06,0
881,2935,2026-08-07,0
881,2935,2026-08-08,0
881,2935,2026-08-09,0
881,2935,2026-08-10,0
881,2935,2026-08-11,0
881,2935,2026-08-12,0
881,2935,2026-08-13,0
881,2935,2026-08-14,0
881,2935,2026-08-15,0
881,2936,2026-07-16,0
881,2936,2026-07-17,0
881,2936,2026-07-18,0
881,2936,2026-07-19,0
881,2936,2026-07-20,0
881,2936,2026-07-21,0
881,2936,2026-07-22,0
881,2936,2026-07-23,0
881,2936,2026-07-24,0
881,2936,2026-07-25,0
881,2936,2026-07-26,0
881,2936,2026-07-27,0
881,2936,2026-07-28,0
881,2936,2026-07-29,0
881,2936,2026-07-30,0
881,2936,2026-07-31,0
881,2936,2026-08-01,0
881,2936,2026-08-02,0
881,2936,2026-08-03,0
881,2936,2026-08-04,0
881,2936,2026-08-05,0
881,2936,2026-08-06,0
881,2936,2026-08-07,0
881,2936,2026-08-08,0
881,2936,2026-08-09,0
881,2936,2026-08-10,0
881,2936,2026-08-11,0
881,2936,2026-08-12,0
881,2936,2026-08-13,0
881,2936,2026-08-14,0
881,2936,2026-08-15,0
881,2937,2026-07-16,0
881,2937,2026-07-17,0
881,2937,2026-07-18,0
881,2937,2026-07-19,0
881,2937,2026-07-20,0
881,2937,2026-07-21,0
881,2937,2026-07-22,0
881,2937,2026-07-23,0
881,2937,2026-07-24,0
881,2937,2026-07-25,0
881,2937,2026-07-26,0
881,2937,2026-07-27,0
881,2937,2026-07-28,0
881,2937,2026-07-29,0
881,2937,2026-07-30,0
881,2937,2026-07-31,0
881,2937,2026-08-01,0
881,2937,2026-08-02,0
881,2937,2026-08-03,0
881,2937,2026-08-04,0
881,2937,2026-08-05,0
881,2937,2026-08-06,0
881,2937,2026-08-07,0
881,2937,2026-08-08,0
881,2937,2026-08-09,0
881,2937,2026-08-10,0
881,2937,2026-08-11,0
881,2937,2026-08-12,0
881,2937,2026-08-13,0
881,2937,2026-08-14,0
881,2937,2026-08-15,0
881,2938,2026-07-16,0
881,2938,2026-07-17,0
881,2938,2026-07-18,0
881,2938,2026-07-19,0
881,2938,2026-07-20,0
881,2938,2026-07-21,0
881,2938,2026-07-22,0
881,2938,2026-07-23,0
881,2938,2026-07-24,0
881,2938,2026-07-25,0
881,2938,2026-07-26,0
881,2938,2026-07-27,0
881,2938,2026-07-28,0
881,2938,2026-07-29,0
881,2938,2026-07-30,0
881,2938,2026-07-31,0
881,2938,2026-08-01,0
881,2938,2026-08-02,0
881,2938,2026-08-03,0
881,2938,2026-08-04,0
881,2938,2026-08-05,0
881,2938,2026-08-06,0
881,2938,2026-08-07,0
881,2938,2026-08-08,0
881,2938,2026-08-09,0
881,2938,2026-08-10,0
881,2938,2026-08-11,0
881,2938,2026-08-12,0
881,2938,2026-08-13,0
881,2938,2026-08-14,0
881,2938,2026-08-15,0
881,2939,2026-07-16,0
881,2939,2026-07-17,0
881,2939,2026-07-18,0
881,2939,2026-07-19,0
881,2939,2026-07-20,0
881,2939,2026-07-21,0
881,2939,2026-07-22,0
881,2939,2026-07-23,0
881,2939,2026-07-24,0
881,2939,2026-07-25,0
881,2939,2026-07-26,0
881,2939,2026-07-27,0
881,2939,2026-07-28,0
881,2939,2026-07-29,0
881,2939,2026-07-30,0
881,2939,2026-07-31,0
881,2939,2026-08-01,0
881,2939,2026-08-02,0
881,2939,2026-08-03,0
881,2939,2026-08-04,0
881,2939,2026-08-05,0
881,2939,2026-08-06,0
881,2939,2026-08-07,0
881,2939,2026-08-08,0
881,2939,2026-08-09,0
881,2939,2026-08-10,0
881,2939,2026-08-11,0
881,2939,2026-08-12,0
881,2939,2026-08-13,0
881,2939,2026-08-14,0
881,2939,2026-08-15,0
881,2940,2026-07-16,0
881,2940,2026-07-17,0
881,2940,2026-07-18,0
881,2940,2026-07-19,0
881,2940,2026-07-20,0
881,2940,2026-07-21,0
881,2940,2026-07-22,0
881,2940,2026-07-23,0
881,2940,2026-07-24,0
881,2940,2026-07-25,0
881,2940,2026-07-26,0
881,2940,2026-07-27,0
881,2940,2026-07-28,0
881,2940,2026-07-29,0
881,2940,2026-07-30,0
881,2940,2026-07-31,0
881,2940,2026-08-01,0
881,2940,2026-08-02,0
881,2940,2026-08-03,0
881,2940,2026-08-04,0
881,2940,2026-08-05,0
881,2940,2026-08-06,0
881,2940,2026-08-07,0
881,2940,2026-08-08,0
881,2940,2026-08-09,0
881,2940,2026-08-10,0
881,2940,2026-08-11,0
881,2940,2026-08-12,0
881,2940,2026-08-13,0
881,2940,2026-08-14,0
881,2940,2026-08-15,0
881,2927,2026-10-14,0
881,2927,2026-10-15,0
881,2927,2026-10-16,0
881,2927,2026-10-17,0
881,2927,2026-10-18,0
881,2927,2026-10-19,0
881,2927,2026-10-20,0
881,2927,2026-10-21,0
881,2927,2026-10-22,0
881,2927,2026-10-23,0
881,2927,2026-10-24,0
881,2927,2026-10-25,0
881,2927,2026-10-26,0
881,2927,2026-10-27,0
881,2927,2026-10-28,0
881,2927,2026-10-29,0
881,2927,2026-10-30,0
881,2927,2026-10-31,0
881,2927,2026-11-01,0
881,2927,2026-11-02,0
881,2927,2026-11-03,0
881,2927,2026-11-04,0
881,2927,2026-11-05,0
881,2927,2026-11-06,0
881,2927,2026-11-07,0
881,2927,2026-11-08,0
881,2927,2026-11-09,0
881,2927,2026-11-10,0
881,2927,2026-11-11,0
881,2927,2026-11-12,0
881,2927,2026-11-13,0
881,2928,2026-10-14,0
881,2928,2026-10-15,0
881,2928,2026-10-16,0
881,2928,2026-10-17,0
881,2928,2026-10-18,0
881,2928,2026-10-19,0
881,2928,2026-10-20,0
881,2928,2026-10-21,0
881,2928,2026-10-22,0
881,2928,2026-10-23,0
881,2928,2026-10-24,0
881,2928,2026-10-25,0
881,2928,2026-10-26,0
881,2928,2026-10-27,0
881,2928,2026-10-28,0
881,2928,2026-10-29,0
881,2928,2026-10-30,0
881,2928,2026-10-31,0
881,2928,2026-11-01,0
881,2928,2026-11-02,0
881,2928,2026-11-03,0
881,2928,2026-11-04,0
881,2928,2026-11-05,0
881,2928,2026-11-06,0
881,2928,2026-11-07,0
881,2928,2026-11-08,0
881,2928,2026-11-09,0
881,2928,2026-11-10,0
881,2928,2026-11-11,0
881,2928,2026-11-12,0
881,2928,2026-11-13,0
881,2929,2026-10-14,0
881,2929,2026-10-15,0
881,2929,2026-10-16,0
881,2929,2026-10-17,0
881,2929,2026-10-18,0
881,2929,2026-10-19,0
881,2929,2026-10-20,0
881,2929,2026-10-21,0
881,2929,2026-10-22,0
881,2929,2026-10-23,0
881,2929,2026-10-24,0
881,2929,2026-10-25,0
881,2929,2026-10-26,0
881,2929,2026-10-27,0
881,2929,2026-10-28,0
881,2929,2026-10-29,0
881,2929,2026-10-30,0
881,2929,2026-10-31,0
881,2929,2026-11-01,0
881,2929,2026-11-02,0
881,2929,2026-11-03,0
881,2929,2026-11-04,0
881,2929,2026-11-05,0
881,2929,2026-11-06,0
881,2929,2026-11-07,0
881,2929,2026-11-08,0
881,2929,2026-11-09,0
881,2929,2026-11-10,0
881,2929,2026-11-11,0
881,2929,2026-11-12,0
881,2929,2026-11-13,0
881,2930,2026-10-14,0
881,2930,2026-10-15,0
881,2930,2026-10-16,0
881,2930,2026-10-17,0
881,2930,2026-10-18,0
881,2930,2026-10-19,0
881,2930,2026-10-20,0
881,2930,2026-10-21,0
881,2930,2026-10-22,0
881,2930,2026-10-23,0
881,2930,2026-10-24,0
881,2930,2026-10-25,0
881,2930,2026-10-26,0
881,2930,2026-10-27,0
881,2930,2026-10-28,0
881,2930,2026-10-29,0
881,2930,2026-10-30,0
881,2930,2026-10-31,0
881,2930,2026-11-01,0
881,2930,2026-11-02,0
881,2930,2026-11-03,0
881,2930,2026-11-04,0
881,2930,2026-11-05,0
881,2930,2026-11-06,0
881,2930,2026-11-07,0
881,2930,2026-11-08,0
881,2930,2026-11-09,0
881,2930,2026-11-10,0
881,2930,2026-11-11,0
881,2930,2026-11-12,0
881,2930,2026-11-13,0
881,2931,2026-10-14,0
881,2931,2026-10-15,0
881,2931,2026-10-16,0
881,2931,2026-10-17,0
881,2931,2026-10-18,0
881,2931,2026-10-19,0
881,2931,2026-10-20,0
881,2931,2026-10-21,0
881,2931,2026-10-22,0
881,2931,2026-10-23,0
881,2931,2026-10-24,0
881,2931,2026-10-25,0
881,2931,2026-10-26,0
881,2931,2026-10-27,0
881,2931,2026-10-28,0
881,2931,2026-10-29,0
881,2931,2026-10-30,0
881,2931,2026-10-31,0
881,2931,2026-11-01,0
881,2931,2026-11-02,0
881,2931,2026-11-03,0
881,2931,2026-11-04,0
881,2931,2026-11-05,0
881,2931,2026-11-06,0
881,2931,2026-11-07,0
881,2931,2026-11-08,0
881,2931,2026-11-09,0
881,2931,2026-11-10,0
881,2931,2026-11-11,0
881,2931,2026-11-12,0
881,2931,2026-11-13,0
881,2932,2026-10-14,0
881,2932,2026-10-15,0
881,2932,2026-10-16,0
881,2932,2026-10-17,0
881,2932,2026-10-18,0
881,2932,2026-10-19,0
881,2932,2026-10-20,0
881,2932,2026-10-21,0
881,2932,2026-10-22,0
881,2932,2026-10-23,0
881,2932,2026-10-24,0
881,2932,2026-10-25,0
881,2932,2026-10-26,0
881,2932,2026-10-27,0
881,2932,2026-10-28,0
881,2932,2026-10-29,0
881,2932,2026-10-30,0
881,2932,2026-10-31,0
881,2932,2026-11-01,0
881,2932,2026-11-02,0
881,2932,2026-11-03,0
881,2932,2026-11-04,0
881,2932,2026-11-05,0
881,2932,2026-11-06,0
881,2932,2026-11-07,0
881,2932,2026-11-08,0
881,2932,2026-11-09,0
881,2932,2026-11-10,0
881,2932,2026-11-11,0
881,2932,2026-11-12,0
881,2932,2026-11-13,0
881,2933,2026-10-14,0
881,2933,2026-10-15,0
881,2933,2026-10-16,0
881,2933,2026-10-17,0
881,2933,2026-10-18,0
881,2933,2026-10-19,0
881,2933,2026-10-20,0
881,2933,2026-10-21,0
881,2933,2026-10-22,0
881,2933,2026-10-23,0
881,2933,2026-10-24,0
881,2933,2026-10-25,0
881,2933,2026-10-26,0
881,2933,2026-10-27,0
881,2933,2026-10-28,0
881,2933,2026-10-29,0
881,2933,2026-10-30,0
881,2933,2026-10-31,0
881,2933,2026-11-01,0
881,2933,2026-11-02,0
881,2933,2026-11-03,0
881,2933,2026-11-04,0
881,2933,2026-11-05,0
881,2933,2026-11-06,0
881,2933,2026-11-07,0
881,2933,2026-11-08,0
881,2933,2026-11-09,0
881,2933,2026-11-10,0
881,2933,2026-11-11,0
881,2933,2026-11-12,0
881,2933,2026-11-13,0
881,2934,2026-10-14,0
881,2934,2026-10-15,0
881,2934,2026-10-16,0
881,2934,2026-10-17,0
881,2934,2026-10-18,0
881,2934,2026-10-19,0
881,2934,2026-10-20,0
881,2934,2026-10-21,0
881,2934,2026-10-22,0
881,2934,2026-10-23,0
881,2934,2026-10-24,0
881,2934,2026-10-25,0
881,2934,2026-10-26,0
881,2934,2026-10-27,0
881,2934,2026-10-28,0
881,2934,2026-10-29,0
881,2934,2026-10-30,0
881,2934,2026-10-31,0
881,2934,2026-11-01,0
881,2934,2026-11-02,0
881,2934,2026-11-03,0
881,2934,2026-11-04,0
881,2934,2026-11-05,0
881,2934,2026-11-06,0
881,2934,2026-11-07,0
881,2934,2026-11-08,0
881,2934,2026-11-09,0
881,2934,2026-11-10,0
881,2934,2026-11-11,0
881,2934,2026-11-12,0
881,2934,2026-11-13,0
881,2935,2026-10-14,0
881,2935,2026-10-15,0
881,2935,2026-10-16,0
881,2935,2026-10-17,0
881,2935,2026-10-18,0
881,2935,2026-10-19,0
881,2935,2026-10-20,0
881,2935,2026-10-21,0
881,2935,2026-10-22,0
881,2935,2026-10-23,0
881,2935,2026-10-24,0
881,2935,2026-10-25,0
881,2935,2026-10-26,0
881,2935,2026-10-27,0
881,2935,2026-10-28,0
881,2935,2026-10-29,0
881,2935,2026-10-30,0
881,2935,2026-10-31,0
881,2935,2026-11-01,0
881,2935,2026-11-02,0
881,2935,2026-11-03,0
881,2935,2026-11-04,0
881,2935,2026-11-05,0
881,2935,2026-11-06,0
881,2935,2026-11-07,0
881,2935,2026-11-08,0
881,2935,2026-11-09,0
881,2935,2026-11-10,0
881,2935,2026-11-11,0
881,2935,2026-11-12,0
881,2935,2026-11-13,0
881,2936,2026-10-14,0
881,2936,2026-10-15,0
881,2936,2026-10-16,0
881,2936,2026-10-17,0
881,2936,2026-10-18,0
881,2936,2026-10-19,0
881,2936,2026-10-20,0
881,2936,2026-10-21,0
881,2936,2026-10-22,0
881,2936,2026-10-23,0
881,2936,2026-10-24,0
881,2936,2026-10-25,0
881,2936,2026-10-26,0
881,2936,2026-10-27,0
881,2936,2026-10-28,0
881,2936,2026-10-29,0
881,2936,2026-10-30,0
881,2936,2026-10-31,0
881,2936,2026-11-01,0
881,2936,2026-11-02,0
881,2936,2026-11-03,0
881,2936,2026-11-04,0
881,2936,2026-11-05,0
881,2936,2026-11-06,0
881,2936,2026-11-07,0
881,2936,2026-11-08,0
881,2936,2026-11-09,0
881,2936,2026-11-10,0
881,2936,2026-11-11,0
881,2936,2026-11-12,0
881,2936,2026-11-13,0
881,2937,2026-10-14,0
881,2937,2026-10-15,0
881,2937,2026-10-16,0
881,2937,2026-10-17,0
881,2937,2026-10-18,0
881,2937,2026-10-19,0
881,2937,2026-10-20,0
881,2937,2026-10-21,0
881,2937,2026-10-22,0
881,2937,2026-10-23,0
881,2937,2026-10-24,0
881,2937,2026-10-25,0
881,2937,2026-10-26,0
881,2937,2026-10-27,0
881,2937,2026-10-28,0
881,2937,2026-10-29,0
881,2937,2026-10-30,0
881,2937,2026-10-31,0
881,2937,2026-11-01,0
881,2937,2026-11-02,0
881,2937,2026-11-03,0
881,2937,2026-11-04,0
881,2937,2026-11-05,0
881,2937,2026-11-06,0
881,2937,2026-11-07,0
881,2937,2026-11-08,0
881,2937,2026-11-09,0
881,2937,2026-11-10,0
881,2937,2026-11-11,0
881,2937,2026-11-12,0
881,2937,2026-11-13,0
881,2938,2026-10-14,0
881,2938,2026-10-15,0
881,2938,2026-10-16,0
881,2938,2026-10-17,0
881,2938,2026-10-18,0
881,2938,2026-10-19,0
881,2938,2026-10-20,0
881,2938,2026-10-21,0
881,2938,2026-10-22,0
881,2938,2026-10-23,0
881,2938,2026-10-24,0
881,2938,2026-10-25,0
881,2938,2026-10-26,0
881,2938,2026-10-27,0
881,2938,2026-10-28,0
881,2938,2026-10-29,0
881,2938,2026-10-30,0
881,2938,2026-10-31,0
881,2938,2026-11-01,0
881,2938,2026-11-02,0
881,2938,2026-11-03,0
881,2938,2026-11-04,0
881,2938,2026-11-05,0
881,2938,2026-11-06,0
881,2938,2026-11-07,0
881,2938,2026-11-08,0
881,2938,2026-11-09,0
881,2938,2026-11-10,0
881,2938,2026-11-11,0
881,2938,2026-11-12,0
881,2938,2026-11-13,0
881,2939,2026-10-14,0
881,2939,2026-10-15,0
881,2939,2026-10-16,0
881,2939,2026-10-17,0
881,2939,2026-10-18,0
881,2939,2026-10-19,0
881,2939,2026-10-20,0
881,2939,2026-10-21,0
881,2939,2026-10-22,0
881,2939,2026-10-23,0
881,2939,2026-10-24,0
881,2939,2026-10-25,0
881,2939,2026-10-26,0
881,2939,2026-10-27,0
881,2939,2026-10-28,0
881,2939,2026-10-29,0
881,2939,2026-10-30,0
881,2939,2026-10-31,0
881,2939,2026-11-01,0
881,2939,2026-11-02,0
881,2939,2026-11-03,0
881,2939,2026-11-04,0
881,2939,2026-11-05,0
881,2939,2026-11-06,0
881,2939,2026-11-07,0
881,2939,2026-11-08,0
881,2939,2026-11-09,0
881,2939,2026-11-10,0
881,2939,2026-11-11,0
881,2939,2026-11-12,0
881,2939,2026-11-13,0
881,2940,2026-10-14,0
881,2940,2026-10-15,0
881,2940,2026-10-16,0
881,2940,2026-10-17,0
881,2940,2026-10-18,0
881,2940,2026-10-19,0
881,2940,2026-10-20,0
881,2940,2026-10-21,0
881,2940,2026-10-22,0
881,2940,2026-10-23,0
881,2940,2026-10-24,0
881,2940,2026-10-25,0
881,2940,2026-10-26,0
881,2940,2026-10-27,0
881,2940,2026-10-28,0
881,2940,2026-10-29,0
881,2940,2026-10-30,0
881,2940,2026-10-31,0
881,2940,2026-11-01,0
881,2940,2026-11-02,0
881,2940,2026-11-03,0
881,2940,2026-11-04,0
881,2940,2026-11-05,0
881,2940,2026-11-06,0
881,2940,2026-11-07,0
881,2940,2026-11-08,0
881,2940,2026-11-09,0
881,2940,2026-11-10,0
881,2940,2026-11-11,0
881,2940,2026-11-12,0
881,2940,2026-11-13,0
881,2927,2026-09-14,0
881,2927,2026-09-15,0
881,2927,2026-09-16,0
881,2927,2026-09-17,0
881,2927,2026-09-18,0
881,2927,2026-09-19,0
881,2927,2026-09-20,0
881,2927,2026-09-21,0
881,2927,2026-09-22,0
881,2927,2026-09-23,0
881,2927,2026-09-24,0
881,2927,2026-09-25,0
881,2927,2026-09-26,0
881,2927,2026-09-27,0
881,2927,2026-09-28,0
881,2927,2026-09-29,0
881,2927,2026-09-30,0
881,2927,2026-10-01,0
881,2927,2026-10-02,0
881,2927,2026-10-03,0
881,2927,2026-10-04,0
881,2927,2026-10-05,0
881,2927,2026-10-06,0
881,2927,2026-10-07,0
881,2927,2026-10-08,0
881,2927,2026-10-09,0
881,2927,2026-10-10,0
881,2927,2026-10-11,0
881,2927,2026-10-12,0
881,2927,2026-10-13,0
881,2927,2026-10-14,0
881,2928,2026-09-14,0
881,2928,2026-09-15,0
881,2928,2026-09-16,0
881,2928,2026-09-17,0
881,2928,2026-09-18,0
881,2928,2026-09-19,0
881,2928,2026-09-20,0
881,2928,2026-09-21,0
881,2928,2026-09-22,0
881,2928,2026-09-23,0
881,2928,2026-09-24,0
881,2928,2026-09-25,0
881,2928,2026-09-26,0
881,2928,2026-09-27,0
881,2928,2026-09-28,0
881,2928,2026-09-29,0
881,2928,2026-09-30,0
881,2928,2026-10-01,0
881,2928,2026-10-02,0
881,2928,2026-10-03,0
881,2928,2026-10-04,0
881,2928,2026-10-05,0
881,2928,2026-10-06,0
881,2928,2026-10-07,0
881,2928,2026-10-08,0
881,2928,2026-10-09,0
881,2928,2026-10-10,0
881,2928,2026-10-11,0
881,2928,2026-10-12,0
881,2928,2026-10-13,0
881,2928,2026-10-14,0
881,2929,2026-09-14,0
881,2929,2026-09-15,0
881,2929,2026-09-16,0
881,2929,2026-09-17,0
881,2929,2026-09-18,0
881,2929,2026-09-19,0
881,2929,2026-09-20,0
881,2929,2026-09-21,0
881,2929,2026-09-22,0
881,2929,2026-09-23,0
881,2929,2026-09-24,0
881,2929,2026-09-25,0
881,2929,2026-09-26,0
881,2929,2026-09-27,0
881,2929,2026-09-28,0
881,2929,2026-09-29,0
881,2929,2026-09-30,0
881,2929,2026-10-01,0
881,2929,2026-10-02,0
881,2929,2026-10-03,0
881,2929,2026-10-04,0
881,2929,2026-10-05,0
881,2929,2026-10-06,0
881,2929,2026-10-07,0
881,2929,2026-10-08,0
881,2929,2026-10-09,0
881,2929,2026-10-10,0
881,2929,2026-10-11,0
881,2929,2026-10-12,0
881,2929,2026-10-13,0
881,2929,2026-10-14,0
881,2930,2026-09-14,0
881,2930,2026-09-15,0
881,2930,2026-09-16,0
881,2930,2026-09-17,0
881,2930,2026-09-18,0
881,2930,2026-09-19,0
881,2930,2026-09-20,0
881,2930,2026-09-21,0
881,2930,2026-09-22,0
881,2930,2026-09-23,0
881,2930,2026-09-24,0
881,2930,2026-09-25,0
881,2930,2026-09-26,0
881,2930,2026-09-27,0
881,2930,2026-09-28,0
881,2930,2026-09-29,0
881,2930,2026-09-30,0
881,2930,2026-10-01,0
881,2930,2026-10-02,0
881,2930,2026-10-03,0
881,2930,2026-10-04,0
881,2930,2026-10-05,0
881,2930,2026-10-06,0
881,2930,2026-10-07,0
881,2930,2026-10-08,0
881,2930,2026-10-09,0
881,2930,2026-10-10,0
881,2930,2026-10-11,0
881,2930,2026-10-12,0
881,2930,2026-10-13,0
881,2930,2026-10-14,0
881,2931,2026-09-14,0
881,2931,2026-09-15,0
881,2931,2026-09-16,0
881,2931,2026-09-17,0
881,2931,2026-09-18,0
881,2931,2026-09-19,0
881,2931,2026-09-20,0
881,2931,2026-09-21,0
881,2931,2026-09-22,0
881,2931,2026-09-23,0
881,2931,2026-09-24,0
881,2931,2026-09-25,0
881,2931,2026-09-26,0
881,2931,2026-09-27,0
881,2931,2026-09-28,0
881,2931,2026-09-29,0
881,2931,2026-09-30,0
881,2931,2026-10-01,0
881,2931,2026-10-02,0
881,2931,2026-10-03,0
881,2931,2026-10-04,0
881,2931,2026-10-05,0
881,2931,2026-10-06,0
881,2931,2026-10-07,0
881,2931,2026-10-08,0
881,2931,2026-10-09,0
881,2931,2026-10-10,0
881,2931,2026-10-11,0
881,2931,2026-10-12,0
881,2931,2026-10-13,0
881,2931,2026-10-14,0
881,2932,2026-09-14,0
881,2932,2026-09-15,0
881,2932,2026-09-16,0
881,2932,2026-09-17,0
881,2932,2026-09-18,0
881,2932,2026-09-19,0
881,2932,2026-09-20,0
881,2932,2026-09-21,0
881,2932,2026-09-22,0
881,2932,2026-09-23,0
881,2932,2026-09-24,0
881,2932,2026-09-25,0
881,2932,2026-09-26,0
881,2932,2026-09-27,0
881,2932,2026-09-28,0
881,2932,2026-09-29,0
881,2932,2026-09-30,0
881,2932,2026-10-01,0
881,2932,2026-10-02,0
881,2932,2026-10-03,0
881,2932,2026-10-04,0
881,2932,2026-10-05,0
881,2932,2026-10-06,0
881,2932,2026-10-07,0
881,2932,2026-10-08,0
881,2932,2026-10-09,0
881,2932,2026-10-10,0
881,2932,2026-10-11,0
881,2932,2026-10-12,0
881,2932,2026-10-13,0
881,2932,2026-10-14,0
881,2933,2026-09-14,0
881,2933,2026-09-15,0
881,2933,2026-09-16,0
881,2933,2026-09-17,0
881,2933,2026-09-18,0
881,2933,2026-09-19,0
881,2933,2026-09-20,0
881,2933,2026-09-21,0
881,2933,2026-09-22,0
881,2933,2026-09-23,0
881,2933,2026-09-24,0
881,2933,2026-09-25,0
881,2933,2026-09-26,0
881,2933,2026-09-27,0
881,2933,2026-09-28,0
881,2933,2026-09-29,0
881,2933,2026-09-30,0
881,2933,2026-10-01,0
881,2933,2026-10-02,0
881,2933,2026-10-03,0
881,2933,2026-10-04,0
881,2933,2026-10-05,0
881,2933,2026-10-06,0
881,2933,2026-10-07,0
881,2933,2026-10-08,0
881,2933,2026-10-09,0
881,2933,2026-10-10,0
881,2933,2026-10-11,0
881,2933,2026-10-12,0
881,2933,2026-10-13,0
881,2933,2026-10-14,0
881,2934,2026-09-14,0
881,2934,2026-09-15,0
881,2934,2026-09-16,0
881,2934,2026-09-17,0
881,2934,2026-09-18,0
881,2934,2026-09-19,0
881,2934,2026-09-20,0
881,2934,2026-09-21,0
881,2934,2026-09-22,0
881,2934,2026-09-23,0
881,2934,2026-09-24,0
881,2934,2026-09-25,0
881,2934,2026-09-26,0
881,2934,2026-09-27,0
881,2934,2026-09-28,0
881,2934,2026-09-29,0
881,2934,2026-09-30,0
881,2934,2026-10-01,0
881,2934,2026-10-02,0
881,2934,2026-10-03,0
881,2934,2026-10-04,0
881,2934,2026-10-05,0
881,2934,2026-10-06,0
881,2934,2026-10-07,0
881,2934,2026-10-08,0
881,2934,2026-10-09,0
881,2934,2026-10-10,0
881,2934,2026-10-11,0
881,2934,2026-10-12,0
881,2934,2026-10-13,0
881,2934,2026-10-14,0
881,2935,2026-09-14,0
881,2935,2026-09-15,0
881,2935,2026-09-16,0
881,2935,2026-09-17,0
881,2935,2026-09-18,0
881,2935,2026-09-19,0
881,2935,2026-09-20,0
881,2935,2026-09-21,0
881,2935,2026-09-22,0
881,2935,2026-09-23,0
881,2935,2026-09-24,0
881,2935,2026-09-25,0
881,2935,2026-09-26,0
881,2935,2026-09-27,0
881,2935,2026-09-28,0
881,2935,2026-09-29,0
881,2935,2026-09-30,0
881,2935,2026-10-01,0
881,2935,2026-10-02,0
881,2935,2026-10-03,0
881,2935,2026-10-04,0
881,2935,2026-10-05,0
881,2935,2026-10-06,0
881,2935,2026-10-07,0
881,2935,2026-10-08,0
881,2935,2026-10-09,0
881,2935,2026-10-10,0
881,2935,2026-10-11,0
881,2935,2026-10-12,0
881,2935,2026-10-13,0
881,2935,2026-10-14,0
881,2936,2026-09-14,0
881,2936,2026-09-15,0
881,2936,2026-09-16,0
881,2936,2026-09-17,0
881,2936,2026-09-18,0
881,2936,2026-09-19,0
881,2936,2026-09-20,0
881,2936,2026-09-21,0
881,2936,2026-09-22,0
881,2936,2026-09-23,0
881,2936,2026-09-24,0
881,2936,2026-09-25,0
881,2936,2026-09-26,0
881,2936,2026-09-27,0
881,2936,2026-09-28,0
881,2936,2026-09-29,0
881,2936,2026-09-30,0
881,2936,2026-10-01,0
881,2936,2026-10-02,0
881,2936,2026-10-03,0
881,2936,2026-10-04,0
881,2936,2026-10-05,0
881,2936,2026-10-06,0
881,2936,2026-10-07,0
881,2936,2026-10-08,0
881,2936,2026-10-09,0
881,2936,2026-10-10,0
881,2936,2026-10-11,0
881,2936,2026-10-12,0
881,2936,2026-10-13,0
881,2936,2026-10-14,0
881,2937,2026-09-14,0
881,2937,2026-09-15,0
881,2937,2026-09-16,0
881,2937,2026-09-17,0
881,2937,2026-09-18,0
881,2937,2026-09-19,0
881,2937,2026-09-20,0
881,2937,2026-09-21,0
881,2937,2026-09-22,0
881,2937,2026-09-23,0
881,2937,2026-09-24,0
881,2937,2026-09-25,0
881,2937,2026-09-26,0
881,2937,2026-09-27,0
881,2937,2026-09-28,0
881,2937,2026-09-29,0
881,2937,2026-09-30,0
881,2937,2026-10-01,0
881,2937,2026-10-02,0
881,2937,2026-10-03,0
881,2937,2026-10-04,0
881,2937,2026-10-05,0
881,2937,2026-10-06,0
881,2937,2026-10-07,0
881,2937,2026-10-08,0
881,2937,2026-10-09,0
881,2937,2026-10-10,0
881,2937,2026-10-11,0
881,2937,2026-10-12,0
881,2937,2026-10-13,0
881,2937,2026-10-14,0
881,2938,2026-09-14,0
881,2938,2026-09-15,0
881,2938,2026-09-16,0
881,2938,2026-09-17,0
881,2938,2026-09-18,0
881,2938,2026-09-19,0
881,2938,2026-09-20,0
881,2938,2026-09-21,0
881,2938,2026-09-22,0
881,2938,2026-09-23,0
881,2938,2026-09-24,0
881,2938,2026-09-25,0
881,2938,2026-09-26,0
881,2938,2026-09-27,0
881,2938,2026-09-28,0
881,2938,2026-09-29,0
881,2938,2026-09-30,0
881,2938,2026-10-01,0
881,2938,2026-10-02,0
881,2938,2026-10-03,0
881,2938,2026-10-04,0
881,2938,2026-10-05,0
881,2938,2026-10-06,0
881,2938,2026-10-07,0
881,2938,2026-10-08,0
881,2938,2026-10-09,0
881,2938,2026-10-10,0
881,2938,2026-10-11,0
881,2938,2026-10-12,0
881,2938,2026-10-13,0
881,2938,2026-10-14,0
881,2939,2026-09-14,0
881,2939,2026-09-15,0
881,2939,2026-09-16,0
881,2939,2026-09-17,0
881,2939,2026-09-18,0
881,2939,2026-09-19,0
881,2939,2026-09-20,0
881,2939,2026-09-21,0
881,2939,2026-09-22,0
881,2939,2026-09-23,0
881,2939,2026-09-24,0
881,2939,2026-09-25,0
881,2939,2026-09-26,0
881,2939,2026-09-27,0
881,2939,2026-09-28,0
881,2939,2026-09-29,0
881,2939,2026-09-30,0
881,2939,2026-10-01,0
881,2939,2026-10-02,0
881,2939,2026-10-03,0
881,2939,2026-10-04,0
881,2939,2026-10-05,0
881,2939,2026-10-06,0
881,2939,2026-10-07,0
881,2939,2026-10-08,0
881,2939,2026-10-09,0
881,2939,2026-10-10,0
881,2939,2026-10-11,0
881,2939,2026-10-12,0
881,2939,2026-10-13,0
881,2939,2026-10-14,0
881,2940,2026-09-14,0
881,2940,2026-09-15,0
881,2940,2026-09-16,0
881,2940,2026-09-17,0
881,2940,2026-09-18,0
881,2940,2026-09-19,0
881,2940,2026-09-20,0
881,2940,2026-09-21,0
881,2940,2026-09-22,0
881,2940,2026-09-23,0
881,2940,2026-09-24,0
881,2940,2026-09-25,0
881,2940,2026-09-26,0
881,2940,2026-09-27,0
881,2940,2026-09-28,0
881,2940,2026-09-29,0
881,2940,2026-09-30,0
881,2940,2026-10-01,0
881,2940,2026-10-02,0
881,2940,2026-10-03,0
881,2940,2026-10-04,0
881,2940,2026-10-05,0
881,2940,2026-10-06,0
881,2940,2026-10-07,0
881,2940,2026-10-08,0
881,2940,2026-10-09,0
881,2940,2026-10-10,0
881,2940,2026-10-11,0
881,2940,2026-10-12,0
881,2940,2026-10-13,0
881,2940,2026-10-14,0
881,2927,2026-11-13,0
881,2927,2026-11-14,0
881,2927,2026-11-15,0
881,2927,2026-11-16,0
881,2927,2026-11-17,0
881,2927,2026-11-18,0
881,2927,2026-11-19,0
881,2927,2026-11-20,0
881,2927,2026-11-21,0
881,2927,2026-11-22,0
881,2927,2026-11-23,0
881,2927,2026-11-24,0
881,2927,2026-11-25,0
881,2927,2026-11-26,0
881,2927,2026-11-27,0
881,2927,2026-11-28,0
881,2927,2026-11-29,0
881,2927,2026-11-30,0
881,2927,2026-12-01,0
881,2927,2026-12-02,0
881,2927,2026-12-03,0
881,2927,2026-12-04,0
881,2927,2026-12-05,0
881,2927,2026-12-06,0
881,2927,2026-12-07,0
881,2927,2026-12-08,0
881,2927,2026-12-09,0
881,2927,2026-12-10,0
881,2927,2026-12-11,0
881,2927,2026-12-12,0
881,2927,2026-12-13,0
881,2928,2026-11-13,0
881,2928,2026-11-14,0
881,2928,2026-11-15,0
881,2928,2026-11-16,0
881,2928,2026-11-17,0
881,2928,2026-11-18,0
881,2928,2026-11-19,0
881,2928,2026-11-20,0
881,2928,2026-11-21,0
881,2928,2026-11-22,0
881,2928,2026-11-23,0
881,2928,2026-11-24,0
881,2928,2026-11-25,0
881,2928,2026-11-26,0
881,2928,2026-11-27,0
881,2928,2026-11-28,0
881,2928,2026-11-29,0
881,2928,2026-11-30,0
881,2928,2026-12-01,0
881,2928,2026-12-02,0
881,2928,2026-12-03,0
881,2928,2026-12-04,0
881,2928,2026-12-05,0
881,2928,2026-12-06,0
881,2928,2026-12-07,0
881,2928,2026-12-08,0
881,2928,2026-12-09,0
881,2928,2026-12-10,0
881,2928,2026-12-11,0
881,2928,2026-12-12,0
881,2928,2026-12-13,0
881,2929,2026-11-13,0
881,2929,2026-11-14,0
881,2929,2026-11-15,0
881,2929,2026-11-16,0
881,2929,2026-11-17,0
881,2929,2026-11-18,0
881,2929,2026-11-19,0
881,2929,2026-11-20,0
881,2929,2026-11-21,0
881,2929,2026-11-22,0
881,2929,2026-11-23,0
881,2929,2026-11-24,0
881,2929,2026-11-25,0
881,2929,2026-11-26,0
881,2929,2026-11-27,0
881,2929,2026-11-28,0
881,2929,2026-11-29,0
881,2929,2026-11-30,0
881,2929,2026-12-01,0
881,2929,2026-12-02,0
881,2929,2026-12-03,0
881,2929,2026-12-04,0
881,2929,2026-12-05,0
881,2929,2026-12-06,0
881,2929,2026-12-07,0
881,2929,2026-12-08,0
881,2929,2026-12-09,0
881,2929,2026-12-10,0
881,2929,2026-12-11,0
881,2929,2026-12-12,0
881,2929,2026-12-13,0
881,2930,2026-11-13,0
881,2930,2026-11-14,0
881,2930,2026-11-15,0
881,2930,2026-11-16,0
881,2930,2026-11-17,0
881,2930,2026-11-18,0
881,2930,2026-11-19,0
881,2930,2026-11-20,0
881,2930,2026-11-21,0
881,2930,2026-11-22,0
881,2930,2026-11-23,0
881,2930,2026-11-24,0
881,2930,2026-11-25,0
881,2930,2026-11-26,0
881,2930,2026-11-27,0
881,2930,2026-11-28,0
881,2930,2026-11-29,0
881,2930,2026-11-30,0
881,2930,2026-12-01,0
881,2930,2026-12-02,0
881,2930,2026-12-03,0
881,2930,2026-12-04,0
881,2930,2026-12-05,0
881,2930,2026-12-06,0
881,2930,2026-12-07,0
881,2930,2026-12-08,0
881,2930,2026-12-09,0
881,2930,2026-12-10,0
881,2930,2026-12-11,0
881,2930,2026-12-12,0
881,2930,2026-12-13,0
881,2931,2026-11-13,0
881,2931,2026-11-14,0
881,2931,2026-11-15,0
881,2931,2026-11-16,0
881,2931,2026-11-17,0
881,2931,2026-11-18,0
881,2931,2026-11-19,0
881,2931,2026-11-20,0
881,2931,2026-11-21,0
881,2931,2026-11-22,0
881,2931,2026-11-23,0
881,2931,2026-11-24,0
881,2931,2026-11-25,0
881,2931,2026-11-26,0
881,2931,2026-11-27,0
881,2931,2026-11-28,0
881,2931,2026-11-29,0
881,2931,2026-11-30,0
881,2931,2026-12-01,0
881,2931,2026-12-02,0
881,2931,2026-12-03,0
881,2931,2026-12-04,0
881,2931,2026-12-05,0
881,2931,2026-12-06,0
881,2931,2026-12-07,0
881,2931,2026-12-08,0
881,2931,2026-12-09,0
881,2931,2026-12-10,0
881,2931,2026-12-11,0
881,2931,2026-12-12,0
881,2931,2026-12-13,0
881,2932,2026-11-13,0
881,2932,2026-11-14,0
881,2932,2026-11-15,0
881,2932,2026-11-16,0
881,2932,2026-11-17,0
881,2932,2026-11-18,0
881,2932,2026-11-19,0
881,2932,2026-11-20,0
881,2932,2026-11-21,0
881,2932,2026-11-22,0
881,2932,2026-11-23,0
881,2932,2026-11-24,0
881,2932,2026-11-25,0
881,2932,2026-11-26,0
881,2932,2026-11-27,0
881,2932,2026-11-28,0
881,2932,2026-11-29,0
881,2932,2026-11-30,0
881,2932,2026-12-01,0
881,2932,2026-12-02,0
881,2932,2026-12-03,0
881,2932,2026-12-04,0
881,2932,2026-12-05,0
881,2932,2026-12-06,0
881,2932,2026-12-07,0
881,2932,2026-12-08,0
881,2932,2026-12-09,0
881,2932,2026-12-10,0
881,2932,2026-12-11,0
881,2932,2026-12-12,0
881,2932,2026-12-13,0
881,2933,2026-11-13,0
881,2933,2026-11-14,0
881,2933,2026-11-15,0
881,2933,2026-11-16,0
881,2933,2026-11-17,0
881,2933,2026-11-18,0
881,2933,2026-11-19,0
881,2933,2026-11-20,0
881,2933,2026-11-21,0
881,2933,2026-11-22,0
881,2933,2026-11-23,0
881,2933,2026-11-24,0
881,2933,2026-11-25,0
881,2933,2026-11-26,0
881,2933,2026-11-27,0
881,2933,2026-11-28,0
881,2933,2026-11-29,0
881,2933,2026-11-30,0
881,2933,2026-12-01,0
881,2933,2026-12-02,0
881,2933,2026-12-03,0
881,2933,2026-12-04,0
881,2933,2026-12-05,0
881,2933,2026-12-06,0
881,2933,2026-12-07,0
881,2933,2026-12-08,0
881,2933,2026-12-09,0
881,2933,2026-12-10,0
881,2933,2026-12-11,0
881,2933,2026-12-12,0
881,2933,2026-12-13,0
881,2934,2026-11-13,0
881,2934,2026-11-14,0
881,2934,2026-11-15,0
881,2934,2026-11-16,0
881,2934,2026-11-17,0
881,2934,2026-11-18,0
881,2934,2026-11-19,0
881,2934,2026-11-20,0
881,2934,2026-11-21,0
881,2934,2026-11-22,0
881,2934,2026-11-23,0
881,2934,2026-11-24,0
881,2934,2026-11-25,0
881,2934,2026-11-26,0
881,2934,2026-11-27,0
881,2934,2026-11-28,0
881,2934,2026-11-29,0
881,2934,2026-11-30,0
881,2934,2026-12-01,0
881,2934,2026-12-02,0
881,2934,2026-12-03,0
881,2934,2026-12-04,0
881,2934,2026-12-05,0
881,2934,2026-12-06,0
881,2934,2026-12-07,0
881,2934,2026-12-08,0
881,2934,2026-12-09,0
881,2934,2026-12-10,0
881,2934,2026-12-11,0
881,2934,2026-12-12,0
881,2934,2026-12-13,0
881,2935,2026-11-13,0
881,2935,2026-11-14,0
881,2935,2026-11-15,0
881,2935,2026-11-16,0
881,2935,2026-11-17,0
881,2935,2026-11-18,0
881,2935,2026-11-19,0
881,2935,2026-11-20,0
881,2935,2026-11-21,0
881,2935,2026-11-22,0
881,2935,2026-11-23,0
881,2935,2026-11-24,0
881,2935,2026-11-25,0
881,2935,2026-11-26,0
881,2935,2026-11-27,0
881,2935,2026-11-28,0
881,2935,2026-11-29,0
881,2935,2026-11-30,0
881,2935,2026-12-01,0
881,2935,2026-12-02,0
881,2935,2026-12-03,0
881,2935,2026-12-04,0
881,2935,2026-12-05,0
881,2935,2026-12-06,0
881,2935,2026-12-07,0
881,2935,2026-12-08,0
881,2935,2026-12-09,0
881,2935,2026-12-10,0
881,2935,2026-12-11,0
881,2935,2026-12-12,0
881,2935,2026-12-13,0
881,2936,2026-11-13,0
881,2936,2026-11-14,0
881,2936,2026-11-15,0
881,2936,2026-11-16,0
881,2936,2026-11-17,0
881,2936,2026-11-18,0
881,2936,2026-11-19,0
881,2936,2026-11-20,0
881,2936,2026-11-21,0
881,2936,2026-11-22,0
881,2936,2026-11-23,0
881,2936,2026-11-24,0
881,2936,2026-11-25,0
881,2936,2026-11-26,0
881,2936,2026-11-27,0
881,2936,2026-11-28,0
881,2936,2026-11-29,0
881,2936,2026-11-30,0
881,2936,2026-12-01,0
881,2936,2026-12-02,0
881,2936,2026-12-03,0
881,2936,2026-12-04,0
881,2936,2026-12-05,0
881,2936,2026-12-06,0
881,2936,2026-12-07,0
881,2936,2026-12-08,0
881,2936,2026-12-09,0
881,2936,2026-12-10,0
881,2936,2026-12-11,0
881,2936,2026-12-12,0
881,2936,2026-12-13,0
881,2937,2026-11-13,0
881,2937,2026-11-14,0
881,2937,2026-11-15,0
881,2937,2026-11-16,0
881,2937,2026-11-17,0
881,2937,2026-11-18,0
881,2937,2026-11-19,0
881,2937,2026-11-20,0
881,2937,2026-11-21,0
881,2937,2026-11-22,0
881,2937,2026-11-23,0
881,2937,2026-11-24,0
881,2937,2026-11-25,0
881,2937,2026-11-26,0
881,2937,2026-11-27,0
881,2937,2026-11-28,0
881,2937,2026-11-29,0
881,2937,2026-11-30,0
881,2937,2026-12-01,0
881,2937,2026-12-02,0
881,2937,2026-12-03,0
881,2937,2026-12-04,0
881,2937,2026-12-05,0
881,2937,2026-12-06,0
881,2937,2026-12-07,0
881,2937,2026-12-08,0
881,2937,2026-12-09,0
881,2937,2026-12-10,0
881,2937,2026-12-11,0
881,2937,2026-12-12,0
881,2937,2026-12-13,0
881,2938,2026-11-13,0
881,2938,2026-11-14,0
881,2938,2026-11-15,0
881,2938,2026-11-16,0
881,2938,2026-11-17,0
881,2938,2026-11-18,0
881,2938,2026-11-19,0
881,2938,2026-11-20,0
881,2938,2026-11-21,0
881,2938,2026-11-22,0
881,2938,2026-11-23,0
881,2938,2026-11-24,0
881,2938,2026-11-25,0
881,2938,2026-11-26,0
881,2938,2026-11-27,0
881,2938,2026-11-28,0
881,2938,2026-11-29,0
881,2938,2026-11-30,0
881,2938,2026-12-01,0
881,2938,2026-12-02,0
881,2938,2026-12-03,0
881,2938,2026-12-04,0
881,2938,2026-12-05,0
881,2938,2026-12-06,0
881,2938,2026-12-07,0
881,2938,2026-12-08,0
881,2938,2026-12-09,0
881,2938,2026-12-10,0
881,2938,2026-12-11,0
881,2938,2026-12-12,0
881,2938,2026-12-13,0
881,2939,2026-11-13,0
881,2939,2026-11-14,0
881,2939,2026-11-15,0
881,2939,2026-11-16,0
881,2939,2026-11-17,0
881,2939,2026-11-18,0
881,2939,2026-11-19,0
881,2939,2026-11-20,0
881,2939,2026-11-21,0
881,2939,2026-11-22,0
881,2939,2026-11-23,0
881,2939,2026-11-24,0
881,2939,2026-11-25,0
881,2939,2026-11-26,0
881,2939,2026-11-27,0
881,2939,2026-11-28,0
881,2939,2026-11-29,0
881,2939,2026-11-30,0
881,2939,2026-12-01,0
881,2939,2026-12-02,0
881,2939,2026-12-03,0
881,2939,2026-12-04,0
881,2939,2026-12-05,0
881,2939,2026-12-06,0
881,2939,2026-12-07,0
881,2939,2026-12-08,0
881,2939,2026-12-09,0
881,2939,2026-12-10,0
881,2939,2026-12-11,0
881,2939,2026-12-12,0
881,2939,2026-12-13,0
881,2940,2026-11-13,0
881,2940,2026-11-14,0
881,2940,2026-11-15,0
881,2940,2026-11-16,0
881,2940,2026-11-17,0
881,2940,2026-11-18,0
881,2940,2026-11-19,0
881,2940,2026-11-20,0
881,2940,2026-11-21,0
881,2940,2026-11-22,0
881,2940,2026-11-23,0
881,2940,2026-11-24,0
881,2940,2026-11-25,0
881,2940,2026-11-26,0
881,2940,2026-11-27,0
881,2940,2026-11-28,0
881,2940,2026-11-29,0
881,2940,2026-11-30,0
881,2940,2026-12-01,0
881,2940,2026-12-02,0
881,2940,2026-12-03,0
881,2940,2026-12-04,0
881,2940,2026-12-05,0
881,2940,2026-12-06,0
881,2940,2026-12-07,0
881,2940,2026-12-08,0
881,2940,2026-12-09,0
881,2940,2026-12-10,0
881,2940,2026-12-11,0
881,2940,2026-12-12,0
881,2940,2026-12-13,0
881,2927,2027-01-12,0
881,2927,2027-01-13,0
881,2927,2027-01-14,0
881,2927,2027-01-15,0
881,2927,2027-01-16,0
881,2927,2027-01-17,0
881,2927,2027-01-18,0
881,2927,2027-01-19,0
881,2927,2027-01-20,0
881,2927,2027-01-21,0
881,2927,2027-01-22,0
881,2927,2027-01-23,0
881,2927,2027-01-24,0
881,2927,2027-01-25,0
881,2927,2027-01-26,0
881,2927,2027-01-27,0
881,2927,2027-01-28,0
881,2927,2027-01-29,0
881,2927,2027-01-30,0
881,2927,2027-01-31,0
881,2927,2027-02-01,0
881,2927,2027-02-02,0
881,2927,2027-02-03,0
881,2927,2027-02-04,0
881,2927,2027-02-05,0
881,2927,2027-02-06,0
881,2927,2027-02-07,0
881,2927,2027-02-08,0
881,2927,2027-02-09,0
881,2927,2027-02-10,0
881,2927,2027-02-11,0
881,2928,2027-01-12,0
881,2928,2027-01-13,0
881,2928,2027-01-14,0
881,2928,2027-01-15,0
881,2928,2027-01-16,0
881,2928,2027-01-17,0
881,2928,2027-01-18,0
881,2928,2027-01-19,0
881,2928,2027-01-20,0
881,2928,2027-01-21,0
881,2928,2027-01-22,0
881,2928,2027-01-23,0
881,2928,2027-01-24,0
881,2928,2027-01-25,0
881,2928,2027-01-26,0
881,2928,2027-01-27,0
881,2928,2027-01-28,0
881,2928,2027-01-29,0
881,2928,2027-01-30,0
881,2928,2027-01-31,0
881,2928,2027-02-01,0
881,2928,2027-02-02,0
881,2928,2027-02-03,0
881,2928,2027-02-04,0
881,2928,2027-02-05,0
881,2928,2027-02-06,0
881,2928,2027-02-07,0
881,2928,2027-02-08,0
881,2928,2027-02-09,0
881,2928,2027-02-10,0
881,2928,2027-02-11,0
881,2929,2027-01-12,0
881,2929,2027-01-13,0
881,2929,2027-01-14,0
881,2929,2027-01-15,0
881,2929,2027-01-16,0
881,2929,2027-01-17,0
881,2929,2027-01-18,0
881,2929,2027-01-19,0
881,2929,2027-01-20,0
881,2929,2027-01-21,0
881,2929,2027-01-22,0
881,2929,2027-01-23,0
881,2929,2027-01-24,0
881,2929,2027-01-25,0
881,2929,2027-01-26,0
881,2929,2027-01-27,0
881,2929,2027-01-28,0
881,2929,2027-01-29,0
881,2929,2027-01-30,0
881,2929,2027-01-31,0
881,2929,2027-02-01,0
881,2929,2027-02-02,0
881,2929,2027-02-03,0
881,2929,2027-02-04,0
881,2929,2027-02-05,0
881,2929,2027-02-06,0
881,2929,2027-02-07,0
881,2929,2027-02-08,0
881,2929,2027-02-09,0
881,2929,2027-02-10,0
881,2929,2027-02-11,0
881,2930,2027-01-12,0
881,2930,2027-01-13,0
881,2930,2027-01-14,0
881,2930,2027-01-15,0
881,2930,2027-01-16,0
881,2930,2027-01-17,0
881,2930,2027-01-18,0
881,2930,2027-01-19,0
881,2930,2027-01-20,0
881,2930,2027-01-21,0
881,2930,2027-01-22,0
881,2930,2027-01-23,0
881,2930,2027-01-24,0
881,2930,2027-01-25,0
881,2930,2027-01-26,0
881,2930,2027-01-27,0
881,2930,2027-01-28,0
881,2930,2027-01-29,0
881,2930,2027-01-30,0
881,2930,2027-01-31,0
881,2930,2027-02-01,0
881,2930,2027-02-02,0
881,2930,2027-02-03,0
881,2930,2027-02-04,0
881,2930,2027-02-05,0
881,2930,2027-02-06,0
881,2930,2027-02-07,0
881,2930,2027-02-08,0
881,2930,2027-02-09,0
881,2930,2027-02-10,0
881,2930,2027-02-11,0
881,2931,2027-01-12,0
881,2931,2027-01-13,0
881,2931,2027-01-14,0
881,2931,2027-01-15,0
881,2931,2027-01-16,0
881,2931,2027-01-17,0
881,2931,2027-01-18,0
881,2931,2027-01-19,0
881,2931,2027-01-20,0
881,2931,2027-01-21,0
881,2931,2027-01-22,0
881,2931,2027-01-23,0
881,2931,2027-01-24,0
881,2931,2027-01-25,0
881,2931,2027-01-26,0
881,2931,2027-01-27,0
881,2931,2027-01-28,0
881,2931,2027-01-29,0
881,2931,2027-01-30,0
881,2931,2027-01-31,0
881,2931,2027-02-01,0
881,2931,2027-02-02,0
881,2931,2027-02-03,0
881,2931,2027-02-04,0
881,2931,2027-02-05,0
881,2931,2027-02-06,0
881,2931,2027-02-07,0
881,2931,2027-02-08,0
881,2931,2027-02-09,0
881,2931,2027-02-10,0
881,2931,2027-02-11,0
881,2932,2027-01-12,0
881,2932,2027-01-13,0
881,2932,2027-01-14,0
881,2932,2027-01-15,0
881,2932,2027-01-16,0
881,2932,2027-01-17,0
881,2932,2027-01-18,0
881,2932,2027-01-19,0
881,2932,2027-01-20,0
881,2932,2027-01-21,0
881,2932,2027-01-22,0
881,2932,2027-01-23,0
881,2932,2027-01-24,0
881,2932,2027-01-25,0
881,2932,2027-01-26,0
881,2932,2027-01-27,0
881,2932,2027-01-28,0
881,2932,2027-01-29,0
881,2932,2027-01-30,0
881,2932,2027-01-31,0
881,2932,2027-02-01,0
881,2932,2027-02-02,0
881,2932,2027-02-03,0
881,2932,2027-02-04,0
881,2932,2027-02-05,0
881,2932,2027-02-06,0
881,2932,2027-02-07,0
881,2932,2027-02-08,0
881,2932,2027-02-09,0
881,2932,2027-02-10,0
881,2932,2027-02-11,0
881,2933,2027-01-12,0
881,2933,2027-01-13,0
881,2933,2027-01-14,0
881,2933,2027-01-15,0
881,2933,2027-01-16,0
881,2933,2027-01-17,0
881,2933,2027-01-18,0
881,2933,2027-01-19,0
881,2933,2027-01-20,0
881,2933,2027-01-21,0
881,2933,2027-01-22,0
881,2933,2027-01-23,0
881,2933,2027-01-24,0
881,2933,2027-01-25,0
881,2933,2027-01-26,0
881,2933,2027-01-27,0
881,2933,2027-01-28,0
881,2933,2027-01-29,0
881,2933,2027-01-30,0
881,2933,2027-01-31,0
881,2933,2027-02-01,0
881,2933,2027-02-02,0
881,2933,2027-02-03,0
881,2933,2027-02-04,0
881,2933,2027-02-05,0
881,2933,2027-02-06,0
881,2933,2027-02-07,0
881,2933,2027-02-08,0
881,2933,2027-02-09,0
881,2933,2027-02-10,0
881,2933,2027-02-11,0
881,2934,2027-01-12,0
881,2934,2027-01-13,0
881,2934,2027-01-14,0
881,2934,2027-01-15,0
881,2934,2027-01-16,0
881,2934,2027-01-17,0
881,2934,2027-01-18,0
881,2934,2027-01-19,0
881,2934,2027-01-20,0
881,2934,2027-01-21,0
881,2934,2027-01-22,0
881,2934,2027-01-23,0
881,2934,2027-01-24,0
881,2934,2027-01-25,0
881,2934,2027-01-26,0
881,2934,2027-01-27,0
881,2934,2027-01-28,0
881,2934,2027-01-29,0
881,2934,2027-01-30,0
881,2934,2027-01-31,0
881,2934,2027-02-01,0
881,2934,2027-02-02,0
881,2934,2027-02-03,0
881,2934,2027-02-04,0
881,2934,2027-02-05,0
881,2934,2027-02-06,0
881,2934,2027-02-07,0
881,2934,2027-02-08,0
881,2934,2027-02-09,0
881,2934,2027-02-10,0
881,2934,2027-02-11,0
881,2935,2027-01-12,0
881,2935,2027-01-13,0
881,2935,2027-01-14,0
881,2935,2027-01-15,0
881,2935,2027-01-16,0
881,2935,2027-01-17,0
881,2935,2027-01-18,0
881,2935,2027-01-19,0
881,2935,2027-01-20,0
881,2935,2027-01-21,0
881,2935,2027-01-22,0
881,2935,2027-01-23,0
881,2935,2027-01-24,0
881,2935,2027-01-25,0
881,2935,2027-01-26,0
881,2935,2027-01-27,0
881,2935,2027-01-28,0
881,2935,2027-01-29,0
881,2935,2027-01-30,0
881,2935,2027-01-31,0
881,2935,2027-02-01,0
881,2935,2027-02-02,0
881,2935,2027-02-03,0
881,2935,2027-02-04,0
881,2935,2027-02-05,0
881,2935,2027-02-06,0
881,2935,2027-02-07,0
881,2935,2027-02-08,0
881,2935,2027-02-09,0
881,2935,2027-02-10,0
881,2935,2027-02-11,0
881,2936,2027-01-12,0
881,2936,2027-01-13,0
881,2936,2027-01-14,0
881,2936,2027-01-15,0
881,2936,2027-01-16,0
881,2936,2027-01-17,0
881,2936,2027-01-18,0
881,2936,2027-01-19,0
881,2936,2027-01-20,0
881,2936,2027-01-21,0
881,2936,2027-01-22,0
881,2936,2027-01-23,0
881,2936,2027-01-24,0
881,2936,2027-01-25,0
881,2936,2027-01-26,0
881,2936,2027-01-27,0
881,2936,2027-01-28,0
881,2936,2027-01-29,0
881,2936,2027-01-30,0
881,2936,2027-01-31,0
881,2936,2027-02-01,0
881,2936,2027-02-02,0
881,2936,2027-02-03,0
881,2936,2027-02-04,0
881,2936,2027-02-05,0
881,2936,2027-02-06,0
881,2936,2027-02-07,0
881,2936,2027-02-08,0
881,2936,2027-02-09,0
881,2936,2027-02-10,0
881,2936,2027-02-11,0
881,2937,2027-01-12,0
881,2937,2027-01-13,0
881,2937,2027-01-14,0
881,2937,2027-01-15,0
881,2937,2027-01-16,0
881,2937,2027-01-17,0
881,2937,2027-01-18,0
881,2937,2027-01-19,0
881,2937,2027-01-20,0
881,2937,2027-01-21,0
881,2937,2027-01-22,0
881,2937,2027-01-23,0
881,2937,2027-01-24,0
881,2937,2027-01-25,0
881,2937,2027-01-26,0
881,2937,2027-01-27,0
881,2937,2027-01-28,0
881,2937,2027-01-29,0
881,2937,2027-01-30,0
881,2937,2027-01-31,0
881,2937,2027-02-01,0
881,2937,2027-02-02,0
881,2937,2027-02-03,0
881,2937,2027-02-04,0
881,2937,2027-02-05,0
881,2937,2027-02-06,0
881,2937,2027-02-07,0
881,2937,2027-02-08,0
881,2937,2027-02-09,0
881,2937,2027-02-10,0
881,2937,2027-02-11,0
881,2938,2027-01-12,0
881,2938,2027-01-13,0
881,2938,2027-01-14,0
881,2938,2027-01-15,0
881,2938,2027-01-16,0
881,2938,2027-01-17,0
881,2938,2027-01-18,0
881,2938,2027-01-19,0
881,2938,2027-01-20,0
881,2938,2027-01-21,0
881,2938,2027-01-22,0
881,2938,2027-01-23,0
881,2938,2027-01-24,0
881,2938,2027-01-25,0
881,2938,2027-01-26,0
881,2938,2027-01-27,0
881,2938,2027-01-28,0
881,2938,2027-01-29,0
881,2938,2027-01-30,0
881,2938,2027-01-31,0
881,2938,2027-02-01,0
881,2938,2027-02-02,0
881,2938,2027-02-03,0
881,2938,2027-02-04,0
881,2938,2027-02-05,0
881,2938,2027-02-06,0
881,2938,2027-02-07,0
881,2938,2027-02-08,0
881,2938,2027-02-09,0
881,2938,2027-02-10,0
881,2938,2027-02-11,0
881,2939,2027-01-12,0
881,2939,2027-01-13,0
881,2939,2027-01-14,0
881,2939,2027-01-15,0
881,2939,2027-01-16,0
881,2939,2027-01-17,0
881,2939,2027-01-18,0
881,2939,2027-01-19,0
881,2939,2027-01-20,0
881,2939,2027-01-21,0
881,2939,2027-01-22,0
881,2939,2027-01-23,0
881,2939,2027-01-24,0
881,2939,2027-01-25,0
881,2939,2027-01-26,0
881,2939,2027-01-27,0
881,2939,2027-01-28,0
881,2939,2027-01-29,0
881,2939,2027-01-30,0
881,2939,2027-01-31,0
881,2939,2027-02-01,0
881,2939,2027-02-02,0
881,2939,2027-02-03,0
881,2939,2027-02-04,0
881,2939,2027-02-05,0
881,2939,2027-02-06,0
881,2939,2027-02-07,0
881,2939,2027-02-08,0
881,2939,2027-02-09,0
881,2939,2027-02-10,0
881,2939,2027-02-11,0
881,2940,2027-01-12,0
881,2940,2027-01-13,0
881,2940,2027-01-14,0
881,2940,2027-01-15,0
881,2940,2027-01-16,0
881,2940,2027-01-17,0
881,2940,2027-01-18,0
881,2940,2027-01-19,0
881,2940,2027-01-20,0
881,2940,2027-01-21,0
881,2940,2027-01-22,0
881,2940,2027-01-23,0
881,2940,2027-01-24,0
881,2940,2027-01-25,0
881,2940,2027-01-26,0
881,2940,2027-01-27,0
881,2940,2027-01-28,0
881,2940,2027-01-29,0
881,2940,2027-01-30,0
881,2940,2027-01-31,0
881,2940,2027-02-01,0
881,2940,2027-02-02,0
881,2940,2027-02-03,0
881,2940,2027-02-04,0
881,2940,2027-02-05,0
881,2940,2027-02-06,0
881,2940,2027-02-07,0
881,2940,2027-02-08,0
881,2940,2027-02-09,0
881,2940,2027-02-10,0
881,2940,2027-02-11,0
881,2927,2026-12-13,0
881,2927,2026-12-14,0
881,2927,2026-12-15,0
881,2927,2026-12-16,0
881,2927,2026-12-17,0
881,2927,2026-12-18,0
881,2927,2026-12-19,0
881,2927,2026-12-20,0
881,2927,2026-12-21,0
881,2927,2026-12-22,0
881,2927,2026-12-23,0
881,2927,2026-12-24,0
881,2927,2026-12-25,0
881,2927,2026-12-26,0
881,2927,2026-12-27,0
881,2927,2026-12-28,0
881,2927,2026-12-29,0
881,2927,2026-12-30,0
881,2927,2026-12-31,0
881,2927,2027-01-01,0
881,2927,2027-01-02,0
881,2927,2027-01-03,0
881,2927,2027-01-04,0
881,2927,2027-01-05,0
881,2927,2027-01-06,0
881,2927,2027-01-07,0
881,2927,2027-01-08,0
881,2927,2027-01-09,0
881,2927,2027-01-10,0
881,2927,2027-01-11,0
881,2927,2027-01-12,0
881,2928,2026-12-13,0
881,2928,2026-12-14,0
881,2928,2026-12-15,0
881,2928,2026-12-16,0
881,2928,2026-12-17,0
881,2928,2026-12-18,0
881,2928,2026-12-19,0
881,2928,2026-12-20,0
881,2928,2026-12-21,0
881,2928,2026-12-22,0
881,2928,2026-12-23,0
881,2928,2026-12-24,0
881,2928,2026-12-25,0
881,2928,2026-12-26,0
881,2928,2026-12-27,0
881,2928,2026-12-28,0
881,2928,2026-12-29,0
881,2928,2026-12-30,0
881,2928,2026-12-31,0
881,2928,2027-01-01,0
881,2928,2027-01-02,0
881,2928,2027-01-03,0
881,2928,2027-01-04,0
881,2928,2027-01-05,0
881,2928,2027-01-06,0
881,2928,2027-01-07,0
881,2928,2027-01-08,0
881,2928,2027-01-09,0
881,2928,2027-01-10,0
881,2928,2027-01-11,0
881,2928,2027-01-12,0
881,2929,2026-12-13,0
881,2929,2026-12-14,0
881,2929,2026-12-15,0
881,2929,2026-12-16,0
881,2929,2026-12-17,0
881,2929,2026-12-18,0
881,2929,2026-12-19,0
881,2929,2026-12-20,0
881,2929,2026-12-21,0
881,2929,2026-12-22,0
881,2929,2026-12-23,0
881,2929,2026-12-24,0
881,2929,2026-12-25,0
881,2929,2026-12-26,0
881,2929,2026-12-27,0
881,2929,2026-12-28,0
881,2929,2026-12-29,0
881,2929,2026-12-30,0
881,2929,2026-12-31,0
881,2929,2027-01-01,0
881,2929,2027-01-02,0
881,2929,2027-01-03,0
881,2929,2027-01-04,0
881,2929,2027-01-05,0
881,2929,2027-01-06,0
881,2929,2027-01-07,0
881,2929,2027-01-08,0
881,2929,2027-01-09,0
881,2929,2027-01-10,0
881,2929,2027-01-11,0
881,2929,2027-01-12,0
881,2930,2026-12-13,0
881,2930,2026-12-14,0
881,2930,2026-12-15,0
881,2930,2026-12-16,0
881,2930,2026-12-17,0
881,2930,2026-12-18,0
881,2930,2026-12-19,0
881,2930,2026-12-20,0
881,2930,2026-12-21,0
881,2930,2026-12-22,0
881,2930,2026-12-23,0
881,2930,2026-12-24,0
881,2930,2026-12-25,0
881,2930,2026-12-26,0
881,2930,2026-12-27,0
881,2930,2026-12-28,0
881,2930,2026-12-29,0
881,2930,2026-12-30,0
881,2930,2026-12-31,0
881,2930,2027-01-01,0
881,2930,2027-01-02,0
881,2930,2027-01-03,0
881,2930,2027-01-04,0
881,2930,2027-01-05,0
881,2930,2027-01-06,0
881,2930,2027-01-07,0
881,2930,2027-01-08,0
881,2930,2027-01-09,0
881,2930,2027-01-10,0
881,2930,2027-01-11,0
881,2930,2027-01-12,0
881,2931,2026-12-13,0
881,2931,2026-12-14,0
881,2931,2026-12-15,0
881,2931,2026-12-16,0
881,2931,2026-12-17,0
881,2931,2026-12-18,0
881,2931,2026-12-19,0
881,2931,2026-12-20,0
881,2931,2026-12-21,0
881,2931,2026-12-22,0
881,2931,2026-12-23,0
881,2931,2026-12-24,0
881,2931,2026-12-25,0
881,2931,2026-12-26,0
881,2931,2026-12-27,0
881,2931,2026-12-28,0
881,2931,2026-12-29,0
881,2931,2026-12-30,0
881,2931,2026-12-31,0
881,2931,2027-01-01,0
881,2931,2027-01-02,0
881,2931,2027-01-03,0
881,2931,2027-01-04,0
881,2931,2027-01-05,0
881,2931,2027-01-06,0
881,2931,2027-01-07,0
881,2931,2027-01-08,0
881,2931,2027-01-09,0
881,2931,2027-01-10,0
881,2931,2027-01-11,0
881,2931,2027-01-12,0
881,2932,2026-12-13,0
881,2932,2026-12-14,0
881,2932,2026-12-15,0
881,2932,2026-12-16,0
881,2932,2026-12-17,0
881,2932,2026-12-18,0
881,2932,2026-12-19,0
881,2932,2026-12-20,0
881,2932,2026-12-21,0
881,2932,2026-12-22,0
881,2932,2026-12-23,0
881,2932,2026-12-24,0
881,2932,2026-12-25,0
881,2932,2026-12-26,0
881,2932,2026-12-27,0
881,2932,2026-12-28,0
881,2932,2026-12-29,0
881,2932,2026-12-30,0
881,2932,2026-12-31,0
881,2932,2027-01-01,0
881,2932,2027-01-02,0
881,2932,2027-01-03,0
881,2932,2027-01-04,0
881,2932,2027-01-05,0
881,2932,2027-01-06,0
881,2932,2027-01-07,0
881,2932,2027-01-08,0
881,2932,2027-01-09,0
881,2932,2027-01-10,0
881,2932,2027-01-11,0
881,2932,2027-01-12,0
881,2933,2026-12-13,0
881,2933,2026-12-14,0
881,2933,2026-12-15,0
881,2933,2026-12-16,0
881,2933,2026-12-17,0
881,2933,2026-12-18,0
881,2933,2026-12-19,0
881,2933,2026-12-20,0
881,2933,2026-12-21,0
881,2933,2026-12-22,0
881,2933,2026-12-23,0
881,2933,2026-12-24,0
881,2933,2026-12-25,0
881,2933,2026-12-26,0
881,2933,2026-12-27,0
881,2933,2026-12-28,0
881,2933,2026-12-29,0
881,2933,2026-12-30,0
881,2933,2026-12-31,0
881,2933,2027-01-01,0
881,2933,2027-01-02,0
881,2933,2027-01-03,0
881,2933,2027-01-04,0
881,2933,2027-01-05,0
881,2933,2027-01-06,0
881,2933,2027-01-07,0
881,2933,2027-01-08,0
881,2933,2027-01-09,0
881,2933,2027-01-10,0
881,2933,2027-01-11,0
881,2933,2027-01-12,0
881,2934,2026-12-13,0
881,2934,2026-12-14,0
881,2934,2026-12-15,0
881,2934,2026-12-16,0
881,2934,2026-12-17,0
881,2934,2026-12-18,0
881,2934,2026-12-19,0
881,2934,2026-12-20,0
881,2934,2026-12-21,0
881,2934,2026-12-22,0
881,2934,2026-12-23,0
881,2934,2026-12-24,0
881,2934,2026-12-25,0
881,2934,2026-12-26,0
881,2934,2026-12-27,0
881,2934,2026-12-28,0
881,2934,2026-12-29,0
881,2934,2026-12-30,0
881,2934,2026-12-31,0
881,2934,2027-01-01,0
881,2934,2027-01-02,0
881,2934,2027-01-03,0
881,2934,2027-01-04,0
881,2934,2027-01-05,0
881,2934,2027-01-06,0
881,2934,2027-01-07,0
881,2934,2027-01-08,0
881,2934,2027-01-09,0
881,2934,2027-01-10,0
881,2934,2027-01-11,0
881,2934,2027-01-12,0
881,2935,2026-12-13,0
881,2935,2026-12-14,0
881,2935,2026-12-15,0
881,2935,2026-12-16,0
881,2935,2026-12-17,0
881,2935,2026-12-18,0
881,2935,2026-12-19,0
881,2935,2026-12-20,0
881,2935,2026-12-21,0
881,2935,2026-12-22,0
881,2935,2026-12-23,0
881,2935,2026-12-24,0
881,2935,2026-12-25,0
881,2935,2026-12-26,0
881,2935,2026-12-27,0
881,2935,2026-12-28,0
881,2935,2026-12-29,0
881,2935,2026-12-30,0
881,2935,2026-12-31,0
881,2935,2027-01-01,0
881,2935,2027-01-02,0
881,2935,2027-01-03,0
881,2935,2027-01-04,0
881,2935,2027-01-05,0
881,2935,2027-01-06,0
881,2935,2027-01-07,0
881,2935,2027-01-08,0
881,2935,2027-01-09,0
881,2935,2027-01-10,0
881,2935,2027-01-11,0
881,2935,2027-01-12,0
881,2936,2026-12-13,0
881,2936,2026-12-14,0
881,2936,2026-12-15,0
881,2936,2026-12-16,0
881,2936,2026-12-17,0
881,2936,2026-12-18,0
881,2936,2026-12-19,0
881,2936,2026-12-20,0
881,2936,2026-12-21,0
881,2936,2026-12-22,0
881,2936,2026-12-23,0
881,2936,2026-12-24,0
881,2936,2026-12-25,0
881,2936,2026-12-26,0
881,2936,2026-12-27,0
881,2936,2026-12-28,0
881,2936,2026-12-29,0
881,2936,2026-12-30,0
881,2936,2026-12-31,0
881,2936,2027-01-01,0
881,2936,2027-01-02,0
881,2936,2027-01-03,0
881,2936,2027-01-04,0
881,2936,2027-01-05,0
881,2936,2027-01-06,0
881,2936,2027-01-07,0
881,2936,2027-01-08,0
881,2936,2027-01-09,0
881,2936,2027-01-10,0
881,2936,2027-01-11,0
881,2936,2027-01-12,0
881,2937,2026-12-13,0
881,2937,2026-12-14,0
881,2937,2026-12-15,0
881,2937,2026-12-16,0
881,2937,2026-12-17,0
881,2937,2026-12-18,0
881,2937,2026-12-19,0
881,2937,2026-12-20,0
881,2937,2026-12-21,0
881,2937,2026-12-22,0
881,2937,2026-12-23,0
881,2937,2026-12-24,0
881,2937,2026-12-25,0
881,2937,2026-12-26,0
881,2937,2026-12-27,0
881,2937,2026-12-28,0
881,2937,2026-12-29,0
881,2937,2026-12-30,0
881,2937,2026-12-31,0
881,2937,2027-01-01,0
881,2937,2027-01-02,0
881,2937,2027-01-03,0
881,2937,2027-01-04,0
881,2937,2027-01-05,0
881,2937,2027-01-06,0
881,2937,2027-01-07,0
881,2937,2027-01-08,0
881,2937,2027-01-09,0
881,2937,2027-01-10,0
881,2937,2027-01-11,0
881,2937,2027-01-12,0
881,2938,2026-12-13,0
881,2938,2026-12-14,0
881,2938,2026-12-15,0
881,2938,2026-12-16,0
881,2938,2026-12-17,0
881,2938,2026-12-18,0
881,2938,2026-12-19,0
881,2938,2026-12-20,0
881,2938,2026-12-21,0
881,2938,2026-12-22,0
881,2938,2026-12-23,0
881,2938,2026-12-24,0
881,2938,2026-12-25,0
881,2938,2026-12-26,0
881,2938,2026-12-27,0
881,2938,2026-12-28,0
881,2938,2026-12-29,0
881,2938,2026-12-30,0
881,2938,2026-12-31,0
881,2938,2027-01-01,0
881,2938,2027-01-02,0
881,2938,2027-01-03,0
881,2938,2027-01-04,0
881,2938,2027-01-05,0
881,2938,2027-01-06,0
881,2938,2027-01-07,0
881,2938,2027-01-08,0
881,2938,2027-01-09,0
881,2938,2027-01-10,0
881,2938,2027-01-11,0
881,2938,2027-01-12,0
881,2939,2026-12-13,0
881,2939,2026-12-14,0
881,2939,2026-12-15,0
881,2939,2026-12-16,0
881,2939,2026-12-17,0
881,2939,2026-12-18,0
881,2939,2026-12-19,0
881,2939,2026-12-20,0
881,2939,2026-12-21,0
881,2939,2026-12-22,0
881,2939,2026-12-23,0
881,2939,2026-12-24,0
881,2939,2026-12-25,0
881,2939,2026-12-26,0
881,2939,2026-12-27,0
881,2939,2026-12-28,0
881,2939,2026-12-29,0
881,2939,2026-12-30,0
881,2939,2026-12-31,0
881,2939,2027-01-01,0
881,2939,2027-01-02,0
881,2939,2027-01-03,0
881,2939,2027-01-04,0
881,2939,2027-01-05,0
881,2939,2027-01-06,0
881,2939,2027-01-07,0
881,2939,2027-01-08,0
881,2939,2027-01-09,0
881,2939,2027-01-10,0
881,2939,2027-01-11,0
881,2939,2027-01-12,0
881,2940,2026-12-13,0
881,2940,2026-12-14,0
881,2940,2026-12-15,0
881,2940,2026-12-16,0
881,2940,2026-12-17,0
881,2940,2026-12-18,0
881,2940,2026-12-19,0
881,2940,2026-12-20,0
881,2940,2026-12-21,0
881,2940,2026-12-22,0
881,2940,2026-12-23,0
881,2940,2026-12-24,0
881,2940,2026-12-25,0
881,2940,2026-12-26,0
881,2940,2026-12-27,0
881,2940,2026-12-28,0
881,2940,2026-12-29,0
881,2940,2026-12-30,0
881,2940,2026-12-31,0
881,2940,2027-01-01,0
881,2940,2027-01-02,0
881,2940,2027-01-03,0
881,2940,2027-01-04,0
881,2940,2027-01-05,0
881,2940,2027-01-06,0
881,2940,2027-01-07,0
881,2940,2027-01-08,0
881,2940,2027-01-09,0
881,2940,2027-01-10,0
881,2940,2027-01-11,0
881,2940,2027-01-12,0
881,2927,2027-02-11,0
881,2927,2027-02-12,0
881,2927,2027-02-13,0
881,2927,2027-02-14,0
881,2927,2027-02-15,0
881,2927,2027-02-16,0
881,2927,2027-02-17,0
881,2927,2027-02-18,0
881,2927,2027-02-19,0
881,2927,2027-02-20,0
881,2927,2027-02-21,0
881,2927,2027-02-22,0
881,2927,2027-02-23,0
881,2927,2027-02-24,0
881,2927,2027-02-25,0
881,2927,2027-02-26,0
881,2927,2027-02-27,0
881,2927,2027-02-28,0
881,2927,2027-03-01,0
881,2927,2027-03-02,0
881,2927,2027-03-03,0
881,2927,2027-03-04,0
881,2927,2027-03-05,0
881,2927,2027-03-06,0
881,2927,2027-03-07,0
881,2927,2027-03-08,0
881,2927,2027-03-09,0
881,2927,2027-03-10,0
881,2927,2027-03-11,0
881,2927,2027-03-12,0
881,2927,2027-03-13,0
881,2928,2027-02-11,0
881,2928,2027-02-12,0
881,2928,2027-02-13,0
881,2928,2027-02-14,0
881,2928,2027-02-15,0
881,2928,2027-02-16,0
881,2928,2027-02-17,0
881,2928,2027-02-18,0
881,2928,2027-02-19,0
881,2928,2027-02-20,0
881,2928,2027-02-21,0
881,2928,2027-02-22,0
881,2928,2027-02-23,0
881,2928,2027-02-24,0
881,2928,2027-02-25,0
881,2928,2027-02-26,0
881,2928,2027-02-27,0
881,2928,2027-02-28,0
881,2928,2027-03-01,0
881,2928,2027-03-02,0
881,2928,2027-03-03,0
881,2928,2027-03-04,0
881,2928,2027-03-05,0
881,2928,2027-03-06,0
881,2928,2027-03-07,0
881,2928,2027-03-08,0
881,2928,2027-03-09,0
881,2928,2027-03-10,0
881,2928,2027-03-11,0
881,2928,2027-03-12,0
881,2928,2027-03-13,0
881,2929,2027-02-11,0
881,2929,2027-02-12,0
881,2929,2027-02-13,0
881,2929,2027-02-14,0
881,2929,2027-02-15,0
881,2929,2027-02-16,0
881,2929,2027-02-17,0
881,2929,2027-02-18,0
881,2929,2027-02-19,0
881,2929,2027-02-20,0
881,2929,2027-02-21,0
881,2929,2027-02-22,0
881,2929,2027-02-23,0
881,2929,2027-02-24,0
881,2929,2027-02-25,0
881,2929,2027-02-26,0
881,2929,2027-02-27,0
881,2929,2027-02-28,0
881,2929,2027-03-01,0
881,2929,2027-03-02,0
881,2929,2027-03-03,0
881,2929,2027-03-04,0
881,2929,2027-03-05,0
881,2929,2027-03-06,0
881,2929,2027-03-07,0
881,2929,2027-03-08,0
881,2929,2027-03-09,0
881,2929,2027-03-10,0
881,2929,2027-03-11,0
881,2929,2027-03-12,0
881,2929,2027-03-13,0
881,2930,2027-02-11,0
881,2930,2027-02-12,0
881,2930,2027-02-13,0
881,2930,2027-02-14,0
881,2930,2027-02-15,0
881,2930,2027-02-16,0
881,2930,2027-02-17,0
881,2930,2027-02-18,0
881,2930,2027-02-19,0
881,2930,2027-02-20,0
881,2930,2027-02-21,0
881,2930,2027-02-22,0
881,2930,2027-02-23,0
881,2930,2027-02-24,0
881,2930,2027-02-25,0
881,2930,2027-02-26,0
881,2930,2027-02-27,0
881,2930,2027-02-28,0
881,2930,2027-03-01,0
881,2930,2027-03-02,0
881,2930,2027-03-03,0
881,2930,2027-03-04,0
881,2930,2027-03-05,0
881,2930,2027-03-06,0
881,2930,2027-03-07,0
881,2930,2027-03-08,0
881,2930,2027-03-09,0
881,2930,2027-03-10,0
881,2930,2027-03-11,0
881,2930,2027-03-12,0
881,2930,2027-03-13,0
881,2931,2027-02-11,0
881,2931,2027-02-12,0
881,2931,2027-02-13,0
881,2931,2027-02-14,0
881,2931,2027-02-15,0
881,2931,2027-02-16,0
881,2931,2027-02-17,0
881,2931,2027-02-18,0
881,2931,2027-02-19,0
881,2931,2027-02-20,0
881,2931,2027-02-21,0
881,2931,2027-02-22,0
881,2931,2027-02-23,0
881,2931,2027-02-24,0
881,2931,2027-02-25,0
881,2931,2027-02-26,0
881,2931,2027-02-27,0
881,2931,2027-02-28,0
881,2931,2027-03-01,0
881,2931,2027-03-02,0
881,2931,2027-03-03,0
881,2931,2027-03-04,0
881,2931,2027-03-05,0
881,2931,2027-03-06,0
881,2931,2027-03-07,0
881,2931,2027-03-08,0
881,2931,2027-03-09,0
881,2931,2027-03-10,0
881,2931,2027-03-11,0
881,2931,2027-03-12,0
881,2931,2027-03-13,0
881,2932,2027-02-11,0
881,2932,2027-02-12,0
881,2932,2027-02-13,0
881,2932,2027-02-14,0
881,2932,2027-02-15,0
881,2932,2027-02-16,0
881,2932,2027-02-17,0
881,2932,2027-02-18,0
881,2932,2027-02-19,0
881,2932,2027-02-20,0
881,2932,2027-02-21,0
881,2932,2027-02-22,0
881,2932,2027-02-23,0
881,2932,2027-02-24,0
881,2932,2027-02-25,0
881,2932,2027-02-26,0
881,2932,2027-02-27,0
881,2932,2027-02-28,0
881,2932,2027-03-01,0
881,2932,2027-03-02,0
881,2932,2027-03-03,0
881,2932,2027-03-04,0
881,2932,2027-03-05,0
881,2932,2027-03-06,0
881,2932,2027-03-07,0
881,2932,2027-03-08,0
881,2932,2027-03-09,0
881,2932,2027-03-10,0
881,2932,2027-03-11,0
881,2932,2027-03-12,0
881,2932,2027-03-13,0
881,2933,2027-02-11,0
881,2933,2027-02-12,0
881,2933,2027-02-13,0
881,2933,2027-02-14,0
881,2933,2027-02-15,0
881,2933,2027-02-16,0
881,2933,2027-02-17,0
881,2933,2027-02-18,0
881,2933,2027-02-19,0
881,2933,2027-02-20,0
881,2933,2027-02-21,0
881,2933,2027-02-22,0
881,2933,2027-02-23,0
881,2933,2027-02-24,0
881,2933,2027-02-25,0
881,2933,2027-02-26,0
881,2933,2027-02-27,0
881,2933,2027-02-28,0
881,2933,2027-03-01,0
881,2933,2027-03-02,0
881,2933,2027-03-03,0
881,2933,2027-03-04,0
881,2933,2027-03-05,0
881,2933,2027-03-06,0
881,2933,2027-03-07,0
881,2933,2027-03-08,0
881,2933,2027-03-09,0
881,2933,2027-03-10,0
881,2933,2027-03-11,0
881,2933,2027-03-12,0
881,2933,2027-03-13,0
881,2934,2027-02-11,0
881,2934,2027-02-12,0
881,2934,2027-02-13,0
881,2934,2027-02-14,0
881,2934,2027-02-15,0
881,2934,2027-02-16,0
881,2934,2027-02-17,0
881,2934,2027-02-18,0
881,2934,2027-02-19,0
881,2934,2027-02-20,0
881,2934,2027-02-21,0
881,2934,2027-02-22,0
881,2934,2027-02-23,0
881,2934,2027-02-24,0
881,2934,2027-02-25,0
881,2934,2027-02-26,0
881,2934,2027-02-27,0
881,2934,2027-02-28,0
881,2934,2027-03-01,0
881,2934,2027-03-02,0
881,2934,2027-03-03,0
881,2934,2027-03-04,0
881,2934,2027-03-05,0
881,2934,2027-03-06,0
881,2934,2027-03-07,0
881,2934,2027-03-08,0
881,2934,2027-03-09,0
881,2934,2027-03-10,0
881,2934,2027-03-11,0
881,2934,2027-03-12,0
881,2934,2027-03-13,0
881,2935,2027-02-11,0
881,2935,2027-02-12,0
881,2935,2027-02-13,0
881,2935,2027-02-14,0
881,2935,2027-02-15,0
881,2935,2027-02-16,0
881,2935,2027-02-17,0
881,2935,2027-02-18,0
881,2935,2027-02-19,0
881,2935,2027-02-20,0
881,2935,2027-02-21,0
881,2935,2027-02-22,0
881,2935,2027-02-23,0
881,2935,2027-02-24,0
881,2935,2027-02-25,0
881,2935,2027-02-26,0
881,2935,2027-02-27,0
881,2935,2027-02-28,0
881,2935,2027-03-01,0
881,2935,2027-03-02,0
881,2935,2027-03-03,0
881,2935,2027-03-04,0
881,2935,2027-03-05,0
881,2935,2027-03-06,0
881,2935,2027-03-07,0
881,2935,2027-03-08,0
881,2935,2027-03-09,0
881,2935,2027-03-10,0
881,2935,2027-03-11,0
881,2935,2027-03-12,0
881,2935,2027-03-13,0
881,2936,2027-02-11,0
881,2936,2027-02-12,0
881,2936,2027-02-13,0
881,2936,2027-02-14,0
881,2936,2027-02-15,0
881,2936,2027-02-16,0
881,2936,2027-02-17,0
881,2936,2027-02-18,0
881,2936,2027-02-19,0
881,2936,2027-02-20,0
881,2936,2027-02-21,0
881,2936,2027-02-22,0
881,2936,2027-02-23,0
881,2936,2027-02-24,0
881,2936,2027-02-25,0
881,2936,2027-02-26,0
881,2936,2027-02-27,0
881,2936,2027-02-28,0
881,2936,2027-03-01,0
881,2936,2027-03-02,0
881,2936,2027-03-03,0
881,2936,2027-03-04,0
881,2936,2027-03-05,0
881,2936,2027-03-06,0
881,2936,2027-03-07,0
881,2936,2027-03-08,0
881,2936,2027-03-09,0
881,2936,2027-03-10,0
881,2936,2027-03-11,0
881,2936,2027-03-12,0
881,2936,2027-03-13,0
881,2937,2027-02-11,0
881,2937,2027-02-12,0
881,2937,2027-02-13,0
881,2937,2027-02-14,0
881,2937,2027-02-15,0
881,2937,2027-02-16,0
881,2937,2027-02-17,0
881,2937,2027-02-18,0
881,2937,2027-02-19,0
881,2937,2027-02-20,0
881,2937,2027-02-21,0
881,2937,2027-02-22,0
881,2937,2027-02-23,0
881,2937,2027-02-24,0
881,2937,2027-02-25,0
881,2937,2027-02-26,0
881,2937,2027-02-27,0
881,2937,2027-02-28,0
881,2937,2027-03-01,0
881,2937,2027-03-02,0
881,2937,2027-03-03,0
881,2937,2027-03-04,0
881,2937,2027-03-05,0
881,2937,2027-03-06,0
881,2937,2027-03-07,0
881,2937,2027-03-08,0
881,2937,2027-03-09,0
881,2937,2027-03-10,0
881,2937,2027-03-11,0
881,2937,2027-03-12,0
881,2937,2027-03-13,0
881,2938,2027-02-11,0
881,2938,2027-02-12,0
881,2938,2027-02-13,0
881,2938,2027-02-14,0
881,2938,2027-02-15,0
881,2938,2027-02-16,0
881,2938,2027-02-17,0
881,2938,2027-02-18,0
881,2938,2027-02-19,0
881,2938,2027-02-20,0
881,2938,2027-02-21,0
881,2938,2027-02-22,0
881,2938,2027-02-23,0
881,2938,2027-02-24,0
881,2938,2027-02-25,0
881,2938,2027-02-26,0
881,2938,2027-02-27,0
881,2938,2027-02-28,0
881,2938,2027-03-01,0
881,2938,2027-03-02,0
881,2938,2027-03-03,0
881,2938,2027-03-04,0
881,2938,2027-03-05,0
881,2938,2027-03-06,0
881,2938,2027-03-07,0
881,2938,2027-03-08,0
881,2938,2027-03-09,0
881,2938,2027-03-10,0
881,2938,2027-03-11,0
881,2938,2027-03-12,0
881,2938,2027-03-13,0
881,2939,2027-02-11,0
881,2939,2027-02-12,0
881,2939,2027-02-13,0
881,2939,2027-02-14,0
881,2939,2027-02-15,0
881,2939,2027-02-16,0
881,2939,2027-02-17,0
881,2939,2027-02-18,0
881,2939,2027-02-19,0
881,2939,2027-02-20,0
881,2939,2027-02-21,0
881,2939,2027-02-22,0
881,2939,2027-02-23,0
881,2939,2027-02-24,0
881,2939,2027-02-25,0
881,2939,2027-02-26,0
881,2939,2027-02-27,0
881,2939,2027-02-28,0
881,2939,2027-03-01,0
881,2939,2027-03-02,0
881,2939,2027-03-03,0
881,2939,2027-03-04,0
881,2939,2027-03-05,0
881,2939,2027-03-06,0
881,2939,2027-03-07,0
881,2939,2027-03-08,0
881,2939,2027-03-09,0
881,2939,2027-03-10,0
881,2939,2027-03-11,0
881,2939,2027-03-12,0
881,2939,2027-03-13,0
881,2940,2027-02-11,0
881,2940,2027-02-12,0
881,2940,2027-02-13,0
881,2940,2027-02-14,0
881,2940,2027-02-15,0
881,2940,2027-02-16,0
881,2940,2027-02-17,0
881,2940,2027-02-18,0
881,2940,2027-02-19,0
881,2940,2027-02-20,0
881,2940,2027-02-21,0
881,2940,2027-02-22,0
881,2940,2027-02-23,0
881,2940,2027-02-24,0
881,2940,2027-02-25,0
881,2940,2027-02-26,0
881,2940,2027-02-27,0
881,2940,2027-02-28,0
881,2940,2027-03-01,0
881,2940,2027-03-02,0
881,2940,2027-03-03,0
881,2940,2027-03-04,0
881,2940,2027-03-05,0
881,2940,2027-03-06,0
881,2940,2027-03-07,0
881,2940,2027-03-08,0
881,2940,2027-03-09,0
881,2940,2027-03-10,0
881,2940,2027-03-11,0
881,2940,2027-03-12,0
881,2940,2027-03-13,0
877,2903,2026-03-18,20
877,2903,2026-03-19,20
877,2903,2026-03-20,20
877,2903,2026-03-21,20
877,2903,2026-03-22,20
877,2903,2026-03-23,20
877,2903,2026-03-24,18
877,2903,2026-03-25,20
877,2903,2026-03-26,20
877,2903,2026-03-27,20
877,2903,2026-03-28,20
877,2903,2026-03-29,19
877,2903,2026-03-30,19
877,2903,2026-03-31,19
877,2903,2026-04-01,19
877,2903,2026-04-02,19
877,2903,2026-04-03,18
877,2903,2026-04-04,20
877,2903,2026-04-05,19
877,2903,2026-04-06,20
877,2903,2026-04-07,20
877,2903,2026-04-08,20
877,2903,2026-04-09,20
877,2903,2026-04-10,20
877,2903,2026-04-11,20
877,2903,2026-04-12,20
877,2903,2026-04-13,20
877,2903,2026-04-14,20
877,2903,2026-04-15,20
877,2903,2026-04-16,20
877,2903,2026-04-17,20
877,2904,2026-03-18,15
877,2904,2026-03-19,18
877,2904,2026-03-20,17
877,2904,2026-03-21,8
877,2904,2026-03-22,20
877,2904,2026-03-23,20
877,2904,2026-03-24,19
877,2904,2026-03-25,19
877,2904,2026-03-26,18
877,2904,2026-03-27,20
877,2904,2026-03-28,18
877,2904,2026-03-29,20
877,2904,2026-03-30,20
877,2904,2026-03-31,19
877,2904,2026-04-01,11
877,2904,2026-04-02,1
877,2904,2026-04-03,3
877,2904,2026-04-04,1
877,2904,2026-04-05,1
877,2904,2026-04-06,6
877,2904,2026-04-07,3
877,2904,2026-04-08,13
877,2904,2026-04-09,11
877,2904,2026-04-10,20
877,2904,2026-04-11,20
877,2904,2026-04-12,20
877,2904,2026-04-13,20
877,2904,2026-04-14,16
877,2904,2026-04-15,14
877,2904,2026-04-16,18
877,2904,2026-04-17,16
877,2905,2026-03-18,1
877,2905,2026-03-19,0
877,2905,2026-03-20,10
877,2905,2026-03-21,0
877,2905,2026-03-22,0
877,2905,2026-03-23,0
877,2905,2026-03-24,0
877,2905,2026-03-25,0
877,2905,2026-03-26,0
877,2905,2026-03-27,2
877,2905,2026-03-28,0
877,2905,2026-03-29,0
877,2905,2026-03-30,0
877,2905,2026-03-31,3
877,2905,2026-04-01,0
877,2905,2026-04-02,1
877,2905,2026-04-03,1
877,2905,2026-04-04,0
877,2905,2026-04-05,0
877,2905,2026-04-06,0
877,2905,2026-04-07,0
877,2905,2026-04-08,3
877,2905,2026-04-09,0
877,2905,2026-04-10,2
877,2905,2026-04-11,0
877,2905,2026-04-12,0
877,2905,2026-04-13,1
877,2905,2026-04-14,0
877,2905,2026-04-15,1
877,2905,2026-04-16,0
877,2905,2026-04-17,0
877,2906,2026-03-18,18
877,2906,2026-03-19,17
877,2906,2026-03-20,18
877,2906,2026-03-21,20
877,2906,2026-03-22,20
877,2906,2026-03-23,19
877,2906,2026-03-24,19
877,2906,2026-03-25,18
877,2906,2026-03-26,20
877,2906,2026-03-27,20
877,2906,2026-03-28,20
877,2906,2026-03-29,20
877,2906,2026-03-30,19
877,2906,2026-03-31,18
877,2906,2026-04-01,8
877,2906,2026-04-02,13
877,2906,2026-04-03,16
877,2906,2026-04-04,8
877,2906,2026-04-05,4
877,2906,2026-04-06,10
877,2906,2026-04-07,20
877,2906,2026-04-08,20
877,2906,2026-04-09,20
877,2906,2026-04-10,17
877,2906,2026-04-11,19
877,2906,2026-04-12,20
877,2906,2026-04-13,16
877,2906,2026-04-14,14
877,2906,2026-04-15,18
877,2906,2026-04-16,20
877,2906,2026-04-17,20
877,2907,2026-03-18,0
877,2907,2026-03-19,5
877,2907,2026-03-20,0
877,2907,2026-03-21,0
877,2907,2026-03-22,0
877,2907,2026-03-23,0
877,2907,2026-03-24,16
877,2907,2026-03-25,1
877,2907,2026-03-26,0
877,2907,2026-03-27,0
877,2907,2026-03-28,0
877,2907,2026-03-29,0
877,2907,2026-03-30,1
877,2907,2026-03-31,0
877,2907,2026-04-01,0
877,2907,2026-04-02,0
877,2907,2026-04-03,0
877,2907,2026-04-04,0
877,2907,2026-04-05,0
877,2907,2026-04-06,0
877,2907,2026-04-07,0
877,2907,2026-04-08,0
877,2907,2026-04-09,2
877,2907,2026-04-10,0
877,2907,2026-04-11,0
877,2907,2026-04-12,1
877,2907,2026-04-13,0
877,2907,2026-04-14,5
877,2907,2026-04-15,0
877,2907,2026-04-16,4
877,2907,2026-04-17,0
877,2903,2026-06-16,20
877,2903,2026-06-17,20
877,2903,2026-06-18,20
877,2903,2026-06-19,20
877,2903,2026-06-20,20
877,2903,2026-06-21,20
877,2903,2026-06-22,20
877,2903,2026-06-23,20
877,2903,2026-06-24,20
877,2903,2026-06-25,20
877,2903,2026-06-26,20
877,2903,2026-06-27,20
877,2903,2026-06-28,20
877,2903,2026-06-29,20
877,2903,2026-06-30,20
877,2903,2026-07-01,0
877,2903,2026-07-02,0
877,2903,2026-07-03,0
877,2903,2026-07-04,0
877,2903,2026-07-05,0
877,2903,2026-07-06,0
877,2903,2026-07-07,0
877,2903,2026-07-08,0
877,2903,2026-07-09,0
877,2903,2026-07-10,0
877,2903,2026-07-11,0
877,2903,2026-07-12,0
877,2903,2026-07-13,0
877,2903,2026-07-14,0
877,2903,2026-07-15,0
877,2903,2026-07-16,0
877,2904,2026-06-16,20
877,2904,2026-06-17,20
877,2904,2026-06-18,20
877,2904,2026-06-19,20
877,2904,2026-06-20,20
877,2904,2026-06-21,20
877,2904,2026-06-22,20
877,2904,2026-06-23,20
877,2904,2026-06-24,20
877,2904,2026-06-25,20
877,2904,2026-06-26,20
877,2904,2026-06-27,20
877,2904,2026-06-28,20
877,2904,2026-06-29,20
877,2904,2026-06-30,20
877,2904,2026-07-01,0
877,2904,2026-07-02,0
877,2904,2026-07-03,0
877,2904,2026-07-04,0
877,2904,2026-07-05,0
877,2904,2026-07-06,0
877,2904,2026-07-07,0
877,2904,2026-07-08,0
877,2904,2026-07-09,0
877,2904,2026-07-10,0
877,2904,2026-07-11,0
877,2904,2026-07-12,0
877,2904,2026-07-13,0
877,2904,2026-07-14,0
877,2904,2026-07-15,0
877,2904,2026-07-16,0
877,2905,2026-06-16,24
877,2905,2026-06-17,24
877,2905,2026-06-18,24
877,2905,2026-06-19,24
877,2905,2026-06-20,24
877,2905,2026-06-21,22
877,2905,2026-06-22,24
877,2905,2026-06-23,24
877,2905,2026-06-24,24
877,2905,2026-06-25,24
877,2905,2026-06-26,24
877,2905,2026-06-27,24
877,2905,2026-06-28,24
877,2905,2026-06-29,24
877,2905,2026-06-30,24
877,2905,2026-07-01,0
877,2905,2026-07-02,0
877,2905,2026-07-03,0
877,2905,2026-07-04,0
877,2905,2026-07-05,0
877,2905,2026-07-06,0
877,2905,2026-07-07,0
877,2905,2026-07-08,0
877,2905,2026-07-09,0
877,2905,2026-07-10,0
877,2905,2026-07-11,0
877,2905,2026-07-12,0
877,2905,2026-07-13,0
877,2905,2026-07-14,0
877,2905,2026-07-15,0
877,2905,2026-07-16,0
877,2906,2026-06-16,20
877,2906,2026-06-17,20
877,2906,2026-06-18,20
877,2906,2026-06-19,20
877,2906,2026-06-20,20
877,2906,2026-06-21,20
877,2906,2026-06-22,20
877,2906,2026-06-23,20
877,2906,2026-06-24,20
877,2906,2026-06-25,20
877,2906,2026-06-26,20
877,2906,2026-06-27,20
877,2906,2026-06-28,20
877,2906,2026-06-29,20
877,2906,2026-06-30,20
877,2906,2026-07-01,0
877,2906,2026-07-02,0
877,2906,2026-07-03,0
877,2906,2026-07-04,0
877,2906,2026-07-05,0
877,2906,2026-07-06,0
877,2906,2026-07-07,0
877,2906,2026-07-08,0
877,2906,2026-07-09,0
877,2906,2026-07-10,0
877,2906,2026-07-11,0
877,2906,2026-07-12,0
877,2906,2026-07-13,0
877,2906,2026-07-14,0
877,2906,2026-07-15,0
877,2906,2026-07-16,0
877,2907,2026-06-16,24
877,2907,2026-06-17,24
877,2907,2026-06-18,24
877,2907,2026-06-19,24
877,2907,2026-06-20,22
877,2907,2026-06-21,24
877,2907,2026-06-22,24
877,2907,2026-06-23,24
877,2907,2026-06-24,24
877,2907,2026-06-25,24
877,2907,2026-06-26,24
877,2907,2026-06-27,24
877,2907,2026-06-28,24
877,2907,2026-06-29,24
877,2907,2026-06-30,24
877,2907,2026-07-01,0
877,2907,2026-07-02,0
877,2907,2026-07-03,0
877,2907,2026-07-04,0
877,2907,2026-07-05,0
877,2907,2026-07-06,0
877,2907,2026-07-07,0
877,2907,2026-07-08,0
877,2907,2026-07-09,0
877,2907,2026-07-10,0
877,2907,2026-07-11,0
877,2907,2026-07-12,0
877,2907,2026-07-13,0
877,2907,2026-07-14,0
877,2907,2026-07-15,0
877,2907,2026-07-16,0
877,2903,2026-05-17,20
877,2903,2026-05-18,20
877,2903,2026-05-19,20
877,2903,2026-05-20,20
877,2903,2026-05-21,20
877,2903,2026-05-22,20
877,2903,2026-05-23,20
877,2903,2026-05-24,20
877,2903,2026-05-25,20
877,2903,2026-05-26,20
877,2903,2026-05-27,20
877,2903,2026-05-28,20
877,2903,2026-05-29,20
877,2903,2026-05-30,20
877,2903,2026-05-31,20
877,2903,2026-06-01,20
877,2903,2026-06-02,20
877,2903,2026-06-03,20
877,2903,2026-06-04,20
877,2903,2026-06-05,20
877,2903,2026-06-06,20
877,2903,2026-06-07,20
877,2903,2026-06-08,20
877,2903,2026-06-09,20
877,2903,2026-06-10,20
877,2903,2026-06-11,20
877,2903,2026-06-12,20
877,2903,2026-06-13,20
877,2903,2026-06-14,20
877,2903,2026-06-15,20
877,2903,2026-06-16,20
877,2904,2026-05-17,20
877,2904,2026-05-18,20
877,2904,2026-05-19,20
877,2904,2026-05-20,20
877,2904,2026-05-21,20
877,2904,2026-05-22,20
877,2904,2026-05-23,20
877,2904,2026-05-24,20
877,2904,2026-05-25,20
877,2904,2026-05-26,20
877,2904,2026-05-27,20
877,2904,2026-05-28,20
877,2904,2026-05-29,20
877,2904,2026-05-30,20
877,2904,2026-05-31,20
877,2904,2026-06-01,20
877,2904,2026-06-02,20
877,2904,2026-06-03,20
877,2904,2026-06-04,20
877,2904,2026-06-05,20
877,2904,2026-06-06,20
877,2904,2026-06-07,20
877,2904,2026-06-08,20
877,2904,2026-06-09,20
877,2904,2026-06-10,20
877,2904,2026-06-11,20
877,2904,2026-06-12,20
877,2904,2026-06-13,20
877,2904,2026-06-14,20
877,2904,2026-06-15,20
877,2904,2026-06-16,20
877,2905,2026-05-17,24
877,2905,2026-05-18,24
877,2905,2026-05-19,24
877,2905,2026-05-20,24
877,2905,2026-05-21,24
877,2905,2026-05-22,24
877,2905,2026-05-23,24
877,2905,2026-05-24,24
877,2905,2026-05-25,24
877,2905,2026-05-26,24
877,2905,2026-05-27,24
877,2905,2026-05-28,24
877,2905,2026-05-29,24
877,2905,2026-05-30,24
877,2905,2026-05-31,24
877,2905,2026-06-01,24
877,2905,2026-06-02,24
877,2905,2026-06-03,24
877,2905,2026-06-04,24
877,2905,2026-06-05,24
877,2905,2026-06-06,24
877,2905,2026-06-07,24
877,2905,2026-06-08,24
877,2905,2026-06-09,24
877,2905,2026-06-10,24
877,2905,2026-06-11,24
877,2905,2026-06-12,24
877,2905,2026-06-13,24
877,2905,2026-06-14,24
877,2905,2026-06-15,24
877,2905,2026-06-16,24
877,2906,2026-05-17,20
877,2906,2026-05-18,20
877,2906,2026-05-19,20
877,2906,2026-05-20,20
877,2906,2026-05-21,20
877,2906,2026-05-22,20
877,2906,2026-05-23,20
877,2906,2026-05-24,20
877,2906,2026-05-25,20
877,2906,2026-05-26,20
877,2906,2026-05-27,20
877,2906,2026-05-28,20
877,2906,2026-05-29,20
877,2906,2026-05-30,20
877,2906,2026-05-31,20
877,2906,2026-06-01,20
877,2906,2026-06-02,20
877,2906,2026-06-03,20
877,2906,2026-06-04,20
877,2906,2026-06-05,20
877,2906,2026-06-06,20
877,2906,2026-06-07,20
877,2906,2026-06-08,20
877,2906,2026-06-09,20
877,2906,2026-06-10,20
877,2906,2026-06-11,20
877,2906,2026-06-12,20
877,2906,2026-06-13,20
877,2906,2026-06-14,20
877,2906,2026-06-15,20
877,2906,2026-06-16,20
877,2907,2026-05-17,24
877,2907,2026-05-18,24
877,2907,2026-05-19,24
877,2907,2026-05-20,24
877,2907,2026-05-21,24
877,2907,2026-05-22,24
877,2907,2026-05-23,24
877,2907,2026-05-24,24
877,2907,2026-05-25,22
877,2907,2026-05-26,24
877,2907,2026-05-27,24
877,2907,2026-05-28,24
877,2907,2026-05-29,24
877,2907,2026-05-30,24
877,2907,2026-05-31,24
877,2907,2026-06-01,24
877,2907,2026-06-02,24
877,2907,2026-06-03,24
877,2907,2026-06-04,20
877,2907,2026-06-05,20
877,2907,2026-06-06,20
877,2907,2026-06-07,20
877,2907,2026-06-08,20
877,2907,2026-06-09,20
877,2907,2026-06-10,24
877,2907,2026-06-11,24
877,2907,2026-06-12,24
877,2907,2026-06-13,24
877,2907,2026-06-14,24
877,2907,2026-06-15,24
877,2907,2026-06-16,24
877,2903,2026-04-17,20
877,2903,2026-04-18,20
877,2903,2026-04-19,20
877,2903,2026-04-20,20
877,2903,2026-04-21,20
877,2903,2026-04-22,20
877,2903,2026-04-23,20
877,2903,2026-04-24,20
877,2903,2026-04-25,20
877,2903,2026-04-26,20
877,2903,2026-04-27,20
877,2903,2026-04-28,20
877,2903,2026-04-29,20
877,2903,2026-04-30,20
877,2903,2026-05-01,20
877,2903,2026-05-02,20
877,2903,2026-05-03,20
877,2903,2026-05-04,20
877,2903,2026-05-05,20
877,2903,2026-05-06,20
877,2903,2026-05-07,20
877,2903,2026-05-08,20
877,2903,2026-05-09,20
877,2903,2026-05-10,20
877,2903,2026-05-11,20
877,2903,2026-05-12,20
877,2903,2026-05-13,20
877,2903,2026-05-14,20
877,2903,2026-05-15,20
877,2903,2026-05-16,20
877,2903,2026-05-17,20
877,2904,2026-04-17,16
877,2904,2026-04-18,20
877,2904,2026-04-19,19
877,2904,2026-04-20,20
877,2904,2026-04-21,20
877,2904,2026-04-22,20
877,2904,2026-04-23,17
877,2904,2026-04-24,20
877,2904,2026-04-25,20
877,2904,2026-04-26,20
877,2904,2026-04-27,20
877,2904,2026-04-28,20
877,2904,2026-04-29,20
877,2904,2026-04-30,20
877,2904,2026-05-01,20
877,2904,2026-05-02,20
877,2904,2026-05-03,20
877,2904,2026-05-04,20
877,2904,2026-05-05,20
877,2904,2026-05-06,20
877,2904,2026-05-07,20
877,2904,2026-05-08,20
877,2904,2026-05-09,20
877,2904,2026-05-10,20
877,2904,2026-05-11,20
877,2904,2026-05-12,20
877,2904,2026-05-13,20
877,2904,2026-05-14,20
877,2904,2026-05-15,20
877,2904,2026-05-16,20
877,2904,2026-05-17,20
877,2905,2026-04-17,0
877,2905,2026-04-18,0
877,2905,2026-04-19,9
877,2905,2026-04-20,22
877,2905,2026-04-21,22
877,2905,2026-04-22,14
877,2905,2026-04-23,0
877,2905,2026-04-24,24
877,2905,2026-04-25,2
877,2905,2026-04-26,0
877,2905,2026-04-27,15
877,2905,2026-04-28,19
877,2905,2026-04-29,24
877,2905,2026-04-30,24
877,2905,2026-05-01,22
877,2905,2026-05-02,16
877,2905,2026-05-03,15
877,2905,2026-05-04,23
877,2905,2026-05-05,24
877,2905,2026-05-06,24
877,2905,2026-05-07,24
877,2905,2026-05-08,24
877,2905,2026-05-09,22
877,2905,2026-05-10,23
877,2905,2026-05-11,24
877,2905,2026-05-12,22
877,2905,2026-05-13,24
877,2905,2026-05-14,24
877,2905,2026-05-15,24
877,2905,2026-05-16,24
877,2905,2026-05-17,24
877,2906,2026-04-17,20
877,2906,2026-04-18,15
877,2906,2026-04-19,20
877,2906,2026-04-20,20
877,2906,2026-04-21,20
877,2906,2026-04-22,17
877,2906,2026-04-23,20
877,2906,2026-04-24,20
877,2906,2026-04-25,20
877,2906,2026-04-26,20
877,2906,2026-04-27,20
877,2906,2026-04-28,20
877,2906,2026-04-29,20
877,2906,2026-04-30,20
877,2906,2026-05-01,20
877,2906,2026-05-02,20
877,2906,2026-05-03,20
877,2906,2026-05-04,20
877,2906,2026-05-05,20
877,2906,2026-05-06,20
877,2906,2026-05-07,20
877,2906,2026-05-08,20
877,2906,2026-05-09,20
877,2906,2026-05-10,20
877,2906,2026-05-11,20
877,2906,2026-05-12,20
877,2906,2026-05-13,20
877,2906,2026-05-14,20
877,2906,2026-05-15,20
877,2906,2026-05-16,20
877,2906,2026-05-17,20
877,2907,2026-04-17,0
877,2907,2026-04-18,0
877,2907,2026-04-19,23
877,2907,2026-04-20,20
877,2907,2026-04-21,14
877,2907,2026-04-22,0
877,2907,2026-04-23,24
877,2907,2026-04-24,18
877,2907,2026-04-25,0
877,2907,2026-04-26,5
877,2907,2026-04-27,19
877,2907,2026-04-28,18
877,2907,2026-04-29,24
877,2907,2026-04-30,22
877,2907,2026-05-01,16
877,2907,2026-05-02,15
877,2907,2026-05-03,23
877,2907,2026-05-04,24
877,2907,2026-05-05,24
877,2907,2026-05-06,24
877,2907,2026-05-07,24
877,2907,2026-05-08,24
877,2907,2026-05-09,23
877,2907,2026-05-10,22
877,2907,2026-05-11,22
877,2907,2026-05-12,24
877,2907,2026-05-13,24
877,2907,2026-05-14,24
877,2907,2026-05-15,24
877,2907,2026-05-16,20
877,2907,2026-05-17,24
877,2903,2026-02-16,16
877,2903,2026-02-17,18
877,2903,2026-02-18,18
877,2903,2026-02-19,20
877,2903,2026-02-20,20
877,2903,2026-02-21,20
877,2903,2026-02-22,19
877,2903,2026-02-23,17
877,2903,2026-02-24,20
877,2903,2026-02-25,20
877,2903,2026-02-26,20
877,2903,2026-02-27,20
877,2903,2026-02-28,20
877,2903,2026-03-01,20
877,2903,2026-03-02,20
877,2903,2026-03-03,20
877,2903,2026-03-04,20
877,2903,2026-03-05,20
877,2903,2026-03-06,20
877,2903,2026-03-07,17
877,2903,2026-03-08,20
877,2903,2026-03-09,20
877,2903,2026-03-10,18
877,2903,2026-03-11,20
877,2903,2026-03-12,20
877,2903,2026-03-13,20
877,2903,2026-03-14,18
877,2903,2026-03-15,20
877,2903,2026-03-16,18
877,2903,2026-03-17,20
877,2903,2026-03-18,20
877,2904,2026-02-16,11
877,2904,2026-02-17,13
877,2904,2026-02-18,7
877,2904,2026-02-19,20
877,2904,2026-02-20,12
877,2904,2026-02-21,12
877,2904,2026-02-22,20
877,2904,2026-02-23,17
877,2904,2026-02-24,18
877,2904,2026-02-25,19
877,2904,2026-02-26,20
877,2904,2026-02-27,10
877,2904,2026-02-28,20
877,2904,2026-03-01,19
877,2904,2026-03-02,20
877,2904,2026-03-03,8
877,2904,2026-03-04,18
877,2904,2026-03-05,18
877,2904,2026-03-06,20
877,2904,2026-03-07,13
877,2904,2026-03-08,13
877,2904,2026-03-09,16
877,2904,2026-03-10,19
877,2904,2026-03-11,19
877,2904,2026-03-12,18
877,2904,2026-03-13,20
877,2904,2026-03-14,18
877,2904,2026-03-15,18
877,2904,2026-03-16,20
877,2904,2026-03-17,20
877,2904,2026-03-18,15
877,2905,2026-02-16,0
877,2905,2026-02-17,0
877,2905,2026-02-18,2
877,2905,2026-02-19,0
877,2905,2026-02-20,1
877,2905,2026-02-21,2
877,2905,2026-02-22,0
877,2905,2026-02-23,0
877,2905,2026-02-24,0
877,2905,2026-02-25,0
877,2905,2026-02-26,0
877,2905,2026-02-27,0
877,2905,2026-02-28,3
877,2905,2026-03-01,2
877,2905,2026-03-02,7
877,2905,2026-03-03,0
877,2905,2026-03-04,2
877,2905,2026-03-05,0
877,2905,2026-03-06,1
877,2905,2026-03-07,0
877,2905,2026-03-08,0
877,2905,2026-03-09,4
877,2905,2026-03-10,0
877,2905,2026-03-11,0
877,2905,2026-03-12,1
877,2905,2026-03-13,0
877,2905,2026-03-14,0
877,2905,2026-03-15,0
877,2905,2026-03-16,0
877,2905,2026-03-17,0
877,2905,2026-03-18,1
877,2906,2026-02-16,16
877,2906,2026-02-17,13
877,2906,2026-02-18,19
877,2906,2026-02-19,12
877,2906,2026-02-20,16
877,2906,2026-02-21,20
877,2906,2026-02-22,16
877,2906,2026-02-23,20
877,2906,2026-02-24,17
877,2906,2026-02-25,20
877,2906,2026-02-26,20
877,2906,2026-02-27,20
877,2906,2026-02-28,17
877,2906,2026-03-01,20
877,2906,2026-03-02,10
877,2906,2026-03-03,18
877,2906,2026-03-04,18
877,2906,2026-03-05,20
877,2906,2026-03-06,13
877,2906,2026-03-07,13
877,2906,2026-03-08,18
877,2906,2026-03-09,19
877,2906,2026-03-10,19
877,2906,2026-03-11,16
877,2906,2026-03-12,20
877,2906,2026-03-13,20
877,2906,2026-03-14,18
877,2906,2026-03-15,18
877,2906,2026-03-16,17
877,2906,2026-03-17,15
877,2906,2026-03-18,18
877,2907,2026-02-16,0
877,2907,2026-02-17,4
877,2907,2026-02-18,0
877,2907,2026-02-19,1
877,2907,2026-02-20,0
877,2907,2026-02-21,1
877,2907,2026-02-22,0
877,2907,2026-02-23,0
877,2907,2026-02-24,0
877,2907,2026-02-25,0
877,2907,2026-02-26,0
877,2907,2026-02-27,5
877,2907,2026-02-28,2
877,2907,2026-03-01,2
877,2907,2026-03-02,0
877,2907,2026-03-03,0
877,2907,2026-03-04,2
877,2907,2026-03-05,0
877,2907,2026-03-06,0
877,2907,2026-03-07,0
877,2907,2026-03-08,0
877,2907,2026-03-09,4
877,2907,2026-03-10,0
877,2907,2026-03-11,1
877,2907,2026-03-12,0
877,2907,2026-03-13,0
877,2907,2026-03-14,0
877,2907,2026-03-15,0
877,2907,2026-03-16,0
877,2907,2026-03-17,0
877,2907,2026-03-18,0
877,2903,2026-07-16,0
877,2903,2026-07-17,0
877,2903,2026-07-18,0
877,2903,2026-07-19,0
877,2903,2026-07-20,0
877,2903,2026-07-21,0
877,2903,2026-07-22,0
877,2903,2026-07-23,0
877,2903,2026-07-24,0
877,2903,2026-07-25,0
877,2903,2026-07-26,0
877,2903,2026-07-27,0
877,2903,2026-07-28,0
877,2903,2026-07-29,0
877,2903,2026-07-30,0
877,2903,2026-07-31,0
877,2903,2026-08-01,0
877,2903,2026-08-02,0
877,2903,2026-08-03,0
877,2903,2026-08-04,0
877,2903,2026-08-05,0
877,2903,2026-08-06,0
877,2903,2026-08-07,0
877,2903,2026-08-08,0
877,2903,2026-08-09,0
877,2903,2026-08-10,0
877,2903,2026-08-11,0
877,2903,2026-08-12,0
877,2903,2026-08-13,0
877,2903,2026-08-14,0
877,2903,2026-08-15,0
877,2904,2026-07-16,0
877,2904,2026-07-17,0
877,2904,2026-07-18,0
877,2904,2026-07-19,0
877,2904,2026-07-20,0
877,2904,2026-07-21,0
877,2904,2026-07-22,0
877,2904,2026-07-23,0
877,2904,2026-07-24,0
877,2904,2026-07-25,0
877,2904,2026-07-26,0
877,2904,2026-07-27,0
877,2904,2026-07-28,0
877,2904,2026-07-29,0
877,2904,2026-07-30,0
877,2904,2026-07-31,0
877,2904,2026-08-01,0
877,2904,2026-08-02,0
877,2904,2026-08-03,0
877,2904,2026-08-04,0
877,2904,2026-08-05,0
877,2904,2026-08-06,0
877,2904,2026-08-07,0
877,2904,2026-08-08,0
877,2904,2026-08-09,0
877,2904,2026-08-10,0
877,2904,2026-08-11,0
877,2904,2026-08-12,0
877,2904,2026-08-13,0
877,2904,2026-08-14,0
877,2904,2026-08-15,0
877,2905,2026-07-16,0
877,2905,2026-07-17,0
877,2905,2026-07-18,0
877,2905,2026-07-19,0
877,2905,2026-07-20,0
877,2905,2026-07-21,0
877,2905,2026-07-22,0
877,2905,2026-07-23,0
877,2905,2026-07-24,0
877,2905,2026-07-25,0
877,2905,2026-07-26,0
877,2905,2026-07-27,0
877,2905,2026-07-28,0
877,2905,2026-07-29,0
877,2905,2026-07-30,0
877,2905,2026-07-31,0
877,2905,2026-08-01,0
877,2905,2026-08-02,0
877,2905,2026-08-03,0
877,2905,2026-08-04,0
877,2905,2026-08-05,0
877,2905,2026-08-06,0
877,2905,2026-08-07,0
877,2905,2026-08-08,0
877,2905,2026-08-09,0
877,2905,2026-08-10,0
877,2905,2026-08-11,0
877,2905,2026-08-12,0
877,2905,2026-08-13,0
877,2905,2026-08-14,0
877,2905,2026-08-15,0
877,2906,2026-07-16,0
877,2906,2026-07-17,0
877,2906,2026-07-18,0
877,2906,2026-07-19,0
877,2906,2026-07-20,0
877,2906,2026-07-21,0
877,2906,2026-07-22,0
877,2906,2026-07-23,0
877,2906,2026-07-24,0
877,2906,2026-07-25,0
877,2906,2026-07-26,0
877,2906,2026-07-27,0
877,2906,2026-07-28,0
877,2906,2026-07-29,0
877,2906,2026-07-30,0
877,2906,2026-07-31,0
877,2906,2026-08-01,0
877,2906,2026-08-02,0
877,2906,2026-08-03,0
877,2906,2026-08-04,0
877,2906,2026-08-05,0
877,2906,2026-08-06,0
877,2906,2026-08-07,0
877,2906,2026-08-08,0
877,2906,2026-08-09,0
877,2906,2026-08-10,0
877,2906,2026-08-11,0
877,2906,2026-08-12,0
877,2906,2026-08-13,0
877,2906,2026-08-14,0
877,2906,2026-08-15,0
877,2907,2026-07-16,0
877,2907,2026-07-17,0
877,2907,2026-07-18,0
877,2907,2026-07-19,0
877,2907,2026-07-20,0
877,2907,2026-07-21,0
877,2907,2026-07-22,0
877,2907,2026-07-23,0
877,2907,2026-07-24,0
877,2907,2026-07-25,0
877,2907,2026-07-26,0
877,2907,2026-07-27,0
877,2907,2026-07-28,0
877,2907,2026-07-29,0
877,2907,2026-07-30,0
877,2907,2026-07-31,0
877,2907,2026-08-01,0
877,2907,2026-08-02,0
877,2907,2026-08-03,0
877,2907,2026-08-04,0
877,2907,2026-08-05,0
877,2907,2026-08-06,0
877,2907,2026-08-07,0
877,2907,2026-08-08,0
877,2907,2026-08-09,0
877,2907,2026-08-10,0
877,2907,2026-08-11,0
877,2907,2026-08-12,0
877,2907,2026-08-13,0
877,2907,2026-08-14,0
877,2907,2026-08-15,0
877,2903,2026-08-15,0
877,2903,2026-08-16,0
877,2903,2026-08-17,0
877,2903,2026-08-18,0
877,2903,2026-08-19,0
877,2903,2026-08-20,0
877,2903,2026-08-21,0
877,2903,2026-08-22,0
877,2903,2026-08-23,0
877,2903,2026-08-24,0
877,2903,2026-08-25,0
877,2903,2026-08-26,0
877,2903,2026-08-27,0
877,2903,2026-08-28,0
877,2903,2026-08-29,0
877,2903,2026-08-30,0
877,2903,2026-08-31,0
877,2903,2026-09-01,0
877,2903,2026-09-02,0
877,2903,2026-09-03,0
877,2903,2026-09-04,0
877,2903,2026-09-05,0
877,2903,2026-09-06,0
877,2903,2026-09-07,0
877,2903,2026-09-08,0
877,2903,2026-09-09,0
877,2903,2026-09-10,0
877,2903,2026-09-11,0
877,2903,2026-09-12,0
877,2903,2026-09-13,0
877,2903,2026-09-14,0
877,2904,2026-08-15,0
877,2904,2026-08-16,0
877,2904,2026-08-17,0
877,2904,2026-08-18,0
877,2904,2026-08-19,0
877,2904,2026-08-20,0
877,2904,2026-08-21,0
877,2904,2026-08-22,0
877,2904,2026-08-23,0
877,2904,2026-08-24,0
877,2904,2026-08-25,0
877,2904,2026-08-26,0
877,2904,2026-08-27,0
877,2904,2026-08-28,0
877,2904,2026-08-29,0
877,2904,2026-08-30,0
877,2904,2026-08-31,0
877,2904,2026-09-01,0
877,2904,2026-09-02,0
877,2904,2026-09-03,0
877,2904,2026-09-04,0
877,2904,2026-09-05,0
877,2904,2026-09-06,0
877,2904,2026-09-07,0
877,2904,2026-09-08,0
877,2904,2026-09-09,0
877,2904,2026-09-10,0
877,2904,2026-09-11,0
877,2904,2026-09-12,0
877,2904,2026-09-13,0
877,2904,2026-09-14,0
877,2905,2026-08-15,0
877,2905,2026-08-16,0
877,2905,2026-08-17,0
877,2905,2026-08-18,0
877,2905,2026-08-19,0
877,2905,2026-08-20,0
877,2905,2026-08-21,0
877,2905,2026-08-22,0
877,2905,2026-08-23,0
877,2905,2026-08-24,0
877,2905,2026-08-25,0
877,2905,2026-08-26,0
877,2905,2026-08-27,0
877,2905,2026-08-28,0
877,2905,2026-08-29,0
877,2905,2026-08-30,0
877,2905,2026-08-31,0
877,2905,2026-09-01,0
877,2905,2026-09-02,0
877,2905,2026-09-03,0
877,2905,2026-09-04,0
877,2905,2026-09-05,0
877,2905,2026-09-06,0
877,2905,2026-09-07,0
877,2905,2026-09-08,0
877,2905,2026-09-09,0
877,2905,2026-09-10,0
877,2905,2026-09-11,0
877,2905,2026-09-12,0
877,2905,2026-09-13,0
877,2905,2026-09-14,0
877,2906,2026-08-15,0
877,2906,2026-08-16,0
877,2906,2026-08-17,0
877,2906,2026-08-18,0
877,2906,2026-08-19,0
877,2906,2026-08-20,0
877,2906,2026-08-21,0
877,2906,2026-08-22,0
877,2906,2026-08-23,0
877,2906,2026-08-24,0
877,2906,2026-08-25,0
877,2906,2026-08-26,0
877,2906,2026-08-27,0
877,2906,2026-08-28,0
877,2906,2026-08-29,0
877,2906,2026-08-30,0
877,2906,2026-08-31,0
877,2906,2026-09-01,0
877,2906,2026-09-02,0
877,2906,2026-09-03,0
877,2906,2026-09-04,0
877,2906,2026-09-05,0
877,2906,2026-09-06,0
877,2906,2026-09-07,0
877,2906,2026-09-08,0
877,2906,2026-09-09,0
877,2906,2026-09-10,0
877,2906,2026-09-11,0
877,2906,2026-09-12,0
877,2906,2026-09-13,0
877,2906,2026-09-14,0
877,2907,2026-08-15,0
877,2907,2026-08-16,0
877,2907,2026-08-17,0
877,2907,2026-08-18,0
877,2907,2026-08-19,0
877,2907,2026-08-20,0
877,2907,2026-08-21,0
877,2907,2026-08-22,0
877,2907,2026-08-23,0
877,2907,2026-08-24,0
877,2907,2026-08-25,0
877,2907,2026-08-26,0
877,2907,2026-08-27,0
877,2907,2026-08-28,0
877,2907,2026-08-29,0
877,2907,2026-08-30,0
877,2907,2026-08-31,0
877,2907,2026-09-01,0
877,2907,2026-09-02,0
877,2907,2026-09-03,0
877,2907,2026-09-04,0
877,2907,2026-09-05,0
877,2907,2026-09-06,0
877,2907,2026-09-07,0
877,2907,2026-09-08,0
877,2907,2026-09-09,0
877,2907,2026-09-10,0
877,2907,2026-09-11,0
877,2907,2026-09-12,0
877,2907,2026-09-13,0
877,2907,2026-09-14,0
877,2903,2026-11-13,0
877,2903,2026-11-14,0
877,2903,2026-11-15,0
877,2903,2026-11-16,0
877,2903,2026-11-17,0
877,2903,2026-11-18,0
877,2903,2026-11-19,0
877,2903,2026-11-20,0
877,2903,2026-11-21,0
877,2903,2026-11-22,0
877,2903,2026-11-23,0
877,2903,2026-11-24,0
877,2903,2026-11-25,0
877,2903,2026-11-26,0
877,2903,2026-11-27,0
877,2903,2026-11-28,0
877,2903,2026-11-29,0
877,2903,2026-11-30,0
877,2903,2026-12-01,0
877,2903,2026-12-02,0
877,2903,2026-12-03,0
877,2903,2026-12-04,0
877,2903,2026-12-05,0
877,2903,2026-12-06,0
877,2903,2026-12-07,0
877,2903,2026-12-08,0
877,2903,2026-12-09,0
877,2903,2026-12-10,0
877,2903,2026-12-11,0
877,2903,2026-12-12,0
877,2903,2026-12-13,0
877,2904,2026-11-13,0
877,2904,2026-11-14,0
877,2904,2026-11-15,0
877,2904,2026-11-16,0
877,2904,2026-11-17,0
877,2904,2026-11-18,0
877,2904,2026-11-19,0
877,2904,2026-11-20,0
877,2904,2026-11-21,0
877,2904,2026-11-22,0
877,2904,2026-11-23,0
877,2904,2026-11-24,0
877,2904,2026-11-25,0
877,2904,2026-11-26,0
877,2904,2026-11-27,0
877,2904,2026-11-28,0
877,2904,2026-11-29,0
877,2904,2026-11-30,0
877,2904,2026-12-01,0
877,2904,2026-12-02,0
877,2904,2026-12-03,0
877,2904,2026-12-04,0
877,2904,2026-12-05,0
877,2904,2026-12-06,0
877,2904,2026-12-07,0
877,2904,2026-12-08,0
877,2904,2026-12-09,0
877,2904,2026-12-10,0
877,2904,2026-12-11,0
877,2904,2026-12-12,0
877,2904,2026-12-13,0
877,2905,2026-11-13,0
877,2905,2026-11-14,0
877,2905,2026-11-15,0
877,2905,2026-11-16,0
877,2905,2026-11-17,0
877,2905,2026-11-18,0
877,2905,2026-11-19,0
877,2905,2026-11-20,0
877,2905,2026-11-21,0
877,2905,2026-11-22,0
877,2905,2026-11-23,0
877,2905,2026-11-24,0
877,2905,2026-11-25,0
877,2905,2026-11-26,0
877,2905,2026-11-27,0
877,2905,2026-11-28,0
877,2905,2026-11-29,0
877,2905,2026-11-30,0
877,2905,2026-12-01,0
877,2905,2026-12-02,0
877,2905,2026-12-03,0
877,2905,2026-12-04,0
877,2905,2026-12-05,0
877,2905,2026-12-06,0
877,2905,2026-12-07,0
877,2905,2026-12-08,0
877,2905,2026-12-09,0
877,2905,2026-12-10,0
877,2905,2026-12-11,0
877,2905,2026-12-12,0
877,2905,2026-12-13,0
877,2906,2026-11-13,0
877,2906,2026-11-14,0
877,2906,2026-11-15,0
877,2906,2026-11-16,0
877,2906,2026-11-17,0
877,2906,2026-11-18,0
877,2906,2026-11-19,0
877,2906,2026-11-20,0
877,2906,2026-11-21,0
877,2906,2026-11-22,0
877,2906,2026-11-23,0
877,2906,2026-11-24,0
877,2906,2026-11-25,0
877,2906,2026-11-26,0
877,2906,2026-11-27,0
877,2906,2026-11-28,0
877,2906,2026-11-29,0
877,2906,2026-11-30,0
877,2906,2026-12-01,0
877,2906,2026-12-02,0
877,2906,2026-12-03,0
877,2906,2026-12-04,0
877,2906,2026-12-05,0
877,2906,2026-12-06,0
877,2906,2026-12-07,0
877,2906,2026-12-08,0
877,2906,2026-12-09,0
877,2906,2026-12-10,0
877,2906,2026-12-11,0
877,2906,2026-12-12,0
877,2906,2026-12-13,0
877,2907,2026-11-13,0
877,2907,2026-11-14,0
877,2907,2026-11-15,0
877,2907,2026-11-16,0
877,2907,2026-11-17,0
877,2907,2026-11-18,0
877,2907,2026-11-19,0
877,2907,2026-11-20,0
877,2907,2026-11-21,0
877,2907,2026-11-22,0
877,2907,2026-11-23,0
877,2907,2026-11-24,0
877,2907,2026-11-25,0
877,2907,2026-11-26,0
877,2907,2026-11-27,0
877,2907,2026-11-28,0
877,2907,2026-11-29,0
877,2907,2026-11-30,0
877,2907,2026-12-01,0
877,2907,2026-12-02,0
877,2907,2026-12-03,0
877,2907,2026-12-04,0
877,2907,2026-12-05,0
877,2907,2026-12-06,0
877,2907,2026-12-07,0
877,2907,2026-12-08,0
877,2907,2026-12-09,0
877,2907,2026-12-10,0
877,2907,2026-12-11,0
877,2907,2026-12-12,0
877,2907,2026-12-13,0
877,2903,2026-09-14,0
877,2903,2026-09-15,0
877,2903,2026-09-16,0
877,2903,2026-09-17,0
877,2903,2026-09-18,0
877,2903,2026-09-19,0
877,2903,2026-09-20,0
877,2903,2026-09-21,0
877,2903,2026-09-22,0
877,2903,2026-09-23,0
877,2903,2026-09-24,0
877,2903,2026-09-25,0
877,2903,2026-09-26,0
877,2903,2026-09-27,0
877,2903,2026-09-28,0
877,2903,2026-09-29,0
877,2903,2026-09-30,0
877,2903,2026-10-01,0
877,2903,2026-10-02,0
877,2903,2026-10-03,0
877,2903,2026-10-04,0
877,2903,2026-10-05,0
877,2903,2026-10-06,0
877,2903,2026-10-07,0
877,2903,2026-10-08,0
877,2903,2026-10-09,0
877,2903,2026-10-10,0
877,2903,2026-10-11,0
877,2903,2026-10-12,0
877,2903,2026-10-13,0
877,2903,2026-10-14,0
877,2904,2026-09-14,0
877,2904,2026-09-15,0
877,2904,2026-09-16,0
877,2904,2026-09-17,0
877,2904,2026-09-18,0
877,2904,2026-09-19,0
877,2904,2026-09-20,0
877,2904,2026-09-21,0
877,2904,2026-09-22,0
877,2904,2026-09-23,0
877,2904,2026-09-24,0
877,2904,2026-09-25,0
877,2904,2026-09-26,0
877,2904,2026-09-27,0
877,2904,2026-09-28,0
877,2904,2026-09-29,0
877,2904,2026-09-30,0
877,2904,2026-10-01,0
877,2904,2026-10-02,0
877,2904,2026-10-03,0
877,2904,2026-10-04,0
877,2904,2026-10-05,0
877,2904,2026-10-06,0
877,2904,2026-10-07,0
877,2904,2026-10-08,0
877,2904,2026-10-09,0
877,2904,2026-10-10,0
877,2904,2026-10-11,0
877,2904,2026-10-12,0
877,2904,2026-10-13,0
877,2904,2026-10-14,0
877,2905,2026-09-14,0
877,2905,2026-09-15,0
877,2905,2026-09-16,0
877,2905,2026-09-17,0
877,2905,2026-09-18,0
877,2905,2026-09-19,0
877,2905,2026-09-20,0
877,2905,2026-09-21,0
877,2905,2026-09-22,0
877,2905,2026-09-23,0
877,2905,2026-09-24,0
877,2905,2026-09-25,0
877,2905,2026-09-26,0
877,2905,2026-09-27,0
877,2905,2026-09-28,0
877,2905,2026-09-29,0
877,2905,2026-09-30,0
877,2905,2026-10-01,0
877,2905,2026-10-02,0
877,2905,2026-10-03,0
877,2905,2026-10-04,0
877,2905,2026-10-05,0
877,2905,2026-10-06,0
877,2905,2026-10-07,0
877,2905,2026-10-08,0
877,2905,2026-10-09,0
877,2905,2026-10-10,0
877,2905,2026-10-11,0
877,2905,2026-10-12,0
877,2905,2026-10-13,0
877,2905,2026-10-14,0
877,2906,2026-09-14,0
877,2906,2026-09-15,0
877,2906,2026-09-16,0
877,2906,2026-09-17,0
877,2906,2026-09-18,0
877,2906,2026-09-19,0
877,2906,2026-09-20,0
877,2906,2026-09-21,0
877,2906,2026-09-22,0
877,2906,2026-09-23,0
877,2906,2026-09-24,0
877,2906,2026-09-25,0
877,2906,2026-09-26,0
877,2906,2026-09-27,0
877,2906,2026-09-28,0
877,2906,2026-09-29,0
877,2906,2026-09-30,0
877,2906,2026-10-01,0
877,2906,2026-10-02,0
877,2906,2026-10-03,0
877,2906,2026-10-04,0
877,2906,2026-10-05,0
877,2906,2026-10-06,0
877,2906,2026-10-07,0
877,2906,2026-10-08,0
877,2906,2026-10-09,0
877,2906,2026-10-10,0
877,2906,2026-10-11,0
877,2906,2026-10-12,0
877,2906,2026-10-13,0
877,2906,2026-10-14,0
877,2907,2026-09-14,0
877,2907,2026-09-15,0
877,2907,2026-09-16,0
877,2907,2026-09-17,0
877,2907,2026-09-18,0
877,2907,2026-09-19,0
877,2907,2026-09-20,0
877,2907,2026-09-21,0
877,2907,2026-09-22,0
877,2907,2026-09-23,0
877,2907,2026-09-24,0
877,2907,2026-09-25,0
877,2907,2026-09-26,0
877,2907,2026-09-27,0
877,2907,2026-09-28,0
877,2907,2026-09-29,0
877,2907,2026-09-30,0
877,2907,2026-10-01,0
877,2907,2026-10-02,0
877,2907,2026-10-03,0
877,2907,2026-10-04,0
877,2907,2026-10-05,0
877,2907,2026-10-06,0
877,2907,2026-10-07,0
877,2907,2026-10-08,0
877,2907,2026-10-09,0
877,2907,2026-10-10,0
877,2907,2026-10-11,0
877,2907,2026-10-12,0
877,2907,2026-10-13,0
877,2907,2026-10-14,0
877,2903,2026-10-14,0
877,2903,2026-10-15,0
877,2903,2026-10-16,0
877,2903,2026-10-17,0
877,2903,2026-10-18,0
877,2903,2026-10-19,0
877,2903,2026-10-20,0
877,2903,2026-10-21,0
877,2903,2026-10-22,0
877,2903,2026-10-23,0
877,2903,2026-10-24,0
877,2903,2026-10-25,0
877,2903,2026-10-26,0
877,2903,2026-10-27,0
877,2903,2026-10-28,0
877,2903,2026-10-29,0
877,2903,2026-10-30,0
877,2903,2026-10-31,0
877,2903,2026-11-01,0
877,2903,2026-11-02,0
877,2903,2026-11-03,0
877,2903,2026-11-04,0
877,2903,2026-11-05,0
877,2903,2026-11-06,0
877,2903,2026-11-07,0
877,2903,2026-11-08,0
877,2903,2026-11-09,0
877,2903,2026-11-10,0
877,2903,2026-11-11,0
877,2903,2026-11-12,0
877,2903,2026-11-13,0
877,2904,2026-10-14,0
877,2904,2026-10-15,0
877,2904,2026-10-16,0
877,2904,2026-10-17,0
877,2904,2026-10-18,0
877,2904,2026-10-19,0
877,2904,2026-10-20,0
877,2904,2026-10-21,0
877,2904,2026-10-22,0
877,2904,2026-10-23,0
877,2904,2026-10-24,0
877,2904,2026-10-25,0
877,2904,2026-10-26,0
877,2904,2026-10-27,0
877,2904,2026-10-28,0
877,2904,2026-10-29,0
877,2904,2026-10-30,0
877,2904,2026-10-31,0
877,2904,2026-11-01,0
877,2904,2026-11-02,0
877,2904,2026-11-03,0
877,2904,2026-11-04,0
877,2904,2026-11-05,0
877,2904,2026-11-06,0
877,2904,2026-11-07,0
877,2904,2026-11-08,0
877,2904,2026-11-09,0
877,2904,2026-11-10,0
877,2904,2026-11-11,0
877,2904,2026-11-12,0
877,2904,2026-11-13,0
877,2905,2026-10-14,0
877,2905,2026-10-15,0
877,2905,2026-10-16,0
877,2905,2026-10-17,0
877,2905,2026-10-18,0
877,2905,2026-10-19,0
877,2905,2026-10-20,0
877,2905,2026-10-21,0
877,2905,2026-10-22,0
877,2905,2026-10-23,0
877,2905,2026-10-24,0
877,2905,2026-10-25,0
877,2905,2026-10-26,0
877,2905,2026-10-27,0
877,2905,2026-10-28,0
877,2905,2026-10-29,0
877,2905,2026-10-30,0
877,2905,2026-10-31,0
877,2905,2026-11-01,0
877,2905,2026-11-02,0
877,2905,2026-11-03,0
877,2905,2026-11-04,0
877,2905,2026-11-05,0
877,2905,2026-11-06,0
877,2905,2026-11-07,0
877,2905,2026-11-08,0
877,2905,2026-11-09,0
877,2905,2026-11-10,0
877,2905,2026-11-11,0
877,2905,2026-11-12,0
877,2905,2026-11-13,0
877,2906,2026-10-14,0
877,2906,2026-10-15,0
877,2906,2026-10-16,0
877,2906,2026-10-17,0
877,2906,2026-10-18,0
877,2906,2026-10-19,0
877,2906,2026-10-20,0
877,2906,2026-10-21,0
877,2906,2026-10-22,0
877,2906,2026-10-23,0
877,2906,2026-10-24,0
877,2906,2026-10-25,0
877,2906,2026-10-26,0
877,2906,2026-10-27,0
877,2906,2026-10-28,0
877,2906,2026-10-29,0
877,2906,2026-10-30,0
877,2906,2026-10-31,0
877,2906,2026-11-01,0
877,2906,2026-11-02,0
877,2906,2026-11-03,0
877,2906,2026-11-04,0
877,2906,2026-11-05,0
877,2906,2026-11-06,0
877,2906,2026-11-07,0
877,2906,2026-11-08,0
877,2906,2026-11-09,0
877,2906,2026-11-10,0
877,2906,2026-11-11,0
877,2906,2026-11-12,0
877,2906,2026-11-13,0
877,2907,2026-10-14,0
877,2907,2026-10-15,0
877,2907,2026-10-16,0
877,2907,2026-10-17,0
877,2907,2026-10-18,0
877,2907,2026-10-19,0
877,2907,2026-10-20,0
877,2907,2026-10-21,0
877,2907,2026-10-22,0
877,2907,2026-10-23,0
877,2907,2026-10-24,0
877,2907,2026-10-25,0
877,2907,2026-10-26,0
877,2907,2026-10-27,0
877,2907,2026-10-28,0
877,2907,2026-10-29,0
877,2907,2026-10-30,0
877,2907,2026-10-31,0
877,2907,2026-11-01,0
877,2907,2026-11-02,0
877,2907,2026-11-03,0
877,2907,2026-11-04,0
877,2907,2026-11-05,0
877,2907,2026-11-06,0
877,2907,2026-11-07,0
877,2907,2026-11-08,0
877,2907,2026-11-09,0
877,2907,2026-11-10,0
877,2907,2026-11-11,0
877,2907,2026-11-12,0
877,2907,2026-11-13,0
877,2903,2026-12-13,0
877,2903,2026-12-14,0
877,2903,2026-12-15,0
877,2903,2026-12-16,0
877,2903,2026-12-17,0
877,2903,2026-12-18,0
877,2903,2026-12-19,0
877,2903,2026-12-20,0
877,2903,2026-12-21,0
877,2903,2026-12-22,0
877,2903,2026-12-23,0
877,2903,2026-12-24,0
877,2903,2026-12-25,0
877,2903,2026-12-26,0
877,2903,2026-12-27,0
877,2903,2026-12-28,0
877,2903,2026-12-29,0
877,2903,2026-12-30,0
877,2903,2026-12-31,0
877,2903,2027-01-01,0
877,2903,2027-01-02,0
877,2903,2027-01-03,0
877,2903,2027-01-04,0
877,2903,2027-01-05,0
877,2903,2027-01-06,0
877,2903,2027-01-07,0
877,2903,2027-01-08,0
877,2903,2027-01-09,0
877,2903,2027-01-10,0
877,2903,2027-01-11,0
877,2903,2027-01-12,0
877,2904,2026-12-13,0
877,2904,2026-12-14,0
877,2904,2026-12-15,0
877,2904,2026-12-16,0
877,2904,2026-12-17,0
877,2904,2026-12-18,0
877,2904,2026-12-19,0
877,2904,2026-12-20,0
877,2904,2026-12-21,0
877,2904,2026-12-22,0
877,2904,2026-12-23,0
877,2904,2026-12-24,0
877,2904,2026-12-25,0
877,2904,2026-12-26,0
877,2904,2026-12-27,0
877,2904,2026-12-28,0
877,2904,2026-12-29,0
877,2904,2026-12-30,0
877,2904,2026-12-31,0
877,2904,2027-01-01,0
877,2904,2027-01-02,0
877,2904,2027-01-03,0
877,2904,2027-01-04,0
877,2904,2027-01-05,0
877,2904,2027-01-06,0
877,2904,2027-01-07,0
877,2904,2027-01-08,0
877,2904,2027-01-09,0
877,2904,2027-01-10,0
877,2904,2027-01-11,0
877,2904,2027-01-12,0
877,2905,2026-12-13,0
877,2905,2026-12-14,0
877,2905,2026-12-15,0
877,2905,2026-12-16,0
877,2905,2026-12-17,0
877,2905,2026-12-18,0
877,2905,2026-12-19,0
877,2905,2026-12-20,0
877,2905,2026-12-21,0
877,2905,2026-12-22,0
877,2905,2026-12-23,0
877,2905,2026-12-24,0
877,2905,2026-12-25,0
877,2905,2026-12-26,0
877,2905,2026-12-27,0
877,2905,2026-12-28,0
877,2905,2026-12-29,0
877,2905,2026-12-30,0
877,2905,2026-12-31,0
877,2905,2027-01-01,0
877,2905,2027-01-02,0
877,2905,2027-01-03,0
877,2905,2027-01-04,0
877,2905,2027-01-05,0
877,2905,2027-01-06,0
877,2905,2027-01-07,0
877,2905,2027-01-08,0
877,2905,2027-01-09,0
877,2905,2027-01-10,0
877,2905,2027-01-11,0
877,2905,2027-01-12,0
877,2906,2026-12-13,0
877,2906,2026-12-14,0
877,2906,2026-12-15,0
877,2906,2026-12-16,0
877,2906,2026-12-17,0
877,2906,2026-12-18,0
877,2906,2026-12-19,0
877,2906,2026-12-20,0
877,2906,2026-12-21,0
877,2906,2026-12-22,0
877,2906,2026-12-23,0
877,2906,2026-12-24,0
877,2906,2026-12-25,0
877,2906,2026-12-26,0
877,2906,2026-12-27,0
877,2906,2026-12-28,0
877,2906,2026-12-29,0
877,2906,2026-12-30,0
877,2906,2026-12-31,0
877,2906,2027-01-01,0
877,2906,2027-01-02,0
877,2906,2027-01-03,0
877,2906,2027-01-04,0
877,2906,2027-01-05,0
877,2906,2027-01-06,0
877,2906,2027-01-07,0
877,2906,2027-01-08,0
877,2906,2027-01-09,0
877,2906,2027-01-10,0
877,2906,2027-01-11,0
877,2906,2027-01-12,0
877,2907,2026-12-13,0
877,2907,2026-12-14,0
877,2907,2026-12-15,0
877,2907,2026-12-16,0
877,2907,2026-12-17,0
877,2907,2026-12-18,0
877,2907,2026-12-19,0
877,2907,2026-12-20,0
877,2907,2026-12-21,0
877,2907,2026-12-22,0
877,2907,2026-12-23,0
877,2907,2026-12-24,0
877,2907,2026-12-25,0
877,2907,2026-12-26,0
877,2907,2026-12-27,0
877,2907,2026-12-28,0
877,2907,2026-12-29,0
877,2907,2026-12-30,0
877,2907,2026-12-31,0
877,2907,2027-01-01,0
877,2907,2027-01-02,0
877,2907,2027-01-03,0
877,2907,2027-01-04,0
877,2907,2027-01-05,0
877,2907,2027-01-06,0
877,2907,2027-01-07,0
877,2907,2027-01-08,0
877,2907,2027-01-09,0
877,2907,2027-01-10,0
877,2907,2027-01-11,0
877,2907,2027-01-12,0
877,2903,2027-01-12,0
877,2903,2027-01-13,0
877,2903,2027-01-14,0
877,2903,2027-01-15,0
877,2903,2027-01-16,0
877,2903,2027-01-17,0
877,2903,2027-01-18,0
877,2903,2027-01-19,0
877,2903,2027-01-20,0
877,2903,2027-01-21,0
877,2903,2027-01-22,0
877,2903,2027-01-23,0
877,2903,2027-01-24,0
877,2903,2027-01-25,0
877,2903,2027-01-26,0
877,2903,2027-01-27,0
877,2903,2027-01-28,0
877,2903,2027-01-29,0
877,2903,2027-01-30,0
877,2903,2027-01-31,0
877,2903,2027-02-01,0
877,2903,2027-02-02,0
877,2903,2027-02-03,0
877,2903,2027-02-04,0
877,2903,2027-02-05,0
877,2903,2027-02-06,0
877,2903,2027-02-07,0
877,2903,2027-02-08,0
877,2903,2027-02-09,0
877,2903,2027-02-10,0
877,2903,2027-02-11,0
877,2904,2027-01-12,0
877,2904,2027-01-13,0
877,2904,2027-01-14,0
877,2904,2027-01-15,0
877,2904,2027-01-16,0
877,2904,2027-01-17,0
877,2904,2027-01-18,0
877,2904,2027-01-19,0
877,2904,2027-01-20,0
877,2904,2027-01-21,0
877,2904,2027-01-22,0
877,2904,2027-01-23,0
877,2904,2027-01-24,0
877,2904,2027-01-25,0
877,2904,2027-01-26,0
877,2904,2027-01-27,0
877,2904,2027-01-28,0
877,2904,2027-01-29,0
877,2904,2027-01-30,0
877,2904,2027-01-31,0
877,2904,2027-02-01,0
877,2904,2027-02-02,0
877,2904,2027-02-03,0
877,2904,2027-02-04,0
877,2904,2027-02-05,0
877,2904,2027-02-06,0
877,2904,2027-02-07,0
877,2904,2027-02-08,0
877,2904,2027-02-09,0
877,2904,2027-02-10,0
877,2904,2027-02-11,0
877,2905,2027-01-12,0
877,2905,2027-01-13,0
877,2905,2027-01-14,0
877,2905,2027-01-15,0
877,2905,2027-01-16,0
877,2905,2027-01-17,0
877,2905,2027-01-18,0
877,2905,2027-01-19,0
877,2905,2027-01-20,0
877,2905,2027-01-21,0
877,2905,2027-01-22,0
877,2905,2027-01-23,0
877,2905,2027-01-24,0
877,2905,2027-01-25,0
877,2905,2027-01-26,0
877,2905,2027-01-27,0
877,2905,2027-01-28,0
877,2905,2027-01-29,0
877,2905,2027-01-30,0
877,2905,2027-01-31,0
877,2905,2027-02-01,0
877,2905,2027-02-02,0
877,2905,2027-02-03,0
877,2905,2027-02-04,0
877,2905,2027-02-05,0
877,2905,2027-02-06,0
877,2905,2027-02-07,0
877,2905,2027-02-08,0
877,2905,2027-02-09,0
877,2905,2027-02-10,0
877,2905,2027-02-11,0
877,2906,2027-01-12,0
877,2906,2027-01-13,0
877,2906,2027-01-14,0
877,2906,2027-01-15,0
877,2906,2027-01-16,0
877,2906,2027-01-17,0
877,2906,2027-01-18,0
877,2906,2027-01-19,0
877,2906,2027-01-20,0
877,2906,2027-01-21,0
877,2906,2027-01-22,0
877,2906,2027-01-23,0
877,2906,2027-01-24,0
877,2906,2027-01-25,0
877,2906,2027-01-26,0
877,2906,2027-01-27,0
877,2906,2027-01-28,0
877,2906,2027-01-29,0
877,2906,2027-01-30,0
877,2906,2027-01-31,0
877,2906,2027-02-01,0
877,2906,2027-02-02,0
877,2906,2027-02-03,0
877,2906,2027-02-04,0
877,2906,2027-02-05,0
877,2906,2027-02-06,0
877,2906,2027-02-07,0
877,2906,2027-02-08,0
877,2906,2027-02-09,0
877,2906,2027-02-10,0
877,2906,2027-02-11,0
877,2907,2027-01-12,0
877,2907,2027-01-13,0
877,2907,2027-01-14,0
877,2907,2027-01-15,0
877,2907,2027-01-16,0
877,2907,2027-01-17,0
877,2907,2027-01-18,0
877,2907,2027-01-19,0
877,2907,2027-01-20,0
877,2907,2027-01-21,0
877,2907,2027-01-22,0
877,2907,2027-01-23,0
877,2907,2027-01-24,0
877,2907,2027-01-25,0
877,2907,2027-01-26,0
877,2907,2027-01-27,0
877,2907,2027-01-28,0
877,2907,2027-01-29,0
877,2907,2027-01-30,0
877,2907,2027-01-31,0
877,2907,2027-02-01,0
877,2907,2027-02-02,0
877,2907,2027-02-03,0
877,2907,2027-02-04,0
877,2907,2027-02-05,0
877,2907,2027-02-06,0
877,2907,2027-02-07,0
877,2907,2027-02-08,0
877,2907,2027-02-09,0
877,2907,2027-02-10,0
877,2907,2027-02-11,0
877,2903,2027-02-11,0
877,2903,2027-02-12,0
877,2903,2027-02-13,0
877,2903,2027-02-14,0
877,2903,2027-02-15,0
877,2903,2027-02-16,0
877,2903,2027-02-17,0
877,2903,2027-02-18,0
877,2903,2027-02-19,0
877,2903,2027-02-20,0
877,2903,2027-02-21,0
877,2903,2027-02-22,0
877,2903,2027-02-23,0
877,2903,2027-02-24,0
877,2903,2027-02-25,0
877,2903,2027-02-26,0
877,2903,2027-02-27,0
877,2903,2027-02-28,0
877,2903,2027-03-01,0
877,2903,2027-03-02,0
877,2903,2027-03-03,0
877,2903,2027-03-04,0
877,2903,2027-03-05,0
877,2903,2027-03-06,0
877,2903,2027-03-07,0
877,2903,2027-03-08,0
877,2903,2027-03-09,0
877,2903,2027-03-10,0
877,2903,2027-03-11,0
877,2903,2027-03-12,0
877,2903,2027-03-13,0
877,2904,2027-02-11,0
877,2904,2027-02-12,0
877,2904,2027-02-13,0
877,2904,2027-02-14,0
877,2904,2027-02-15,0
877,2904,2027-02-16,0
877,2904,2027-02-17,0
877,2904,2027-02-18,0
877,2904,2027-02-19,0
877,2904,2027-02-20,0
877,2904,2027-02-21,0
877,2904,2027-02-22,0
877,2904,2027-02-23,0
877,2904,2027-02-24,0
877,2904,2027-02-25,0
877,2904,2027-02-26,0
877,2904,2027-02-27,0
877,2904,2027-02-28,0
877,2904,2027-03-01,0
877,2904,2027-03-02,0
877,2904,2027-03-03,0
877,2904,2027-03-04,0
877,2904,2027-03-05,0
877,2904,2027-03-06,0
877,2904,2027-03-07,0
877,2904,2027-03-08,0
877,2904,2027-03-09,0
877,2904,2027-03-10,0
877,2904,2027-03-11,0
877,2904,2027-03-12,0
877,2904,2027-03-13,0
877,2905,2027-02-11,0
877,2905,2027-02-12,0
877,2905,2027-02-13,0
877,2905,2027-02-14,0
877,2905,2027-02-15,0
877,2905,2027-02-16,0
877,2905,2027-02-17,0
877,2905,2027-02-18,0
877,2905,2027-02-19,0
877,2905,2027-02-20,0
877,2905,2027-02-21,0
877,2905,2027-02-22,0
877,2905,2027-02-23,0
877,2905,2027-02-24,0
877,2905,2027-02-25,0
877,2905,2027-02-26,0
877,2905,2027-02-27,0
877,2905,2027-02-28,0
877,2905,2027-03-01,0
877,2905,2027-03-02,0
877,2905,2027-03-03,0
877,2905,2027-03-04,0
877,2905,2027-03-05,0
877,2905,2027-03-06,0
877,2905,2027-03-07,0
877,2905,2027-03-08,0
877,2905,2027-03-09,0
877,2905,2027-03-10,0
877,2905,2027-03-11,0
877,2905,2027-03-12,0
877,2905,2027-03-13,0
877,2906,2027-02-11,0
877,2906,2027-02-12,0
877,2906,2027-02-13,0
877,2906,2027-02-14,0
877,2906,2027-02-15,0
877,2906,2027-02-16,0
877,2906,2027-02-17,0
877,2906,2027-02-18,0
877,2906,2027-02-19,0
877,2906,2027-02-20,0
877,2906,2027-02-21,0
877,2906,2027-02-22,0
877,2906,2027-02-23,0
877,2906,2027-02-24,0
877,2906,2027-02-25,0
877,2906,2027-02-26,0
877,2906,2027-02-27,0
877,2906,2027-02-28,0
877,2906,2027-03-01,0
877,2906,2027-03-02,0
877,2906,2027-03-03,0
877,2906,2027-03-04,0
877,2906,2027-03-05,0
877,2906,2027-03-06,0
877,2906,2027-03-07,0
877,2906,2027-03-08,0
877,2906,2027-03-09,0
877,2906,2027-03-10,0
877,2906,2027-03-11,0
877,2906,2027-03-12,0
877,2906,2027-03-13,0
877,2907,2027-02-11,0
877,2907,2027-02-12,0
877,2907,2027-02-13,0
877,2907,2027-02-14,0
877,2907,2027-02-15,0
877,2907,2027-02-16,0
877,2907,2027-02-17,0
877,2907,2027-02-18,0
877,2907,2027-02-19,0
877,2907,2027-02-20,0
877,2907,2027-02-21,0
877,2907,2027-02-22,0
877,2907,2027-02-23,0
877,2907,2027-02-24,0
877,2907,2027-02-25,0
877,2907,2027-02-26,0
877,2907,2027-02-27,0
877,2907,2027-02-28,0
877,2907,2027-03-01,0
877,2907,2027-03-02,0
877,2907,2027-03-03,0
877,2907,2027-03-04,0
877,2907,2027-03-05,0
877,2907,2027-03-06,0
877,2907,2027-03-07,0
877,2907,2027-03-08,0
877,2907,2027-03-09,0
877,2907,2027-03-10,0
877,2907,2027-03-11,0
877,2907,2027-03-12,0
877,2907,2027-03-13,0
880,2924,2026-06-16,16
880,2924,2026-06-17,16
880,2924,2026-06-18,16
880,2924,2026-06-19,16
880,2924,2026-06-20,9
880,2924,2026-06-21,16
880,2924,2026-06-22,16
880,2924,2026-06-23,16
880,2924,2026-06-24,16
880,2924,2026-06-25,16
880,2924,2026-06-26,13
880,2924,2026-06-27,16
880,2924,2026-06-28,16
880,2924,2026-06-29,16
880,2924,2026-06-30,16
880,2924,2026-07-01,0
880,2924,2026-07-02,0
880,2924,2026-07-03,0
880,2924,2026-07-04,0
880,2924,2026-07-05,0
880,2924,2026-07-06,0
880,2924,2026-07-07,0
880,2924,2026-07-08,0
880,2924,2026-07-09,0
880,2924,2026-07-10,0
880,2924,2026-07-11,0
880,2924,2026-07-12,0
880,2924,2026-07-13,0
880,2924,2026-07-14,0
880,2924,2026-07-15,0
880,2924,2026-07-16,0
880,2925,2026-06-16,20
880,2925,2026-06-17,20
880,2925,2026-06-18,20
880,2925,2026-06-19,20
880,2925,2026-06-20,20
880,2925,2026-06-21,13
880,2925,2026-06-22,20
880,2925,2026-06-23,20
880,2925,2026-06-24,20
880,2925,2026-06-25,20
880,2925,2026-06-26,20
880,2925,2026-06-27,17
880,2925,2026-06-28,20
880,2925,2026-06-29,20
880,2925,2026-06-30,20
880,2925,2026-07-01,0
880,2925,2026-07-02,0
880,2925,2026-07-03,0
880,2925,2026-07-04,0
880,2925,2026-07-05,0
880,2925,2026-07-06,0
880,2925,2026-07-07,0
880,2925,2026-07-08,0
880,2925,2026-07-09,0
880,2925,2026-07-10,0
880,2925,2026-07-11,0
880,2925,2026-07-12,0
880,2925,2026-07-13,0
880,2925,2026-07-14,0
880,2925,2026-07-15,0
880,2925,2026-07-16,0
880,2926,2026-06-16,20
880,2926,2026-06-17,20
880,2926,2026-06-18,20
880,2926,2026-06-19,19
880,2926,2026-06-20,19
880,2926,2026-06-21,20
880,2926,2026-06-22,13
880,2926,2026-06-23,20
880,2926,2026-06-24,20
880,2926,2026-06-25,20
880,2926,2026-06-26,20
880,2926,2026-06-27,20
880,2926,2026-06-28,17
880,2926,2026-06-29,20
880,2926,2026-06-30,20
880,2926,2026-07-01,0
880,2926,2026-07-02,0
880,2926,2026-07-03,0
880,2926,2026-07-04,0
880,2926,2026-07-05,0
880,2926,2026-07-06,0
880,2926,2026-07-07,0
880,2926,2026-07-08,0
880,2926,2026-07-09,0
880,2926,2026-07-10,0
880,2926,2026-07-11,0
880,2926,2026-07-12,0
880,2926,2026-07-13,0
880,2926,2026-07-14,0
880,2926,2026-07-15,0
880,2926,2026-07-16,0
880,2924,2026-05-17,14
880,2924,2026-05-18,16
880,2924,2026-05-19,16
880,2924,2026-05-20,16
880,2924,2026-05-21,10
880,2924,2026-05-22,16
880,2924,2026-05-23,6
880,2924,2026-05-24,16
880,2924,2026-05-25,16
880,2924,2026-05-26,16
880,2924,2026-05-27,16
880,2924,2026-05-28,16
880,2924,2026-05-29,10
880,2924,2026-05-30,6
880,2924,2026-05-31,14
880,2924,2026-06-01,15
880,2924,2026-06-02,15
880,2924,2026-06-03,16
880,2924,2026-06-04,16
880,2924,2026-06-05,16
880,2924,2026-06-06,16
880,2924,2026-06-07,16
880,2924,2026-06-08,16
880,2924,2026-06-09,16
880,2924,2026-06-10,16
880,2924,2026-06-11,16
880,2924,2026-06-12,16
880,2924,2026-06-13,16
880,2924,2026-06-14,16
880,2924,2026-06-15,16
880,2924,2026-06-16,16
880,2925,2026-05-17,5
880,2925,2026-05-18,1
880,2925,2026-05-19,10
880,2925,2026-05-20,0
880,2925,2026-05-21,4
880,2925,2026-05-22,8
880,2925,2026-05-23,0
880,2925,2026-05-24,7
880,2925,2026-05-25,20
880,2925,2026-05-26,20
880,2925,2026-05-27,20
880,2925,2026-05-28,20
880,2925,2026-05-29,20
880,2925,2026-05-30,0
880,2925,2026-05-31,6
880,2925,2026-06-01,17
880,2925,2026-06-02,20
880,2925,2026-06-03,20
880,2925,2026-06-04,20
880,2925,2026-06-05,18
880,2925,2026-06-06,16
880,2925,2026-06-07,20
880,2925,2026-06-08,20
880,2925,2026-06-09,20
880,2925,2026-06-10,20
880,2925,2026-06-11,20
880,2925,2026-06-12,20
880,2925,2026-06-13,20
880,2925,2026-06-14,20
880,2925,2026-06-15,20
880,2925,2026-06-16,20
880,2926,2026-05-17,6
880,2926,2026-05-18,9
880,2926,2026-05-19,1
880,2926,2026-05-20,8
880,2926,2026-05-21,0
880,2926,2026-05-22,6
880,2926,2026-05-23,12
880,2926,2026-05-24,18
880,2926,2026-05-25,9
880,2926,2026-05-26,20
880,2926,2026-05-27,20
880,2926,2026-05-28,20
880,2926,2026-05-29,20
880,2926,2026-05-30,20
880,2926,2026-05-31,3
880,2926,2026-06-01,10
880,2926,2026-06-02,18
880,2926,2026-06-03,20
880,2926,2026-06-04,20
880,2926,2026-06-05,20
880,2926,2026-06-06,18
880,2926,2026-06-07,20
880,2926,2026-06-08,20
880,2926,2026-06-09,20
880,2926,2026-06-10,20
880,2926,2026-06-11,20
880,2926,2026-06-12,20
880,2926,2026-06-13,20
880,2926,2026-06-14,20
880,2926,2026-06-15,20
880,2926,2026-06-16,20
880,2924,2026-03-18,5
880,2924,2026-03-19,5
880,2924,2026-03-20,6
880,2924,2026-03-21,0
880,2924,2026-03-22,0
880,2924,2026-03-23,1
880,2924,2026-03-24,0
880,2924,2026-03-25,0
880,2924,2026-03-26,1
880,2924,2026-03-27,0
880,2924,2026-03-28,0
880,2924,2026-03-29,3
880,2924,2026-03-30,0
880,2924,2026-03-31,8
880,2924,2026-04-01,6
880,2924,2026-04-02,8
880,2924,2026-04-03,1
880,2924,2026-04-04,0
880,2924,2026-04-05,5
880,2924,2026-04-06,0
880,2924,2026-04-07,1
880,2924,2026-04-08,1
880,2924,2026-04-09,5
880,2924,2026-04-10,0
880,2924,2026-04-11,10
880,2924,2026-04-12,0
880,2924,2026-04-13,0
880,2924,2026-04-14,1
880,2924,2026-04-15,1
880,2924,2026-04-16,5
880,2924,2026-04-17,0
880,2925,2026-03-18,0
880,2925,2026-03-19,0
880,2925,2026-03-20,0
880,2925,2026-03-21,0
880,2925,2026-03-22,0
880,2925,2026-03-23,0
880,2925,2026-03-24,0
880,2925,2026-03-25,0
880,2925,2026-03-26,0
880,2925,2026-03-27,0
880,2925,2026-03-28,0
880,2925,2026-03-29,2
880,2925,2026-03-30,0
880,2925,2026-03-31,0
880,2925,2026-04-01,0
880,2925,2026-04-02,0
880,2925,2026-04-03,0
880,2925,2026-04-04,1
880,2925,2026-04-05,0
880,2925,2026-04-06,0
880,2925,2026-04-07,0
880,2925,2026-04-08,0
880,2925,2026-04-09,0
880,2925,2026-04-10,0
880,2925,2026-04-11,0
880,2925,2026-04-12,0
880,2925,2026-04-13,0
880,2925,2026-04-14,0
880,2925,2026-04-15,0
880,2925,2026-04-16,0
880,2925,2026-04-17,0
880,2926,2026-03-18,1
880,2926,2026-03-19,0
880,2926,2026-03-20,0
880,2926,2026-03-21,0
880,2926,2026-03-22,0
880,2926,2026-03-23,0
880,2926,2026-03-24,13
880,2926,2026-03-25,0
880,2926,2026-03-26,0
880,2926,2026-03-27,0
880,2926,2026-03-28,0
880,2926,2026-03-29,3
880,2926,2026-03-30,2
880,2926,2026-03-31,0
880,2926,2026-04-01,2
880,2926,2026-04-02,0
880,2926,2026-04-03,0
880,2926,2026-04-04,0
880,2926,2026-04-05,0
880,2926,2026-04-06,2
880,2926,2026-04-07,0
880,2926,2026-04-08,0
880,2926,2026-04-09,3
880,2926,2026-04-10,1
880,2926,2026-04-11,0
880,2926,2026-04-12,0
880,2926,2026-04-13,0
880,2926,2026-04-14,0
880,2926,2026-04-15,0
880,2926,2026-04-16,0
880,2926,2026-04-17,0
880,2924,2026-04-17,0
880,2924,2026-04-18,0
880,2924,2026-04-19,0
880,2924,2026-04-20,4
880,2924,2026-04-21,7
880,2924,2026-04-22,3
880,2924,2026-04-23,9
880,2924,2026-04-24,7
880,2924,2026-04-25,0
880,2924,2026-04-26,1
880,2924,2026-04-27,3
880,2924,2026-04-28,0
880,2924,2026-04-29,6
880,2924,2026-04-30,12
880,2924,2026-05-01,2
880,2924,2026-05-02,1
880,2924,2026-05-03,0
880,2924,2026-05-04,1
880,2924,2026-05-05,0
880,2924,2026-05-06,11
880,2924,2026-05-07,6
880,2924,2026-05-08,9
880,2924,2026-05-09,4
880,2924,2026-05-10,10
880,2924,2026-05-11,1
880,2924,2026-05-12,9
880,2924,2026-05-13,10
880,2924,2026-05-14,12
880,2924,2026-05-15,7
880,2924,2026-05-16,9
880,2924,2026-05-17,14
880,2925,2026-04-17,0
880,2925,2026-04-18,0
880,2925,2026-04-19,0
880,2925,2026-04-20,0
880,2925,2026-04-21,0
880,2925,2026-04-22,0
880,2925,2026-04-23,0
880,2925,2026-04-24,1
880,2925,2026-04-25,0
880,2925,2026-04-26,0
880,2925,2026-04-27,0
880,2925,2026-04-28,0
880,2925,2026-04-29,1
880,2925,2026-04-30,0
880,2925,2026-05-01,0
880,2925,2026-05-02,0
880,2925,2026-05-03,0
880,2925,2026-05-04,0
880,2925,2026-05-05,0
880,2925,2026-05-06,0
880,2925,2026-05-07,0
880,2925,2026-05-08,0
880,2925,2026-05-09,3
880,2925,2026-05-10,0
880,2925,2026-05-11,0
880,2925,2026-05-12,2
880,2925,2026-05-13,1
880,2925,2026-05-14,0
880,2925,2026-05-15,3
880,2925,2026-05-16,0
880,2925,2026-05-17,5
880,2926,2026-04-17,0
880,2926,2026-04-18,0
880,2926,2026-04-19,0
880,2926,2026-04-20,7
880,2926,2026-04-21,0
880,2926,2026-04-22,0
880,2926,2026-04-23,0
880,2926,2026-04-24,0
880,2926,2026-04-25,0
880,2926,2026-04-26,0
880,2926,2026-04-27,0
880,2926,2026-04-28,0
880,2926,2026-04-29,0
880,2926,2026-04-30,1
880,2926,2026-05-01,4
880,2926,2026-05-02,0
880,2926,2026-05-03,3
880,2926,2026-05-04,0
880,2926,2026-05-05,0
880,2926,2026-05-06,0
880,2926,2026-05-07,0
880,2926,2026-05-08,10
880,2926,2026-05-09,0
880,2926,2026-05-10,6
880,2926,2026-05-11,0
880,2926,2026-05-12,0
880,2926,2026-05-13,7
880,2926,2026-05-14,7
880,2926,2026-05-15,9
880,2926,2026-05-16,2
880,2926,2026-05-17,6
880,2924,2026-02-16,1
880,2924,2026-02-17,11
880,2924,2026-02-18,0
880,2924,2026-02-19,0
880,2924,2026-02-20,1
880,2924,2026-02-21,3
880,2924,2026-02-22,4
880,2924,2026-02-23,6
880,2924,2026-02-24,5
880,2924,2026-02-25,4
880,2924,2026-02-26,6
880,2924,2026-02-27,13
880,2924,2026-02-28,4
880,2924,2026-03-01,5
880,2924,2026-03-02,11
880,2924,2026-03-03,8
880,2924,2026-03-04,3
880,2924,2026-03-05,3
880,2924,2026-03-06,0
880,2924,2026-03-07,2
880,2924,2026-03-08,1
880,2924,2026-03-09,0
880,2924,2026-03-10,0
880,2924,2026-03-11,1
880,2924,2026-03-12,5
880,2924,2026-03-13,6
880,2924,2026-03-14,1
880,2924,2026-03-15,8
880,2924,2026-03-16,0
880,2924,2026-03-17,1
880,2924,2026-03-18,5
880,2925,2026-02-16,0
880,2925,2026-02-17,0
880,2925,2026-02-18,7
880,2925,2026-02-19,1
880,2925,2026-02-20,0
880,2925,2026-02-21,0
880,2925,2026-02-22,1
880,2925,2026-02-23,1
880,2925,2026-02-24,3
880,2925,2026-02-25,8
880,2925,2026-02-26,4
880,2925,2026-02-27,1
880,2925,2026-02-28,1
880,2925,2026-03-01,2
880,2925,2026-03-02,1
880,2925,2026-03-03,0
880,2925,2026-03-04,0
880,2925,2026-03-05,0
880,2925,2026-03-06,0
880,2925,2026-03-07,0
880,2925,2026-03-08,0
880,2925,2026-03-09,1
880,2925,2026-03-10,0
880,2925,2026-03-11,0
880,2925,2026-03-12,0
880,2925,2026-03-13,0
880,2925,2026-03-14,0
880,2925,2026-03-15,1
880,2925,2026-03-16,1
880,2925,2026-03-17,0
880,2925,2026-03-18,0
880,2926,2026-02-16,0
880,2926,2026-02-17,0
880,2926,2026-02-18,0
880,2926,2026-02-19,9
880,2926,2026-02-20,0
880,2926,2026-02-21,0
880,2926,2026-02-22,3
880,2926,2026-02-23,0
880,2926,2026-02-24,0
880,2926,2026-02-25,0
880,2926,2026-02-26,0
880,2926,2026-02-27,3
880,2926,2026-02-28,1
880,2926,2026-03-01,3
880,2926,2026-03-02,5
880,2926,2026-03-03,2
880,2926,2026-03-04,1
880,2926,2026-03-05,0
880,2926,2026-03-06,0
880,2926,2026-03-07,0
880,2926,2026-03-08,0
880,2926,2026-03-09,3
880,2926,2026-03-10,0
880,2926,2026-03-11,0
880,2926,2026-03-12,1
880,2926,2026-03-13,3
880,2926,2026-03-14,0
880,2926,2026-03-15,0
880,2926,2026-03-16,0
880,2926,2026-03-17,2
880,2926,2026-03-18,1
880,2924,2026-09-14,0
880,2924,2026-09-15,0
880,2924,2026-09-16,0
880,2924,2026-09-17,0
880,2924,2026-09-18,0
880,2924,2026-09-19,0
880,2924,2026-09-20,0
880,2924,2026-09-21,0
880,2924,2026-09-22,0
880,2924,2026-09-23,0
880,2924,2026-09-24,0
880,2924,2026-09-25,0
880,2924,2026-09-26,0
880,2924,2026-09-27,0
880,2924,2026-09-28,0
880,2924,2026-09-29,0
880,2924,2026-09-30,0
880,2924,2026-10-01,0
880,2924,2026-10-02,0
880,2924,2026-10-03,0
880,2924,2026-10-04,0
880,2924,2026-10-05,0
880,2924,2026-10-06,0
880,2924,2026-10-07,0
880,2924,2026-10-08,0
880,2924,2026-10-09,0
880,2924,2026-10-10,0
880,2924,2026-10-11,0
880,2924,2026-10-12,0
880,2924,2026-10-13,0
880,2924,2026-10-14,0
880,2925,2026-09-14,0
880,2925,2026-09-15,0
880,2925,2026-09-16,0
880,2925,2026-09-17,0
880,2925,2026-09-18,0
880,2925,2026-09-19,0
880,2925,2026-09-20,0
880,2925,2026-09-21,0
880,2925,2026-09-22,0
880,2925,2026-09-23,0
880,2925,2026-09-24,0
880,2925,2026-09-25,0
880,2925,2026-09-26,0
880,2925,2026-09-27,0
880,2925,2026-09-28,0
880,2925,2026-09-29,0
880,2925,2026-09-30,0
880,2925,2026-10-01,0
880,2925,2026-10-02,0
880,2925,2026-10-03,0
880,2925,2026-10-04,0
880,2925,2026-10-05,0
880,2925,2026-10-06,0
880,2925,2026-10-07,0
880,2925,2026-10-08,0
880,2925,2026-10-09,0
880,2925,2026-10-10,0
880,2925,2026-10-11,0
880,2925,2026-10-12,0
880,2925,2026-10-13,0
880,2925,2026-10-14,0
880,2926,2026-09-14,0
880,2926,2026-09-15,0
880,2926,2026-09-16,0
880,2926,2026-09-17,0
880,2926,2026-09-18,0
880,2926,2026-09-19,0
880,2926,2026-09-20,0
880,2926,2026-09-21,0
880,2926,2026-09-22,0
880,2926,2026-09-23,0
880,2926,2026-09-24,0
880,2926,2026-09-25,0
880,2926,2026-09-26,0
880,2926,2026-09-27,0
880,2926,2026-09-28,0
880,2926,2026-09-29,0
880,2926,2026-09-30,0
880,2926,2026-10-01,0
880,2926,2026-10-02,0
880,2926,2026-10-03,0
880,2926,2026-10-04,0
880,2926,2026-10-05,0
880,2926,2026-10-06,0
880,2926,2026-10-07,0
880,2926,2026-10-08,0
880,2926,2026-10-09,0
880,2926,2026-10-10,0
880,2926,2026-10-11,0
880,2926,2026-10-12,0
880,2926,2026-10-13,0
880,2926,2026-10-14,0
880,2924,2026-10-14,0
880,2924,2026-10-15,0
880,2924,2026-10-16,0
880,2924,2026-10-17,0
880,2924,2026-10-18,0
880,2924,2026-10-19,0
880,2924,2026-10-20,0
880,2924,2026-10-21,0
880,2924,2026-10-22,0
880,2924,2026-10-23,0
880,2924,2026-10-24,0
880,2924,2026-10-25,0
880,2924,2026-10-26,0
880,2924,2026-10-27,0
880,2924,2026-10-28,0
880,2924,2026-10-29,0
880,2924,2026-10-30,0
880,2924,2026-10-31,0
880,2924,2026-11-01,0
880,2924,2026-11-02,0
880,2924,2026-11-03,0
880,2924,2026-11-04,0
880,2924,2026-11-05,0
880,2924,2026-11-06,0
880,2924,2026-11-07,0
880,2924,2026-11-08,0
880,2924,2026-11-09,0
880,2924,2026-11-10,0
880,2924,2026-11-11,0
880,2924,2026-11-12,0
880,2924,2026-11-13,0
880,2925,2026-10-14,0
880,2925,2026-10-15,0
880,2925,2026-10-16,0
880,2925,2026-10-17,0
880,2925,2026-10-18,0
880,2925,2026-10-19,0
880,2925,2026-10-20,0
880,2925,2026-10-21,0
880,2925,2026-10-22,0
880,2925,2026-10-23,0
880,2925,2026-10-24,0
880,2925,2026-10-25,0
880,2925,2026-10-26,0
880,2925,2026-10-27,0
880,2925,2026-10-28,0
880,2925,2026-10-29,0
880,2925,2026-10-30,0
880,2925,2026-10-31,0
880,2925,2026-11-01,0
880,2925,2026-11-02,0
880,2925,2026-11-03,0
880,2925,2026-11-04,0
880,2925,2026-11-05,0
880,2925,2026-11-06,0
880,2925,2026-11-07,0
880,2925,2026-11-08,0
880,2925,2026-11-09,0
880,2925,2026-11-10,0
880,2925,2026-11-11,0
880,2925,2026-11-12,0
880,2925,2026-11-13,0
880,2926,2026-10-14,0
880,2926,2026-10-15,0
880,2926,2026-10-16,0
880,2926,2026-10-17,0
880,2926,2026-10-18,0
880,2926,2026-10-19,0
880,2926,2026-10-20,0
880,2926,2026-10-21,0
880,2926,2026-10-22,0
880,2926,2026-10-23,0
880,2926,2026-10-24,0
880,2926,2026-10-25,0
880,2926,2026-10-26,0
880,2926,2026-10-27,0
880,2926,2026-10-28,0
880,2926,2026-10-29,0
880,2926,2026-10-30,0
880,2926,2026-10-31,0
880,2926,2026-11-01,0
880,2926,2026-11-02,0
880,2926,2026-11-03,0
880,2926,2026-11-04,0
880,2926,2026-11-05,0
880,2926,2026-11-06,0
880,2926,2026-11-07,0
880,2926,2026-11-08,0
880,2926,2026-11-09,0
880,2926,2026-11-10,0
880,2926,2026-11-11,0
880,2926,2026-11-12,0
880,2926,2026-11-13,0
880,2924,2026-07-16,0
880,2924,2026-07-17,0
880,2924,2026-07-18,0
880,2924,2026-07-19,0
880,2924,2026-07-20,0
880,2924,2026-07-21,0
880,2924,2026-07-22,0
880,2924,2026-07-23,0
880,2924,2026-07-24,0
880,2924,2026-07-25,0
880,2924,2026-07-26,0
880,2924,2026-07-27,0
880,2924,2026-07-28,0
880,2924,2026-07-29,0
880,2924,2026-07-30,0
880,2924,2026-07-31,0
880,2924,2026-08-01,0
880,2924,2026-08-02,0
880,2924,2026-08-03,0
880,2924,2026-08-04,0
880,2924,2026-08-05,0
880,2924,2026-08-06,0
880,2924,2026-08-07,0
880,2924,2026-08-08,0
880,2924,2026-08-09,0
880,2924,2026-08-10,0
880,2924,2026-08-11,0
880,2924,2026-08-12,0
880,2924,2026-08-13,0
880,2924,2026-08-14,0
880,2924,2026-08-15,0
880,2925,2026-07-16,0
880,2925,2026-07-17,0
880,2925,2026-07-18,0
880,2925,2026-07-19,0
880,2925,2026-07-20,0
880,2925,2026-07-21,0
880,2925,2026-07-22,0
880,2925,2026-07-23,0
880,2925,2026-07-24,0
880,2925,2026-07-25,0
880,2925,2026-07-26,0
880,2925,2026-07-27,0
880,2925,2026-07-28,0
880,2925,2026-07-29,0
880,2925,2026-07-30,0
880,2925,2026-07-31,0
880,2925,2026-08-01,0
880,2925,2026-08-02,0
880,2925,2026-08-03,0
880,2925,2026-08-04,0
880,2925,2026-08-05,0
880,2925,2026-08-06,0
880,2925,2026-08-07,0
880,2925,2026-08-08,0
880,2925,2026-08-09,0
880,2925,2026-08-10,0
880,2925,2026-08-11,0
880,2925,2026-08-12,0
880,2925,2026-08-13,0
880,2925,2026-08-14,0
880,2925,2026-08-15,0
880,2926,2026-07-16,0
880,2926,2026-07-17,0
880,2926,2026-07-18,0
880,2926,2026-07-19,0
880,2926,2026-07-20,0
880,2926,2026-07-21,0
880,2926,2026-07-22,0
880,2926,2026-07-23,0
880,2926,2026-07-24,0
880,2926,2026-07-25,0
880,2926,2026-07-26,0
880,2926,2026-07-27,0
880,2926,2026-07-28,0
880,2926,2026-07-29,0
880,2926,2026-07-30,0
880,2926,2026-07-31,0
880,2926,2026-08-01,0
880,2926,2026-08-02,0
880,2926,2026-08-03,0
880,2926,2026-08-04,0
880,2926,2026-08-05,0
880,2926,2026-08-06,0
880,2926,2026-08-07,0
880,2926,2026-08-08,0
880,2926,2026-08-09,0
880,2926,2026-08-10,0
880,2926,2026-08-11,0
880,2926,2026-08-12,0
880,2926,2026-08-13,0
880,2926,2026-08-14,0
880,2926,2026-08-15,0
880,2924,2026-08-15,0
880,2924,2026-08-16,0
880,2924,2026-08-17,0
880,2924,2026-08-18,0
880,2924,2026-08-19,0
880,2924,2026-08-20,0
880,2924,2026-08-21,0
880,2924,2026-08-22,0
880,2924,2026-08-23,0
880,2924,2026-08-24,0
880,2924,2026-08-25,0
880,2924,2026-08-26,0
880,2924,2026-08-27,0
880,2924,2026-08-28,0
880,2924,2026-08-29,0
880,2924,2026-08-30,0
880,2924,2026-08-31,0
880,2924,2026-09-01,0
880,2924,2026-09-02,0
880,2924,2026-09-03,0
880,2924,2026-09-04,0
880,2924,2026-09-05,0
880,2924,2026-09-06,0
880,2924,2026-09-07,0
880,2924,2026-09-08,0
880,2924,2026-09-09,0
880,2924,2026-09-10,0
880,2924,2026-09-11,0
880,2924,2026-09-12,0
880,2924,2026-09-13,0
880,2924,2026-09-14,0
880,2925,2026-08-15,0
880,2925,2026-08-16,0
880,2925,2026-08-17,0
880,2925,2026-08-18,0
880,2925,2026-08-19,0
880,2925,2026-08-20,0
880,2925,2026-08-21,0
880,2925,2026-08-22,0
880,2925,2026-08-23,0
880,2925,2026-08-24,0
880,2925,2026-08-25,0
880,2925,2026-08-26,0
880,2925,2026-08-27,0
880,2925,2026-08-28,0
880,2925,2026-08-29,0
880,2925,2026-08-30,0
880,2925,2026-08-31,0
880,2925,2026-09-01,0
880,2925,2026-09-02,0
880,2925,2026-09-03,0
880,2925,2026-09-04,0
880,2925,2026-09-05,0
880,2925,2026-09-06,0
880,2925,2026-09-07,0
880,2925,2026-09-08,0
880,2925,2026-09-09,0
880,2925,2026-09-10,0
880,2925,2026-09-11,0
880,2925,2026-09-12,0
880,2925,2026-09-13,0
880,2925,2026-09-14,0
880,2926,2026-08-15,0
880,2926,2026-08-16,0
880,2926,2026-08-17,0
880,2926,2026-08-18,0
880,2926,2026-08-19,0
880,2926,2026-08-20,0
880,2926,2026-08-21,0
880,2926,2026-08-22,0
880,2926,2026-08-23,0
880,2926,2026-08-24,0
880,2926,2026-08-25,0
880,2926,2026-08-26,0
880,2926,2026-08-27,0
880,2926,2026-08-28,0
880,2926,2026-08-29,0
880,2926,2026-08-30,0
880,2926,2026-08-31,0
880,2926,2026-09-01,0
880,2926,2026-09-02,0
880,2926,2026-09-03,0
880,2926,2026-09-04,0
880,2926,2026-09-05,0
880,2926,2026-09-06,0
880,2926,2026-09-07,0
880,2926,2026-09-08,0
880,2926,2026-09-09,0
880,2926,2026-09-10,0
880,2926,2026-09-11,0
880,2926,2026-09-12,0
880,2926,2026-09-13,0
880,2926,2026-09-14,0
880,2924,2026-11-13,0
880,2924,2026-11-14,0
880,2924,2026-11-15,0
880,2924,2026-11-16,0
880,2924,2026-11-17,0
880,2924,2026-11-18,0
880,2924,2026-11-19,0
880,2924,2026-11-20,0
880,2924,2026-11-21,0
880,2924,2026-11-22,0
880,2924,2026-11-23,0
880,2924,2026-11-24,0
880,2924,2026-11-25,0
880,2924,2026-11-26,0
880,2924,2026-11-27,0
880,2924,2026-11-28,0
880,2924,2026-11-29,0
880,2924,2026-11-30,0
880,2924,2026-12-01,0
880,2924,2026-12-02,0
880,2924,2026-12-03,0
880,2924,2026-12-04,0
880,2924,2026-12-05,0
880,2924,2026-12-06,0
880,2924,2026-12-07,0
880,2924,2026-12-08,0
880,2924,2026-12-09,0
880,2924,2026-12-10,0
880,2924,2026-12-11,0
880,2924,2026-12-12,0
880,2924,2026-12-13,0
880,2925,2026-11-13,0
880,2925,2026-11-14,0
880,2925,2026-11-15,0
880,2925,2026-11-16,0
880,2925,2026-11-17,0
880,2925,2026-11-18,0
880,2925,2026-11-19,0
880,2925,2026-11-20,0
880,2925,2026-11-21,0
880,2925,2026-11-22,0
880,2925,2026-11-23,0
880,2925,2026-11-24,0
880,2925,2026-11-25,0
880,2925,2026-11-26,0
880,2925,2026-11-27,0
880,2925,2026-11-28,0
880,2925,2026-11-29,0
880,2925,2026-11-30,0
880,2925,2026-12-01,0
880,2925,2026-12-02,0
880,2925,2026-12-03,0
880,2925,2026-12-04,0
880,2925,2026-12-05,0
880,2925,2026-12-06,0
880,2925,2026-12-07,0
880,2925,2026-12-08,0
880,2925,2026-12-09,0
880,2925,2026-12-10,0
880,2925,2026-12-11,0
880,2925,2026-12-12,0
880,2925,2026-12-13,0
880,2926,2026-11-13,0
880,2926,2026-11-14,0
880,2926,2026-11-15,0
880,2926,2026-11-16,0
880,2926,2026-11-17,0
880,2926,2026-11-18,0
880,2926,2026-11-19,0
880,2926,2026-11-20,0
880,2926,2026-11-21,0
880,2926,2026-11-22,0
880,2926,2026-11-23,0
880,2926,2026-11-24,0
880,2926,2026-11-25,0
880,2926,2026-11-26,0
880,2926,2026-11-27,0
880,2926,2026-11-28,0
880,2926,2026-11-29,0
880,2926,2026-11-30,0
880,2926,2026-12-01,0
880,2926,2026-12-02,0
880,2926,2026-12-03,0
880,2926,2026-12-04,0
880,2926,2026-12-05,0
880,2926,2026-12-06,0
880,2926,2026-12-07,0
880,2926,2026-12-08,0
880,2926,2026-12-09,0
880,2926,2026-12-10,0
880,2926,2026-12-11,0
880,2926,2026-12-12,0
880,2926,2026-12-13,0
880,2924,2026-12-13,0
880,2924,2026-12-14,0
880,2924,2026-12-15,0
880,2924,2026-12-16,0
880,2924,2026-12-17,0
880,2924,2026-12-18,0
880,2924,2026-12-19,0
880,2924,2026-12-20,0
880,2924,2026-12-21,0
880,2924,2026-12-22,0
880,2924,2026-12-23,0
880,2924,2026-12-24,0
880,2924,2026-12-25,0
880,2924,2026-12-26,0
880,2924,2026-12-27,0
880,2924,2026-12-28,0
880,2924,2026-12-29,0
880,2924,2026-12-30,0
880,2924,2026-12-31,0
880,2924,2027-01-01,0
880,2924,2027-01-02,0
880,2924,2027-01-03,0
880,2924,2027-01-04,0
880,2924,2027-01-05,0
880,2924,2027-01-06,0
880,2924,2027-01-07,0
880,2924,2027-01-08,0
880,2924,2027-01-09,0
880,2924,2027-01-10,0
880,2924,2027-01-11,0
880,2924,2027-01-12,0
880,2925,2026-12-13,0
880,2925,2026-12-14,0
880,2925,2026-12-15,0
880,2925,2026-12-16,0
880,2925,2026-12-17,0
880,2925,2026-12-18,0
880,2925,2026-12-19,0
880,2925,2026-12-20,0
880,2925,2026-12-21,0
880,2925,2026-12-22,0
880,2925,2026-12-23,0
880,2925,2026-12-24,0
880,2925,2026-12-25,0
880,2925,2026-12-26,0
880,2925,2026-12-27,0
880,2925,2026-12-28,0
880,2925,2026-12-29,0
880,2925,2026-12-30,0
880,2925,2026-12-31,0
880,2925,2027-01-01,0
880,2925,2027-01-02,0
880,2925,2027-01-03,0
880,2925,2027-01-04,0
880,2925,2027-01-05,0
880,2925,2027-01-06,0
880,2925,2027-01-07,0
880,2925,2027-01-08,0
880,2925,2027-01-09,0
880,2925,2027-01-10,0
880,2925,2027-01-11,0
880,2925,2027-01-12,0
880,2926,2026-12-13,0
880,2926,2026-12-14,0
880,2926,2026-12-15,0
880,2926,2026-12-16,0
880,2926,2026-12-17,0
880,2926,2026-12-18,0
880,2926,2026-12-19,0
880,2926,2026-12-20,0
880,2926,2026-12-21,0
880,2926,2026-12-22,0
880,2926,2026-12-23,0
880,2926,2026-12-24,0
880,2926,2026-12-25,0
880,2926,2026-12-26,0
880,2926,2026-12-27,0
880,2926,2026-12-28,0
880,2926,2026-12-29,0
880,2926,2026-12-30,0
880,2926,2026-12-31,0
880,2926,2027-01-01,0
880,2926,2027-01-02,0
880,2926,2027-01-03,0
880,2926,2027-01-04,0
880,2926,2027-01-05,0
880,2926,2027-01-06,0
880,2926,2027-01-07,0
880,2926,2027-01-08,0
880,2926,2027-01-09,0
880,2926,2027-01-10,0
880,2926,2027-01-11,0
880,2926,2027-01-12,0
880,2924,2027-02-11,0
880,2924,2027-02-12,0
880,2924,2027-02-13,0
880,2924,2027-02-14,0
880,2924,2027-02-15,0
880,2924,2027-02-16,0
880,2924,2027-02-17,0
880,2924,2027-02-18,0
880,2924,2027-02-19,0
880,2924,2027-02-20,0
880,2924,2027-02-21,0
880,2924,2027-02-22,0
880,2924,2027-02-23,0
880,2924,2027-02-24,0
880,2924,2027-02-25,0
880,2924,2027-02-26,0
880,2924,2027-02-27,0
880,2924,2027-02-28,0
880,2924,2027-03-01,0
880,2924,2027-03-02,0
880,2924,2027-03-03,0
880,2924,2027-03-04,0
880,2924,2027-03-05,0
880,2924,2027-03-06,0
880,2924,2027-03-07,0
880,2924,2027-03-08,0
880,2924,2027-03-09,0
880,2924,2027-03-10,0
880,2924,2027-03-11,0
880,2924,2027-03-12,0
880,2924,2027-03-13,0
880,2925,2027-02-11,0
880,2925,2027-02-12,0
880,2925,2027-02-13,0
880,2925,2027-02-14,0
880,2925,2027-02-15,0
880,2925,2027-02-16,0
880,2925,2027-02-17,0
880,2925,2027-02-18,0
880,2925,2027-02-19,0
880,2925,2027-02-20,0
880,2925,2027-02-21,0
880,2925,2027-02-22,0
880,2925,2027-02-23,0
880,2925,2027-02-24,0
880,2925,2027-02-25,0
880,2925,2027-02-26,0
880,2925,2027-02-27,0
880,2925,2027-02-28,0
880,2925,2027-03-01,0
880,2925,2027-03-02,0
880,2925,2027-03-03,0
880,2925,2027-03-04,0
880,2925,2027-03-05,0
880,2925,2027-03-06,0
880,2925,2027-03-07,0
880,2925,2027-03-08,0
880,2925,2027-03-09,0
880,2925,2027-03-10,0
880,2925,2027-03-11,0
880,2925,2027-03-12,0
880,2925,2027-03-13,0
880,2926,2027-02-11,0
880,2926,2027-02-12,0
880,2926,2027-02-13,0
880,2926,2027-02-14,0
880,2926,2027-02-15,0
880,2926,2027-02-16,0
880,2926,2027-02-17,0
880,2926,2027-02-18,0
880,2926,2027-02-19,0
880,2926,2027-02-20,0
880,2926,2027-02-21,0
880,2926,2027-02-22,0
880,2926,2027-02-23,0
880,2926,2027-02-24,0
880,2926,2027-02-25,0
880,2926,2027-02-26,0
880,2926,2027-02-27,0
880,2926,2027-02-28,0
880,2926,2027-03-01,0
880,2926,2027-03-02,0
880,2926,2027-03-03,0
880,2926,2027-03-04,0
880,2926,2027-03-05,0
880,2926,2027-03-06,0
880,2926,2027-03-07,0
880,2926,2027-03-08,0
880,2926,2027-03-09,0
880,2926,2027-03-10,0
880,2926,2027-03-11,0
880,2926,2027-03-12,0
880,2926,2027-03-13,0
880,2924,2027-01-12,0
880,2924,2027-01-13,0
880,2924,2027-01-14,0
880,2924,2027-01-15,0
880,2924,2027-01-16,0
880,2924,2027-01-17,0
880,2924,2027-01-18,0
880,2924,2027-01-19,0
880,2924,2027-01-20,0
880,2924,2027-01-21,0
880,2924,2027-01-22,0
880,2924,2027-01-23,0
880,2924,2027-01-24,0
880,2924,2027-01-25,0
880,2924,2027-01-26,0
880,2924,2027-01-27,0
880,2924,2027-01-28,0
880,2924,2027-01-29,0
880,2924,2027-01-30,0
880,2924,2027-01-31,0
880,2924,2027-02-01,0
880,2924,2027-02-02,0
880,2924,2027-02-03,0
880,2924,2027-02-04,0
880,2924,2027-02-05,0
880,2924,2027-02-06,0
880,2924,2027-02-07,0
880,2924,2027-02-08,0
880,2924,2027-02-09,0
880,2924,2027-02-10,0
880,2924,2027-02-11,0
880,2925,2027-01-12,0
880,2925,2027-01-13,0
880,2925,2027-01-14,0
880,2925,2027-01-15,0
880,2925,2027-01-16,0
880,2925,2027-01-17,0
880,2925,2027-01-18,0
880,2925,2027-01-19,0
880,2925,2027-01-20,0
880,2925,2027-01-21,0
880,2925,2027-01-22,0
880,2925,2027-01-23,0
880,2925,2027-01-24,0
880,2925,2027-01-25,0
880,2925,2027-01-26,0
880,2925,2027-01-27,0
880,2925,2027-01-28,0
880,2925,2027-01-29,0
880,2925,2027-01-30,0
880,2925,2027-01-31,0
880,2925,2027-02-01,0
880,2925,2027-02-02,0
880,2925,2027-02-03,0
880,2925,2027-02-04,0
880,2925,2027-02-05,0
880,2925,2027-02-06,0
880,2925,2027-02-07,0
880,2925,2027-02-08,0
880,2925,2027-02-09,0
880,2925,2027-02-10,0
880,2925,2027-02-11,0
880,2926,2027-01-12,0
880,2926,2027-01-13,0
880,2926,2027-01-14,0
880,2926,2027-01-15,0
880,2926,2027-01-16,0
880,2926,2027-01-17,0
880,2926,2027-01-18,0
880,2926,2027-01-19,0
880,2926,2027-01-20,0
880,2926,2027-01-21,0
880,2926,2027-01-22,0
880,2926,2027-01-23,0
880,2926,2027-01-24,0
880,2926,2027-01-25,0
880,2926,2027-01-26,0
880,2926,2027-01-27,0
880,2926,2027-01-28,0
880,2926,2027-01-29,0
880,2926,2027-01-30,0
880,2926,2027-01-31,0
880,2926,2027-02-01,0
880,2926,2027-02-02,0
880,2926,2027-02-03,0
880,2926,2027-02-04,0
880,2926,2027-02-05,0
880,2926,2027-02-06,0
880,2926,2027-02-07,0
880,2926,2027-02-08,0
880,2926,2027-02-09,0
880,2926,2027-02-10,0
880,2926,2027-02-11,0
